ISO-10303-21;
HEADER;
/* Generated by software containing ST-Developer
 * from STEP Tools, Inc. (www.steptools.com) 
 */

FILE_DESCRIPTION(
/* description */ (''),
/* implementation_level */ '2;1');

FILE_NAME(
/* name */ 'Tail box.step',
/* time_stamp */ '2025-12-04T23:59:38-08:00',
/* author */ (''),
/* organization */ (''),
/* preprocessor_version */ 'ST-DEVELOPER v20.1',
/* originating_system */ 'Autodesk Translation Framework v14.21.0.0',
/* authorisation */ '');

FILE_SCHEMA (('AUTOMOTIVE_DESIGN { 1 0 10303 214 3 1 1 }'));
ENDSEC;

DATA;
#10=MECHANICAL_DESIGN_GEOMETRIC_PRESENTATION_REPRESENTATION('',(#13),#4639);
#11=SHAPE_REPRESENTATION_RELATIONSHIP('SRR','None',#4646,#12);
#12=ADVANCED_BREP_SHAPE_REPRESENTATION('',(#14),#4638);
#13=STYLED_ITEM('',(#4655),#14);
#14=MANIFOLD_SOLID_BREP('Body1',#266);
#15=FACE_BOUND('',#56,.T.);
#16=FACE_BOUND('',#57,.T.);
#17=FACE_BOUND('',#62,.T.);
#18=FACE_BOUND('',#63,.T.);
#19=FACE_BOUND('',#65,.T.);
#20=FACE_BOUND('',#66,.T.);
#21=FACE_BOUND('',#67,.T.);
#22=FACE_BOUND('',#68,.T.);
#23=FACE_BOUND('',#70,.T.);
#24=FACE_BOUND('',#72,.T.);
#25=(
BOUNDED_CURVE()
B_SPLINE_CURVE(5,(#1845,#1846,#1847,#1848,#1849,#1850,#1851,#1852,#1853,
#1854,#1855,#1856,#1857,#1858,#1859,#1860,#1861,#1862,#1863,#1864,#1865,
#1866,#1867,#1868,#1869,#1870,#1871,#1872,#1873,#1874,#1875,#1876,#1877,
#1878,#1879,#1880,#1881,#1882,#1883,#1884,#1885,#1886,#1887,#1888,#1889,
#1890,#1891,#1892,#1893,#1894,#1895,#1896,#1897,#1898,#1899,#1900,#1901,
#1902,#1903,#1904,#1905,#1906,#1907,#1908,#1909,#1910,#1911,#1912,#1913,
#1914,#1915,#1916,#1917,#1918,#1919,#1920,#1921,#1922,#1923,#1924,#1925,
#1926,#1927,#1928,#1929,#1930,#1931,#1932,#1933,#1934,#1935,#1936,#1937,
#1938,#1939,#1940,#1941,#1942,#1943,#1944,#1945,#1946,#1947,#1948,#1949,
#1950,#1951,#1952,#1953,#1954,#1955,#1956,#1957,#1958,#1959,#1960,#1961,
#1962,#1963,#1964,#1965,#1966,#1967,#1968,#1969,#1970,#1971,#1972,#1973,
#1974,#1975,#1976,#1977,#1978,#1979,#1980,#1981,#1982,#1983,#1984,#1985,
#1986,#1987,#1988,#1989,#1990,#1991,#1992,#1993,#1994,#1995,#1996,#1997,
#1998,#1999,#2000,#2001,#2002,#2003,#2004,#2005,#2006,#2007,#2008,#2009,
#2010,#2011,#2012,#2013,#2014,#2015,#2016,#2017,#2018,#2019,#2020,#2021,
#2022,#2023,#2024,#2025,#2026,#2027,#2028,#2029,#2030,#2031,#2032,#2033,
#2034,#2035,#2036,#2037,#2038,#2039,#2040,#2041,#2042,#2043,#2044,#2045,
#2046,#2047,#2048,#2049,#2050,#2051,#2052,#2053,#2054,#2055,#2056,#2057,
#2058,#2059,#2060,#2061,#2062,#2063,#2064,#2065,#2066,#2067,#2068,#2069,
#2070,#2071,#2072,#2073,#2074,#2075,#2076,#2077,#2078,#2079,#2080,#2081,
#2082,#2083,#2084,#2085,#2086,#2087,#2088,#2089,#2090,#2091,#2092,#2093,
#2094,#2095,#2096,#2097,#2098,#2099,#2100,#2101,#2102,#2103,#2104,#2105,
#2106,#2107,#2108,#2109,#2110,#2111,#2112,#2113,#2114,#2115,#2116,#2117,
#2118,#2119,#2120,#2121,#2122,#2123,#2124,#2125,#2126,#2127,#2128,#2129,
#2130,#2131,#2132,#2133,#2134,#2135,#2136,#2137,#2138,#2139,#2140,#2141,
#2142,#2143,#2144,#2145,#2146,#2147,#2148,#2149,#2150,#2151,#2152,#2153,
#2154,#2155,#2156,#2157,#2158,#2159,#2160,#2161,#2162,#2163,#2164,#2165,
#2166,#2167,#2168,#2169,#2170,#2171,#2172,#2173,#2174,#2175,#2176,#2177,
#2178,#2179,#2180,#2181,#2182,#2183,#2184,#2185,#2186,#2187,#2188,#2189,
#2190,#2191,#2192,#2193,#2194,#2195,#2196,#2197,#2198,#2199,#2200,#2201,
#2202,#2203,#2204,#2205,#2206,#2207,#2208,#2209,#2210,#2211,#2212,#2213,
#2214,#2215,#2216,#2217,#2218,#2219,#2220,#2221,#2222,#2223,#2224,#2225,
#2226,#2227,#2228,#2229,#2230,#2231,#2232,#2233,#2234,#2235,#2236,#2237,
#2238,#2239,#2240,#2241,#2242,#2243,#2244,#2245,#2246,#2247,#2248,#2249,
#2250,#2251,#2252,#2253,#2254,#2255,#2256,#2257,#2258,#2259,#2260,#2261,
#2262,#2263,#2264,#2265,#2266,#2267,#2268,#2269,#2270,#2271,#2272,#2273,
#2274,#2275,#2276,#2277,#2278,#2279,#2280,#2281,#2282,#2283,#2284,#2285,
#2286,#2287,#2288,#2289,#2290,#2291,#2292,#2293,#2294,#2295,#2296,#2297,
#2298,#2299,#2300,#2301,#2302,#2303,#2304,#2305,#2306,#2307,#2308,#2309,
#2310,#2311,#2312,#2313,#2314,#2315,#2316,#2317,#2318,#2319,#2320,#2321,
#2322,#2323,#2324,#2325,#2326,#2327,#2328,#2329,#2330,#2331,#2332,#2333,
#2334,#2335,#2336,#2337,#2338,#2339,#2340,#2341,#2342,#2343,#2344,#2345,
#2346,#2347,#2348,#2349,#2350,#2351,#2352,#2353,#2354,#2355,#2356,#2357,
#2358,#2359,#2360,#2361,#2362,#2363,#2364,#2365,#2366,#2367,#2368,#2369,
#2370,#2371,#2372,#2373,#2374,#2375,#2376,#2377,#2378,#2379,#2380,#2381,
#2382,#2383,#2384,#2385,#2386,#2387,#2388,#2389,#2390,#2391,#2392,#2393,
#2394,#2395,#2396,#2397,#2398,#2399,#2400,#2401,#2402,#2403,#2404,#2405,
#2406,#2407,#2408,#2409,#2410,#2411,#2412,#2413,#2414,#2415,#2416,#2417,
#2418,#2419,#2420,#2421,#2422,#2423,#2424,#2425,#2426,#2427,#2428,#2429,
#2430,#2431,#2432,#2433,#2434,#2435,#2436,#2437,#2438,#2439,#2440,#2441,
#2442,#2443,#2444,#2445,#2446,#2447,#2448,#2449,#2450,#2451,#2452,#2453,
#2454,#2455,#2456,#2457,#2458,#2459,#2460,#2461,#2462,#2463,#2464,#2465,
#2466,#2467,#2468,#2469,#2470,#2471,#2472,#2473,#2474,#2475,#2476,#2477,
#2478,#2479,#2480,#2481,#2482,#2483,#2484,#2485,#2486,#2487,#2488,#2489,
#2490,#2491,#2492,#2493,#2494,#2495,#2496,#2497,#2498,#2499),
 .UNSPECIFIED.,.F.,.F.)
B_SPLINE_CURVE_WITH_KNOTS((6,1,1,1,1,1,1,1,1,1,1,1,1,1,1,1,1,1,1,1,1,1,
1,1,1,1,1,1,1,1,1,1,1,1,1,1,1,1,1,1,1,1,1,1,1,1,1,1,1,1,1,1,1,1,1,1,1,1,
1,1,1,1,1,1,1,1,1,1,1,1,1,1,1,1,1,1,1,1,1,1,1,1,1,1,1,1,1,1,1,1,1,1,1,1,
1,1,1,1,1,1,1,1,1,1,1,1,1,1,1,1,1,1,1,1,1,1,1,1,1,1,1,1,1,1,1,1,1,1,1,1,
1,1,1,1,1,1,1,1,1,1,1,1,1,1,1,1,1,1,1,1,1,1,1,1,1,1,1,1,1,1,1,1,1,1,1,1,
1,1,1,1,1,1,1,1,1,1,1,1,1,1,1,1,1,1,1,1,1,1,1,1,1,1,1,1,1,1,1,1,1,1,1,1,
1,1,1,1,1,1,1,1,1,1,1,1,1,1,1,1,1,1,1,1,1,1,1,1,1,1,1,1,1,1,1,1,1,1,1,1,
1,1,1,1,1,1,1,1,1,1,1,1,1,1,1,1,1,1,1,1,1,1,1,1,1,1,1,1,1,1,1,1,1,1,1,1,
1,1,1,1,1,1,1,1,1,1,1,1,1,1,1,1,1,1,1,1,1,1,1,1,1,1,1,1,1,1,1,1,1,1,1,1,
1,1,1,1,1,1,1,1,1,1,1,1,1,1,1,1,1,1,1,1,1,1,1,1,1,1,1,1,1,1,1,1,1,1,1,1,
1,1,1,1,1,1,1,1,1,1,1,1,1,1,1,1,1,1,1,1,1,1,1,1,1,1,1,1,1,1,1,1,1,1,1,1,
1,1,1,1,1,1,1,1,1,1,1,1,1,1,1,1,1,1,1,1,1,1,1,1,1,1,1,1,1,1,1,1,1,1,1,1,
1,1,1,1,1,1,1,1,1,1,1,1,1,1,1,1,1,1,1,1,1,1,1,1,1,1,1,1,1,1,1,1,1,1,1,1,
1,1,1,1,1,1,1,1,1,1,1,1,1,1,1,1,1,1,1,1,1,1,1,1,1,1,1,1,1,1,1,1,1,1,1,1,
1,1,1,1,1,1,1,1,1,1,1,1,1,1,1,1,1,1,1,1,1,1,1,1,1,1,1,1,1,1,1,1,1,1,1,1,
1,1,1,1,1,1,1,1,1,1,1,1,1,1,1,1,1,1,1,1,1,1,1,1,1,1,1,1,1,1,1,1,1,1,1,1,
1,1,1,1,1,1,1,1,1,1,1,1,1,1,1,1,1,1,1,1,1,1,1,1,1,1,1,1,1,1,1,1,1,1,1,1,
1,1,1,1,1,1,1,1,1,1,1,1,1,1,1,1,1,1,1,1,1,1,1,1,1,1,1,1,1,1,1,1,1,1,1,1,
1,1,1,1,1,1,1,1,1,1,1,1,1,1,1,1,6),(0.,0.00153846153846154,0.00307692307692308,
0.00461538461538461,0.00615384615384615,0.00769230769230769,0.00923076923076923,
0.0107692307692308,0.0123076923076923,0.0138461538461538,0.0153846153846154,
0.0169230769230769,0.0184615384615385,0.02,0.0215384615384615,0.0230769230769231,
0.0246153846153846,0.0261538461538461,0.0276923076923077,0.0292307692307692,
0.0307692307692308,0.0323076923076923,0.0338461538461538,0.0353846153846154,
0.0369230769230769,0.0384615384615384,0.04,0.0415384615384615,0.0430769230769231,
0.0446153846153846,0.0461538461538461,0.0476923076923077,0.0492307692307692,
0.0507692307692307,0.0523076923076923,0.0538461538461538,0.0553846153846154,
0.0569230769230769,0.0584615384615384,0.06,0.0615384615384615,0.063076923076923,
0.0646153846153846,0.0661538461538461,0.0676923076923077,0.0692307692307692,
0.0707692307692308,0.0723076923076923,0.0738461538461539,0.0753846153846154,
0.0769230769230769,0.0784615384615385,0.08,0.0815384615384616,0.0830769230769231,
0.0846153846153847,0.0861538461538462,0.0876923076923077,0.0892307692307693,
0.0907692307692308,0.0923076923076924,0.0938461538461539,0.0953846153846155,
0.096923076923077,0.0984615384615386,0.1,0.101538461538462,0.103076923076923,
0.104615384615385,0.106153846153846,0.107692307692308,0.109230769230769,
0.110769230769231,0.112307692307692,0.113846153846154,0.115384615384616,
0.116923076923077,0.118461538461539,0.12,0.121538461538462,0.123076923076923,
0.124615384615385,0.126153846153846,0.127692307692308,0.129230769230769,
0.130769230769231,0.132307692307693,0.133846153846154,0.135384615384616,
0.136923076923077,0.138461538461539,0.14,0.141538461538462,0.143076923076923,
0.144615384615385,0.146153846153846,0.147692307692308,0.149230769230769,
0.150769230769231,0.152307692307693,0.153846153846154,0.155384615384616,
0.156923076923077,0.158461538461539,0.16,0.161538461538462,0.163076923076923,
0.164615384615385,0.166153846153846,0.167692307692308,0.16923076923077,
0.170769230769231,0.172307692307693,0.173846153846154,0.175384615384616,
0.176923076923077,0.178461538461539,0.18,0.181538461538462,0.183076923076923,
0.184615384615385,0.186153846153847,0.187692307692308,0.18923076923077,
0.190769230769231,0.192307692307693,0.193846153846154,0.195384615384616,
0.196923076923077,0.198461538461539,0.2,0.201538461538462,0.203076923076924,
0.204615384615385,0.206153846153847,0.207692307692308,0.20923076923077,
0.210769230769231,0.212307692307693,0.213846153846154,0.215384615384616,
0.216923076923077,0.218461538461539,0.220000000000001,0.221538461538462,
0.223076923076924,0.224615384615385,0.226153846153847,0.227692307692308,
0.22923076923077,0.230769230769231,0.232307692307693,0.233846153846154,
0.235384615384616,0.236923076923078,0.238461538461539,0.240000000000001,
0.241538461538462,0.243076923076924,0.244615384615385,0.246153846153847,
0.247692307692308,0.24923076923077,0.250769230769231,0.252307692307693,
0.253846153846154,0.255384615384616,0.256923076923078,0.258461538461539,
0.260000000000001,0.261538461538462,0.263076923076924,0.264615384615385,
0.266153846153847,0.267692307692308,0.26923076923077,0.270769230769231,
0.272307692307693,0.273846153846155,0.275384615384616,0.276923076923078,
0.278461538461539,0.280000000000001,0.281538461538462,0.283076923076924,
0.284615384615385,0.286153846153847,0.287692307692308,0.28923076923077,
0.290769230769232,0.292307692307693,0.293846153846155,0.295384615384616,
0.296923076923078,0.298461538461539,0.300000000000001,0.301538461538462,
0.303076923076924,0.304615384615385,0.306153846153847,0.307692307692309,
0.30923076923077,0.310769230769232,0.312307692307693,0.313846153846155,
0.315384615384616,0.316923076923078,0.318461538461539,0.320000000000001,
0.321538461538462,0.323076923076924,0.324615384615386,0.326153846153847,
0.327692307692309,0.32923076923077,0.330769230769232,0.332307692307693,
0.333846153846155,0.335384615384616,0.336923076923078,0.338461538461539,
0.340000000000001,0.341538461538463,0.343076923076924,0.344615384615386,
0.346153846153847,0.347692307692309,0.34923076923077,0.350769230769232,
0.352307692307693,0.353846153846155,0.355384615384616,0.356923076923078,
0.358461538461539,0.360000000000001,0.361538461538463,0.363076923076924,
0.364615384615386,0.366153846153847,0.367692307692309,0.36923076923077,
0.370769230769232,0.372307692307693,0.373846153846155,0.375384615384616,
0.376923076923078,0.37846153846154,0.380000000000001,0.381538461538463,
0.383076923076924,0.384615384615386,0.386153846153847,0.387692307692309,
0.38923076923077,0.390769230769232,0.392307692307693,0.393846153846155,
0.395384615384617,0.396923076923078,0.39846153846154,0.400000000000001,
0.401538461538463,0.403076923076924,0.404615384615386,0.406153846153847,
0.407692307692309,0.40923076923077,0.410769230769232,0.412307692307694,
0.413846153846155,0.415384615384617,0.416923076923078,0.41846153846154,
0.420000000000001,0.421538461538463,0.423076923076924,0.424615384615386,
0.426153846153847,0.427692307692309,0.429230769230771,0.430769230769232,
0.432307692307694,0.433846153846155,0.435384615384617,0.436923076923078,
0.43846153846154,0.440000000000001,0.441538461538463,0.443076923076924,
0.444615384615386,0.446153846153848,0.447692307692309,0.449230769230771,
0.450769230769232,0.452307692307694,0.453846153846155,0.455384615384617,
0.456923076923078,0.45846153846154,0.460000000000001,0.461538461538463,
0.463076923076924,0.464615384615386,0.466153846153848,0.467692307692309,
0.469230769230771,0.470769230769232,0.472307692307694,0.473846153846155,
0.475384615384617,0.476923076923078,0.47846153846154,0.480000000000001,
0.481538461538463,0.483076923076925,0.484615384615386,0.486153846153848,
0.487692307692309,0.489230769230771,0.490769230769232,0.492307692307694,
0.493846153846155,0.495384615384617,0.496923076923078,0.49846153846154,
0.500000000000002,0.501538461538463,0.503076923076925,0.504615384615386,
0.506153846153848,0.507692307692309,0.50923076923077,0.510769230769232,
0.512307692307693,0.513846153846155,0.515384615384616,0.516923076923078,
0.518461538461539,0.520000000000001,0.521538461538462,0.523076923076924,
0.524615384615385,0.526153846153847,0.527692307692308,0.52923076923077,
0.530769230769231,0.532307692307693,0.533846153846154,0.535384615384616,
0.536923076923077,0.538461538461539,0.54,0.541538461538462,0.543076923076923,
0.544615384615385,0.546153846153846,0.547692307692308,0.549230769230769,
0.550769230769231,0.552307692307692,0.553846153846154,0.555384615384615,
0.556923076923077,0.558461538461538,0.56,0.561538461538461,0.563076923076923,
0.564615384615384,0.566153846153846,0.567692307692307,0.569230769230769,
0.57076923076923,0.572307692307692,0.573846153846153,0.575384615384614,
0.576923076923076,0.578461538461537,0.579999999999999,0.58153846153846,
0.583076923076922,0.584615384615383,0.586153846153845,0.587692307692306,
0.589230769230768,0.590769230769229,0.592307692307691,0.593846153846152,
0.595384615384614,0.596923076923075,0.598461538461537,0.599999999999998,
0.60153846153846,0.603076923076921,0.604615384615383,0.606153846153844,
0.607692307692306,0.609230769230767,0.610769230769229,0.61230769230769,
0.613846153846152,0.615384615384613,0.616923076923075,0.618461538461536,
0.619999999999998,0.621538461538459,0.623076923076921,0.624615384615382,
0.626153846153844,0.627692307692305,0.629230769230767,0.630769230769228,
0.63230769230769,0.633846153846151,0.635384615384613,0.636923076923074,
0.638461538461536,0.639999999999997,0.641538461538459,0.64307692307692,
0.644615384615381,0.646153846153843,0.647692307692304,0.649230769230766,
0.650769230769227,0.652307692307689,0.65384615384615,0.655384615384612,
0.656923076923073,0.658461538461535,0.659999999999996,0.661538461538458,
0.663076923076919,0.664615384615381,0.666153846153842,0.667692307692304,
0.669230769230765,0.670769230769227,0.672307692307688,0.67384615384615,
0.675384615384611,0.676923076923073,0.678461538461534,0.679999999999996,
0.681538461538457,0.683076923076919,0.68461538461538,0.686153846153842,
0.687692307692303,0.689230769230765,0.690769230769226,0.692307692307688,
0.693846153846149,0.695384615384611,0.696923076923072,0.698461538461534,
0.699999999999995,0.701538461538457,0.703076923076918,0.70461538461538,
0.706153846153841,0.707692307692303,0.709230769230764,0.710769230769225,
0.712307692307687,0.713846153846148,0.71538461538461,0.716923076923071,
0.718461538461533,0.719999999999994,0.721538461538456,0.723076923076917,
0.724615384615379,0.72615384615384,0.727692307692302,0.729230769230763,
0.730769230769225,0.732307692307686,0.733846153846148,0.735384615384609,
0.736923076923071,0.738461538461532,0.739999999999994,0.741538461538455,
0.743076923076917,0.744615384615378,0.74615384615384,0.747692307692301,
0.749230769230763,0.750769230769224,0.752307692307686,0.753846153846147,
0.755384615384609,0.75692307692307,0.758461538461532,0.759999999999993,
0.761538461538455,0.763076923076916,0.764615384615378,0.766153846153839,
0.767692307692301,0.769230769230762,0.770769230769224,0.772307692307685,
0.773846153846147,0.775384615384608,0.776923076923069,0.778461538461531,
0.779999999999992,0.781538461538454,0.783076923076915,0.784615384615377,
0.786153846153838,0.7876923076923,0.789230769230761,0.790769230769223,0.792307692307684,
0.793846153846146,0.795384615384607,0.796923076923069,0.79846153846153,
0.799999999999992,0.801538461538453,0.803076923076915,0.804615384615376,
0.806153846153838,0.807692307692299,0.809230769230761,0.810769230769222,
0.812307692307684,0.813846153846145,0.815384615384607,0.816923076923068,
0.81846153846153,0.819999999999991,0.821538461538453,0.823076923076914,
0.824615384615376,0.826153846153837,0.827692307692299,0.82923076923076,
0.830769230769222,0.832307692307683,0.833846153846145,0.835384615384606,
0.836923076923068,0.838461538461529,0.839999999999991,0.841538461538452,
0.843076923076914,0.844615384615375,0.846153846153836,0.847692307692298,
0.849230769230759,0.850769230769221,0.852307692307682,0.853846153846144,
0.855384615384605,0.856923076923067,0.858461538461528,0.85999999999999,
0.861538461538451,0.863076923076913,0.864615384615374,0.866153846153836,
0.867692307692297,0.869230769230759,0.87076923076922,0.872307692307682,
0.873846153846143,0.875384615384605,0.876923076923066,0.878461538461528,
0.879999999999989,0.881538461538451,0.883076923076912,0.884615384615374,
0.886153846153835,0.887692307692297,0.889230769230758,0.89076923076922,
0.892307692307681,0.893846153846143,0.895384615384604,0.896923076923066,
0.898461538461527,0.899999999999989,0.90153846153845,0.903076923076912,
0.904615384615373,0.906153846153835,0.907692307692296,0.909230769230758,
0.910769230769219,0.91230769230768,0.913846153846142,0.915384615384603,
0.916923076923065,0.918461538461526,0.919999999999988,0.921538461538449,
0.923076923076911,0.924615384615372,0.926153846153834,0.927692307692295,
0.929230769230757,0.930769230769218,0.93230769230768,0.933846153846141,
0.935384615384603,0.936923076923064,0.938461538461526,0.939999999999987,
0.941538461538449,0.94307692307691,0.944615384615372,0.946153846153833,
0.947692307692295,0.949230769230756,0.950769230769218,0.952307692307679,
0.953846153846141,0.955384615384602,0.956923076923064,0.958461538461525,
0.959999999999987,0.961538461538448,0.96307692307691,0.964615384615371,
0.966153846153833,0.967692307692294,0.969230769230756,0.970769230769217,
0.972307692307679,0.97384615384614,0.975384615384602,0.976923076923063,
0.978461538461525,0.979999999999986,0.981538461538447,0.983076923076909,
0.98461538461537,0.986153846153832,0.987692307692293,0.989230769230755,
0.990769230769216,0.992307692307678,0.993846153846139,0.995384615384601,
0.996923076923062,0.998461538461524,1.),.UNSPECIFIED.)
CURVE()
GEOMETRIC_REPRESENTATION_ITEM()
RATIONAL_B_SPLINE_CURVE((1.,1.,1.,1.,1.,1.,1.,1.,1.,1.,1.,1.,1.,1.,1.,1.,
1.,1.,1.,1.,1.,1.,1.,1.,1.,1.,1.,1.,1.,1.,1.,1.,1.,1.,1.,1.,1.,1.,1.,1.,
1.,1.,1.,1.,1.,1.,1.,1.,1.,1.,1.,1.,1.,1.,1.,1.,1.,1.,1.,1.,1.,1.,1.,1.,
1.,1.,1.,1.,1.,1.,1.,1.,1.,1.,1.,1.,1.,1.,1.,1.,1.,1.,1.,1.,1.,1.,1.,1.,
1.,1.,1.,1.,1.,1.,1.,1.,1.,1.,1.,1.,1.,1.,1.,1.,1.,1.,1.,1.,1.,1.,1.,1.,
1.,1.,1.,1.,1.,1.,1.,1.,1.,1.,1.,1.,1.,1.,1.,1.,1.,1.,1.,1.,1.,1.,1.,1.,
1.,1.,1.,1.,1.,1.,1.,1.,1.,1.,1.,1.,1.,1.,1.,1.,1.,1.,1.,1.,1.,1.,1.,1.,
1.,1.,1.,1.,1.,1.,1.,1.,1.,1.,1.,1.,1.,1.,1.,1.,1.,1.,1.,1.,1.,1.,1.,1.,
1.,1.,1.,1.,1.,1.,1.,1.,1.,1.,1.,1.,1.,1.,1.,1.,1.,1.,1.,1.,1.,1.,1.,1.,
1.,1.,1.,1.,1.,1.,1.,1.,1.,1.,1.,1.,1.,1.,1.,1.,1.,1.,1.,1.,1.,1.,1.,1.,
1.,1.,1.,1.,1.,1.,1.,1.,1.,1.,1.,1.,1.,1.,1.,1.,1.,1.,1.,1.,1.,1.,1.,1.,
1.,1.,1.,1.,1.,1.,1.,1.,1.,1.,1.,1.,1.,1.,1.,1.,1.,1.,1.,1.,1.,1.,1.,1.,
1.,1.,1.,1.,1.,1.,1.,1.,1.,1.,1.,1.,1.,1.,1.,1.,1.,1.,1.,1.,1.,1.,1.,1.,
1.,1.,1.,1.,1.,1.,1.,1.,1.,1.,1.,1.,1.,1.,1.,1.,1.,1.,1.,1.,1.,1.,1.,1.,
1.,1.,1.,1.,1.,1.,1.,1.,1.,1.,1.,1.,1.,1.,1.,1.,1.,1.,1.,1.,1.,1.,1.,1.,
1.,1.,1.,1.,1.,1.,1.,1.,1.,1.,1.,1.,1.,1.,1.,1.,1.,1.,1.,1.,1.,1.,1.,1.,
1.,1.,1.,1.,1.,1.,1.,1.,1.,1.,1.,1.,1.,1.,1.,1.,1.,1.,1.,1.,1.,1.,1.,1.,
1.,1.,1.,1.,1.,1.,1.,1.,1.,1.,1.,1.,1.,1.,1.,1.,1.,1.,1.,1.,1.,1.,1.,1.,
1.,1.,1.,1.,1.,1.,1.,1.,1.,1.,1.,1.,1.,1.,1.,1.,1.,1.,1.,1.,1.,1.,1.,1.,
1.,1.,1.,1.,1.,1.,1.,1.,1.,1.,1.,1.,1.,1.,1.,1.,1.,1.,1.,1.,1.,1.,1.,1.,
1.,1.,1.,1.,1.,1.,1.,1.,1.,1.,1.,1.,1.,1.,1.,1.,1.,1.,1.,1.,1.,1.,1.,1.,
1.,1.,1.,1.,1.,1.,1.,1.,1.,1.,1.,1.,1.,1.,1.,1.,1.,1.,1.,1.,1.,1.,1.,1.,
1.,1.,1.,1.,1.,1.,1.,1.,1.,1.,1.,1.,1.,1.,1.,1.,1.,1.,1.,1.,1.,1.,1.,1.,
1.,1.,1.,1.,1.,1.,1.,1.,1.,1.,1.,1.,1.,1.,1.,1.,1.,1.,1.,1.,1.,1.,1.,1.,
1.,1.,1.,1.,1.,1.,1.,1.,1.,1.,1.,1.,1.,1.,1.,1.,1.,1.,1.,1.,1.,1.,1.,1.,
1.,1.,1.,1.,1.,1.,1.,1.,1.,1.,1.,1.,1.,1.,1.,1.,1.,1.,1.,1.,1.,1.,1.,1.,
1.,1.,1.,1.,1.,1.,1.,1.,1.,1.,1.,1.,1.,1.,1.,1.,1.,1.,1.,1.,1.,1.,1.,1.,
1.,1.,1.,1.,1.,1.,1.,1.,1.,1.,1.,1.,1.,1.,1.))
REPRESENTATION_ITEM('')
);
#26=(
BOUNDED_CURVE()
B_SPLINE_CURVE(5,(#3972,#3973,#3974,#3975,#3976,#3977,#3978,#3979,#3980,
#3981,#3982,#3983,#3984,#3985,#3986,#3987,#3988,#3989,#3990,#3991,#3992,
#3993,#3994,#3995,#3996,#3997,#3998,#3999,#4000,#4001,#4002,#4003,#4004,
#4005,#4006,#4007,#4008,#4009,#4010,#4011,#4012,#4013,#4014,#4015,#4016,
#4017,#4018,#4019,#4020,#4021,#4022,#4023,#4024,#4025,#4026,#4027,#4028,
#4029,#4030,#4031,#4032,#4033,#4034,#4035,#4036,#4037,#4038,#4039,#4040,
#4041,#4042,#4043,#4044,#4045,#4046,#4047,#4048,#4049,#4050,#4051,#4052,
#4053,#4054,#4055,#4056,#4057,#4058,#4059,#4060,#4061,#4062,#4063,#4064,
#4065,#4066,#4067,#4068,#4069,#4070,#4071,#4072,#4073,#4074,#4075,#4076,
#4077,#4078,#4079,#4080,#4081,#4082,#4083,#4084,#4085,#4086,#4087,#4088,
#4089,#4090,#4091,#4092,#4093,#4094,#4095,#4096,#4097,#4098,#4099,#4100,
#4101,#4102,#4103,#4104,#4105,#4106,#4107,#4108,#4109,#4110,#4111,#4112,
#4113,#4114,#4115,#4116,#4117,#4118,#4119,#4120,#4121,#4122,#4123,#4124,
#4125,#4126,#4127,#4128,#4129,#4130,#4131,#4132,#4133,#4134,#4135,#4136,
#4137,#4138,#4139,#4140,#4141,#4142,#4143,#4144,#4145,#4146,#4147,#4148,
#4149,#4150,#4151,#4152,#4153,#4154,#4155,#4156,#4157,#4158,#4159,#4160,
#4161,#4162,#4163,#4164,#4165,#4166,#4167,#4168,#4169,#4170,#4171,#4172,
#4173,#4174,#4175,#4176,#4177,#4178,#4179,#4180,#4181,#4182,#4183,#4184,
#4185,#4186,#4187,#4188,#4189,#4190,#4191,#4192,#4193,#4194,#4195,#4196,
#4197,#4198,#4199,#4200,#4201,#4202,#4203,#4204,#4205,#4206,#4207,#4208,
#4209,#4210,#4211,#4212,#4213,#4214,#4215,#4216,#4217,#4218,#4219,#4220,
#4221,#4222,#4223,#4224,#4225,#4226,#4227,#4228,#4229,#4230,#4231,#4232,
#4233,#4234,#4235,#4236,#4237,#4238,#4239,#4240,#4241,#4242,#4243,#4244,
#4245,#4246,#4247,#4248,#4249,#4250,#4251,#4252,#4253,#4254,#4255,#4256,
#4257,#4258,#4259,#4260,#4261,#4262,#4263,#4264,#4265,#4266,#4267,#4268,
#4269,#4270,#4271,#4272,#4273,#4274,#4275,#4276,#4277,#4278,#4279,#4280,
#4281,#4282,#4283,#4284,#4285,#4286,#4287,#4288,#4289,#4290,#4291,#4292,
#4293,#4294,#4295,#4296,#4297,#4298,#4299,#4300,#4301,#4302,#4303,#4304,
#4305,#4306,#4307,#4308,#4309,#4310,#4311,#4312,#4313,#4314,#4315,#4316,
#4317,#4318,#4319,#4320,#4321,#4322,#4323,#4324,#4325,#4326,#4327,#4328,
#4329,#4330,#4331,#4332,#4333,#4334,#4335,#4336,#4337,#4338,#4339,#4340,
#4341,#4342,#4343,#4344,#4345,#4346,#4347,#4348,#4349,#4350,#4351,#4352,
#4353,#4354,#4355,#4356,#4357,#4358,#4359,#4360,#4361,#4362,#4363,#4364,
#4365,#4366,#4367,#4368,#4369,#4370,#4371,#4372,#4373,#4374,#4375,#4376,
#4377,#4378,#4379,#4380,#4381,#4382,#4383,#4384,#4385,#4386,#4387,#4388,
#4389,#4390,#4391,#4392,#4393,#4394,#4395,#4396,#4397,#4398,#4399,#4400,
#4401,#4402,#4403,#4404,#4405,#4406,#4407,#4408,#4409,#4410,#4411,#4412,
#4413,#4414,#4415,#4416,#4417,#4418,#4419,#4420,#4421,#4422,#4423,#4424,
#4425,#4426,#4427,#4428,#4429,#4430,#4431,#4432,#4433,#4434,#4435,#4436,
#4437,#4438,#4439,#4440,#4441,#4442,#4443,#4444,#4445,#4446,#4447,#4448,
#4449,#4450,#4451,#4452,#4453,#4454,#4455,#4456,#4457,#4458,#4459,#4460,
#4461,#4462,#4463,#4464,#4465,#4466,#4467,#4468,#4469,#4470,#4471,#4472,
#4473,#4474,#4475,#4476,#4477,#4478,#4479,#4480,#4481,#4482,#4483,#4484,
#4485,#4486,#4487,#4488,#4489,#4490,#4491,#4492,#4493,#4494,#4495,#4496,
#4497,#4498,#4499,#4500,#4501,#4502,#4503,#4504,#4505,#4506,#4507,#4508,
#4509,#4510,#4511,#4512,#4513,#4514,#4515,#4516,#4517,#4518,#4519,#4520,
#4521,#4522,#4523,#4524,#4525,#4526,#4527,#4528,#4529,#4530,#4531,#4532,
#4533,#4534,#4535,#4536,#4537,#4538,#4539,#4540,#4541,#4542,#4543,#4544,
#4545,#4546,#4547,#4548,#4549,#4550,#4551,#4552,#4553,#4554,#4555,#4556,
#4557,#4558,#4559,#4560,#4561,#4562,#4563,#4564,#4565,#4566,#4567,#4568,
#4569,#4570,#4571,#4572,#4573,#4574,#4575,#4576,#4577,#4578,#4579,#4580,
#4581,#4582,#4583,#4584,#4585,#4586,#4587,#4588,#4589,#4590,#4591,#4592,
#4593,#4594,#4595,#4596,#4597,#4598,#4599,#4600,#4601,#4602,#4603,#4604,
#4605,#4606,#4607,#4608,#4609,#4610,#4611,#4612,#4613,#4614,#4615,#4616,
#4617,#4618,#4619,#4620,#4621,#4622,#4623,#4624,#4625,#4626),
 .UNSPECIFIED.,.F.,.F.)
B_SPLINE_CURVE_WITH_KNOTS((6,1,1,1,1,1,1,1,1,1,1,1,1,1,1,1,1,1,1,1,1,1,
1,1,1,1,1,1,1,1,1,1,1,1,1,1,1,1,1,1,1,1,1,1,1,1,1,1,1,1,1,1,1,1,1,1,1,1,
1,1,1,1,1,1,1,1,1,1,1,1,1,1,1,1,1,1,1,1,1,1,1,1,1,1,1,1,1,1,1,1,1,1,1,1,
1,1,1,1,1,1,1,1,1,1,1,1,1,1,1,1,1,1,1,1,1,1,1,1,1,1,1,1,1,1,1,1,1,1,1,1,
1,1,1,1,1,1,1,1,1,1,1,1,1,1,1,1,1,1,1,1,1,1,1,1,1,1,1,1,1,1,1,1,1,1,1,1,
1,1,1,1,1,1,1,1,1,1,1,1,1,1,1,1,1,1,1,1,1,1,1,1,1,1,1,1,1,1,1,1,1,1,1,1,
1,1,1,1,1,1,1,1,1,1,1,1,1,1,1,1,1,1,1,1,1,1,1,1,1,1,1,1,1,1,1,1,1,1,1,1,
1,1,1,1,1,1,1,1,1,1,1,1,1,1,1,1,1,1,1,1,1,1,1,1,1,1,1,1,1,1,1,1,1,1,1,1,
1,1,1,1,1,1,1,1,1,1,1,1,1,1,1,1,1,1,1,1,1,1,1,1,1,1,1,1,1,1,1,1,1,1,1,1,
1,1,1,1,1,1,1,1,1,1,1,1,1,1,1,1,1,1,1,1,1,1,1,1,1,1,1,1,1,1,1,1,1,1,1,1,
1,1,1,1,1,1,1,1,1,1,1,1,1,1,1,1,1,1,1,1,1,1,1,1,1,1,1,1,1,1,1,1,1,1,1,1,
1,1,1,1,1,1,1,1,1,1,1,1,1,1,1,1,1,1,1,1,1,1,1,1,1,1,1,1,1,1,1,1,1,1,1,1,
1,1,1,1,1,1,1,1,1,1,1,1,1,1,1,1,1,1,1,1,1,1,1,1,1,1,1,1,1,1,1,1,1,1,1,1,
1,1,1,1,1,1,1,1,1,1,1,1,1,1,1,1,1,1,1,1,1,1,1,1,1,1,1,1,1,1,1,1,1,1,1,1,
1,1,1,1,1,1,1,1,1,1,1,1,1,1,1,1,1,1,1,1,1,1,1,1,1,1,1,1,1,1,1,1,1,1,1,1,
1,1,1,1,1,1,1,1,1,1,1,1,1,1,1,1,1,1,1,1,1,1,1,1,1,1,1,1,1,1,1,1,1,1,1,1,
1,1,1,1,1,1,1,1,1,1,1,1,1,1,1,1,1,1,1,1,1,1,1,1,1,1,1,1,1,1,1,1,1,1,1,1,
1,1,1,1,1,1,1,1,1,1,1,1,1,1,1,1,1,1,1,1,1,1,1,1,1,1,1,1,1,1,1,1,1,1,1,1,
1,1,1,1,1,1,1,1,1,1,1,1,1,1,1,1,6),(0.,0.00153846153846154,0.00307692307692308,
0.00461538461538461,0.00615384615384615,0.00769230769230769,0.00923076923076923,
0.0107692307692308,0.0123076923076923,0.0138461538461538,0.0153846153846154,
0.0169230769230769,0.0184615384615385,0.02,0.0215384615384615,0.0230769230769231,
0.0246153846153846,0.0261538461538461,0.0276923076923077,0.0292307692307692,
0.0307692307692308,0.0323076923076923,0.0338461538461538,0.0353846153846154,
0.0369230769230769,0.0384615384615384,0.04,0.0415384615384615,0.0430769230769231,
0.0446153846153846,0.0461538461538461,0.0476923076923077,0.0492307692307692,
0.0507692307692307,0.0523076923076923,0.0538461538461538,0.0553846153846154,
0.0569230769230769,0.0584615384615384,0.06,0.0615384615384615,0.063076923076923,
0.0646153846153846,0.0661538461538461,0.0676923076923077,0.0692307692307692,
0.0707692307692308,0.0723076923076923,0.0738461538461539,0.0753846153846154,
0.0769230769230769,0.0784615384615385,0.08,0.0815384615384616,0.0830769230769231,
0.0846153846153847,0.0861538461538462,0.0876923076923077,0.0892307692307693,
0.0907692307692308,0.0923076923076924,0.0938461538461539,0.0953846153846155,
0.096923076923077,0.0984615384615386,0.1,0.101538461538462,0.103076923076923,
0.104615384615385,0.106153846153846,0.107692307692308,0.109230769230769,
0.110769230769231,0.112307692307692,0.113846153846154,0.115384615384616,
0.116923076923077,0.118461538461539,0.12,0.121538461538462,0.123076923076923,
0.124615384615385,0.126153846153846,0.127692307692308,0.129230769230769,
0.130769230769231,0.132307692307693,0.133846153846154,0.135384615384616,
0.136923076923077,0.138461538461539,0.14,0.141538461538462,0.143076923076923,
0.144615384615385,0.146153846153846,0.147692307692308,0.149230769230769,
0.150769230769231,0.152307692307693,0.153846153846154,0.155384615384616,
0.156923076923077,0.158461538461539,0.16,0.161538461538462,0.163076923076923,
0.164615384615385,0.166153846153846,0.167692307692308,0.16923076923077,
0.170769230769231,0.172307692307693,0.173846153846154,0.175384615384616,
0.176923076923077,0.178461538461539,0.18,0.181538461538462,0.183076923076923,
0.184615384615385,0.186153846153847,0.187692307692308,0.18923076923077,
0.190769230769231,0.192307692307693,0.193846153846154,0.195384615384616,
0.196923076923077,0.198461538461539,0.2,0.201538461538462,0.203076923076924,
0.204615384615385,0.206153846153847,0.207692307692308,0.20923076923077,
0.210769230769231,0.212307692307693,0.213846153846154,0.215384615384616,
0.216923076923077,0.218461538461539,0.220000000000001,0.221538461538462,
0.223076923076924,0.224615384615385,0.226153846153847,0.227692307692308,
0.22923076923077,0.230769230769231,0.232307692307693,0.233846153846154,
0.235384615384616,0.236923076923078,0.238461538461539,0.240000000000001,
0.241538461538462,0.243076923076924,0.244615384615385,0.246153846153847,
0.247692307692308,0.24923076923077,0.250769230769231,0.252307692307693,
0.253846153846154,0.255384615384616,0.256923076923078,0.258461538461539,
0.260000000000001,0.261538461538462,0.263076923076924,0.264615384615385,
0.266153846153847,0.267692307692308,0.26923076923077,0.270769230769231,
0.272307692307693,0.273846153846155,0.275384615384616,0.276923076923078,
0.278461538461539,0.280000000000001,0.281538461538462,0.283076923076924,
0.284615384615385,0.286153846153847,0.287692307692308,0.28923076923077,
0.290769230769232,0.292307692307693,0.293846153846155,0.295384615384616,
0.296923076923078,0.298461538461539,0.300000000000001,0.301538461538462,
0.303076923076924,0.304615384615385,0.306153846153847,0.307692307692309,
0.30923076923077,0.310769230769232,0.312307692307693,0.313846153846155,
0.315384615384616,0.316923076923078,0.318461538461539,0.320000000000001,
0.321538461538462,0.323076923076924,0.324615384615386,0.326153846153847,
0.327692307692309,0.32923076923077,0.330769230769232,0.332307692307693,
0.333846153846155,0.335384615384616,0.336923076923078,0.338461538461539,
0.340000000000001,0.341538461538463,0.343076923076924,0.344615384615386,
0.346153846153847,0.347692307692309,0.34923076923077,0.350769230769232,
0.352307692307693,0.353846153846155,0.355384615384616,0.356923076923078,
0.358461538461539,0.360000000000001,0.361538461538463,0.363076923076924,
0.364615384615386,0.366153846153847,0.367692307692309,0.36923076923077,
0.370769230769232,0.372307692307693,0.373846153846155,0.375384615384616,
0.376923076923078,0.37846153846154,0.380000000000001,0.381538461538463,
0.383076923076924,0.384615384615386,0.386153846153847,0.387692307692309,
0.38923076923077,0.390769230769232,0.392307692307693,0.393846153846155,
0.395384615384617,0.396923076923078,0.39846153846154,0.400000000000001,
0.401538461538463,0.403076923076924,0.404615384615386,0.406153846153847,
0.407692307692309,0.40923076923077,0.410769230769232,0.412307692307694,
0.413846153846155,0.415384615384617,0.416923076923078,0.41846153846154,
0.420000000000001,0.421538461538463,0.423076923076924,0.424615384615386,
0.426153846153847,0.427692307692309,0.429230769230771,0.430769230769232,
0.432307692307694,0.433846153846155,0.435384615384617,0.436923076923078,
0.43846153846154,0.440000000000001,0.441538461538463,0.443076923076924,
0.444615384615386,0.446153846153848,0.447692307692309,0.449230769230771,
0.450769230769232,0.452307692307694,0.453846153846155,0.455384615384617,
0.456923076923078,0.45846153846154,0.460000000000001,0.461538461538463,
0.463076923076924,0.464615384615386,0.466153846153848,0.467692307692309,
0.469230769230771,0.470769230769232,0.472307692307694,0.473846153846155,
0.475384615384617,0.476923076923078,0.47846153846154,0.480000000000001,
0.481538461538463,0.483076923076925,0.484615384615386,0.486153846153848,
0.487692307692309,0.489230769230771,0.490769230769232,0.492307692307694,
0.493846153846155,0.495384615384617,0.496923076923078,0.49846153846154,
0.500000000000002,0.501538461538463,0.503076923076925,0.504615384615386,
0.506153846153848,0.507692307692309,0.50923076923077,0.510769230769232,
0.512307692307693,0.513846153846155,0.515384615384616,0.516923076923078,
0.518461538461539,0.520000000000001,0.521538461538462,0.523076923076924,
0.524615384615385,0.526153846153847,0.527692307692308,0.52923076923077,
0.530769230769231,0.532307692307693,0.533846153846154,0.535384615384616,
0.536923076923077,0.538461538461539,0.54,0.541538461538462,0.543076923076923,
0.544615384615385,0.546153846153846,0.547692307692308,0.549230769230769,
0.550769230769231,0.552307692307692,0.553846153846154,0.555384615384615,
0.556923076923077,0.558461538461538,0.56,0.561538461538461,0.563076923076923,
0.564615384615384,0.566153846153846,0.567692307692307,0.569230769230769,
0.57076923076923,0.572307692307692,0.573846153846153,0.575384615384614,
0.576923076923076,0.578461538461537,0.579999999999999,0.58153846153846,
0.583076923076922,0.584615384615383,0.586153846153845,0.587692307692306,
0.589230769230768,0.590769230769229,0.592307692307691,0.593846153846152,
0.595384615384614,0.596923076923075,0.598461538461537,0.599999999999998,
0.60153846153846,0.603076923076921,0.604615384615383,0.606153846153844,
0.607692307692306,0.609230769230767,0.610769230769229,0.61230769230769,
0.613846153846152,0.615384615384613,0.616923076923075,0.618461538461536,
0.619999999999998,0.621538461538459,0.623076923076921,0.624615384615382,
0.626153846153844,0.627692307692305,0.629230769230767,0.630769230769228,
0.63230769230769,0.633846153846151,0.635384615384613,0.636923076923074,
0.638461538461536,0.639999999999997,0.641538461538459,0.64307692307692,
0.644615384615381,0.646153846153843,0.647692307692304,0.649230769230766,
0.650769230769227,0.652307692307689,0.65384615384615,0.655384615384612,
0.656923076923073,0.658461538461535,0.659999999999996,0.661538461538458,
0.663076923076919,0.664615384615381,0.666153846153842,0.667692307692304,
0.669230769230765,0.670769230769227,0.672307692307688,0.67384615384615,
0.675384615384611,0.676923076923073,0.678461538461534,0.679999999999996,
0.681538461538457,0.683076923076919,0.68461538461538,0.686153846153842,
0.687692307692303,0.689230769230765,0.690769230769226,0.692307692307688,
0.693846153846149,0.695384615384611,0.696923076923072,0.698461538461534,
0.699999999999995,0.701538461538457,0.703076923076918,0.70461538461538,
0.706153846153841,0.707692307692303,0.709230769230764,0.710769230769225,
0.712307692307687,0.713846153846148,0.71538461538461,0.716923076923071,
0.718461538461533,0.719999999999994,0.721538461538456,0.723076923076917,
0.724615384615379,0.72615384615384,0.727692307692302,0.729230769230763,
0.730769230769225,0.732307692307686,0.733846153846148,0.735384615384609,
0.736923076923071,0.738461538461532,0.739999999999994,0.741538461538455,
0.743076923076917,0.744615384615378,0.74615384615384,0.747692307692301,
0.749230769230763,0.750769230769224,0.752307692307686,0.753846153846147,
0.755384615384609,0.75692307692307,0.758461538461532,0.759999999999993,
0.761538461538455,0.763076923076916,0.764615384615378,0.766153846153839,
0.767692307692301,0.769230769230762,0.770769230769224,0.772307692307685,
0.773846153846147,0.775384615384608,0.776923076923069,0.778461538461531,
0.779999999999992,0.781538461538454,0.783076923076915,0.784615384615377,
0.786153846153838,0.7876923076923,0.789230769230761,0.790769230769223,0.792307692307684,
0.793846153846146,0.795384615384607,0.796923076923069,0.79846153846153,
0.799999999999992,0.801538461538453,0.803076923076915,0.804615384615376,
0.806153846153838,0.807692307692299,0.809230769230761,0.810769230769222,
0.812307692307684,0.813846153846145,0.815384615384607,0.816923076923068,
0.81846153846153,0.819999999999991,0.821538461538453,0.823076923076914,
0.824615384615376,0.826153846153837,0.827692307692299,0.82923076923076,
0.830769230769222,0.832307692307683,0.833846153846145,0.835384615384606,
0.836923076923068,0.838461538461529,0.839999999999991,0.841538461538452,
0.843076923076914,0.844615384615375,0.846153846153836,0.847692307692298,
0.849230769230759,0.850769230769221,0.852307692307682,0.853846153846144,
0.855384615384605,0.856923076923067,0.858461538461528,0.85999999999999,
0.861538461538451,0.863076923076913,0.864615384615374,0.866153846153836,
0.867692307692297,0.869230769230759,0.87076923076922,0.872307692307682,
0.873846153846143,0.875384615384605,0.876923076923066,0.878461538461528,
0.879999999999989,0.881538461538451,0.883076923076912,0.884615384615374,
0.886153846153835,0.887692307692297,0.889230769230758,0.89076923076922,
0.892307692307681,0.893846153846143,0.895384615384604,0.896923076923066,
0.898461538461527,0.899999999999989,0.90153846153845,0.903076923076912,
0.904615384615373,0.906153846153835,0.907692307692296,0.909230769230758,
0.910769230769219,0.91230769230768,0.913846153846142,0.915384615384603,
0.916923076923065,0.918461538461526,0.919999999999988,0.921538461538449,
0.923076923076911,0.924615384615372,0.926153846153834,0.927692307692295,
0.929230769230757,0.930769230769218,0.93230769230768,0.933846153846141,
0.935384615384603,0.936923076923064,0.938461538461526,0.939999999999987,
0.941538461538449,0.94307692307691,0.944615384615372,0.946153846153833,
0.947692307692295,0.949230769230756,0.950769230769218,0.952307692307679,
0.953846153846141,0.955384615384602,0.956923076923064,0.958461538461525,
0.959999999999987,0.961538461538448,0.96307692307691,0.964615384615371,
0.966153846153833,0.967692307692294,0.969230769230756,0.970769230769217,
0.972307692307679,0.97384615384614,0.975384615384602,0.976923076923063,
0.978461538461525,0.979999999999986,0.981538461538447,0.983076923076909,
0.98461538461537,0.986153846153832,0.987692307692293,0.989230769230755,
0.990769230769216,0.992307692307678,0.993846153846139,0.995384615384601,
0.996923076923062,0.998461538461524,1.),.UNSPECIFIED.)
CURVE()
GEOMETRIC_REPRESENTATION_ITEM()
RATIONAL_B_SPLINE_CURVE((1.,1.,1.,1.,1.,1.,1.,1.,1.,1.,1.,1.,1.,1.,1.,1.,
1.,1.,1.,1.,1.,1.,1.,1.,1.,1.,1.,1.,1.,1.,1.,1.,1.,1.,1.,1.,1.,1.,1.,1.,
1.,1.,1.,1.,1.,1.,1.,1.,1.,1.,1.,1.,1.,1.,1.,1.,1.,1.,1.,1.,1.,1.,1.,1.,
1.,1.,1.,1.,1.,1.,1.,1.,1.,1.,1.,1.,1.,1.,1.,1.,1.,1.,1.,1.,1.,1.,1.,1.,
1.,1.,1.,1.,1.,1.,1.,1.,1.,1.,1.,1.,1.,1.,1.,1.,1.,1.,1.,1.,1.,1.,1.,1.,
1.,1.,1.,1.,1.,1.,1.,1.,1.,1.,1.,1.,1.,1.,1.,1.,1.,1.,1.,1.,1.,1.,1.,1.,
1.,1.,1.,1.,1.,1.,1.,1.,1.,1.,1.,1.,1.,1.,1.,1.,1.,1.,1.,1.,1.,1.,1.,1.,
1.,1.,1.,1.,1.,1.,1.,1.,1.,1.,1.,1.,1.,1.,1.,1.,1.,1.,1.,1.,1.,1.,1.,1.,
1.,1.,1.,1.,1.,1.,1.,1.,1.,1.,1.,1.,1.,1.,1.,1.,1.,1.,1.,1.,1.,1.,1.,1.,
1.,1.,1.,1.,1.,1.,1.,1.,1.,1.,1.,1.,1.,1.,1.,1.,1.,1.,1.,1.,1.,1.,1.,1.,
1.,1.,1.,1.,1.,1.,1.,1.,1.,1.,1.,1.,1.,1.,1.,1.,1.,1.,1.,1.,1.,1.,1.,1.,
1.,1.,1.,1.,1.,1.,1.,1.,1.,1.,1.,1.,1.,1.,1.,1.,1.,1.,1.,1.,1.,1.,1.,1.,
1.,1.,1.,1.,1.,1.,1.,1.,1.,1.,1.,1.,1.,1.,1.,1.,1.,1.,1.,1.,1.,1.,1.,1.,
1.,1.,1.,1.,1.,1.,1.,1.,1.,1.,1.,1.,1.,1.,1.,1.,1.,1.,1.,1.,1.,1.,1.,1.,
1.,1.,1.,1.,1.,1.,1.,1.,1.,1.,1.,1.,1.,1.,1.,1.,1.,1.,1.,1.,1.,1.,1.,1.,
1.,1.,1.,1.,1.,1.,1.,1.,1.,1.,1.,1.,1.,1.,1.,1.,1.,1.,1.,1.,1.,1.,1.,1.,
1.,1.,1.,1.,1.,1.,1.,1.,1.,1.,1.,1.,1.,1.,1.,1.,1.,1.,1.,1.,1.,1.,1.,1.,
1.,1.,1.,1.,1.,1.,1.,1.,1.,1.,1.,1.,1.,1.,1.,1.,1.,1.,1.,1.,1.,1.,1.,1.,
1.,1.,1.,1.,1.,1.,1.,1.,1.,1.,1.,1.,1.,1.,1.,1.,1.,1.,1.,1.,1.,1.,1.,1.,
1.,1.,1.,1.,1.,1.,1.,1.,1.,1.,1.,1.,1.,1.,1.,1.,1.,1.,1.,1.,1.,1.,1.,1.,
1.,1.,1.,1.,1.,1.,1.,1.,1.,1.,1.,1.,1.,1.,1.,1.,1.,1.,1.,1.,1.,1.,1.,1.,
1.,1.,1.,1.,1.,1.,1.,1.,1.,1.,1.,1.,1.,1.,1.,1.,1.,1.,1.,1.,1.,1.,1.,1.,
1.,1.,1.,1.,1.,1.,1.,1.,1.,1.,1.,1.,1.,1.,1.,1.,1.,1.,1.,1.,1.,1.,1.,1.,
1.,1.,1.,1.,1.,1.,1.,1.,1.,1.,1.,1.,1.,1.,1.,1.,1.,1.,1.,1.,1.,1.,1.,1.,
1.,1.,1.,1.,1.,1.,1.,1.,1.,1.,1.,1.,1.,1.,1.,1.,1.,1.,1.,1.,1.,1.,1.,1.,
1.,1.,1.,1.,1.,1.,1.,1.,1.,1.,1.,1.,1.,1.,1.,1.,1.,1.,1.,1.,1.,1.,1.,1.,
1.,1.,1.,1.,1.,1.,1.,1.,1.,1.,1.,1.,1.,1.,1.,1.,1.,1.,1.,1.,1.,1.,1.,1.,
1.,1.,1.,1.,1.,1.,1.,1.,1.,1.,1.,1.,1.,1.,1.))
REPRESENTATION_ITEM('')
);
#27=(
BOUNDED_SURFACE()
B_SPLINE_SURFACE(5,1,((#535,#536),(#537,#538),(#539,#540),(#541,#542),(#543,
#544),(#545,#546),(#547,#548),(#549,#550),(#551,#552),(#553,#554),(#555,
#556),(#557,#558),(#559,#560),(#561,#562),(#563,#564),(#565,#566),(#567,
#568),(#569,#570),(#571,#572),(#573,#574),(#575,#576),(#577,#578),(#579,
#580),(#581,#582),(#583,#584),(#585,#586),(#587,#588),(#589,#590),(#591,
#592),(#593,#594),(#595,#596),(#597,#598),(#599,#600),(#601,#602),(#603,
#604),(#605,#606),(#607,#608),(#609,#610),(#611,#612),(#613,#614),(#615,
#616),(#617,#618),(#619,#620),(#621,#622),(#623,#624),(#625,#626),(#627,
#628),(#629,#630),(#631,#632),(#633,#634),(#635,#636),(#637,#638),(#639,
#640),(#641,#642),(#643,#644),(#645,#646),(#647,#648),(#649,#650),(#651,
#652),(#653,#654),(#655,#656),(#657,#658),(#659,#660),(#661,#662),(#663,
#664),(#665,#666),(#667,#668),(#669,#670),(#671,#672),(#673,#674),(#675,
#676),(#677,#678),(#679,#680),(#681,#682),(#683,#684),(#685,#686),(#687,
#688),(#689,#690),(#691,#692),(#693,#694),(#695,#696),(#697,#698),(#699,
#700),(#701,#702),(#703,#704),(#705,#706),(#707,#708),(#709,#710),(#711,
#712),(#713,#714),(#715,#716),(#717,#718),(#719,#720),(#721,#722),(#723,
#724),(#725,#726),(#727,#728),(#729,#730),(#731,#732),(#733,#734),(#735,
#736),(#737,#738),(#739,#740),(#741,#742),(#743,#744),(#745,#746),(#747,
#748),(#749,#750),(#751,#752),(#753,#754),(#755,#756),(#757,#758),(#759,
#760),(#761,#762),(#763,#764),(#765,#766),(#767,#768),(#769,#770),(#771,
#772),(#773,#774),(#775,#776),(#777,#778),(#779,#780),(#781,#782),(#783,
#784),(#785,#786),(#787,#788),(#789,#790),(#791,#792),(#793,#794),(#795,
#796),(#797,#798),(#799,#800),(#801,#802),(#803,#804),(#805,#806),(#807,
#808),(#809,#810),(#811,#812),(#813,#814),(#815,#816),(#817,#818),(#819,
#820),(#821,#822),(#823,#824),(#825,#826),(#827,#828),(#829,#830),(#831,
#832),(#833,#834),(#835,#836),(#837,#838),(#839,#840),(#841,#842),(#843,
#844),(#845,#846),(#847,#848),(#849,#850),(#851,#852),(#853,#854),(#855,
#856),(#857,#858),(#859,#860),(#861,#862),(#863,#864),(#865,#866),(#867,
#868),(#869,#870),(#871,#872),(#873,#874),(#875,#876),(#877,#878),(#879,
#880),(#881,#882),(#883,#884),(#885,#886),(#887,#888),(#889,#890),(#891,
#892),(#893,#894),(#895,#896),(#897,#898),(#899,#900),(#901,#902),(#903,
#904),(#905,#906),(#907,#908),(#909,#910),(#911,#912),(#913,#914),(#915,
#916),(#917,#918),(#919,#920),(#921,#922),(#923,#924),(#925,#926),(#927,
#928),(#929,#930),(#931,#932),(#933,#934),(#935,#936),(#937,#938),(#939,
#940),(#941,#942),(#943,#944),(#945,#946),(#947,#948),(#949,#950),(#951,
#952),(#953,#954),(#955,#956),(#957,#958),(#959,#960),(#961,#962),(#963,
#964),(#965,#966),(#967,#968),(#969,#970),(#971,#972),(#973,#974),(#975,
#976),(#977,#978),(#979,#980),(#981,#982),(#983,#984),(#985,#986),(#987,
#988),(#989,#990),(#991,#992),(#993,#994),(#995,#996),(#997,#998),(#999,
#1000),(#1001,#1002),(#1003,#1004),(#1005,#1006),(#1007,#1008),(#1009,#1010),
(#1011,#1012),(#1013,#1014),(#1015,#1016),(#1017,#1018),(#1019,#1020),(#1021,
#1022),(#1023,#1024),(#1025,#1026),(#1027,#1028),(#1029,#1030),(#1031,#1032),
(#1033,#1034),(#1035,#1036),(#1037,#1038),(#1039,#1040),(#1041,#1042),(#1043,
#1044),(#1045,#1046),(#1047,#1048),(#1049,#1050),(#1051,#1052),(#1053,#1054),
(#1055,#1056),(#1057,#1058),(#1059,#1060),(#1061,#1062),(#1063,#1064),(#1065,
#1066),(#1067,#1068),(#1069,#1070),(#1071,#1072),(#1073,#1074),(#1075,#1076),
(#1077,#1078),(#1079,#1080),(#1081,#1082),(#1083,#1084),(#1085,#1086),(#1087,
#1088),(#1089,#1090),(#1091,#1092),(#1093,#1094),(#1095,#1096),(#1097,#1098),
(#1099,#1100),(#1101,#1102),(#1103,#1104),(#1105,#1106),(#1107,#1108),(#1109,
#1110),(#1111,#1112),(#1113,#1114),(#1115,#1116),(#1117,#1118),(#1119,#1120),
(#1121,#1122),(#1123,#1124),(#1125,#1126),(#1127,#1128),(#1129,#1130),(#1131,
#1132),(#1133,#1134),(#1135,#1136),(#1137,#1138),(#1139,#1140),(#1141,#1142),
(#1143,#1144),(#1145,#1146),(#1147,#1148),(#1149,#1150),(#1151,#1152),(#1153,
#1154),(#1155,#1156),(#1157,#1158),(#1159,#1160),(#1161,#1162),(#1163,#1164),
(#1165,#1166),(#1167,#1168),(#1169,#1170),(#1171,#1172),(#1173,#1174),(#1175,
#1176),(#1177,#1178),(#1179,#1180),(#1181,#1182),(#1183,#1184),(#1185,#1186),
(#1187,#1188),(#1189,#1190),(#1191,#1192),(#1193,#1194),(#1195,#1196),(#1197,
#1198),(#1199,#1200),(#1201,#1202),(#1203,#1204),(#1205,#1206),(#1207,#1208),
(#1209,#1210),(#1211,#1212),(#1213,#1214),(#1215,#1216),(#1217,#1218),(#1219,
#1220),(#1221,#1222),(#1223,#1224),(#1225,#1226),(#1227,#1228),(#1229,#1230),
(#1231,#1232),(#1233,#1234),(#1235,#1236),(#1237,#1238),(#1239,#1240),(#1241,
#1242),(#1243,#1244),(#1245,#1246),(#1247,#1248),(#1249,#1250),(#1251,#1252),
(#1253,#1254),(#1255,#1256),(#1257,#1258),(#1259,#1260),(#1261,#1262),(#1263,
#1264),(#1265,#1266),(#1267,#1268),(#1269,#1270),(#1271,#1272),(#1273,#1274),
(#1275,#1276),(#1277,#1278),(#1279,#1280),(#1281,#1282),(#1283,#1284),(#1285,
#1286),(#1287,#1288),(#1289,#1290),(#1291,#1292),(#1293,#1294),(#1295,#1296),
(#1297,#1298),(#1299,#1300),(#1301,#1302),(#1303,#1304),(#1305,#1306),(#1307,
#1308),(#1309,#1310),(#1311,#1312),(#1313,#1314),(#1315,#1316),(#1317,#1318),
(#1319,#1320),(#1321,#1322),(#1323,#1324),(#1325,#1326),(#1327,#1328),(#1329,
#1330),(#1331,#1332),(#1333,#1334),(#1335,#1336),(#1337,#1338),(#1339,#1340),
(#1341,#1342),(#1343,#1344),(#1345,#1346),(#1347,#1348),(#1349,#1350),(#1351,
#1352),(#1353,#1354),(#1355,#1356),(#1357,#1358),(#1359,#1360),(#1361,#1362),
(#1363,#1364),(#1365,#1366),(#1367,#1368),(#1369,#1370),(#1371,#1372),(#1373,
#1374),(#1375,#1376),(#1377,#1378),(#1379,#1380),(#1381,#1382),(#1383,#1384),
(#1385,#1386),(#1387,#1388),(#1389,#1390),(#1391,#1392),(#1393,#1394),(#1395,
#1396),(#1397,#1398),(#1399,#1400),(#1401,#1402),(#1403,#1404),(#1405,#1406),
(#1407,#1408),(#1409,#1410),(#1411,#1412),(#1413,#1414),(#1415,#1416),(#1417,
#1418),(#1419,#1420),(#1421,#1422),(#1423,#1424),(#1425,#1426),(#1427,#1428),
(#1429,#1430),(#1431,#1432),(#1433,#1434),(#1435,#1436),(#1437,#1438),(#1439,
#1440),(#1441,#1442),(#1443,#1444),(#1445,#1446),(#1447,#1448),(#1449,#1450),
(#1451,#1452),(#1453,#1454),(#1455,#1456),(#1457,#1458),(#1459,#1460),(#1461,
#1462),(#1463,#1464),(#1465,#1466),(#1467,#1468),(#1469,#1470),(#1471,#1472),
(#1473,#1474),(#1475,#1476),(#1477,#1478),(#1479,#1480),(#1481,#1482),(#1483,
#1484),(#1485,#1486),(#1487,#1488),(#1489,#1490),(#1491,#1492),(#1493,#1494),
(#1495,#1496),(#1497,#1498),(#1499,#1500),(#1501,#1502),(#1503,#1504),(#1505,
#1506),(#1507,#1508),(#1509,#1510),(#1511,#1512),(#1513,#1514),(#1515,#1516),
(#1517,#1518),(#1519,#1520),(#1521,#1522),(#1523,#1524),(#1525,#1526),(#1527,
#1528),(#1529,#1530),(#1531,#1532),(#1533,#1534),(#1535,#1536),(#1537,#1538),
(#1539,#1540),(#1541,#1542),(#1543,#1544),(#1545,#1546),(#1547,#1548),(#1549,
#1550),(#1551,#1552),(#1553,#1554),(#1555,#1556),(#1557,#1558),(#1559,#1560),
(#1561,#1562),(#1563,#1564),(#1565,#1566),(#1567,#1568),(#1569,#1570),(#1571,
#1572),(#1573,#1574),(#1575,#1576),(#1577,#1578),(#1579,#1580),(#1581,#1582),
(#1583,#1584),(#1585,#1586),(#1587,#1588),(#1589,#1590),(#1591,#1592),(#1593,
#1594),(#1595,#1596),(#1597,#1598),(#1599,#1600),(#1601,#1602),(#1603,#1604),
(#1605,#1606),(#1607,#1608),(#1609,#1610),(#1611,#1612),(#1613,#1614),(#1615,
#1616),(#1617,#1618),(#1619,#1620),(#1621,#1622),(#1623,#1624),(#1625,#1626),
(#1627,#1628),(#1629,#1630),(#1631,#1632),(#1633,#1634),(#1635,#1636),(#1637,
#1638),(#1639,#1640),(#1641,#1642),(#1643,#1644),(#1645,#1646),(#1647,#1648),
(#1649,#1650),(#1651,#1652),(#1653,#1654),(#1655,#1656),(#1657,#1658),(#1659,
#1660),(#1661,#1662),(#1663,#1664),(#1665,#1666),(#1667,#1668),(#1669,#1670),
(#1671,#1672),(#1673,#1674),(#1675,#1676),(#1677,#1678),(#1679,#1680),(#1681,
#1682),(#1683,#1684),(#1685,#1686),(#1687,#1688),(#1689,#1690),(#1691,#1692),
(#1693,#1694),(#1695,#1696),(#1697,#1698),(#1699,#1700),(#1701,#1702),(#1703,
#1704),(#1705,#1706),(#1707,#1708),(#1709,#1710),(#1711,#1712),(#1713,#1714),
(#1715,#1716),(#1717,#1718),(#1719,#1720),(#1721,#1722),(#1723,#1724),(#1725,
#1726),(#1727,#1728),(#1729,#1730),(#1731,#1732),(#1733,#1734),(#1735,#1736),
(#1737,#1738),(#1739,#1740),(#1741,#1742),(#1743,#1744),(#1745,#1746),(#1747,
#1748),(#1749,#1750),(#1751,#1752),(#1753,#1754),(#1755,#1756),(#1757,#1758),
(#1759,#1760),(#1761,#1762),(#1763,#1764),(#1765,#1766),(#1767,#1768),(#1769,
#1770),(#1771,#1772),(#1773,#1774),(#1775,#1776),(#1777,#1778),(#1779,#1780),
(#1781,#1782),(#1783,#1784),(#1785,#1786),(#1787,#1788),(#1789,#1790),(#1791,
#1792),(#1793,#1794),(#1795,#1796),(#1797,#1798),(#1799,#1800),(#1801,#1802),
(#1803,#1804),(#1805,#1806),(#1807,#1808),(#1809,#1810),(#1811,#1812),(#1813,
#1814),(#1815,#1816),(#1817,#1818),(#1819,#1820),(#1821,#1822),(#1823,#1824),
(#1825,#1826),(#1827,#1828),(#1829,#1830),(#1831,#1832),(#1833,#1834),(#1835,
#1836),(#1837,#1838),(#1839,#1840),(#1841,#1842),(#1843,#1844)),
 .UNSPECIFIED.,.F.,.F.,.F.)
B_SPLINE_SURFACE_WITH_KNOTS((6,1,1,1,1,1,1,1,1,1,1,1,1,1,1,1,1,1,1,1,1,
1,1,1,1,1,1,1,1,1,1,1,1,1,1,1,1,1,1,1,1,1,1,1,1,1,1,1,1,1,1,1,1,1,1,1,1,
1,1,1,1,1,1,1,1,1,1,1,1,1,1,1,1,1,1,1,1,1,1,1,1,1,1,1,1,1,1,1,1,1,1,1,1,
1,1,1,1,1,1,1,1,1,1,1,1,1,1,1,1,1,1,1,1,1,1,1,1,1,1,1,1,1,1,1,1,1,1,1,1,
1,1,1,1,1,1,1,1,1,1,1,1,1,1,1,1,1,1,1,1,1,1,1,1,1,1,1,1,1,1,1,1,1,1,1,1,
1,1,1,1,1,1,1,1,1,1,1,1,1,1,1,1,1,1,1,1,1,1,1,1,1,1,1,1,1,1,1,1,1,1,1,1,
1,1,1,1,1,1,1,1,1,1,1,1,1,1,1,1,1,1,1,1,1,1,1,1,1,1,1,1,1,1,1,1,1,1,1,1,
1,1,1,1,1,1,1,1,1,1,1,1,1,1,1,1,1,1,1,1,1,1,1,1,1,1,1,1,1,1,1,1,1,1,1,1,
1,1,1,1,1,1,1,1,1,1,1,1,1,1,1,1,1,1,1,1,1,1,1,1,1,1,1,1,1,1,1,1,1,1,1,1,
1,1,1,1,1,1,1,1,1,1,1,1,1,1,1,1,1,1,1,1,1,1,1,1,1,1,1,1,1,1,1,1,1,1,1,1,
1,1,1,1,1,1,1,1,1,1,1,1,1,1,1,1,1,1,1,1,1,1,1,1,1,1,1,1,1,1,1,1,1,1,1,1,
1,1,1,1,1,1,1,1,1,1,1,1,1,1,1,1,1,1,1,1,1,1,1,1,1,1,1,1,1,1,1,1,1,1,1,1,
1,1,1,1,1,1,1,1,1,1,1,1,1,1,1,1,1,1,1,1,1,1,1,1,1,1,1,1,1,1,1,1,1,1,1,1,
1,1,1,1,1,1,1,1,1,1,1,1,1,1,1,1,1,1,1,1,1,1,1,1,1,1,1,1,1,1,1,1,1,1,1,1,
1,1,1,1,1,1,1,1,1,1,1,1,1,1,1,1,1,1,1,1,1,1,1,1,1,1,1,1,1,1,1,1,1,1,1,1,
1,1,1,1,1,1,1,1,1,1,1,1,1,1,1,1,1,1,1,1,1,1,1,1,1,1,1,1,1,1,1,1,1,1,1,1,
1,1,1,1,1,1,1,1,1,1,1,1,1,1,1,1,1,1,1,1,1,1,1,1,1,1,1,1,1,1,1,1,1,1,1,1,
1,1,1,1,1,1,1,1,1,1,1,1,1,1,1,1,1,1,1,1,1,1,1,1,1,1,1,1,1,1,1,1,1,1,1,1,
1,1,1,1,1,1,1,1,1,1,1,1,1,1,1,1,1,6),(2,2),(0.,0.00153846153846154,0.00307692307692308,
0.00461538461538461,0.00615384615384615,0.00769230769230769,0.00923076923076923,
0.0107692307692308,0.0123076923076923,0.0138461538461538,0.0153846153846154,
0.0169230769230769,0.0184615384615385,0.02,0.0215384615384615,0.0230769230769231,
0.0246153846153846,0.0261538461538461,0.0276923076923077,0.0292307692307692,
0.0307692307692308,0.0323076923076923,0.0338461538461538,0.0353846153846154,
0.0369230769230769,0.0384615384615384,0.04,0.0415384615384615,0.0430769230769231,
0.0446153846153846,0.0461538461538461,0.0476923076923077,0.0492307692307692,
0.0507692307692307,0.0523076923076923,0.0538461538461538,0.0553846153846154,
0.0569230769230769,0.0584615384615384,0.06,0.0615384615384615,0.063076923076923,
0.0646153846153846,0.0661538461538461,0.0676923076923077,0.0692307692307692,
0.0707692307692308,0.0723076923076923,0.0738461538461539,0.0753846153846154,
0.0769230769230769,0.0784615384615385,0.08,0.0815384615384616,0.0830769230769231,
0.0846153846153847,0.0861538461538462,0.0876923076923077,0.0892307692307693,
0.0907692307692308,0.0923076923076924,0.0938461538461539,0.0953846153846155,
0.096923076923077,0.0984615384615386,0.1,0.101538461538462,0.103076923076923,
0.104615384615385,0.106153846153846,0.107692307692308,0.109230769230769,
0.110769230769231,0.112307692307692,0.113846153846154,0.115384615384616,
0.116923076923077,0.118461538461539,0.12,0.121538461538462,0.123076923076923,
0.124615384615385,0.126153846153846,0.127692307692308,0.129230769230769,
0.130769230769231,0.132307692307693,0.133846153846154,0.135384615384616,
0.136923076923077,0.138461538461539,0.14,0.141538461538462,0.143076923076923,
0.144615384615385,0.146153846153846,0.147692307692308,0.149230769230769,
0.150769230769231,0.152307692307693,0.153846153846154,0.155384615384616,
0.156923076923077,0.158461538461539,0.16,0.161538461538462,0.163076923076923,
0.164615384615385,0.166153846153846,0.167692307692308,0.16923076923077,
0.170769230769231,0.172307692307693,0.173846153846154,0.175384615384616,
0.176923076923077,0.178461538461539,0.18,0.181538461538462,0.183076923076923,
0.184615384615385,0.186153846153847,0.187692307692308,0.18923076923077,
0.190769230769231,0.192307692307693,0.193846153846154,0.195384615384616,
0.196923076923077,0.198461538461539,0.2,0.201538461538462,0.203076923076924,
0.204615384615385,0.206153846153847,0.207692307692308,0.20923076923077,
0.210769230769231,0.212307692307693,0.213846153846154,0.215384615384616,
0.216923076923077,0.218461538461539,0.220000000000001,0.221538461538462,
0.223076923076924,0.224615384615385,0.226153846153847,0.227692307692308,
0.22923076923077,0.230769230769231,0.232307692307693,0.233846153846154,
0.235384615384616,0.236923076923078,0.238461538461539,0.240000000000001,
0.241538461538462,0.243076923076924,0.244615384615385,0.246153846153847,
0.247692307692308,0.24923076923077,0.250769230769231,0.252307692307693,
0.253846153846154,0.255384615384616,0.256923076923078,0.258461538461539,
0.260000000000001,0.261538461538462,0.263076923076924,0.264615384615385,
0.266153846153847,0.267692307692308,0.26923076923077,0.270769230769231,
0.272307692307693,0.273846153846155,0.275384615384616,0.276923076923078,
0.278461538461539,0.280000000000001,0.281538461538462,0.283076923076924,
0.284615384615385,0.286153846153847,0.287692307692308,0.28923076923077,
0.290769230769232,0.292307692307693,0.293846153846155,0.295384615384616,
0.296923076923078,0.298461538461539,0.300000000000001,0.301538461538462,
0.303076923076924,0.304615384615385,0.306153846153847,0.307692307692309,
0.30923076923077,0.310769230769232,0.312307692307693,0.313846153846155,
0.315384615384616,0.316923076923078,0.318461538461539,0.320000000000001,
0.321538461538462,0.323076923076924,0.324615384615386,0.326153846153847,
0.327692307692309,0.32923076923077,0.330769230769232,0.332307692307693,
0.333846153846155,0.335384615384616,0.336923076923078,0.338461538461539,
0.340000000000001,0.341538461538463,0.343076923076924,0.344615384615386,
0.346153846153847,0.347692307692309,0.34923076923077,0.350769230769232,
0.352307692307693,0.353846153846155,0.355384615384616,0.356923076923078,
0.358461538461539,0.360000000000001,0.361538461538463,0.363076923076924,
0.364615384615386,0.366153846153847,0.367692307692309,0.36923076923077,
0.370769230769232,0.372307692307693,0.373846153846155,0.375384615384616,
0.376923076923078,0.37846153846154,0.380000000000001,0.381538461538463,
0.383076923076924,0.384615384615386,0.386153846153847,0.387692307692309,
0.38923076923077,0.390769230769232,0.392307692307693,0.393846153846155,
0.395384615384617,0.396923076923078,0.39846153846154,0.400000000000001,
0.401538461538463,0.403076923076924,0.404615384615386,0.406153846153847,
0.407692307692309,0.40923076923077,0.410769230769232,0.412307692307694,
0.413846153846155,0.415384615384617,0.416923076923078,0.41846153846154,
0.420000000000001,0.421538461538463,0.423076923076924,0.424615384615386,
0.426153846153847,0.427692307692309,0.429230769230771,0.430769230769232,
0.432307692307694,0.433846153846155,0.435384615384617,0.436923076923078,
0.43846153846154,0.440000000000001,0.441538461538463,0.443076923076924,
0.444615384615386,0.446153846153848,0.447692307692309,0.449230769230771,
0.450769230769232,0.452307692307694,0.453846153846155,0.455384615384617,
0.456923076923078,0.45846153846154,0.460000000000001,0.461538461538463,
0.463076923076924,0.464615384615386,0.466153846153848,0.467692307692309,
0.469230769230771,0.470769230769232,0.472307692307694,0.473846153846155,
0.475384615384617,0.476923076923078,0.47846153846154,0.480000000000001,
0.481538461538463,0.483076923076925,0.484615384615386,0.486153846153848,
0.487692307692309,0.489230769230771,0.490769230769232,0.492307692307694,
0.493846153846155,0.495384615384617,0.496923076923078,0.49846153846154,
0.500000000000002,0.501538461538463,0.503076923076925,0.504615384615386,
0.506153846153848,0.507692307692309,0.50923076923077,0.510769230769232,
0.512307692307693,0.513846153846155,0.515384615384616,0.516923076923078,
0.518461538461539,0.520000000000001,0.521538461538462,0.523076923076924,
0.524615384615385,0.526153846153847,0.527692307692308,0.52923076923077,
0.530769230769231,0.532307692307693,0.533846153846154,0.535384615384616,
0.536923076923077,0.538461538461539,0.54,0.541538461538462,0.543076923076923,
0.544615384615385,0.546153846153846,0.547692307692308,0.549230769230769,
0.550769230769231,0.552307692307692,0.553846153846154,0.555384615384615,
0.556923076923077,0.558461538461538,0.56,0.561538461538461,0.563076923076923,
0.564615384615384,0.566153846153846,0.567692307692307,0.569230769230769,
0.57076923076923,0.572307692307692,0.573846153846153,0.575384615384614,
0.576923076923076,0.578461538461537,0.579999999999999,0.58153846153846,
0.583076923076922,0.584615384615383,0.586153846153845,0.587692307692306,
0.589230769230768,0.590769230769229,0.592307692307691,0.593846153846152,
0.595384615384614,0.596923076923075,0.598461538461537,0.599999999999998,
0.60153846153846,0.603076923076921,0.604615384615383,0.606153846153844,
0.607692307692306,0.609230769230767,0.610769230769229,0.61230769230769,
0.613846153846152,0.615384615384613,0.616923076923075,0.618461538461536,
0.619999999999998,0.621538461538459,0.623076923076921,0.624615384615382,
0.626153846153844,0.627692307692305,0.629230769230767,0.630769230769228,
0.63230769230769,0.633846153846151,0.635384615384613,0.636923076923074,
0.638461538461536,0.639999999999997,0.641538461538459,0.64307692307692,
0.644615384615381,0.646153846153843,0.647692307692304,0.649230769230766,
0.650769230769227,0.652307692307689,0.65384615384615,0.655384615384612,
0.656923076923073,0.658461538461535,0.659999999999996,0.661538461538458,
0.663076923076919,0.664615384615381,0.666153846153842,0.667692307692304,
0.669230769230765,0.670769230769227,0.672307692307688,0.67384615384615,
0.675384615384611,0.676923076923073,0.678461538461534,0.679999999999996,
0.681538461538457,0.683076923076919,0.68461538461538,0.686153846153842,
0.687692307692303,0.689230769230765,0.690769230769226,0.692307692307688,
0.693846153846149,0.695384615384611,0.696923076923072,0.698461538461534,
0.699999999999995,0.701538461538457,0.703076923076918,0.70461538461538,
0.706153846153841,0.707692307692303,0.709230769230764,0.710769230769225,
0.712307692307687,0.713846153846148,0.71538461538461,0.716923076923071,
0.718461538461533,0.719999999999994,0.721538461538456,0.723076923076917,
0.724615384615379,0.72615384615384,0.727692307692302,0.729230769230763,
0.730769230769225,0.732307692307686,0.733846153846148,0.735384615384609,
0.736923076923071,0.738461538461532,0.739999999999994,0.741538461538455,
0.743076923076917,0.744615384615378,0.74615384615384,0.747692307692301,
0.749230769230763,0.750769230769224,0.752307692307686,0.753846153846147,
0.755384615384609,0.75692307692307,0.758461538461532,0.759999999999993,
0.761538461538455,0.763076923076916,0.764615384615378,0.766153846153839,
0.767692307692301,0.769230769230762,0.770769230769224,0.772307692307685,
0.773846153846147,0.775384615384608,0.776923076923069,0.778461538461531,
0.779999999999992,0.781538461538454,0.783076923076915,0.784615384615377,
0.786153846153838,0.7876923076923,0.789230769230761,0.790769230769223,0.792307692307684,
0.793846153846146,0.795384615384607,0.796923076923069,0.79846153846153,
0.799999999999992,0.801538461538453,0.803076923076915,0.804615384615376,
0.806153846153838,0.807692307692299,0.809230769230761,0.810769230769222,
0.812307692307684,0.813846153846145,0.815384615384607,0.816923076923068,
0.81846153846153,0.819999999999991,0.821538461538453,0.823076923076914,
0.824615384615376,0.826153846153837,0.827692307692299,0.82923076923076,
0.830769230769222,0.832307692307683,0.833846153846145,0.835384615384606,
0.836923076923068,0.838461538461529,0.839999999999991,0.841538461538452,
0.843076923076914,0.844615384615375,0.846153846153836,0.847692307692298,
0.849230769230759,0.850769230769221,0.852307692307682,0.853846153846144,
0.855384615384605,0.856923076923067,0.858461538461528,0.85999999999999,
0.861538461538451,0.863076923076913,0.864615384615374,0.866153846153836,
0.867692307692297,0.869230769230759,0.87076923076922,0.872307692307682,
0.873846153846143,0.875384615384605,0.876923076923066,0.878461538461528,
0.879999999999989,0.881538461538451,0.883076923076912,0.884615384615374,
0.886153846153835,0.887692307692297,0.889230769230758,0.89076923076922,
0.892307692307681,0.893846153846143,0.895384615384604,0.896923076923066,
0.898461538461527,0.899999999999989,0.90153846153845,0.903076923076912,
0.904615384615373,0.906153846153835,0.907692307692296,0.909230769230758,
0.910769230769219,0.91230769230768,0.913846153846142,0.915384615384603,
0.916923076923065,0.918461538461526,0.919999999999988,0.921538461538449,
0.923076923076911,0.924615384615372,0.926153846153834,0.927692307692295,
0.929230769230757,0.930769230769218,0.93230769230768,0.933846153846141,
0.935384615384603,0.936923076923064,0.938461538461526,0.939999999999987,
0.941538461538449,0.94307692307691,0.944615384615372,0.946153846153833,
0.947692307692295,0.949230769230756,0.950769230769218,0.952307692307679,
0.953846153846141,0.955384615384602,0.956923076923064,0.958461538461525,
0.959999999999987,0.961538461538448,0.96307692307691,0.964615384615371,
0.966153846153833,0.967692307692294,0.969230769230756,0.970769230769217,
0.972307692307679,0.97384615384614,0.975384615384602,0.976923076923063,
0.978461538461525,0.979999999999986,0.981538461538447,0.983076923076909,
0.98461538461537,0.986153846153832,0.987692307692293,0.989230769230755,
0.990769230769216,0.992307692307678,0.993846153846139,0.995384615384601,
0.996923076923062,0.998461538461524,1.),(-0.593407367195143,0.559014416375768),
 .UNSPECIFIED.)
GEOMETRIC_REPRESENTATION_ITEM()
RATIONAL_B_SPLINE_SURFACE(((1.,1.),(1.,1.),(1.,1.),(1.,1.),(1.,1.),(1.,
1.),(1.,1.),(1.,1.),(1.,1.),(1.,1.),(1.,1.),(1.,1.),(1.,1.),(1.,1.),(1.,
1.),(1.,1.),(1.,1.),(1.,1.),(1.,1.),(1.,1.),(1.,1.),(1.,1.),(1.,1.),(1.,
1.),(1.,1.),(1.,1.),(1.,1.),(1.,1.),(1.,1.),(1.,1.),(1.,1.),(1.,1.),(1.,
1.),(1.,1.),(1.,1.),(1.,1.),(1.,1.),(1.,1.),(1.,1.),(1.,1.),(1.,1.),(1.,
1.),(1.,1.),(1.,1.),(1.,1.),(1.,1.),(1.,1.),(1.,1.),(1.,1.),(1.,1.),(1.,
1.),(1.,1.),(1.,1.),(1.,1.),(1.,1.),(1.,1.),(1.,1.),(1.,1.),(1.,1.),(1.,
1.),(1.,1.),(1.,1.),(1.,1.),(1.,1.),(1.,1.),(1.,1.),(1.,1.),(1.,1.),(1.,
1.),(1.,1.),(1.,1.),(1.,1.),(1.,1.),(1.,1.),(1.,1.),(1.,1.),(1.,1.),(1.,
1.),(1.,1.),(1.,1.),(1.,1.),(1.,1.),(1.,1.),(1.,1.),(1.,1.),(1.,1.),(1.,
1.),(1.,1.),(1.,1.),(1.,1.),(1.,1.),(1.,1.),(1.,1.),(1.,1.),(1.,1.),(1.,
1.),(1.,1.),(1.,1.),(1.,1.),(1.,1.),(1.,1.),(1.,1.),(1.,1.),(1.,1.),(1.,
1.),(1.,1.),(1.,1.),(1.,1.),(1.,1.),(1.,1.),(1.,1.),(1.,1.),(1.,1.),(1.,
1.),(1.,1.),(1.,1.),(1.,1.),(1.,1.),(1.,1.),(1.,1.),(1.,1.),(1.,1.),(1.,
1.),(1.,1.),(1.,1.),(1.,1.),(1.,1.),(1.,1.),(1.,1.),(1.,1.),(1.,1.),(1.,
1.),(1.,1.),(1.,1.),(1.,1.),(1.,1.),(1.,1.),(1.,1.),(1.,1.),(1.,1.),(1.,
1.),(1.,1.),(1.,1.),(1.,1.),(1.,1.),(1.,1.),(1.,1.),(1.,1.),(1.,1.),(1.,
1.),(1.,1.),(1.,1.),(1.,1.),(1.,1.),(1.,1.),(1.,1.),(1.,1.),(1.,1.),(1.,
1.),(1.,1.),(1.,1.),(1.,1.),(1.,1.),(1.,1.),(1.,1.),(1.,1.),(1.,1.),(1.,
1.),(1.,1.),(1.,1.),(1.,1.),(1.,1.),(1.,1.),(1.,1.),(1.,1.),(1.,1.),(1.,
1.),(1.,1.),(1.,1.),(1.,1.),(1.,1.),(1.,1.),(1.,1.),(1.,1.),(1.,1.),(1.,
1.),(1.,1.),(1.,1.),(1.,1.),(1.,1.),(1.,1.),(1.,1.),(1.,1.),(1.,1.),(1.,
1.),(1.,1.),(1.,1.),(1.,1.),(1.,1.),(1.,1.),(1.,1.),(1.,1.),(1.,1.),(1.,
1.),(1.,1.),(1.,1.),(1.,1.),(1.,1.),(1.,1.),(1.,1.),(1.,1.),(1.,1.),(1.,
1.),(1.,1.),(1.,1.),(1.,1.),(1.,1.),(1.,1.),(1.,1.),(1.,1.),(1.,1.),(1.,
1.),(1.,1.),(1.,1.),(1.,1.),(1.,1.),(1.,1.),(1.,1.),(1.,1.),(1.,1.),(1.,
1.),(1.,1.),(1.,1.),(1.,1.),(1.,1.),(1.,1.),(1.,1.),(1.,1.),(1.,1.),(1.,
1.),(1.,1.),(1.,1.),(1.,1.),(1.,1.),(1.,1.),(1.,1.),(1.,1.),(1.,1.),(1.,
1.),(1.,1.),(1.,1.),(1.,1.),(1.,1.),(1.,1.),(1.,1.),(1.,1.),(1.,1.),(1.,
1.),(1.,1.),(1.,1.),(1.,1.),(1.,1.),(1.,1.),(1.,1.),(1.,1.),(1.,1.),(1.,
1.),(1.,1.),(1.,1.),(1.,1.),(1.,1.),(1.,1.),(1.,1.),(1.,1.),(1.,1.),(1.,
1.),(1.,1.),(1.,1.),(1.,1.),(1.,1.),(1.,1.),(1.,1.),(1.,1.),(1.,1.),(1.,
1.),(1.,1.),(1.,1.),(1.,1.),(1.,1.),(1.,1.),(1.,1.),(1.,1.),(1.,1.),(1.,
1.),(1.,1.),(1.,1.),(1.,1.),(1.,1.),(1.,1.),(1.,1.),(1.,1.),(1.,1.),(1.,
1.),(1.,1.),(1.,1.),(1.,1.),(1.,1.),(1.,1.),(1.,1.),(1.,1.),(1.,1.),(1.,
1.),(1.,1.),(1.,1.),(1.,1.),(1.,1.),(1.,1.),(1.,1.),(1.,1.),(1.,1.),(1.,
1.),(1.,1.),(1.,1.),(1.,1.),(1.,1.),(1.,1.),(1.,1.),(1.,1.),(1.,1.),(1.,
1.),(1.,1.),(1.,1.),(1.,1.),(1.,1.),(1.,1.),(1.,1.),(1.,1.),(1.,1.),(1.,
1.),(1.,1.),(1.,1.),(1.,1.),(1.,1.),(1.,1.),(1.,1.),(1.,1.),(1.,1.),(1.,
1.),(1.,1.),(1.,1.),(1.,1.),(1.,1.),(1.,1.),(1.,1.),(1.,1.),(1.,1.),(1.,
1.),(1.,1.),(1.,1.),(1.,1.),(1.,1.),(1.,1.),(1.,1.),(1.,1.),(1.,1.),(1.,
1.),(1.,1.),(1.,1.),(1.,1.),(1.,1.),(1.,1.),(1.,1.),(1.,1.),(1.,1.),(1.,
1.),(1.,1.),(1.,1.),(1.,1.),(1.,1.),(1.,1.),(1.,1.),(1.,1.),(1.,1.),(1.,
1.),(1.,1.),(1.,1.),(1.,1.),(1.,1.),(1.,1.),(1.,1.),(1.,1.),(1.,1.),(1.,
1.),(1.,1.),(1.,1.),(1.,1.),(1.,1.),(1.,1.),(1.,1.),(1.,1.),(1.,1.),(1.,
1.),(1.,1.),(1.,1.),(1.,1.),(1.,1.),(1.,1.),(1.,1.),(1.,1.),(1.,1.),(1.,
1.),(1.,1.),(1.,1.),(1.,1.),(1.,1.),(1.,1.),(1.,1.),(1.,1.),(1.,1.),(1.,
1.),(1.,1.),(1.,1.),(1.,1.),(1.,1.),(1.,1.),(1.,1.),(1.,1.),(1.,1.),(1.,
1.),(1.,1.),(1.,1.),(1.,1.),(1.,1.),(1.,1.),(1.,1.),(1.,1.),(1.,1.),(1.,
1.),(1.,1.),(1.,1.),(1.,1.),(1.,1.),(1.,1.),(1.,1.),(1.,1.),(1.,1.),(1.,
1.),(1.,1.),(1.,1.),(1.,1.),(1.,1.),(1.,1.),(1.,1.),(1.,1.),(1.,1.),(1.,
1.),(1.,1.),(1.,1.),(1.,1.),(1.,1.),(1.,1.),(1.,1.),(1.,1.),(1.,1.),(1.,
1.),(1.,1.),(1.,1.),(1.,1.),(1.,1.),(1.,1.),(1.,1.),(1.,1.),(1.,1.),(1.,
1.),(1.,1.),(1.,1.),(1.,1.),(1.,1.),(1.,1.),(1.,1.),(1.,1.),(1.,1.),(1.,
1.),(1.,1.),(1.,1.),(1.,1.),(1.,1.),(1.,1.),(1.,1.),(1.,1.),(1.,1.),(1.,
1.),(1.,1.),(1.,1.),(1.,1.),(1.,1.),(1.,1.),(1.,1.),(1.,1.),(1.,1.),(1.,
1.),(1.,1.),(1.,1.),(1.,1.),(1.,1.),(1.,1.),(1.,1.),(1.,1.),(1.,1.),(1.,
1.),(1.,1.),(1.,1.),(1.,1.),(1.,1.),(1.,1.),(1.,1.),(1.,1.),(1.,1.),(1.,
1.),(1.,1.),(1.,1.),(1.,1.),(1.,1.),(1.,1.),(1.,1.),(1.,1.),(1.,1.),(1.,
1.),(1.,1.),(1.,1.),(1.,1.),(1.,1.),(1.,1.),(1.,1.),(1.,1.),(1.,1.),(1.,
1.),(1.,1.),(1.,1.),(1.,1.),(1.,1.),(1.,1.),(1.,1.),(1.,1.),(1.,1.),(1.,
1.),(1.,1.),(1.,1.),(1.,1.),(1.,1.),(1.,1.),(1.,1.),(1.,1.),(1.,1.),(1.,
1.),(1.,1.),(1.,1.),(1.,1.),(1.,1.),(1.,1.),(1.,1.),(1.,1.),(1.,1.),(1.,
1.),(1.,1.),(1.,1.),(1.,1.),(1.,1.),(1.,1.),(1.,1.),(1.,1.),(1.,1.),(1.,
1.),(1.,1.),(1.,1.),(1.,1.),(1.,1.),(1.,1.),(1.,1.),(1.,1.),(1.,1.),(1.,
1.),(1.,1.),(1.,1.),(1.,1.),(1.,1.),(1.,1.),(1.,1.),(1.,1.),(1.,1.),(1.,
1.),(1.,1.),(1.,1.),(1.,1.),(1.,1.),(1.,1.),(1.,1.),(1.,1.),(1.,1.),(1.,
1.),(1.,1.),(1.,1.),(1.,1.),(1.,1.),(1.,1.),(1.,1.),(1.,1.),(1.,1.),(1.,
1.),(1.,1.),(1.,1.),(1.,1.),(1.,1.),(1.,1.),(1.,1.),(1.,1.),(1.,1.),(1.,
1.),(1.,1.),(1.,1.),(1.,1.),(1.,1.),(1.,1.),(1.,1.),(1.,1.),(1.,1.),(1.,
1.),(1.,1.),(1.,1.),(1.,1.),(1.,1.),(1.,1.),(1.,1.),(1.,1.),(1.,1.),(1.,
1.),(1.,1.),(1.,1.),(1.,1.),(1.,1.),(1.,1.),(1.,1.),(1.,1.),(1.,1.),(1.,
1.),(1.,1.),(1.,1.),(1.,1.),(1.,1.),(1.,1.),(1.,1.),(1.,1.),(1.,1.),(1.,
1.),(1.,1.)))
REPRESENTATION_ITEM('')
SURFACE()
);
#28=(
BOUNDED_SURFACE()
B_SPLINE_SURFACE(5,1,((#2661,#2662),(#2663,#2664),(#2665,#2666),(#2667,
#2668),(#2669,#2670),(#2671,#2672),(#2673,#2674),(#2675,#2676),(#2677,#2678),
(#2679,#2680),(#2681,#2682),(#2683,#2684),(#2685,#2686),(#2687,#2688),(#2689,
#2690),(#2691,#2692),(#2693,#2694),(#2695,#2696),(#2697,#2698),(#2699,#2700),
(#2701,#2702),(#2703,#2704),(#2705,#2706),(#2707,#2708),(#2709,#2710),(#2711,
#2712),(#2713,#2714),(#2715,#2716),(#2717,#2718),(#2719,#2720),(#2721,#2722),
(#2723,#2724),(#2725,#2726),(#2727,#2728),(#2729,#2730),(#2731,#2732),(#2733,
#2734),(#2735,#2736),(#2737,#2738),(#2739,#2740),(#2741,#2742),(#2743,#2744),
(#2745,#2746),(#2747,#2748),(#2749,#2750),(#2751,#2752),(#2753,#2754),(#2755,
#2756),(#2757,#2758),(#2759,#2760),(#2761,#2762),(#2763,#2764),(#2765,#2766),
(#2767,#2768),(#2769,#2770),(#2771,#2772),(#2773,#2774),(#2775,#2776),(#2777,
#2778),(#2779,#2780),(#2781,#2782),(#2783,#2784),(#2785,#2786),(#2787,#2788),
(#2789,#2790),(#2791,#2792),(#2793,#2794),(#2795,#2796),(#2797,#2798),(#2799,
#2800),(#2801,#2802),(#2803,#2804),(#2805,#2806),(#2807,#2808),(#2809,#2810),
(#2811,#2812),(#2813,#2814),(#2815,#2816),(#2817,#2818),(#2819,#2820),(#2821,
#2822),(#2823,#2824),(#2825,#2826),(#2827,#2828),(#2829,#2830),(#2831,#2832),
(#2833,#2834),(#2835,#2836),(#2837,#2838),(#2839,#2840),(#2841,#2842),(#2843,
#2844),(#2845,#2846),(#2847,#2848),(#2849,#2850),(#2851,#2852),(#2853,#2854),
(#2855,#2856),(#2857,#2858),(#2859,#2860),(#2861,#2862),(#2863,#2864),(#2865,
#2866),(#2867,#2868),(#2869,#2870),(#2871,#2872),(#2873,#2874),(#2875,#2876),
(#2877,#2878),(#2879,#2880),(#2881,#2882),(#2883,#2884),(#2885,#2886),(#2887,
#2888),(#2889,#2890),(#2891,#2892),(#2893,#2894),(#2895,#2896),(#2897,#2898),
(#2899,#2900),(#2901,#2902),(#2903,#2904),(#2905,#2906),(#2907,#2908),(#2909,
#2910),(#2911,#2912),(#2913,#2914),(#2915,#2916),(#2917,#2918),(#2919,#2920),
(#2921,#2922),(#2923,#2924),(#2925,#2926),(#2927,#2928),(#2929,#2930),(#2931,
#2932),(#2933,#2934),(#2935,#2936),(#2937,#2938),(#2939,#2940),(#2941,#2942),
(#2943,#2944),(#2945,#2946),(#2947,#2948),(#2949,#2950),(#2951,#2952),(#2953,
#2954),(#2955,#2956),(#2957,#2958),(#2959,#2960),(#2961,#2962),(#2963,#2964),
(#2965,#2966),(#2967,#2968),(#2969,#2970),(#2971,#2972),(#2973,#2974),(#2975,
#2976),(#2977,#2978),(#2979,#2980),(#2981,#2982),(#2983,#2984),(#2985,#2986),
(#2987,#2988),(#2989,#2990),(#2991,#2992),(#2993,#2994),(#2995,#2996),(#2997,
#2998),(#2999,#3000),(#3001,#3002),(#3003,#3004),(#3005,#3006),(#3007,#3008),
(#3009,#3010),(#3011,#3012),(#3013,#3014),(#3015,#3016),(#3017,#3018),(#3019,
#3020),(#3021,#3022),(#3023,#3024),(#3025,#3026),(#3027,#3028),(#3029,#3030),
(#3031,#3032),(#3033,#3034),(#3035,#3036),(#3037,#3038),(#3039,#3040),(#3041,
#3042),(#3043,#3044),(#3045,#3046),(#3047,#3048),(#3049,#3050),(#3051,#3052),
(#3053,#3054),(#3055,#3056),(#3057,#3058),(#3059,#3060),(#3061,#3062),(#3063,
#3064),(#3065,#3066),(#3067,#3068),(#3069,#3070),(#3071,#3072),(#3073,#3074),
(#3075,#3076),(#3077,#3078),(#3079,#3080),(#3081,#3082),(#3083,#3084),(#3085,
#3086),(#3087,#3088),(#3089,#3090),(#3091,#3092),(#3093,#3094),(#3095,#3096),
(#3097,#3098),(#3099,#3100),(#3101,#3102),(#3103,#3104),(#3105,#3106),(#3107,
#3108),(#3109,#3110),(#3111,#3112),(#3113,#3114),(#3115,#3116),(#3117,#3118),
(#3119,#3120),(#3121,#3122),(#3123,#3124),(#3125,#3126),(#3127,#3128),(#3129,
#3130),(#3131,#3132),(#3133,#3134),(#3135,#3136),(#3137,#3138),(#3139,#3140),
(#3141,#3142),(#3143,#3144),(#3145,#3146),(#3147,#3148),(#3149,#3150),(#3151,
#3152),(#3153,#3154),(#3155,#3156),(#3157,#3158),(#3159,#3160),(#3161,#3162),
(#3163,#3164),(#3165,#3166),(#3167,#3168),(#3169,#3170),(#3171,#3172),(#3173,
#3174),(#3175,#3176),(#3177,#3178),(#3179,#3180),(#3181,#3182),(#3183,#3184),
(#3185,#3186),(#3187,#3188),(#3189,#3190),(#3191,#3192),(#3193,#3194),(#3195,
#3196),(#3197,#3198),(#3199,#3200),(#3201,#3202),(#3203,#3204),(#3205,#3206),
(#3207,#3208),(#3209,#3210),(#3211,#3212),(#3213,#3214),(#3215,#3216),(#3217,
#3218),(#3219,#3220),(#3221,#3222),(#3223,#3224),(#3225,#3226),(#3227,#3228),
(#3229,#3230),(#3231,#3232),(#3233,#3234),(#3235,#3236),(#3237,#3238),(#3239,
#3240),(#3241,#3242),(#3243,#3244),(#3245,#3246),(#3247,#3248),(#3249,#3250),
(#3251,#3252),(#3253,#3254),(#3255,#3256),(#3257,#3258),(#3259,#3260),(#3261,
#3262),(#3263,#3264),(#3265,#3266),(#3267,#3268),(#3269,#3270),(#3271,#3272),
(#3273,#3274),(#3275,#3276),(#3277,#3278),(#3279,#3280),(#3281,#3282),(#3283,
#3284),(#3285,#3286),(#3287,#3288),(#3289,#3290),(#3291,#3292),(#3293,#3294),
(#3295,#3296),(#3297,#3298),(#3299,#3300),(#3301,#3302),(#3303,#3304),(#3305,
#3306),(#3307,#3308),(#3309,#3310),(#3311,#3312),(#3313,#3314),(#3315,#3316),
(#3317,#3318),(#3319,#3320),(#3321,#3322),(#3323,#3324),(#3325,#3326),(#3327,
#3328),(#3329,#3330),(#3331,#3332),(#3333,#3334),(#3335,#3336),(#3337,#3338),
(#3339,#3340),(#3341,#3342),(#3343,#3344),(#3345,#3346),(#3347,#3348),(#3349,
#3350),(#3351,#3352),(#3353,#3354),(#3355,#3356),(#3357,#3358),(#3359,#3360),
(#3361,#3362),(#3363,#3364),(#3365,#3366),(#3367,#3368),(#3369,#3370),(#3371,
#3372),(#3373,#3374),(#3375,#3376),(#3377,#3378),(#3379,#3380),(#3381,#3382),
(#3383,#3384),(#3385,#3386),(#3387,#3388),(#3389,#3390),(#3391,#3392),(#3393,
#3394),(#3395,#3396),(#3397,#3398),(#3399,#3400),(#3401,#3402),(#3403,#3404),
(#3405,#3406),(#3407,#3408),(#3409,#3410),(#3411,#3412),(#3413,#3414),(#3415,
#3416),(#3417,#3418),(#3419,#3420),(#3421,#3422),(#3423,#3424),(#3425,#3426),
(#3427,#3428),(#3429,#3430),(#3431,#3432),(#3433,#3434),(#3435,#3436),(#3437,
#3438),(#3439,#3440),(#3441,#3442),(#3443,#3444),(#3445,#3446),(#3447,#3448),
(#3449,#3450),(#3451,#3452),(#3453,#3454),(#3455,#3456),(#3457,#3458),(#3459,
#3460),(#3461,#3462),(#3463,#3464),(#3465,#3466),(#3467,#3468),(#3469,#3470),
(#3471,#3472),(#3473,#3474),(#3475,#3476),(#3477,#3478),(#3479,#3480),(#3481,
#3482),(#3483,#3484),(#3485,#3486),(#3487,#3488),(#3489,#3490),(#3491,#3492),
(#3493,#3494),(#3495,#3496),(#3497,#3498),(#3499,#3500),(#3501,#3502),(#3503,
#3504),(#3505,#3506),(#3507,#3508),(#3509,#3510),(#3511,#3512),(#3513,#3514),
(#3515,#3516),(#3517,#3518),(#3519,#3520),(#3521,#3522),(#3523,#3524),(#3525,
#3526),(#3527,#3528),(#3529,#3530),(#3531,#3532),(#3533,#3534),(#3535,#3536),
(#3537,#3538),(#3539,#3540),(#3541,#3542),(#3543,#3544),(#3545,#3546),(#3547,
#3548),(#3549,#3550),(#3551,#3552),(#3553,#3554),(#3555,#3556),(#3557,#3558),
(#3559,#3560),(#3561,#3562),(#3563,#3564),(#3565,#3566),(#3567,#3568),(#3569,
#3570),(#3571,#3572),(#3573,#3574),(#3575,#3576),(#3577,#3578),(#3579,#3580),
(#3581,#3582),(#3583,#3584),(#3585,#3586),(#3587,#3588),(#3589,#3590),(#3591,
#3592),(#3593,#3594),(#3595,#3596),(#3597,#3598),(#3599,#3600),(#3601,#3602),
(#3603,#3604),(#3605,#3606),(#3607,#3608),(#3609,#3610),(#3611,#3612),(#3613,
#3614),(#3615,#3616),(#3617,#3618),(#3619,#3620),(#3621,#3622),(#3623,#3624),
(#3625,#3626),(#3627,#3628),(#3629,#3630),(#3631,#3632),(#3633,#3634),(#3635,
#3636),(#3637,#3638),(#3639,#3640),(#3641,#3642),(#3643,#3644),(#3645,#3646),
(#3647,#3648),(#3649,#3650),(#3651,#3652),(#3653,#3654),(#3655,#3656),(#3657,
#3658),(#3659,#3660),(#3661,#3662),(#3663,#3664),(#3665,#3666),(#3667,#3668),
(#3669,#3670),(#3671,#3672),(#3673,#3674),(#3675,#3676),(#3677,#3678),(#3679,
#3680),(#3681,#3682),(#3683,#3684),(#3685,#3686),(#3687,#3688),(#3689,#3690),
(#3691,#3692),(#3693,#3694),(#3695,#3696),(#3697,#3698),(#3699,#3700),(#3701,
#3702),(#3703,#3704),(#3705,#3706),(#3707,#3708),(#3709,#3710),(#3711,#3712),
(#3713,#3714),(#3715,#3716),(#3717,#3718),(#3719,#3720),(#3721,#3722),(#3723,
#3724),(#3725,#3726),(#3727,#3728),(#3729,#3730),(#3731,#3732),(#3733,#3734),
(#3735,#3736),(#3737,#3738),(#3739,#3740),(#3741,#3742),(#3743,#3744),(#3745,
#3746),(#3747,#3748),(#3749,#3750),(#3751,#3752),(#3753,#3754),(#3755,#3756),
(#3757,#3758),(#3759,#3760),(#3761,#3762),(#3763,#3764),(#3765,#3766),(#3767,
#3768),(#3769,#3770),(#3771,#3772),(#3773,#3774),(#3775,#3776),(#3777,#3778),
(#3779,#3780),(#3781,#3782),(#3783,#3784),(#3785,#3786),(#3787,#3788),(#3789,
#3790),(#3791,#3792),(#3793,#3794),(#3795,#3796),(#3797,#3798),(#3799,#3800),
(#3801,#3802),(#3803,#3804),(#3805,#3806),(#3807,#3808),(#3809,#3810),(#3811,
#3812),(#3813,#3814),(#3815,#3816),(#3817,#3818),(#3819,#3820),(#3821,#3822),
(#3823,#3824),(#3825,#3826),(#3827,#3828),(#3829,#3830),(#3831,#3832),(#3833,
#3834),(#3835,#3836),(#3837,#3838),(#3839,#3840),(#3841,#3842),(#3843,#3844),
(#3845,#3846),(#3847,#3848),(#3849,#3850),(#3851,#3852),(#3853,#3854),(#3855,
#3856),(#3857,#3858),(#3859,#3860),(#3861,#3862),(#3863,#3864),(#3865,#3866),
(#3867,#3868),(#3869,#3870),(#3871,#3872),(#3873,#3874),(#3875,#3876),(#3877,
#3878),(#3879,#3880),(#3881,#3882),(#3883,#3884),(#3885,#3886),(#3887,#3888),
(#3889,#3890),(#3891,#3892),(#3893,#3894),(#3895,#3896),(#3897,#3898),(#3899,
#3900),(#3901,#3902),(#3903,#3904),(#3905,#3906),(#3907,#3908),(#3909,#3910),
(#3911,#3912),(#3913,#3914),(#3915,#3916),(#3917,#3918),(#3919,#3920),(#3921,
#3922),(#3923,#3924),(#3925,#3926),(#3927,#3928),(#3929,#3930),(#3931,#3932),
(#3933,#3934),(#3935,#3936),(#3937,#3938),(#3939,#3940),(#3941,#3942),(#3943,
#3944),(#3945,#3946),(#3947,#3948),(#3949,#3950),(#3951,#3952),(#3953,#3954),
(#3955,#3956),(#3957,#3958),(#3959,#3960),(#3961,#3962),(#3963,#3964),(#3965,
#3966),(#3967,#3968),(#3969,#3970)),.UNSPECIFIED.,.F.,.F.,.F.)
B_SPLINE_SURFACE_WITH_KNOTS((6,1,1,1,1,1,1,1,1,1,1,1,1,1,1,1,1,1,1,1,1,
1,1,1,1,1,1,1,1,1,1,1,1,1,1,1,1,1,1,1,1,1,1,1,1,1,1,1,1,1,1,1,1,1,1,1,1,
1,1,1,1,1,1,1,1,1,1,1,1,1,1,1,1,1,1,1,1,1,1,1,1,1,1,1,1,1,1,1,1,1,1,1,1,
1,1,1,1,1,1,1,1,1,1,1,1,1,1,1,1,1,1,1,1,1,1,1,1,1,1,1,1,1,1,1,1,1,1,1,1,
1,1,1,1,1,1,1,1,1,1,1,1,1,1,1,1,1,1,1,1,1,1,1,1,1,1,1,1,1,1,1,1,1,1,1,1,
1,1,1,1,1,1,1,1,1,1,1,1,1,1,1,1,1,1,1,1,1,1,1,1,1,1,1,1,1,1,1,1,1,1,1,1,
1,1,1,1,1,1,1,1,1,1,1,1,1,1,1,1,1,1,1,1,1,1,1,1,1,1,1,1,1,1,1,1,1,1,1,1,
1,1,1,1,1,1,1,1,1,1,1,1,1,1,1,1,1,1,1,1,1,1,1,1,1,1,1,1,1,1,1,1,1,1,1,1,
1,1,1,1,1,1,1,1,1,1,1,1,1,1,1,1,1,1,1,1,1,1,1,1,1,1,1,1,1,1,1,1,1,1,1,1,
1,1,1,1,1,1,1,1,1,1,1,1,1,1,1,1,1,1,1,1,1,1,1,1,1,1,1,1,1,1,1,1,1,1,1,1,
1,1,1,1,1,1,1,1,1,1,1,1,1,1,1,1,1,1,1,1,1,1,1,1,1,1,1,1,1,1,1,1,1,1,1,1,
1,1,1,1,1,1,1,1,1,1,1,1,1,1,1,1,1,1,1,1,1,1,1,1,1,1,1,1,1,1,1,1,1,1,1,1,
1,1,1,1,1,1,1,1,1,1,1,1,1,1,1,1,1,1,1,1,1,1,1,1,1,1,1,1,1,1,1,1,1,1,1,1,
1,1,1,1,1,1,1,1,1,1,1,1,1,1,1,1,1,1,1,1,1,1,1,1,1,1,1,1,1,1,1,1,1,1,1,1,
1,1,1,1,1,1,1,1,1,1,1,1,1,1,1,1,1,1,1,1,1,1,1,1,1,1,1,1,1,1,1,1,1,1,1,1,
1,1,1,1,1,1,1,1,1,1,1,1,1,1,1,1,1,1,1,1,1,1,1,1,1,1,1,1,1,1,1,1,1,1,1,1,
1,1,1,1,1,1,1,1,1,1,1,1,1,1,1,1,1,1,1,1,1,1,1,1,1,1,1,1,1,1,1,1,1,1,1,1,
1,1,1,1,1,1,1,1,1,1,1,1,1,1,1,1,1,1,1,1,1,1,1,1,1,1,1,1,1,1,1,1,1,1,1,1,
1,1,1,1,1,1,1,1,1,1,1,1,1,1,1,1,1,6),(2,2),(0.,0.00153846153846154,0.00307692307692308,
0.00461538461538461,0.00615384615384615,0.00769230769230769,0.00923076923076923,
0.0107692307692308,0.0123076923076923,0.0138461538461538,0.0153846153846154,
0.0169230769230769,0.0184615384615385,0.02,0.0215384615384615,0.0230769230769231,
0.0246153846153846,0.0261538461538461,0.0276923076923077,0.0292307692307692,
0.0307692307692308,0.0323076923076923,0.0338461538461538,0.0353846153846154,
0.0369230769230769,0.0384615384615384,0.04,0.0415384615384615,0.0430769230769231,
0.0446153846153846,0.0461538461538461,0.0476923076923077,0.0492307692307692,
0.0507692307692307,0.0523076923076923,0.0538461538461538,0.0553846153846154,
0.0569230769230769,0.0584615384615384,0.06,0.0615384615384615,0.063076923076923,
0.0646153846153846,0.0661538461538461,0.0676923076923077,0.0692307692307692,
0.0707692307692308,0.0723076923076923,0.0738461538461539,0.0753846153846154,
0.0769230769230769,0.0784615384615385,0.08,0.0815384615384616,0.0830769230769231,
0.0846153846153847,0.0861538461538462,0.0876923076923077,0.0892307692307693,
0.0907692307692308,0.0923076923076924,0.0938461538461539,0.0953846153846155,
0.096923076923077,0.0984615384615386,0.1,0.101538461538462,0.103076923076923,
0.104615384615385,0.106153846153846,0.107692307692308,0.109230769230769,
0.110769230769231,0.112307692307692,0.113846153846154,0.115384615384616,
0.116923076923077,0.118461538461539,0.12,0.121538461538462,0.123076923076923,
0.124615384615385,0.126153846153846,0.127692307692308,0.129230769230769,
0.130769230769231,0.132307692307693,0.133846153846154,0.135384615384616,
0.136923076923077,0.138461538461539,0.14,0.141538461538462,0.143076923076923,
0.144615384615385,0.146153846153846,0.147692307692308,0.149230769230769,
0.150769230769231,0.152307692307693,0.153846153846154,0.155384615384616,
0.156923076923077,0.158461538461539,0.16,0.161538461538462,0.163076923076923,
0.164615384615385,0.166153846153846,0.167692307692308,0.16923076923077,
0.170769230769231,0.172307692307693,0.173846153846154,0.175384615384616,
0.176923076923077,0.178461538461539,0.18,0.181538461538462,0.183076923076923,
0.184615384615385,0.186153846153847,0.187692307692308,0.18923076923077,
0.190769230769231,0.192307692307693,0.193846153846154,0.195384615384616,
0.196923076923077,0.198461538461539,0.2,0.201538461538462,0.203076923076924,
0.204615384615385,0.206153846153847,0.207692307692308,0.20923076923077,
0.210769230769231,0.212307692307693,0.213846153846154,0.215384615384616,
0.216923076923077,0.218461538461539,0.220000000000001,0.221538461538462,
0.223076923076924,0.224615384615385,0.226153846153847,0.227692307692308,
0.22923076923077,0.230769230769231,0.232307692307693,0.233846153846154,
0.235384615384616,0.236923076923078,0.238461538461539,0.240000000000001,
0.241538461538462,0.243076923076924,0.244615384615385,0.246153846153847,
0.247692307692308,0.24923076923077,0.250769230769231,0.252307692307693,
0.253846153846154,0.255384615384616,0.256923076923078,0.258461538461539,
0.260000000000001,0.261538461538462,0.263076923076924,0.264615384615385,
0.266153846153847,0.267692307692308,0.26923076923077,0.270769230769231,
0.272307692307693,0.273846153846155,0.275384615384616,0.276923076923078,
0.278461538461539,0.280000000000001,0.281538461538462,0.283076923076924,
0.284615384615385,0.286153846153847,0.287692307692308,0.28923076923077,
0.290769230769232,0.292307692307693,0.293846153846155,0.295384615384616,
0.296923076923078,0.298461538461539,0.300000000000001,0.301538461538462,
0.303076923076924,0.304615384615385,0.306153846153847,0.307692307692309,
0.30923076923077,0.310769230769232,0.312307692307693,0.313846153846155,
0.315384615384616,0.316923076923078,0.318461538461539,0.320000000000001,
0.321538461538462,0.323076923076924,0.324615384615386,0.326153846153847,
0.327692307692309,0.32923076923077,0.330769230769232,0.332307692307693,
0.333846153846155,0.335384615384616,0.336923076923078,0.338461538461539,
0.340000000000001,0.341538461538463,0.343076923076924,0.344615384615386,
0.346153846153847,0.347692307692309,0.34923076923077,0.350769230769232,
0.352307692307693,0.353846153846155,0.355384615384616,0.356923076923078,
0.358461538461539,0.360000000000001,0.361538461538463,0.363076923076924,
0.364615384615386,0.366153846153847,0.367692307692309,0.36923076923077,
0.370769230769232,0.372307692307693,0.373846153846155,0.375384615384616,
0.376923076923078,0.37846153846154,0.380000000000001,0.381538461538463,
0.383076923076924,0.384615384615386,0.386153846153847,0.387692307692309,
0.38923076923077,0.390769230769232,0.392307692307693,0.393846153846155,
0.395384615384617,0.396923076923078,0.39846153846154,0.400000000000001,
0.401538461538463,0.403076923076924,0.404615384615386,0.406153846153847,
0.407692307692309,0.40923076923077,0.410769230769232,0.412307692307694,
0.413846153846155,0.415384615384617,0.416923076923078,0.41846153846154,
0.420000000000001,0.421538461538463,0.423076923076924,0.424615384615386,
0.426153846153847,0.427692307692309,0.429230769230771,0.430769230769232,
0.432307692307694,0.433846153846155,0.435384615384617,0.436923076923078,
0.43846153846154,0.440000000000001,0.441538461538463,0.443076923076924,
0.444615384615386,0.446153846153848,0.447692307692309,0.449230769230771,
0.450769230769232,0.452307692307694,0.453846153846155,0.455384615384617,
0.456923076923078,0.45846153846154,0.460000000000001,0.461538461538463,
0.463076923076924,0.464615384615386,0.466153846153848,0.467692307692309,
0.469230769230771,0.470769230769232,0.472307692307694,0.473846153846155,
0.475384615384617,0.476923076923078,0.47846153846154,0.480000000000001,
0.481538461538463,0.483076923076925,0.484615384615386,0.486153846153848,
0.487692307692309,0.489230769230771,0.490769230769232,0.492307692307694,
0.493846153846155,0.495384615384617,0.496923076923078,0.49846153846154,
0.500000000000002,0.501538461538463,0.503076923076925,0.504615384615386,
0.506153846153848,0.507692307692309,0.50923076923077,0.510769230769232,
0.512307692307693,0.513846153846155,0.515384615384616,0.516923076923078,
0.518461538461539,0.520000000000001,0.521538461538462,0.523076923076924,
0.524615384615385,0.526153846153847,0.527692307692308,0.52923076923077,
0.530769230769231,0.532307692307693,0.533846153846154,0.535384615384616,
0.536923076923077,0.538461538461539,0.54,0.541538461538462,0.543076923076923,
0.544615384615385,0.546153846153846,0.547692307692308,0.549230769230769,
0.550769230769231,0.552307692307692,0.553846153846154,0.555384615384615,
0.556923076923077,0.558461538461538,0.56,0.561538461538461,0.563076923076923,
0.564615384615384,0.566153846153846,0.567692307692307,0.569230769230769,
0.57076923076923,0.572307692307692,0.573846153846153,0.575384615384614,
0.576923076923076,0.578461538461537,0.579999999999999,0.58153846153846,
0.583076923076922,0.584615384615383,0.586153846153845,0.587692307692306,
0.589230769230768,0.590769230769229,0.592307692307691,0.593846153846152,
0.595384615384614,0.596923076923075,0.598461538461537,0.599999999999998,
0.60153846153846,0.603076923076921,0.604615384615383,0.606153846153844,
0.607692307692306,0.609230769230767,0.610769230769229,0.61230769230769,
0.613846153846152,0.615384615384613,0.616923076923075,0.618461538461536,
0.619999999999998,0.621538461538459,0.623076923076921,0.624615384615382,
0.626153846153844,0.627692307692305,0.629230769230767,0.630769230769228,
0.63230769230769,0.633846153846151,0.635384615384613,0.636923076923074,
0.638461538461536,0.639999999999997,0.641538461538459,0.64307692307692,
0.644615384615381,0.646153846153843,0.647692307692304,0.649230769230766,
0.650769230769227,0.652307692307689,0.65384615384615,0.655384615384612,
0.656923076923073,0.658461538461535,0.659999999999996,0.661538461538458,
0.663076923076919,0.664615384615381,0.666153846153842,0.667692307692304,
0.669230769230765,0.670769230769227,0.672307692307688,0.67384615384615,
0.675384615384611,0.676923076923073,0.678461538461534,0.679999999999996,
0.681538461538457,0.683076923076919,0.68461538461538,0.686153846153842,
0.687692307692303,0.689230769230765,0.690769230769226,0.692307692307688,
0.693846153846149,0.695384615384611,0.696923076923072,0.698461538461534,
0.699999999999995,0.701538461538457,0.703076923076918,0.70461538461538,
0.706153846153841,0.707692307692303,0.709230769230764,0.710769230769225,
0.712307692307687,0.713846153846148,0.71538461538461,0.716923076923071,
0.718461538461533,0.719999999999994,0.721538461538456,0.723076923076917,
0.724615384615379,0.72615384615384,0.727692307692302,0.729230769230763,
0.730769230769225,0.732307692307686,0.733846153846148,0.735384615384609,
0.736923076923071,0.738461538461532,0.739999999999994,0.741538461538455,
0.743076923076917,0.744615384615378,0.74615384615384,0.747692307692301,
0.749230769230763,0.750769230769224,0.752307692307686,0.753846153846147,
0.755384615384609,0.75692307692307,0.758461538461532,0.759999999999993,
0.761538461538455,0.763076923076916,0.764615384615378,0.766153846153839,
0.767692307692301,0.769230769230762,0.770769230769224,0.772307692307685,
0.773846153846147,0.775384615384608,0.776923076923069,0.778461538461531,
0.779999999999992,0.781538461538454,0.783076923076915,0.784615384615377,
0.786153846153838,0.7876923076923,0.789230769230761,0.790769230769223,0.792307692307684,
0.793846153846146,0.795384615384607,0.796923076923069,0.79846153846153,
0.799999999999992,0.801538461538453,0.803076923076915,0.804615384615376,
0.806153846153838,0.807692307692299,0.809230769230761,0.810769230769222,
0.812307692307684,0.813846153846145,0.815384615384607,0.816923076923068,
0.81846153846153,0.819999999999991,0.821538461538453,0.823076923076914,
0.824615384615376,0.826153846153837,0.827692307692299,0.82923076923076,
0.830769230769222,0.832307692307683,0.833846153846145,0.835384615384606,
0.836923076923068,0.838461538461529,0.839999999999991,0.841538461538452,
0.843076923076914,0.844615384615375,0.846153846153836,0.847692307692298,
0.849230769230759,0.850769230769221,0.852307692307682,0.853846153846144,
0.855384615384605,0.856923076923067,0.858461538461528,0.85999999999999,
0.861538461538451,0.863076923076913,0.864615384615374,0.866153846153836,
0.867692307692297,0.869230769230759,0.87076923076922,0.872307692307682,
0.873846153846143,0.875384615384605,0.876923076923066,0.878461538461528,
0.879999999999989,0.881538461538451,0.883076923076912,0.884615384615374,
0.886153846153835,0.887692307692297,0.889230769230758,0.89076923076922,
0.892307692307681,0.893846153846143,0.895384615384604,0.896923076923066,
0.898461538461527,0.899999999999989,0.90153846153845,0.903076923076912,
0.904615384615373,0.906153846153835,0.907692307692296,0.909230769230758,
0.910769230769219,0.91230769230768,0.913846153846142,0.915384615384603,
0.916923076923065,0.918461538461526,0.919999999999988,0.921538461538449,
0.923076923076911,0.924615384615372,0.926153846153834,0.927692307692295,
0.929230769230757,0.930769230769218,0.93230769230768,0.933846153846141,
0.935384615384603,0.936923076923064,0.938461538461526,0.939999999999987,
0.941538461538449,0.94307692307691,0.944615384615372,0.946153846153833,
0.947692307692295,0.949230769230756,0.950769230769218,0.952307692307679,
0.953846153846141,0.955384615384602,0.956923076923064,0.958461538461525,
0.959999999999987,0.961538461538448,0.96307692307691,0.964615384615371,
0.966153846153833,0.967692307692294,0.969230769230756,0.970769230769217,
0.972307692307679,0.97384615384614,0.975384615384602,0.976923076923063,
0.978461538461525,0.979999999999986,0.981538461538447,0.983076923076909,
0.98461538461537,0.986153846153832,0.987692307692293,0.989230769230755,
0.990769230769216,0.992307692307678,0.993846153846139,0.995384615384601,
0.996923076923062,0.998461538461524,1.),(-0.593374684917689,0.559014366813462),
 .UNSPECIFIED.)
GEOMETRIC_REPRESENTATION_ITEM()
RATIONAL_B_SPLINE_SURFACE(((1.,1.),(1.,1.),(1.,1.),(1.,1.),(1.,1.),(1.,
1.),(1.,1.),(1.,1.),(1.,1.),(1.,1.),(1.,1.),(1.,1.),(1.,1.),(1.,1.),(1.,
1.),(1.,1.),(1.,1.),(1.,1.),(1.,1.),(1.,1.),(1.,1.),(1.,1.),(1.,1.),(1.,
1.),(1.,1.),(1.,1.),(1.,1.),(1.,1.),(1.,1.),(1.,1.),(1.,1.),(1.,1.),(1.,
1.),(1.,1.),(1.,1.),(1.,1.),(1.,1.),(1.,1.),(1.,1.),(1.,1.),(1.,1.),(1.,
1.),(1.,1.),(1.,1.),(1.,1.),(1.,1.),(1.,1.),(1.,1.),(1.,1.),(1.,1.),(1.,
1.),(1.,1.),(1.,1.),(1.,1.),(1.,1.),(1.,1.),(1.,1.),(1.,1.),(1.,1.),(1.,
1.),(1.,1.),(1.,1.),(1.,1.),(1.,1.),(1.,1.),(1.,1.),(1.,1.),(1.,1.),(1.,
1.),(1.,1.),(1.,1.),(1.,1.),(1.,1.),(1.,1.),(1.,1.),(1.,1.),(1.,1.),(1.,
1.),(1.,1.),(1.,1.),(1.,1.),(1.,1.),(1.,1.),(1.,1.),(1.,1.),(1.,1.),(1.,
1.),(1.,1.),(1.,1.),(1.,1.),(1.,1.),(1.,1.),(1.,1.),(1.,1.),(1.,1.),(1.,
1.),(1.,1.),(1.,1.),(1.,1.),(1.,1.),(1.,1.),(1.,1.),(1.,1.),(1.,1.),(1.,
1.),(1.,1.),(1.,1.),(1.,1.),(1.,1.),(1.,1.),(1.,1.),(1.,1.),(1.,1.),(1.,
1.),(1.,1.),(1.,1.),(1.,1.),(1.,1.),(1.,1.),(1.,1.),(1.,1.),(1.,1.),(1.,
1.),(1.,1.),(1.,1.),(1.,1.),(1.,1.),(1.,1.),(1.,1.),(1.,1.),(1.,1.),(1.,
1.),(1.,1.),(1.,1.),(1.,1.),(1.,1.),(1.,1.),(1.,1.),(1.,1.),(1.,1.),(1.,
1.),(1.,1.),(1.,1.),(1.,1.),(1.,1.),(1.,1.),(1.,1.),(1.,1.),(1.,1.),(1.,
1.),(1.,1.),(1.,1.),(1.,1.),(1.,1.),(1.,1.),(1.,1.),(1.,1.),(1.,1.),(1.,
1.),(1.,1.),(1.,1.),(1.,1.),(1.,1.),(1.,1.),(1.,1.),(1.,1.),(1.,1.),(1.,
1.),(1.,1.),(1.,1.),(1.,1.),(1.,1.),(1.,1.),(1.,1.),(1.,1.),(1.,1.),(1.,
1.),(1.,1.),(1.,1.),(1.,1.),(1.,1.),(1.,1.),(1.,1.),(1.,1.),(1.,1.),(1.,
1.),(1.,1.),(1.,1.),(1.,1.),(1.,1.),(1.,1.),(1.,1.),(1.,1.),(1.,1.),(1.,
1.),(1.,1.),(1.,1.),(1.,1.),(1.,1.),(1.,1.),(1.,1.),(1.,1.),(1.,1.),(1.,
1.),(1.,1.),(1.,1.),(1.,1.),(1.,1.),(1.,1.),(1.,1.),(1.,1.),(1.,1.),(1.,
1.),(1.,1.),(1.,1.),(1.,1.),(1.,1.),(1.,1.),(1.,1.),(1.,1.),(1.,1.),(1.,
1.),(1.,1.),(1.,1.),(1.,1.),(1.,1.),(1.,1.),(1.,1.),(1.,1.),(1.,1.),(1.,
1.),(1.,1.),(1.,1.),(1.,1.),(1.,1.),(1.,1.),(1.,1.),(1.,1.),(1.,1.),(1.,
1.),(1.,1.),(1.,1.),(1.,1.),(1.,1.),(1.,1.),(1.,1.),(1.,1.),(1.,1.),(1.,
1.),(1.,1.),(1.,1.),(1.,1.),(1.,1.),(1.,1.),(1.,1.),(1.,1.),(1.,1.),(1.,
1.),(1.,1.),(1.,1.),(1.,1.),(1.,1.),(1.,1.),(1.,1.),(1.,1.),(1.,1.),(1.,
1.),(1.,1.),(1.,1.),(1.,1.),(1.,1.),(1.,1.),(1.,1.),(1.,1.),(1.,1.),(1.,
1.),(1.,1.),(1.,1.),(1.,1.),(1.,1.),(1.,1.),(1.,1.),(1.,1.),(1.,1.),(1.,
1.),(1.,1.),(1.,1.),(1.,1.),(1.,1.),(1.,1.),(1.,1.),(1.,1.),(1.,1.),(1.,
1.),(1.,1.),(1.,1.),(1.,1.),(1.,1.),(1.,1.),(1.,1.),(1.,1.),(1.,1.),(1.,
1.),(1.,1.),(1.,1.),(1.,1.),(1.,1.),(1.,1.),(1.,1.),(1.,1.),(1.,1.),(1.,
1.),(1.,1.),(1.,1.),(1.,1.),(1.,1.),(1.,1.),(1.,1.),(1.,1.),(1.,1.),(1.,
1.),(1.,1.),(1.,1.),(1.,1.),(1.,1.),(1.,1.),(1.,1.),(1.,1.),(1.,1.),(1.,
1.),(1.,1.),(1.,1.),(1.,1.),(1.,1.),(1.,1.),(1.,1.),(1.,1.),(1.,1.),(1.,
1.),(1.,1.),(1.,1.),(1.,1.),(1.,1.),(1.,1.),(1.,1.),(1.,1.),(1.,1.),(1.,
1.),(1.,1.),(1.,1.),(1.,1.),(1.,1.),(1.,1.),(1.,1.),(1.,1.),(1.,1.),(1.,
1.),(1.,1.),(1.,1.),(1.,1.),(1.,1.),(1.,1.),(1.,1.),(1.,1.),(1.,1.),(1.,
1.),(1.,1.),(1.,1.),(1.,1.),(1.,1.),(1.,1.),(1.,1.),(1.,1.),(1.,1.),(1.,
1.),(1.,1.),(1.,1.),(1.,1.),(1.,1.),(1.,1.),(1.,1.),(1.,1.),(1.,1.),(1.,
1.),(1.,1.),(1.,1.),(1.,1.),(1.,1.),(1.,1.),(1.,1.),(1.,1.),(1.,1.),(1.,
1.),(1.,1.),(1.,1.),(1.,1.),(1.,1.),(1.,1.),(1.,1.),(1.,1.),(1.,1.),(1.,
1.),(1.,1.),(1.,1.),(1.,1.),(1.,1.),(1.,1.),(1.,1.),(1.,1.),(1.,1.),(1.,
1.),(1.,1.),(1.,1.),(1.,1.),(1.,1.),(1.,1.),(1.,1.),(1.,1.),(1.,1.),(1.,
1.),(1.,1.),(1.,1.),(1.,1.),(1.,1.),(1.,1.),(1.,1.),(1.,1.),(1.,1.),(1.,
1.),(1.,1.),(1.,1.),(1.,1.),(1.,1.),(1.,1.),(1.,1.),(1.,1.),(1.,1.),(1.,
1.),(1.,1.),(1.,1.),(1.,1.),(1.,1.),(1.,1.),(1.,1.),(1.,1.),(1.,1.),(1.,
1.),(1.,1.),(1.,1.),(1.,1.),(1.,1.),(1.,1.),(1.,1.),(1.,1.),(1.,1.),(1.,
1.),(1.,1.),(1.,1.),(1.,1.),(1.,1.),(1.,1.),(1.,1.),(1.,1.),(1.,1.),(1.,
1.),(1.,1.),(1.,1.),(1.,1.),(1.,1.),(1.,1.),(1.,1.),(1.,1.),(1.,1.),(1.,
1.),(1.,1.),(1.,1.),(1.,1.),(1.,1.),(1.,1.),(1.,1.),(1.,1.),(1.,1.),(1.,
1.),(1.,1.),(1.,1.),(1.,1.),(1.,1.),(1.,1.),(1.,1.),(1.,1.),(1.,1.),(1.,
1.),(1.,1.),(1.,1.),(1.,1.),(1.,1.),(1.,1.),(1.,1.),(1.,1.),(1.,1.),(1.,
1.),(1.,1.),(1.,1.),(1.,1.),(1.,1.),(1.,1.),(1.,1.),(1.,1.),(1.,1.),(1.,
1.),(1.,1.),(1.,1.),(1.,1.),(1.,1.),(1.,1.),(1.,1.),(1.,1.),(1.,1.),(1.,
1.),(1.,1.),(1.,1.),(1.,1.),(1.,1.),(1.,1.),(1.,1.),(1.,1.),(1.,1.),(1.,
1.),(1.,1.),(1.,1.),(1.,1.),(1.,1.),(1.,1.),(1.,1.),(1.,1.),(1.,1.),(1.,
1.),(1.,1.),(1.,1.),(1.,1.),(1.,1.),(1.,1.),(1.,1.),(1.,1.),(1.,1.),(1.,
1.),(1.,1.),(1.,1.),(1.,1.),(1.,1.),(1.,1.),(1.,1.),(1.,1.),(1.,1.),(1.,
1.),(1.,1.),(1.,1.),(1.,1.),(1.,1.),(1.,1.),(1.,1.),(1.,1.),(1.,1.),(1.,
1.),(1.,1.),(1.,1.),(1.,1.),(1.,1.),(1.,1.),(1.,1.),(1.,1.),(1.,1.),(1.,
1.),(1.,1.),(1.,1.),(1.,1.),(1.,1.),(1.,1.),(1.,1.),(1.,1.),(1.,1.),(1.,
1.),(1.,1.),(1.,1.),(1.,1.),(1.,1.),(1.,1.),(1.,1.),(1.,1.),(1.,1.),(1.,
1.),(1.,1.),(1.,1.),(1.,1.),(1.,1.),(1.,1.),(1.,1.),(1.,1.),(1.,1.),(1.,
1.),(1.,1.),(1.,1.),(1.,1.),(1.,1.),(1.,1.),(1.,1.),(1.,1.),(1.,1.),(1.,
1.),(1.,1.),(1.,1.),(1.,1.),(1.,1.),(1.,1.),(1.,1.),(1.,1.),(1.,1.),(1.,
1.),(1.,1.),(1.,1.),(1.,1.),(1.,1.),(1.,1.),(1.,1.),(1.,1.),(1.,1.),(1.,
1.),(1.,1.),(1.,1.),(1.,1.),(1.,1.),(1.,1.),(1.,1.),(1.,1.),(1.,1.),(1.,
1.),(1.,1.),(1.,1.),(1.,1.),(1.,1.),(1.,1.),(1.,1.),(1.,1.),(1.,1.),(1.,
1.),(1.,1.),(1.,1.),(1.,1.),(1.,1.),(1.,1.),(1.,1.),(1.,1.),(1.,1.),(1.,
1.),(1.,1.)))
REPRESENTATION_ITEM('')
SURFACE()
);
#29=PLANE('',#288);
#30=PLANE('',#290);
#31=PLANE('',#297);
#32=PLANE('',#299);
#33=PLANE('',#303);
#34=PLANE('',#304);
#35=FACE_OUTER_BOUND('',#49,.T.);
#36=FACE_OUTER_BOUND('',#50,.T.);
#37=FACE_OUTER_BOUND('',#51,.T.);
#38=FACE_OUTER_BOUND('',#52,.T.);
#39=FACE_OUTER_BOUND('',#53,.T.);
#40=FACE_OUTER_BOUND('',#54,.T.);
#41=FACE_OUTER_BOUND('',#55,.T.);
#42=FACE_OUTER_BOUND('',#58,.T.);
#43=FACE_OUTER_BOUND('',#59,.T.);
#44=FACE_OUTER_BOUND('',#60,.T.);
#45=FACE_OUTER_BOUND('',#61,.T.);
#46=FACE_OUTER_BOUND('',#64,.T.);
#47=FACE_OUTER_BOUND('',#69,.T.);
#48=FACE_OUTER_BOUND('',#71,.T.);
#49=EDGE_LOOP('',(#176,#177,#178,#179));
#50=EDGE_LOOP('',(#180,#181,#182,#183));
#51=EDGE_LOOP('',(#184,#185,#186,#187));
#52=EDGE_LOOP('',(#188,#189,#190,#191));
#53=EDGE_LOOP('',(#192,#193,#194,#195));
#54=EDGE_LOOP('',(#196,#197,#198,#199,#200));
#55=EDGE_LOOP('',(#201,#202));
#56=EDGE_LOOP('',(#203));
#57=EDGE_LOOP('',(#204));
#58=EDGE_LOOP('',(#205,#206,#207,#208,#209,#210,#211,#212,#213,#214,#215,
#216));
#59=EDGE_LOOP('',(#217,#218,#219,#220));
#60=EDGE_LOOP('',(#221,#222,#223,#224,#225,#226));
#61=EDGE_LOOP('',(#227,#228));
#62=EDGE_LOOP('',(#229));
#63=EDGE_LOOP('',(#230));
#64=EDGE_LOOP('',(#231,#232,#233,#234));
#65=EDGE_LOOP('',(#235));
#66=EDGE_LOOP('',(#236));
#67=EDGE_LOOP('',(#237));
#68=EDGE_LOOP('',(#238));
#69=EDGE_LOOP('',(#239));
#70=EDGE_LOOP('',(#240));
#71=EDGE_LOOP('',(#241,#242,#243,#244));
#72=EDGE_LOOP('',(#245));
#73=B_SPLINE_CURVE_WITH_KNOTS('',3,(#375,#376,#377,#378,#379,#380,#381,
#382,#383,#384,#385,#386,#387,#388,#389,#390,#391,#392,#393,#394,#395,#396,
#397,#398,#399,#400,#401,#402,#403,#404,#405,#406,#407,#408),
 .UNSPECIFIED.,.T.,.F.,(4,2,2,2,2,2,2,2,2,2,2,2,2,2,2,2,4),(0.,0.0377171420264063,
0.0754342840528126,0.113151017350229,0.150867750647646,0.188584483945063,
0.22630121724248,0.264018359268886,0.301735501295293,0.339452643321699,
0.377169785348105,0.414886518645522,0.452603251942939,0.490319985240356,
0.528036718537773,0.565753860564179,0.603471002590585),.UNSPECIFIED.);
#74=B_SPLINE_CURVE_WITH_KNOTS('',3,(#414,#415,#416,#417,#418,#419,#420,
#421,#422,#423,#424,#425,#426,#427,#428,#429,#430,#431,#432,#433,#434,#435,
#436,#437,#438,#439,#440,#441,#442,#443,#444,#445,#446,#447),
 .UNSPECIFIED.,.T.,.F.,(4,2,2,2,2,2,2,2,2,2,2,2,2,2,2,2,4),(0.,0.0377171420264062,
0.0754342840528123,0.113151017350229,0.150867750647646,0.188584483945063,
0.22630121724248,0.264018359268886,0.301735501295292,0.339452643321699,
0.377169785348105,0.414886518645522,0.452603251942939,0.490319985240356,
0.528036718537773,0.565753860564179,0.603471002590585),.UNSPECIFIED.);
#75=B_SPLINE_CURVE_WITH_KNOTS('',3,(#453,#454,#455,#456,#457,#458,#459,
#460,#461,#462,#463,#464,#465,#466,#467,#468,#469,#470,#471,#472,#473,#474,
#475,#476,#477,#478,#479,#480,#481,#482,#483,#484,#485,#486),
 .UNSPECIFIED.,.T.,.F.,(4,2,2,2,2,2,2,2,2,2,2,2,2,2,2,2,4),(0.,0.0377171420264062,
0.0754342840528125,0.113151017350229,0.150867750647646,0.188584483945063,
0.22630121724248,0.264018359268886,0.301735501295292,0.339452643321699,
0.377169785348105,0.414886518645522,0.452603251942939,0.490319985240355,
0.528036718537772,0.565753860564179,0.603471002590585),.UNSPECIFIED.);
#76=B_SPLINE_CURVE_WITH_KNOTS('',3,(#492,#493,#494,#495,#496,#497,#498,
#499,#500,#501,#502,#503,#504,#505,#506,#507,#508,#509,#510,#511,#512,#513,
#514,#515,#516,#517,#518,#519,#520,#521,#522,#523,#524,#525),
 .UNSPECIFIED.,.T.,.F.,(4,2,2,2,2,2,2,2,2,2,2,2,2,2,2,2,4),(0.,0.0377171425898987,
0.0754342851797973,0.113151019040676,0.150867752901555,0.188584486762433,
0.226301220623312,0.264018363213211,0.30173550580311,0.339452648393008,
0.377169790982907,0.414886524843786,0.452603258704664,0.490319992565543,
0.528036726426422,0.56575386901632,0.603471011606219),.UNSPECIFIED.);
#77=B_SPLINE_CURVE_WITH_KNOTS('',3,(#2501,#2502,#2503,#2504,#2505,#2506,
#2507,#2508,#2509,#2510,#2511,#2512,#2513,#2514,#2515,#2516,#2517,#2518,
#2519,#2520,#2521,#2522,#2523,#2524,#2525,#2526,#2527,#2528,#2529,#2530,
#2531,#2532,#2533,#2534,#2535,#2536),.UNSPECIFIED.,.F.,.F.,(4,2,2,2,2,2,
2,2,2,2,2,2,2,2,2,2,2,4),(1.31254673037767,1.31549336245368,1.32147272541446,
1.33053714409737,1.34479344194667,1.3758174235729,1.42255155025303,1.54739531430587,
1.58627408536262,1.61883630220488,1.66039243330235,1.76278880787261,2.00623472482918,
2.05591837406217,2.0799242319547,2.08934560153563,2.09286228021597,2.09541435206999),
 .UNSPECIFIED.);
#78=B_SPLINE_CURVE_WITH_KNOTS('',3,(#2537,#2538,#2539,#2540,#2541,#2542,
#2543,#2544,#2545,#2546,#2547,#2548,#2549,#2550,#2551,#2552,#2553,#2554,
#2555,#2556,#2557,#2558,#2559,#2560,#2561,#2562,#2563,#2564,#2565,#2566,
#2567,#2568),.UNSPECIFIED.,.F.,.F.,(4,2,2,2,2,2,2,2,2,2,2,2,2,2,2,4),(0.,
0.0135625761598864,0.145175605116073,0.414891919390157,0.809445422378692,
0.889552371663437,0.950285918833917,1.01961460251392,1.15099965955797,1.19741037958543,
1.25095196831532,1.28069388726992,1.29632050692124,1.30655965895235,1.31135096377866,
1.31254673037767),.UNSPECIFIED.);
#79=B_SPLINE_CURVE_WITH_KNOTS('',3,(#2578,#2579,#2580,#2581,#2582,#2583,
#2584,#2585,#2586,#2587,#2588,#2589,#2590,#2591,#2592,#2593,#2594,#2595,
#2596,#2597,#2598,#2599,#2600,#2601,#2602,#2603,#2604,#2605,#2606,#2607,
#2608,#2609,#2610,#2611,#2612,#2613,#2614,#2615,#2616,#2617),
 .UNSPECIFIED.,.F.,.F.,(4,2,2,2,2,2,2,2,2,2,2,2,2,2,2,2,2,2,2,4),(3.1900677427497,
3.19242008868424,3.21966139030874,3.2481313367237,3.27962745983428,3.32549290402406,
3.39973912982595,3.59087905511488,3.65549214863614,3.70534198348749,3.76395659550562,
3.89303628157846,4.30252307549145,4.3793755022968,4.41610270841207,4.43188854983985,
4.43796284418561,4.4412491347285,4.44270257014637,4.44380866132374),
 .UNSPECIFIED.);
#80=B_SPLINE_CURVE_WITH_KNOTS('',3,(#2621,#2622,#2623,#2624,#2625,#2626,
#2627,#2628,#2629,#2630,#2631,#2632,#2633,#2634,#2635,#2636,#2637,#2638,
#2639,#2640,#2641,#2642,#2643,#2644,#2645,#2646,#2647,#2648,#2649,#2650,
#2651,#2652),.UNSPECIFIED.,.F.,.F.,(4,2,2,2,2,2,2,2,2,2,2,2,2,2,2,4),(0.,
0.00043189899224619,0.00193900113510329,0.0155014186044186,0.344992979832728,
0.993161931636398,2.0166489285857,2.21472340602188,2.36548604733266,2.54074506822651,
2.87646184638276,3.07919187056545,3.11601049533288,3.14511131514671,3.16789544965812,
3.18976428638928),.UNSPECIFIED.);
#81=LINE('',#374,#93);
#82=LINE('',#413,#94);
#83=LINE('',#452,#95);
#84=LINE('',#491,#96);
#85=LINE('',#529,#97);
#86=LINE('',#531,#98);
#87=LINE('',#533,#99);
#88=LINE('',#2574,#100);
#89=LINE('',#2657,#101);
#90=LINE('',#2659,#102);
#91=LINE('',#2660,#103);
#92=LINE('',#4632,#104);
#93=VECTOR('',#311,1.);
#94=VECTOR('',#316,1.);
#95=VECTOR('',#321,1.);
#96=VECTOR('',#326,1.00000001490116);
#97=VECTOR('',#329,10.);
#98=VECTOR('',#330,10.);
#99=VECTOR('',#331,10.);
#100=VECTOR('',#340,12.5);
#101=VECTOR('',#351,10.);
#102=VECTOR('',#352,10.);
#103=VECTOR('',#353,10.);
#104=VECTOR('',#362,7.5);
#105=CIRCLE('',#281,1.);
#106=CIRCLE('',#283,1.);
#107=CIRCLE('',#285,1.);
#108=CIRCLE('',#287,1.00000001490116);
#109=CIRCLE('',#289,12.5);
#110=CIRCLE('',#292,12.5);
#111=CIRCLE('',#293,12.5);
#112=CIRCLE('',#294,12.5);
#113=CIRCLE('',#295,12.5);
#114=CIRCLE('',#296,12.5);
#115=CIRCLE('',#298,12.5);
#116=CIRCLE('',#301,7.5);
#117=CIRCLE('',#302,7.5);
#118=VERTEX_POINT('',#371);
#119=VERTEX_POINT('',#373);
#120=VERTEX_POINT('',#410);
#121=VERTEX_POINT('',#412);
#122=VERTEX_POINT('',#449);
#123=VERTEX_POINT('',#451);
#124=VERTEX_POINT('',#488);
#125=VERTEX_POINT('',#490);
#126=VERTEX_POINT('',#527);
#127=VERTEX_POINT('',#528);
#128=VERTEX_POINT('',#530);
#129=VERTEX_POINT('',#532);
#130=VERTEX_POINT('',#2500);
#131=VERTEX_POINT('',#2571);
#132=VERTEX_POINT('',#2573);
#133=VERTEX_POINT('',#2575);
#134=VERTEX_POINT('',#2577);
#135=VERTEX_POINT('',#2618);
#136=VERTEX_POINT('',#2620);
#137=VERTEX_POINT('',#2656);
#138=VERTEX_POINT('',#2658);
#139=VERTEX_POINT('',#4629);
#140=VERTEX_POINT('',#4631);
#141=EDGE_CURVE('',#118,#118,#105,.T.);
#142=EDGE_CURVE('',#118,#119,#81,.T.);
#143=EDGE_CURVE('',#119,#119,#73,.T.);
#144=EDGE_CURVE('',#120,#120,#106,.T.);
#145=EDGE_CURVE('',#120,#121,#82,.T.);
#146=EDGE_CURVE('',#121,#121,#74,.T.);
#147=EDGE_CURVE('',#122,#122,#107,.T.);
#148=EDGE_CURVE('',#122,#123,#83,.T.);
#149=EDGE_CURVE('',#123,#123,#75,.T.);
#150=EDGE_CURVE('',#124,#124,#108,.T.);
#151=EDGE_CURVE('',#124,#125,#84,.T.);
#152=EDGE_CURVE('',#125,#125,#76,.T.);
#153=EDGE_CURVE('',#126,#127,#85,.T.);
#154=EDGE_CURVE('',#128,#126,#86,.T.);
#155=EDGE_CURVE('',#129,#128,#87,.T.);
#156=EDGE_CURVE('',#127,#129,#109,.T.);
#157=EDGE_CURVE('',#126,#128,#25,.T.);
#158=EDGE_CURVE('',#130,#127,#77,.T.);
#159=EDGE_CURVE('',#129,#130,#78,.T.);
#160=EDGE_CURVE('',#131,#131,#110,.T.);
#161=EDGE_CURVE('',#131,#132,#88,.T.);
#162=EDGE_CURVE('',#132,#133,#111,.T.);
#163=EDGE_CURVE('',#133,#134,#79,.T.);
#164=EDGE_CURVE('',#134,#135,#112,.T.);
#165=EDGE_CURVE('',#135,#136,#80,.T.);
#166=EDGE_CURVE('',#136,#130,#113,.T.);
#167=EDGE_CURVE('',#130,#132,#114,.T.);
#168=EDGE_CURVE('',#137,#134,#89,.T.);
#169=EDGE_CURVE('',#138,#137,#90,.T.);
#170=EDGE_CURVE('',#135,#138,#91,.T.);
#171=EDGE_CURVE('',#133,#136,#115,.T.);
#172=EDGE_CURVE('',#137,#138,#26,.T.);
#173=EDGE_CURVE('',#139,#139,#116,.T.);
#174=EDGE_CURVE('',#139,#140,#92,.T.);
#175=EDGE_CURVE('',#140,#140,#117,.T.);
#176=ORIENTED_EDGE('',*,*,#141,.F.);
#177=ORIENTED_EDGE('',*,*,#142,.T.);
#178=ORIENTED_EDGE('',*,*,#143,.F.);
#179=ORIENTED_EDGE('',*,*,#142,.F.);
#180=ORIENTED_EDGE('',*,*,#144,.F.);
#181=ORIENTED_EDGE('',*,*,#145,.T.);
#182=ORIENTED_EDGE('',*,*,#146,.F.);
#183=ORIENTED_EDGE('',*,*,#145,.F.);
#184=ORIENTED_EDGE('',*,*,#147,.F.);
#185=ORIENTED_EDGE('',*,*,#148,.T.);
#186=ORIENTED_EDGE('',*,*,#149,.F.);
#187=ORIENTED_EDGE('',*,*,#148,.F.);
#188=ORIENTED_EDGE('',*,*,#150,.F.);
#189=ORIENTED_EDGE('',*,*,#151,.T.);
#190=ORIENTED_EDGE('',*,*,#152,.F.);
#191=ORIENTED_EDGE('',*,*,#151,.F.);
#192=ORIENTED_EDGE('',*,*,#153,.F.);
#193=ORIENTED_EDGE('',*,*,#154,.F.);
#194=ORIENTED_EDGE('',*,*,#155,.F.);
#195=ORIENTED_EDGE('',*,*,#156,.F.);
#196=ORIENTED_EDGE('',*,*,#155,.T.);
#197=ORIENTED_EDGE('',*,*,#157,.F.);
#198=ORIENTED_EDGE('',*,*,#153,.T.);
#199=ORIENTED_EDGE('',*,*,#158,.F.);
#200=ORIENTED_EDGE('',*,*,#159,.F.);
#201=ORIENTED_EDGE('',*,*,#157,.T.);
#202=ORIENTED_EDGE('',*,*,#154,.T.);
#203=ORIENTED_EDGE('',*,*,#141,.T.);
#204=ORIENTED_EDGE('',*,*,#144,.T.);
#205=ORIENTED_EDGE('',*,*,#160,.F.);
#206=ORIENTED_EDGE('',*,*,#161,.T.);
#207=ORIENTED_EDGE('',*,*,#162,.T.);
#208=ORIENTED_EDGE('',*,*,#163,.T.);
#209=ORIENTED_EDGE('',*,*,#164,.T.);
#210=ORIENTED_EDGE('',*,*,#165,.T.);
#211=ORIENTED_EDGE('',*,*,#166,.T.);
#212=ORIENTED_EDGE('',*,*,#158,.T.);
#213=ORIENTED_EDGE('',*,*,#156,.T.);
#214=ORIENTED_EDGE('',*,*,#159,.T.);
#215=ORIENTED_EDGE('',*,*,#167,.T.);
#216=ORIENTED_EDGE('',*,*,#161,.F.);
#217=ORIENTED_EDGE('',*,*,#168,.F.);
#218=ORIENTED_EDGE('',*,*,#169,.F.);
#219=ORIENTED_EDGE('',*,*,#170,.F.);
#220=ORIENTED_EDGE('',*,*,#164,.F.);
#221=ORIENTED_EDGE('',*,*,#171,.T.);
#222=ORIENTED_EDGE('',*,*,#165,.F.);
#223=ORIENTED_EDGE('',*,*,#170,.T.);
#224=ORIENTED_EDGE('',*,*,#172,.F.);
#225=ORIENTED_EDGE('',*,*,#168,.T.);
#226=ORIENTED_EDGE('',*,*,#163,.F.);
#227=ORIENTED_EDGE('',*,*,#172,.T.);
#228=ORIENTED_EDGE('',*,*,#169,.T.);
#229=ORIENTED_EDGE('',*,*,#147,.T.);
#230=ORIENTED_EDGE('',*,*,#150,.T.);
#231=ORIENTED_EDGE('',*,*,#173,.F.);
#232=ORIENTED_EDGE('',*,*,#174,.T.);
#233=ORIENTED_EDGE('',*,*,#175,.T.);
#234=ORIENTED_EDGE('',*,*,#174,.F.);
#235=ORIENTED_EDGE('',*,*,#143,.T.);
#236=ORIENTED_EDGE('',*,*,#146,.T.);
#237=ORIENTED_EDGE('',*,*,#149,.T.);
#238=ORIENTED_EDGE('',*,*,#152,.T.);
#239=ORIENTED_EDGE('',*,*,#160,.T.);
#240=ORIENTED_EDGE('',*,*,#173,.T.);
#241=ORIENTED_EDGE('',*,*,#166,.F.);
#242=ORIENTED_EDGE('',*,*,#171,.F.);
#243=ORIENTED_EDGE('',*,*,#162,.F.);
#244=ORIENTED_EDGE('',*,*,#167,.F.);
#245=ORIENTED_EDGE('',*,*,#175,.F.);
#246=CYLINDRICAL_SURFACE('',#280,1.);
#247=CYLINDRICAL_SURFACE('',#282,1.);
#248=CYLINDRICAL_SURFACE('',#284,1.);
#249=CYLINDRICAL_SURFACE('',#286,1.00000001490116);
#250=CYLINDRICAL_SURFACE('',#291,12.5);
#251=CYLINDRICAL_SURFACE('',#300,7.5);
#252=ADVANCED_FACE('',(#35),#246,.F.);
#253=ADVANCED_FACE('',(#36),#247,.F.);
#254=ADVANCED_FACE('',(#37),#248,.F.);
#255=ADVANCED_FACE('',(#38),#249,.F.);
#256=ADVANCED_FACE('',(#39),#29,.T.);
#257=ADVANCED_FACE('',(#40),#27,.T.);
#258=ADVANCED_FACE('',(#41,#15,#16),#30,.T.);
#259=ADVANCED_FACE('',(#42),#250,.T.);
#260=ADVANCED_FACE('',(#43),#31,.T.);
#261=ADVANCED_FACE('',(#44),#28,.T.);
#262=ADVANCED_FACE('',(#45,#17,#18),#32,.T.);
#263=ADVANCED_FACE('',(#46,#19,#20,#21,#22),#251,.F.);
#264=ADVANCED_FACE('',(#47,#23),#33,.T.);
#265=ADVANCED_FACE('',(#48,#24),#34,.F.);
#266=CLOSED_SHELL('',(#252,#253,#254,#255,#256,#257,#258,#259,#260,#261,
#262,#263,#264,#265));
#267=DERIVED_UNIT_ELEMENT(#269,1.);
#268=DERIVED_UNIT_ELEMENT(#4641,-3.);
#269=(
MASS_UNIT()
NAMED_UNIT(*)
SI_UNIT(.KILO.,.GRAM.)
);
#270=DERIVED_UNIT((#267,#268));
#271=MEASURE_REPRESENTATION_ITEM('density measure',
POSITIVE_RATIO_MEASURE(7850.),#270);
#272=PROPERTY_DEFINITION_REPRESENTATION(#277,#274);
#273=PROPERTY_DEFINITION_REPRESENTATION(#278,#275);
#274=REPRESENTATION('material name',(#276),#4638);
#275=REPRESENTATION('density',(#271),#4638);
#276=DESCRIPTIVE_REPRESENTATION_ITEM('Steel','Steel');
#277=PROPERTY_DEFINITION('material property','material name',#4648);
#278=PROPERTY_DEFINITION('material property','density of part',#4648);
#279=AXIS2_PLACEMENT_3D('',#369,#305,#306);
#280=AXIS2_PLACEMENT_3D('',#370,#307,#308);
#281=AXIS2_PLACEMENT_3D('',#372,#309,#310);
#282=AXIS2_PLACEMENT_3D('',#409,#312,#313);
#283=AXIS2_PLACEMENT_3D('',#411,#314,#315);
#284=AXIS2_PLACEMENT_3D('',#448,#317,#318);
#285=AXIS2_PLACEMENT_3D('',#450,#319,#320);
#286=AXIS2_PLACEMENT_3D('',#487,#322,#323);
#287=AXIS2_PLACEMENT_3D('',#489,#324,#325);
#288=AXIS2_PLACEMENT_3D('',#526,#327,#328);
#289=AXIS2_PLACEMENT_3D('',#534,#332,#333);
#290=AXIS2_PLACEMENT_3D('',#2569,#334,#335);
#291=AXIS2_PLACEMENT_3D('',#2570,#336,#337);
#292=AXIS2_PLACEMENT_3D('',#2572,#338,#339);
#293=AXIS2_PLACEMENT_3D('',#2576,#341,#342);
#294=AXIS2_PLACEMENT_3D('',#2619,#343,#344);
#295=AXIS2_PLACEMENT_3D('',#2653,#345,#346);
#296=AXIS2_PLACEMENT_3D('',#2654,#347,#348);
#297=AXIS2_PLACEMENT_3D('',#2655,#349,#350);
#298=AXIS2_PLACEMENT_3D('',#3971,#354,#355);
#299=AXIS2_PLACEMENT_3D('',#4627,#356,#357);
#300=AXIS2_PLACEMENT_3D('',#4628,#358,#359);
#301=AXIS2_PLACEMENT_3D('',#4630,#360,#361);
#302=AXIS2_PLACEMENT_3D('',#4633,#363,#364);
#303=AXIS2_PLACEMENT_3D('',#4634,#365,#366);
#304=AXIS2_PLACEMENT_3D('',#4635,#367,#368);
#305=DIRECTION('axis',(0.,0.,1.));
#306=DIRECTION('refdir',(1.,0.,0.));
#307=DIRECTION('center_axis',(0.707106781186548,-0.707106781186547,0.));
#308=DIRECTION('ref_axis',(-0.707106781186547,-0.707106781186548,0.));
#309=DIRECTION('center_axis',(0.707106781186548,-0.707106781186547,0.));
#310=DIRECTION('ref_axis',(-0.707106781186547,-0.707106781186548,0.));
#311=DIRECTION('',(0.707106781186548,-0.707106781186547,0.));
#312=DIRECTION('center_axis',(0.707106781186548,-0.707106781186547,0.));
#313=DIRECTION('ref_axis',(-0.707106781186547,-0.707106781186548,0.));
#314=DIRECTION('center_axis',(0.707106781186548,-0.707106781186547,0.));
#315=DIRECTION('ref_axis',(-0.707106781186547,-0.707106781186548,0.));
#316=DIRECTION('',(0.707106781186548,-0.707106781186547,0.));
#317=DIRECTION('center_axis',(-0.707106781186548,-0.707106781186547,0.));
#318=DIRECTION('ref_axis',(-0.707106781186547,0.707106781186548,0.));
#319=DIRECTION('center_axis',(-0.707106781186548,-0.707106781186547,0.));
#320=DIRECTION('ref_axis',(-0.707106781186547,0.707106781186548,0.));
#321=DIRECTION('',(-0.707106781186548,-0.707106781186547,0.));
#322=DIRECTION('center_axis',(-0.707106781186548,-0.707106781186547,0.));
#323=DIRECTION('ref_axis',(-0.707106781186547,0.707106781186548,0.));
#324=DIRECTION('center_axis',(-0.707106781186548,-0.707106781186547,0.));
#325=DIRECTION('ref_axis',(-0.707106781186547,0.707106781186548,0.));
#326=DIRECTION('',(-0.707106781186548,-0.707106781186547,0.));
#327=DIRECTION('center_axis',(0.,0.,1.));
#328=DIRECTION('ref_axis',(0.707106781186547,0.707106781186548,0.));
#329=DIRECTION('',(0.707106781186548,-0.707106781186547,0.));
#330=DIRECTION('',(0.707106781186547,0.707106781186548,0.));
#331=DIRECTION('',(-0.707106781186547,0.707106781186547,0.));
#332=DIRECTION('center_axis',(0.,0.,1.));
#333=DIRECTION('ref_axis',(1.,0.,0.));
#334=DIRECTION('center_axis',(-0.707106781186548,0.707106781186547,0.));
#335=DIRECTION('ref_axis',(0.707106781186547,0.707106781186548,0.));
#336=DIRECTION('center_axis',(0.,0.,1.));
#337=DIRECTION('ref_axis',(1.,0.,0.));
#338=DIRECTION('center_axis',(0.,0.,1.));
#339=DIRECTION('ref_axis',(1.,0.,0.));
#340=DIRECTION('',(0.,0.,-1.));
#341=DIRECTION('center_axis',(0.,0.,1.));
#342=DIRECTION('ref_axis',(1.,0.,0.));
#343=DIRECTION('center_axis',(0.,0.,1.));
#344=DIRECTION('ref_axis',(1.,0.,0.));
#345=DIRECTION('center_axis',(0.,0.,1.));
#346=DIRECTION('ref_axis',(1.,0.,0.));
#347=DIRECTION('center_axis',(0.,0.,1.));
#348=DIRECTION('ref_axis',(1.,0.,0.));
#349=DIRECTION('center_axis',(0.,0.,1.));
#350=DIRECTION('ref_axis',(0.707106781186534,-0.707106781186561,0.));
#351=DIRECTION('',(-0.707106781186548,-0.707106781186547,0.));
#352=DIRECTION('',(0.707106781186534,-0.707106781186561,0.));
#353=DIRECTION('',(0.707106781186547,0.707106781186547,0.));
#354=DIRECTION('center_axis',(0.,0.,1.));
#355=DIRECTION('ref_axis',(1.,0.,0.));
#356=DIRECTION('center_axis',(0.707106781186548,0.707106781186547,0.));
#357=DIRECTION('ref_axis',(0.707106781186547,-0.707106781186548,0.));
#358=DIRECTION('center_axis',(0.,0.,1.));
#359=DIRECTION('ref_axis',(1.,0.,0.));
#360=DIRECTION('center_axis',(0.,0.,-1.));
#361=DIRECTION('ref_axis',(1.,0.,0.));
#362=DIRECTION('',(0.,0.,-1.));
#363=DIRECTION('center_axis',(0.,0.,-1.));
#364=DIRECTION('ref_axis',(1.,0.,0.));
#365=DIRECTION('center_axis',(0.,0.,1.));
#366=DIRECTION('ref_axis',(1.,0.,0.));
#367=DIRECTION('center_axis',(0.,0.,1.));
#368=DIRECTION('ref_axis',(1.,0.,0.));
#369=CARTESIAN_POINT('',(0.,0.,0.));
#370=CARTESIAN_POINT('Origin',(-9.5459415460184,9.54594154601839,11.64));
#371=CARTESIAN_POINT('',(-8.83883476483185,10.2530483272049,11.64));
#372=CARTESIAN_POINT('Origin',(-9.5459415460184,9.54594154601839,11.64));
#373=CARTESIAN_POINT('',(-4.54884222922061,5.96305579159371,11.64));
#374=CARTESIAN_POINT('',(-8.83883476483185,10.2530483272049,11.64));
#375=CARTESIAN_POINT('Ctrl Pts',(-4.54884222922061,5.96305579159371,11.64));
#376=CARTESIAN_POINT('Ctrl Pts',(-4.54884222922061,5.96305579159371,11.5142761932453));
#377=CARTESIAN_POINT('Ctrl Pts',(-4.56911898636895,5.94775570647991,11.3802758669171));
#378=CARTESIAN_POINT('Ctrl Pts',(-4.65027526028173,5.88452090137643,11.1339416030849));
#379=CARTESIAN_POINT('Ctrl Pts',(-4.71101669926545,5.8364595586148,11.0215947153108));
#380=CARTESIAN_POINT('Ctrl Pts',(-4.84833859764452,5.72289709768058,10.8441926835467));
#381=CARTESIAN_POINT('Ctrl Pts',(-4.93409550605241,5.64977092422366,10.7672567452175));
#382=CARTESIAN_POINT('Ctrl Pts',(-5.1171852969458,5.48448945620932,10.6651562832357));
#383=CARTESIAN_POINT('Ctrl Pts',(-5.21440166596975,5.39220005182846,10.64));
#384=CARTESIAN_POINT('Ctrl Pts',(-5.39220005182847,5.21440166596975,10.64));
#385=CARTESIAN_POINT('Ctrl Pts',(-5.48448945620932,5.1171852969458,10.6651562832357));
#386=CARTESIAN_POINT('Ctrl Pts',(-5.64977092422366,4.93409550605241,10.7672567452175));
#387=CARTESIAN_POINT('Ctrl Pts',(-5.72289709768058,4.84833859764451,10.8441926835467));
#388=CARTESIAN_POINT('Ctrl Pts',(-5.83645955861481,4.71101669926544,11.0215947153108));
#389=CARTESIAN_POINT('Ctrl Pts',(-5.88452090137644,4.65027526028172,11.1339416030849));
#390=CARTESIAN_POINT('Ctrl Pts',(-5.94775570647992,4.56911898636895,11.3802758669171));
#391=CARTESIAN_POINT('Ctrl Pts',(-5.96305579159371,4.54884222922061,11.5142761932453));
#392=CARTESIAN_POINT('Ctrl Pts',(-5.96305579159371,4.54884222922061,11.7657238067547));
#393=CARTESIAN_POINT('Ctrl Pts',(-5.94775570647992,4.56911898636895,11.8997241330829));
#394=CARTESIAN_POINT('Ctrl Pts',(-5.88452090137644,4.65027526028172,12.1460583969151));
#395=CARTESIAN_POINT('Ctrl Pts',(-5.83645955861481,4.71101669926544,12.2584052846892));
#396=CARTESIAN_POINT('Ctrl Pts',(-5.72289709768058,4.84833859764451,12.4358073164533));
#397=CARTESIAN_POINT('Ctrl Pts',(-5.64977092422366,4.93409550605241,12.5127432547825));
#398=CARTESIAN_POINT('Ctrl Pts',(-5.48448945620932,5.1171852969458,12.6148437167643));
#399=CARTESIAN_POINT('Ctrl Pts',(-5.39220005182847,5.21440166596975,12.64));
#400=CARTESIAN_POINT('Ctrl Pts',(-5.21440166596975,5.39220005182846,12.64));
#401=CARTESIAN_POINT('Ctrl Pts',(-5.1171852969458,5.48448945620932,12.6148437167643));
#402=CARTESIAN_POINT('Ctrl Pts',(-4.93409550605241,5.64977092422366,12.5127432547825));
#403=CARTESIAN_POINT('Ctrl Pts',(-4.84833859764452,5.72289709768058,12.4358073164533));
#404=CARTESIAN_POINT('Ctrl Pts',(-4.71101669926545,5.8364595586148,12.2584052846892));
#405=CARTESIAN_POINT('Ctrl Pts',(-4.65027526028173,5.88452090137643,12.1460583969151));
#406=CARTESIAN_POINT('Ctrl Pts',(-4.56911898636895,5.94775570647991,11.8997241330829));
#407=CARTESIAN_POINT('Ctrl Pts',(-4.54884222922061,5.96305579159371,11.7657238067547));
#408=CARTESIAN_POINT('Ctrl Pts',(-4.54884222922061,5.96305579159371,11.64));
#409=CARTESIAN_POINT('Origin',(-9.5459415460184,9.54594154601839,29.74));
#410=CARTESIAN_POINT('',(-8.83883476483185,10.2530483272049,29.74));
#411=CARTESIAN_POINT('Origin',(-9.5459415460184,9.54594154601839,29.74));
#412=CARTESIAN_POINT('',(-4.54884222922062,5.96305579159371,29.74));
#413=CARTESIAN_POINT('',(-8.83883476483185,10.2530483272049,29.74));
#414=CARTESIAN_POINT('Ctrl Pts',(-4.54884222922062,5.96305579159371,29.74));
#415=CARTESIAN_POINT('Ctrl Pts',(-4.54884222922062,5.96305579159371,29.6142761932453));
#416=CARTESIAN_POINT('Ctrl Pts',(-4.56911898636895,5.94775570647991,29.4802758669171));
#417=CARTESIAN_POINT('Ctrl Pts',(-4.65027526028173,5.88452090137643,29.2339416030849));
#418=CARTESIAN_POINT('Ctrl Pts',(-4.71101669926545,5.8364595586148,29.1215947153108));
#419=CARTESIAN_POINT('Ctrl Pts',(-4.84833859764452,5.72289709768058,28.9441926835467));
#420=CARTESIAN_POINT('Ctrl Pts',(-4.93409550605241,5.64977092422366,28.8672567452175));
#421=CARTESIAN_POINT('Ctrl Pts',(-5.11718529694581,5.48448945620932,28.7651562832357));
#422=CARTESIAN_POINT('Ctrl Pts',(-5.21440166596975,5.39220005182846,28.74));
#423=CARTESIAN_POINT('Ctrl Pts',(-5.39220005182847,5.21440166596974,28.74));
#424=CARTESIAN_POINT('Ctrl Pts',(-5.48448945620932,5.1171852969458,28.7651562832357));
#425=CARTESIAN_POINT('Ctrl Pts',(-5.64977092422367,4.9340955060524,28.8672567452175));
#426=CARTESIAN_POINT('Ctrl Pts',(-5.72289709768058,4.84833859764451,28.9441926835467));
#427=CARTESIAN_POINT('Ctrl Pts',(-5.83645955861481,4.71101669926544,29.1215947153108));
#428=CARTESIAN_POINT('Ctrl Pts',(-5.88452090137644,4.65027526028172,29.2339416030849));
#429=CARTESIAN_POINT('Ctrl Pts',(-5.94775570647992,4.56911898636894,29.4802758669171));
#430=CARTESIAN_POINT('Ctrl Pts',(-5.96305579159371,4.54884222922061,29.6142761932453));
#431=CARTESIAN_POINT('Ctrl Pts',(-5.96305579159371,4.54884222922061,29.8657238067547));
#432=CARTESIAN_POINT('Ctrl Pts',(-5.94775570647992,4.56911898636894,29.9997241330829));
#433=CARTESIAN_POINT('Ctrl Pts',(-5.88452090137644,4.65027526028172,30.2460583969151));
#434=CARTESIAN_POINT('Ctrl Pts',(-5.83645955861481,4.71101669926544,30.3584052846892));
#435=CARTESIAN_POINT('Ctrl Pts',(-5.72289709768058,4.84833859764451,30.5358073164533));
#436=CARTESIAN_POINT('Ctrl Pts',(-5.64977092422366,4.9340955060524,30.6127432547825));
#437=CARTESIAN_POINT('Ctrl Pts',(-5.48448945620932,5.1171852969458,30.7148437167643));
#438=CARTESIAN_POINT('Ctrl Pts',(-5.39220005182847,5.21440166596974,30.74));
#439=CARTESIAN_POINT('Ctrl Pts',(-5.21440166596975,5.39220005182846,30.74));
#440=CARTESIAN_POINT('Ctrl Pts',(-5.11718529694581,5.48448945620932,30.7148437167643));
#441=CARTESIAN_POINT('Ctrl Pts',(-4.93409550605241,5.64977092422366,30.6127432547825));
#442=CARTESIAN_POINT('Ctrl Pts',(-4.84833859764452,5.72289709768057,30.5358073164533));
#443=CARTESIAN_POINT('Ctrl Pts',(-4.71101669926545,5.8364595586148,30.3584052846892));
#444=CARTESIAN_POINT('Ctrl Pts',(-4.65027526028173,5.88452090137643,30.2460583969151));
#445=CARTESIAN_POINT('Ctrl Pts',(-4.56911898636895,5.94775570647991,29.9997241330829));
#446=CARTESIAN_POINT('Ctrl Pts',(-4.54884222922062,5.9630557915937,29.8657238067547));
#447=CARTESIAN_POINT('Ctrl Pts',(-4.54884222922062,5.9630557915937,29.74));
#448=CARTESIAN_POINT('Origin',(9.5459415460184,9.5459415460184,11.64));
#449=CARTESIAN_POINT('',(10.2530483272049,8.83883476483185,11.64));
#450=CARTESIAN_POINT('Origin',(9.54594154601839,9.54594154601839,11.64));
#451=CARTESIAN_POINT('',(5.96305579159371,4.54884222922061,11.64));
#452=CARTESIAN_POINT('',(10.2530483272049,8.83883476483185,11.64));
#453=CARTESIAN_POINT('Ctrl Pts',(5.96305579159371,4.54884222922061,11.64));
#454=CARTESIAN_POINT('Ctrl Pts',(5.96305579159371,4.54884222922061,11.5142761932453));
#455=CARTESIAN_POINT('Ctrl Pts',(5.94775570647991,4.56911898636895,11.3802758669171));
#456=CARTESIAN_POINT('Ctrl Pts',(5.88452090137643,4.65027526028173,11.1339416030849));
#457=CARTESIAN_POINT('Ctrl Pts',(5.8364595586148,4.71101669926545,11.0215947153108));
#458=CARTESIAN_POINT('Ctrl Pts',(5.72289709768058,4.84833859764452,10.8441926835467));
#459=CARTESIAN_POINT('Ctrl Pts',(5.64977092422366,4.93409550605241,10.7672567452175));
#460=CARTESIAN_POINT('Ctrl Pts',(5.48448945620932,5.11718529694581,10.6651562832357));
#461=CARTESIAN_POINT('Ctrl Pts',(5.39220005182846,5.21440166596975,10.64));
#462=CARTESIAN_POINT('Ctrl Pts',(5.21440166596975,5.39220005182847,10.64));
#463=CARTESIAN_POINT('Ctrl Pts',(5.1171852969458,5.48448945620932,10.6651562832357));
#464=CARTESIAN_POINT('Ctrl Pts',(4.93409550605241,5.64977092422366,10.7672567452175));
#465=CARTESIAN_POINT('Ctrl Pts',(4.84833859764452,5.72289709768058,10.8441926835467));
#466=CARTESIAN_POINT('Ctrl Pts',(4.71101669926545,5.8364595586148,11.0215947153108));
#467=CARTESIAN_POINT('Ctrl Pts',(4.65027526028172,5.88452090137644,11.1339416030849));
#468=CARTESIAN_POINT('Ctrl Pts',(4.56911898636895,5.94775570647992,11.3802758669171));
#469=CARTESIAN_POINT('Ctrl Pts',(4.54884222922061,5.96305579159371,11.5142761932453));
#470=CARTESIAN_POINT('Ctrl Pts',(4.54884222922061,5.96305579159371,11.7657238067547));
#471=CARTESIAN_POINT('Ctrl Pts',(4.56911898636895,5.94775570647992,11.8997241330829));
#472=CARTESIAN_POINT('Ctrl Pts',(4.65027526028172,5.88452090137644,12.1460583969151));
#473=CARTESIAN_POINT('Ctrl Pts',(4.71101669926545,5.8364595586148,12.2584052846892));
#474=CARTESIAN_POINT('Ctrl Pts',(4.84833859764452,5.72289709768058,12.4358073164533));
#475=CARTESIAN_POINT('Ctrl Pts',(4.93409550605241,5.64977092422366,12.5127432547825));
#476=CARTESIAN_POINT('Ctrl Pts',(5.1171852969458,5.48448945620932,12.6148437167643));
#477=CARTESIAN_POINT('Ctrl Pts',(5.21440166596975,5.39220005182847,12.64));
#478=CARTESIAN_POINT('Ctrl Pts',(5.39220005182846,5.21440166596975,12.64));
#479=CARTESIAN_POINT('Ctrl Pts',(5.48448945620932,5.11718529694581,12.6148437167643));
#480=CARTESIAN_POINT('Ctrl Pts',(5.64977092422366,4.93409550605241,12.5127432547825));
#481=CARTESIAN_POINT('Ctrl Pts',(5.72289709768058,4.84833859764452,12.4358073164533));
#482=CARTESIAN_POINT('Ctrl Pts',(5.8364595586148,4.71101669926545,12.2584052846892));
#483=CARTESIAN_POINT('Ctrl Pts',(5.88452090137643,4.65027526028173,12.1460583969151));
#484=CARTESIAN_POINT('Ctrl Pts',(5.94775570647991,4.56911898636895,11.8997241330829));
#485=CARTESIAN_POINT('Ctrl Pts',(5.96305579159371,4.54884222922061,11.7657238067547));
#486=CARTESIAN_POINT('Ctrl Pts',(5.96305579159371,4.54884222922061,11.64));
#487=CARTESIAN_POINT('Origin',(9.54594154601839,9.5459415460184,27.94));
#488=CARTESIAN_POINT('',(10.2530483377417,8.83883475429514,27.94));
#489=CARTESIAN_POINT('Origin',(9.54594154601839,9.54594154601839,27.94));
#490=CARTESIAN_POINT('',(5.96305580071286,4.54884221726635,27.94));
#491=CARTESIAN_POINT('',(10.2530483377417,8.83883475429514,27.94));
#492=CARTESIAN_POINT('Ctrl Pts',(5.96305580071286,4.54884221726635,27.94));
#493=CARTESIAN_POINT('Ctrl Pts',(5.96305580071286,4.54884221726635,27.814276191367));
#494=CARTESIAN_POINT('Ctrl Pts',(5.94775571540771,4.56911897475614,27.68027586304));
#495=CARTESIAN_POINT('Ctrl Pts',(5.88452090949666,4.65027525001489,27.4339415955385));
#496=CARTESIAN_POINT('Ctrl Pts',(5.83645956611499,4.71101668999878,27.3215947060934));
#497=CARTESIAN_POINT('Ctrl Pts',(5.72289710367041,4.84833859059878,27.1441926716909));
#498=CARTESIAN_POINT('Ctrl Pts',(5.64977092922044,4.93409550037691,27.0672567322159));
#499=CARTESIAN_POINT('Ctrl Pts',(5.48448945887725,5.11718529413076,26.9651562687113));
#500=CARTESIAN_POINT('Ctrl Pts',(5.39220005315656,5.21440166464166,26.9399999850988));
#501=CARTESIAN_POINT('Ctrl Pts',(5.21440166464165,5.39220005315656,26.9399999850988));
#502=CARTESIAN_POINT('Ctrl Pts',(5.11718529413076,5.48448945887726,26.9651562687113));
#503=CARTESIAN_POINT('Ctrl Pts',(4.9340955003769,5.64977092922044,27.0672567322159));
#504=CARTESIAN_POINT('Ctrl Pts',(4.84833859059878,5.72289710367042,27.1441926716909));
#505=CARTESIAN_POINT('Ctrl Pts',(4.71101668999878,5.836459566115,27.3215947060934));
#506=CARTESIAN_POINT('Ctrl Pts',(4.65027525001489,5.88452090949667,27.4339415955385));
#507=CARTESIAN_POINT('Ctrl Pts',(4.56911897475614,5.94775571540772,27.68027586304));
#508=CARTESIAN_POINT('Ctrl Pts',(4.54884221726634,5.96305580071287,27.814276191367));
#509=CARTESIAN_POINT('Ctrl Pts',(4.54884221726634,5.96305580071287,28.065723808633));
#510=CARTESIAN_POINT('Ctrl Pts',(4.56911897475614,5.94775571540772,28.19972413696));
#511=CARTESIAN_POINT('Ctrl Pts',(4.65027525001489,5.88452090949667,28.4460584044615));
#512=CARTESIAN_POINT('Ctrl Pts',(4.71101668999878,5.83645956611499,28.5584052939067));
#513=CARTESIAN_POINT('Ctrl Pts',(4.84833859059878,5.72289710367042,28.7358073283091));
#514=CARTESIAN_POINT('Ctrl Pts',(4.9340955003769,5.64977092922044,28.8127432677841));
#515=CARTESIAN_POINT('Ctrl Pts',(5.11718529413076,5.48448945887726,28.9148437312887));
#516=CARTESIAN_POINT('Ctrl Pts',(5.21440166464165,5.39220005315656,28.9400000149012));
#517=CARTESIAN_POINT('Ctrl Pts',(5.39220005315656,5.21440166464166,28.9400000149012));
#518=CARTESIAN_POINT('Ctrl Pts',(5.48448945887725,5.11718529413076,28.9148437312887));
#519=CARTESIAN_POINT('Ctrl Pts',(5.64977092922043,4.93409550037691,28.8127432677841));
#520=CARTESIAN_POINT('Ctrl Pts',(5.72289710367041,4.84833859059878,28.7358073283091));
#521=CARTESIAN_POINT('Ctrl Pts',(5.83645956611499,4.71101668999878,28.5584052939067));
#522=CARTESIAN_POINT('Ctrl Pts',(5.88452090949666,4.65027525001489,28.4460584044615));
#523=CARTESIAN_POINT('Ctrl Pts',(5.94775571540771,4.56911897475614,28.19972413696));
#524=CARTESIAN_POINT('Ctrl Pts',(5.96305580071286,4.54884221726635,28.065723808633));
#525=CARTESIAN_POINT('Ctrl Pts',(5.96305580071286,4.54884221726635,27.94));
#526=CARTESIAN_POINT('Origin',(-8.88032637653832,8.79734315312537,46.57));
#527=CARTESIAN_POINT('',(-9.50444993431194,9.58743315772485,46.57));
#528=CARTESIAN_POINT('',(-8.79724576679722,8.88022899021013,46.5700000000001));
#529=CARTESIAN_POINT('',(-8.79734315312539,8.8803263765383,46.57));
#530=CARTESIAN_POINT('',(-9.58743315772487,9.50444993431192,46.57));
#531=CARTESIAN_POINT('',(-9.50444993431194,9.58743315772485,46.57));
#532=CARTESIAN_POINT('',(-8.88022899021015,8.7972457667972,46.5700000000001));
#533=CARTESIAN_POINT('',(-8.88032637653832,8.79734315312537,46.57));
#534=CARTESIAN_POINT('Origin',(0.,0.,46.57));
#535=CARTESIAN_POINT('Ctrl Pts',(-4.60131941962798,4.68430264304089,46.57));
#536=CARTESIAN_POINT('Ctrl Pts',(-12.7501719991288,12.8331552225418,46.57));
#537=CARTESIAN_POINT('Ctrl Pts',(-4.60109469178736,4.68452737088151,46.5677383440217));
#538=CARTESIAN_POINT('Ctrl Pts',(-12.7499472712882,12.8333799503824,46.5677383440217));
#539=CARTESIAN_POINT('Ctrl Pts',(-4.60048259963421,4.68513946303465,46.5615719364921));
#540=CARTESIAN_POINT('Ctrl Pts',(-12.7493351791351,12.8339920425355,46.5615719364921));
#541=CARTESIAN_POINT('Ctrl Pts',(-4.59907782590785,4.68654423676101,46.5474058444141));
#542=CARTESIAN_POINT('Ctrl Pts',(-12.7479304054087,12.8353968162619,46.5474058444141));
#543=CARTESIAN_POINT('Ctrl Pts',(-4.59621970670678,4.68940235596209,46.5185659740919));
#544=CARTESIAN_POINT('Ctrl Pts',(-12.7450722862076,12.838254935463,46.5185659740919));
#545=CARTESIAN_POINT('Ctrl Pts',(-4.59143884094681,4.69418322172206,46.4702856127382));
#546=CARTESIAN_POINT('Ctrl Pts',(-12.7402914204477,12.8430358012229,46.4702856127382));
#547=CARTESIAN_POINT('Ctrl Pts',(-4.58605519022675,4.69956687244211,46.4158512902368));
#548=CARTESIAN_POINT('Ctrl Pts',(-12.7349077697276,12.848419451943,46.4158512902368));
#549=CARTESIAN_POINT('Ctrl Pts',(-4.58027035049906,4.70535171216981,46.3572686984939));
#550=CARTESIAN_POINT('Ctrl Pts',(-12.7291229299999,12.8542042916707,46.3572686984939));
#551=CARTESIAN_POINT('Ctrl Pts',(-4.57403389729901,4.71158816536986,46.2940049220001));
#552=CARTESIAN_POINT('Ctrl Pts',(-12.7228864767999,12.8604407448707,46.2940049220001));
#553=CARTESIAN_POINT('Ctrl Pts',(-4.56732130323857,4.7183007594303,46.2257921003348));
#554=CARTESIAN_POINT('Ctrl Pts',(-12.7161738827394,12.8671533389312,46.2257921003348));
#555=CARTESIAN_POINT('Ctrl Pts',(-4.56020631245951,4.72541575020936,46.1533569139465));
#556=CARTESIAN_POINT('Ctrl Pts',(-12.7090588919604,12.8742683297102,46.1533569139465));
#557=CARTESIAN_POINT('Ctrl Pts',(-4.55277666558305,4.73284539708582,46.0775689394479));
#558=CARTESIAN_POINT('Ctrl Pts',(-12.7016292450839,12.8816979765867,46.0775689394479));
#559=CARTESIAN_POINT('Ctrl Pts',(-4.54508104431904,4.74054101834983,45.9989039663519));
#560=CARTESIAN_POINT('Ctrl Pts',(-12.6939336238199,12.8893935978507,45.9989039663519));
#561=CARTESIAN_POINT('Ctrl Pts',(-4.537130581787,4.74849148088188,45.9174592875369));
#562=CARTESIAN_POINT('Ctrl Pts',(-12.6859831612879,12.8973440603827,45.9174592875369));
#563=CARTESIAN_POINT('Ctrl Pts',(-4.52892489047733,4.75669717219154,45.8332167249464));
#564=CARTESIAN_POINT('Ctrl Pts',(-12.6777774699782,12.9055497516924,45.8332167249464));
#565=CARTESIAN_POINT('Ctrl Pts',(-4.52047292283749,4.76514913983138,45.7462535420735));
#566=CARTESIAN_POINT('Ctrl Pts',(-12.6693255023384,12.9140017193322,45.7462535420735));
#567=CARTESIAN_POINT('Ctrl Pts',(-4.51179447845032,4.77382758421855,45.6567572658485));
#568=CARTESIAN_POINT('Ctrl Pts',(-12.6606470579512,12.9226801637194,45.6567572658485));
#569=CARTESIAN_POINT('Ctrl Pts',(-4.50291177622692,4.78271028644194,45.56494000095));
#570=CARTESIAN_POINT('Ctrl Pts',(-12.6517643557278,12.9315628659428,45.56494000095));
#571=CARTESIAN_POINT('Ctrl Pts',(-4.49384346571521,4.79177859695365,45.4709772814912));
#572=CARTESIAN_POINT('Ctrl Pts',(-12.6426960452161,12.9406311764545,45.4709772814912));
#573=CARTESIAN_POINT('Ctrl Pts',(-4.48460083990481,4.80102122276405,45.3749697030604));
#574=CARTESIAN_POINT('Ctrl Pts',(-12.6334534194057,12.9498738022649,45.3749697030604));
#575=CARTESIAN_POINT('Ctrl Pts',(-4.47519159659478,4.81043046607408,45.2769819503727));
#576=CARTESIAN_POINT('Ctrl Pts',(-12.6240441760957,12.959283045575,45.2769819503727));
#577=CARTESIAN_POINT('Ctrl Pts',(-4.46562161985839,4.82000044281048,45.1770614658229));
#578=CARTESIAN_POINT('Ctrl Pts',(-12.6144741993593,12.9688530223114,45.1770614658229));
#579=CARTESIAN_POINT('Ctrl Pts',(-4.4558979746938,4.82972408797507,45.0752697608269));
#580=CARTESIAN_POINT('Ctrl Pts',(-12.6047505541947,12.9785766674759,45.0752697608269));
#581=CARTESIAN_POINT('Ctrl Pts',(-4.44602885884394,4.83959320382493,44.9716813124019));
#582=CARTESIAN_POINT('Ctrl Pts',(-12.5948814383448,12.9884457833258,44.9716813124019));
#583=CARTESIAN_POINT('Ctrl Pts',(-4.43602272083265,4.84959934183622,44.866373446381));
#584=CARTESIAN_POINT('Ctrl Pts',(-12.5848753003335,12.9984519213371,44.866373446381));
#585=CARTESIAN_POINT('Ctrl Pts',(-4.42588767106358,4.85973439160529,44.7594194457924));
#586=CARTESIAN_POINT('Ctrl Pts',(-12.5747402505644,13.0085869711062,44.7594194457924));
#587=CARTESIAN_POINT('Ctrl Pts',(-4.41563069019793,4.86999137247094,44.6508793172689));
#588=CARTESIAN_POINT('Ctrl Pts',(-12.5644832696988,13.0188439519718,44.6508793172689));
#589=CARTESIAN_POINT('Ctrl Pts',(-4.40525778559354,4.88036427707533,44.540802265415));
#590=CARTESIAN_POINT('Ctrl Pts',(-12.5541103650944,13.0292168565762,44.540802265415));
#591=CARTESIAN_POINT('Ctrl Pts',(-4.3947742722329,4.89084779043596,44.42923079154));
#592=CARTESIAN_POINT('Ctrl Pts',(-12.5436268517338,13.0397003699368,44.42923079154));
#593=CARTESIAN_POINT('Ctrl Pts',(-4.38418499939192,4.90143706327695,44.3162040028444));
#594=CARTESIAN_POINT('Ctrl Pts',(-12.5330375788928,13.0502896427778,44.3162040028444));
#595=CARTESIAN_POINT('Ctrl Pts',(-4.37349463004749,4.91212743262138,44.2017618404903));
#596=CARTESIAN_POINT('Ctrl Pts',(-12.5223472095484,13.0609800121222,44.2017618404903));
#597=CARTESIAN_POINT('Ctrl Pts',(-4.36270769876452,4.92291436390434,44.0859449666179));
#598=CARTESIAN_POINT('Ctrl Pts',(-12.5115602782654,13.0717669434052,44.0859449666179));
#599=CARTESIAN_POINT('Ctrl Pts',(-4.35182860915482,4.93379345351405,43.9687933444025));
#600=CARTESIAN_POINT('Ctrl Pts',(-12.5006811886557,13.0826460330149,43.9687933444025));
#601=CARTESIAN_POINT('Ctrl Pts',(-4.34086164830991,4.94476041435896,43.8503453472681));
#602=CARTESIAN_POINT('Ctrl Pts',(-12.4897142278108,13.0936129938598,43.8503453472681));
#603=CARTESIAN_POINT('Ctrl Pts',(-4.32981100099228,4.95581106167659,43.7306364204927));
#604=CARTESIAN_POINT('Ctrl Pts',(-12.4786635804932,13.1046636411775,43.7306364204927));
#605=CARTESIAN_POINT('Ctrl Pts',(-4.31868073878304,4.96694132388584,43.6096987688799));
#606=CARTESIAN_POINT('Ctrl Pts',(-12.4675333182839,13.1157939033867,43.6096987688799));
#607=CARTESIAN_POINT('Ctrl Pts',(-4.30747477198112,4.97814729068775,43.4875622096759));
#608=CARTESIAN_POINT('Ctrl Pts',(-12.456327351482,13.1269998701886,43.4875622096759));
#609=CARTESIAN_POINT('Ctrl Pts',(-4.29619681042633,4.98942525224255,43.364254742526));
#610=CARTESIAN_POINT('Ctrl Pts',(-12.4450493899272,13.1382778317434,43.364254742526));
#611=CARTESIAN_POINT('Ctrl Pts',(-4.2848503223671,5.00077174030177,43.2398032209116));
#612=CARTESIAN_POINT('Ctrl Pts',(-12.433702901868,13.1496243198026,43.2398032209116));
#613=CARTESIAN_POINT('Ctrl Pts',(-4.27343848959472,5.01218357307415,43.1142340151281));
#614=CARTESIAN_POINT('Ctrl Pts',(-12.4222910690956,13.161036152575,43.1142340151281));
#615=CARTESIAN_POINT('Ctrl Pts',(-4.26196426810562,5.02365779456325,42.9875729084228));
#616=CARTESIAN_POINT('Ctrl Pts',(-12.4108168476065,13.1725103740641,42.9875729084228));
#617=CARTESIAN_POINT('Ctrl Pts',(-4.2504304575763,5.03519160509257,42.8598449292802));
#618=CARTESIAN_POINT('Ctrl Pts',(-12.3992830370772,13.1840441845934,42.8598449292802));
#619=CARTESIAN_POINT('Ctrl Pts',(-4.23883976417691,5.04678229849196,42.7310742167491));
#620=CARTESIAN_POINT('Ctrl Pts',(-12.3876923436778,13.1956348779928,42.7310742167491));
#621=CARTESIAN_POINT('Ctrl Pts',(-4.22719487421745,5.05842718845141,42.6012838501659));
#622=CARTESIAN_POINT('Ctrl Pts',(-12.3760474537183,13.2072797679523,42.6012838501659));
#623=CARTESIAN_POINT('Ctrl Pts',(-4.21549849825653,5.07012356441234,42.4704957612537));
#624=CARTESIAN_POINT('Ctrl Pts',(-12.3643510777574,13.2189761439132,42.4704957612537));
#625=CARTESIAN_POINT('Ctrl Pts',(-4.20375332187006,5.08186874079881,42.3387308981188));
#626=CARTESIAN_POINT('Ctrl Pts',(-12.3526059013709,13.2307213202997,42.3387308981188));
#627=CARTESIAN_POINT('Ctrl Pts',(-4.19196197031615,5.09366009235272,42.2060093507347));
#628=CARTESIAN_POINT('Ctrl Pts',(-12.340814549817,13.2425126718536,42.2060093507347));
#629=CARTESIAN_POINT('Ctrl Pts',(-4.18012697118489,5.10549509148398,42.0723504849651));
#630=CARTESIAN_POINT('Ctrl Pts',(-12.3289795506858,13.2543476709849,42.0723504849651));
#631=CARTESIAN_POINT('Ctrl Pts',(-4.16825070965402,5.11737135301485,41.9377730886571));
#632=CARTESIAN_POINT('Ctrl Pts',(-12.3171032891549,13.2662239325157,41.9377730886571));
#633=CARTESIAN_POINT('Ctrl Pts',(-4.15633541544872,5.12928664722016,41.8022954580788));
#634=CARTESIAN_POINT('Ctrl Pts',(-12.3051879949496,13.278139226721,41.8022954580788));
#635=CARTESIAN_POINT('Ctrl Pts',(-4.14438320442317,5.1412388582457,41.6659353787007));
#636=CARTESIAN_POINT('Ctrl Pts',(-12.293235783924,13.2900914377466,41.6659353787007));
#637=CARTESIAN_POINT('Ctrl Pts',(-4.13239610857867,5.15322595409021,41.5287101296929));
#638=CARTESIAN_POINT('Ctrl Pts',(-12.2812486880795,13.3020785335911,41.5287101296929));
#639=CARTESIAN_POINT('Ctrl Pts',(-4.12037610851896,5.16524595414991,41.390636480401));
#640=CARTESIAN_POINT('Ctrl Pts',(-12.2692286880198,13.3140985336508,41.390636480401));
#641=CARTESIAN_POINT('Ctrl Pts',(-4.10832517018348,5.17729689248539,41.2517306865448));
#642=CARTESIAN_POINT('Ctrl Pts',(-12.2571777496844,13.3261494719863,41.2517306865448));
#643=CARTESIAN_POINT('Ctrl Pts',(-4.09624526168207,5.1893768009868,41.1120084990901));
#644=CARTESIAN_POINT('Ctrl Pts',(-12.2450978411829,13.3382293804877,41.1120084990901));
#645=CARTESIAN_POINT('Ctrl Pts',(-4.08413833123674,5.20148373143213,40.9714852006922));
#646=CARTESIAN_POINT('Ctrl Pts',(-12.2329909107376,13.350336310933,40.9714852006922));
#647=CARTESIAN_POINT('Ctrl Pts',(-4.07200629343048,5.21361576923839,40.8301756361091));
#648=CARTESIAN_POINT('Ctrl Pts',(-12.2208588729314,13.3624683487393,40.8301756361091));
#649=CARTESIAN_POINT('Ctrl Pts',(-4.05985101279189,5.22577104987699,40.688094244624));
#650=CARTESIAN_POINT('Ctrl Pts',(-12.2087035922928,13.3746236293779,40.688094244624));
#651=CARTESIAN_POINT('Ctrl Pts',(-4.04767428693148,5.23794777573739,40.5452550925774));
#652=CARTESIAN_POINT('Ctrl Pts',(-12.1965268664323,13.3868003552383,40.5452550925774));
#653=CARTESIAN_POINT('Ctrl Pts',(-4.03547783465429,5.25014422801458,40.4016719029158));
#654=CARTESIAN_POINT('Ctrl Pts',(-12.1843304141552,13.3989968075155,40.4016719029158));
#655=CARTESIAN_POINT('Ctrl Pts',(-4.02326331115102,5.26235875151786,40.2573580683114));
#656=CARTESIAN_POINT('Ctrl Pts',(-12.1721158906519,13.4112113310187,40.2573580683114));
#657=CARTESIAN_POINT('Ctrl Pts',(-4.01103231932864,5.27458974334023,40.1123266664954));
#658=CARTESIAN_POINT('Ctrl Pts',(-12.1598848988295,13.4234423228411,40.1123266664954));
#659=CARTESIAN_POINT('Ctrl Pts',(-3.99878642293344,5.28683563973543,39.9665904748227));
#660=CARTESIAN_POINT('Ctrl Pts',(-12.1476390024343,13.4356882192363,39.9665904748227));
#661=CARTESIAN_POINT('Ctrl Pts',(-3.98652715824494,5.29909490442393,39.8201619849289));
#662=CARTESIAN_POINT('Ctrl Pts',(-12.1353797377458,13.4479474839248,39.8201619849289));
#663=CARTESIAN_POINT('Ctrl Pts',(-3.97425604814247,5.3113660145264,39.6730534179587));
#664=CARTESIAN_POINT('Ctrl Pts',(-12.1231086276433,13.4602185940273,39.6730534179587));
#665=CARTESIAN_POINT('Ctrl Pts',(-3.96197459529544,5.32364746737343,39.52527673244));
#666=CARTESIAN_POINT('Ctrl Pts',(-12.1108271747963,13.4725000468743,39.52527673244));
#667=CARTESIAN_POINT('Ctrl Pts',(-3.94968427291734,5.33593778975153,39.3768436311294));
#668=CARTESIAN_POINT('Ctrl Pts',(-12.0985368524182,13.4847903692524,39.3768436311294));
#669=CARTESIAN_POINT('Ctrl Pts',(-3.93738651575246,5.34823554691641,39.227765568197));
#670=CARTESIAN_POINT('Ctrl Pts',(-12.0862390952533,13.4970881264173,39.227765568197));
#671=CARTESIAN_POINT('Ctrl Pts',(-3.92508271237265,5.36053935029622,39.0780537563152));
#672=CARTESIAN_POINT('Ctrl Pts',(-12.0739352918735,13.5093919297971,39.0780537563152));
#673=CARTESIAN_POINT('Ctrl Pts',(-3.91277419347343,5.37284786919544,38.927719173664));
#674=CARTESIAN_POINT('Ctrl Pts',(-12.0616267729743,13.5217004486963,38.927719173664));
#675=CARTESIAN_POINT('Ctrl Pts',(-3.90046223446188,5.385159828207,38.7767725714135));
#676=CARTESIAN_POINT('Ctrl Pts',(-12.0493148139627,13.5340124077079,38.7767725714135));
#677=CARTESIAN_POINT('Ctrl Pts',(-3.88814807752481,5.39747398514406,38.6252244818779));
#678=CARTESIAN_POINT('Ctrl Pts',(-12.0370006570257,13.5463265646449,38.6252244818779));
#679=CARTESIAN_POINT('Ctrl Pts',(-3.87583294861054,5.40978911405833,38.4730852265303));
#680=CARTESIAN_POINT('Ctrl Pts',(-12.0246855281114,13.5586416935592,38.4730852265303));
#681=CARTESIAN_POINT('Ctrl Pts',(-3.86351807700877,5.4221039856601,38.3203649239985));
#682=CARTESIAN_POINT('Ctrl Pts',(-12.0123706565096,13.570956565161,38.3203649239985));
#683=CARTESIAN_POINT('Ctrl Pts',(-3.85120471256764,5.43441735010123,38.1670734982366));
#684=CARTESIAN_POINT('Ctrl Pts',(-12.0000572920685,13.5832699296021,38.1670734982366));
#685=CARTESIAN_POINT('Ctrl Pts',(-3.83889414724619,5.44672791542268,38.0132206861673));
#686=CARTESIAN_POINT('Ctrl Pts',(-11.9877467267471,13.5955804949236,38.0132206861673));
#687=CARTESIAN_POINT('Ctrl Pts',(-3.82658769763393,5.45903436503494,37.8588160504544));
#688=CARTESIAN_POINT('Ctrl Pts',(-11.9754402771348,13.6078869445358,37.8588160504544));
#689=CARTESIAN_POINT('Ctrl Pts',(-3.81428668233447,5.4713353803344,37.7038689928604));
#690=CARTESIAN_POINT('Ctrl Pts',(-11.9631392618353,13.6201879598353,37.7038689928604));
#691=CARTESIAN_POINT('Ctrl Pts',(-3.80199240071868,5.4836296619502,37.5483887676421));
#692=CARTESIAN_POINT('Ctrl Pts',(-11.9508449802195,13.6324822414511,37.5483887676421));
#693=CARTESIAN_POINT('Ctrl Pts',(-3.78970611208864,5.49591595058024,37.3923844943746));
#694=CARTESIAN_POINT('Ctrl Pts',(-11.9385586915895,13.6447685300811,37.3923844943746));
#695=CARTESIAN_POINT('Ctrl Pts',(-3.77742901230878,5.5081930503601,37.2358651723377));
#696=CARTESIAN_POINT('Ctrl Pts',(-11.9262815918096,13.657045629861,37.2358651723377));
#697=CARTESIAN_POINT('Ctrl Pts',(-3.76516221868838,5.5204598439805,37.0788396902121));
#698=CARTESIAN_POINT('Ctrl Pts',(-11.9140147981892,13.6693124234814,37.0788396902121));
#699=CARTESIAN_POINT('Ctrl Pts',(-3.75290679206191,5.53271527060697,36.9213168147153));
#700=CARTESIAN_POINT('Ctrl Pts',(-11.9017593715628,13.6815678501078,36.9213168147153));
#701=CARTESIAN_POINT('Ctrl Pts',(-3.74066375335067,5.5449583093182,36.7633051825323));
#702=CARTESIAN_POINT('Ctrl Pts',(-11.8895163328515,13.6938108888191,36.7633051825323));
#703=CARTESIAN_POINT('Ctrl Pts',(-3.72843410279023,5.55718795987864,36.6048132902986));
#704=CARTESIAN_POINT('Ctrl Pts',(-11.8772866822911,13.7060405393795,36.6048132902986));
#705=CARTESIAN_POINT('Ctrl Pts',(-3.7162188368414,5.56940322582747,36.4458494869275));
#706=CARTESIAN_POINT('Ctrl Pts',(-11.8650714163423,13.7182558053283,36.4458494869275));
#707=CARTESIAN_POINT('Ctrl Pts',(-3.70401896897933,5.58160309368954,36.2864219612255));
#708=CARTESIAN_POINT('Ctrl Pts',(-11.8528715484802,13.7304556731904,36.2864219612255));
#709=CARTESIAN_POINT('Ctrl Pts',(-3.69183553841525,5.59378652425362,36.1265387449249));
#710=CARTESIAN_POINT('Ctrl Pts',(-11.8406881179161,13.7426391037545,36.1265387449249));
#711=CARTESIAN_POINT('Ctrl Pts',(-3.67966960208886,5.60595246058002,35.9662077376033));
#712=CARTESIAN_POINT('Ctrl Pts',(-11.8285221815897,13.7548050400809,35.9662077376033));
#713=CARTESIAN_POINT('Ctrl Pts',(-3.66752223074655,5.61809983192233,35.8054367258587));
#714=CARTESIAN_POINT('Ctrl Pts',(-11.8163748102474,13.7669524114232,35.8054367258587));
#715=CARTESIAN_POINT('Ctrl Pts',(-3.65539450332241,5.63022755934646,35.6442334056987));
#716=CARTESIAN_POINT('Ctrl Pts',(-11.8042470828233,13.7790801388473,35.6442334056987));
#717=CARTESIAN_POINT('Ctrl Pts',(-3.64328750215037,5.6423345605185,35.4826054014943));
#718=CARTESIAN_POINT('Ctrl Pts',(-11.7921400816512,13.7911871400194,35.4826054014943));
#719=CARTESIAN_POINT('Ctrl Pts',(-3.63120230755843,5.65441975511044,35.3205602915336));
#720=CARTESIAN_POINT('Ctrl Pts',(-11.7800548870593,13.8032723346113,35.3205602915336));
#721=CARTESIAN_POINT('Ctrl Pts',(-3.61913999380964,5.66648206885923,35.1581056090499));
#722=CARTESIAN_POINT('Ctrl Pts',(-11.7679925733105,13.8153346483601,35.1581056090499));
#723=CARTESIAN_POINT('Ctrl Pts',(-3.60710162589305,5.67852043677582,34.9952488231784));
#724=CARTESIAN_POINT('Ctrl Pts',(-11.7559542053939,13.8273730162767,34.9952488231784));
#725=CARTESIAN_POINT('Ctrl Pts',(-3.59508825621325,5.69053380645562,34.8319973259864));
#726=CARTESIAN_POINT('Ctrl Pts',(-11.7439408357141,13.8393863859565,34.8319973259864));
#727=CARTESIAN_POINT('Ctrl Pts',(-3.58310092103093,5.70252114163794,34.668358416217));
#728=CARTESIAN_POINT('Ctrl Pts',(-11.7319535005318,13.8513737211388,34.668358416217));
#729=CARTESIAN_POINT('Ctrl Pts',(-3.5711406376823,5.71448142498656,34.5043392862759));
#730=CARTESIAN_POINT('Ctrl Pts',(-11.7199932171832,13.8633340044874,34.5043392862759));
#731=CARTESIAN_POINT('Ctrl Pts',(-3.55920839977843,5.72641366289044,34.3399470032218));
#732=CARTESIAN_POINT('Ctrl Pts',(-11.7080609792793,13.8752662423913,34.3399470032218));
#733=CARTESIAN_POINT('Ctrl Pts',(-3.54730518091328,5.73831688175559,34.1751885131471));
#734=CARTESIAN_POINT('Ctrl Pts',(-11.6961577604141,13.8871694612565,34.1751885131471));
#735=CARTESIAN_POINT('Ctrl Pts',(-3.53543194430293,5.75019011836594,34.0100706614764));
#736=CARTESIAN_POINT('Ctrl Pts',(-11.6842845238038,13.8990426978668,34.0100706614764));
#737=CARTESIAN_POINT('Ctrl Pts',(-3.52358965046914,5.76203241219973,33.8446002082573));
#738=CARTESIAN_POINT('Ctrl Pts',(-11.67244222997,13.9108849917006,33.8446002082573));
#739=CARTESIAN_POINT('Ctrl Pts',(-3.51177926615698,5.77384279651189,33.6787838461607));
#740=CARTESIAN_POINT('Ctrl Pts',(-11.6606318456579,13.9226953760128,33.6787838461607));
#741=CARTESIAN_POINT('Ctrl Pts',(-3.50000177173206,5.78562029093681,33.5126282158211));
#742=CARTESIAN_POINT('Ctrl Pts',(-11.6488543512329,13.9344728704377,33.5126282158211));
#743=CARTESIAN_POINT('Ctrl Pts',(-3.48825817170185,5.79736389096702,33.3461399260511));
#744=CARTESIAN_POINT('Ctrl Pts',(-11.6371107512027,13.9462164704679,33.3461399260511));
#745=CARTESIAN_POINT('Ctrl Pts',(-3.47654949333135,5.80907256933752,33.1793255560173));
#746=CARTESIAN_POINT('Ctrl Pts',(-11.6254020728322,13.9579251488384,33.1793255560173));
#747=CARTESIAN_POINT('Ctrl Pts',(-3.46487677573991,5.82074528692897,33.0121916431297));
#748=CARTESIAN_POINT('Ctrl Pts',(-11.6137293552408,13.9695978664298,33.0121916431297));
#749=CARTESIAN_POINT('Ctrl Pts',(-3.45324106191831,5.83238100075056,32.8447446752295));
#750=CARTESIAN_POINT('Ctrl Pts',(-11.6020936414192,13.9812335802514,32.8447446752295));
#751=CARTESIAN_POINT('Ctrl Pts',(-3.44164338912792,5.84397867354095,32.6769910805576));
#752=CARTESIAN_POINT('Ctrl Pts',(-11.5904959686288,13.9928312530418,32.6769910805576));
#753=CARTESIAN_POINT('Ctrl Pts',(-3.43008478096,5.85553728170888,32.5089372197228));
#754=CARTESIAN_POINT('Ctrl Pts',(-11.5789373604609,14.0043898612097,32.5089372197228));
#755=CARTESIAN_POINT('Ctrl Pts',(-3.41856623630753,5.86705582636135,32.3405893742325));
#756=CARTESIAN_POINT('Ctrl Pts',(-11.5674188158084,14.0159084058622,32.3405893742325));
#757=CARTESIAN_POINT('Ctrl Pts',(-3.40708872850476,5.87853333416411,32.1719537461032));
#758=CARTESIAN_POINT('Ctrl Pts',(-11.5559413080056,14.027385913665,32.1719537461032));
#759=CARTESIAN_POINT('Ctrl Pts',(-3.39565321705535,5.88996884561353,32.0030364711406));
#760=CARTESIAN_POINT('Ctrl Pts',(-11.5445057965562,14.0388214251144,32.0030364711406));
#761=CARTESIAN_POINT('Ctrl Pts',(-3.38426065605819,5.90136140661069,31.8338436286242));
#762=CARTESIAN_POINT('Ctrl Pts',(-11.5331132355591,14.0502139861116,31.8338436286242));
#763=CARTESIAN_POINT('Ctrl Pts',(-3.37291200421256,5.91271005845632,31.6643812527331));
#764=CARTESIAN_POINT('Ctrl Pts',(-11.5217645837134,14.0615626379572,31.6643812527331));
#765=CARTESIAN_POINT('Ctrl Pts',(-3.36160823359675,5.92401382907212,31.4946553425752));
#766=CARTESIAN_POINT('Ctrl Pts',(-11.5104608130976,14.072866408573,31.4946553425752));
#767=CARTESIAN_POINT('Ctrl Pts',(-3.35035034030105,5.93527172236783,31.3246718743849));
#768=CARTESIAN_POINT('Ctrl Pts',(-11.4992029198019,14.0841243018687,31.3246718743849));
#769=CARTESIAN_POINT('Ctrl Pts',(-3.33913935001304,5.94648271265584,31.1544368077676));
#770=CARTESIAN_POINT('Ctrl Pts',(-11.4879919295139,14.0953352921567,31.1544368077676));
#771=CARTESIAN_POINT('Ctrl Pts',(-3.32797631027187,5.95764575239701,30.9839560761873));
#772=CARTESIAN_POINT('Ctrl Pts',(-11.4768288897727,14.1064983318979,30.9839560761873));
#773=CARTESIAN_POINT('Ctrl Pts',(-3.31686228519223,5.96875977747664,30.8132355803839));
#774=CARTESIAN_POINT('Ctrl Pts',(-11.4657148646931,14.1176123569775,30.8132355803839));
#775=CARTESIAN_POINT('Ctrl Pts',(-3.30579834918557,5.97982371348331,30.6422811805793));
#776=CARTESIAN_POINT('Ctrl Pts',(-11.4546509286864,14.1286762929842,30.6422811805793));
#777=CARTESIAN_POINT('Ctrl Pts',(-3.29478558116879,5.99083648150008,30.4710986893192));
#778=CARTESIAN_POINT('Ctrl Pts',(-11.4436381606697,14.139689061001,30.4710986893192));
#779=CARTESIAN_POINT('Ctrl Pts',(-3.28382505842246,6.00179700424641,30.2996938637592));
#780=CARTESIAN_POINT('Ctrl Pts',(-11.4326776379233,14.1506495837473,30.2996938637592));
#781=CARTESIAN_POINT('Ctrl Pts',(-3.27291785099862,6.01270421167025,30.1280723989825));
#782=CARTESIAN_POINT('Ctrl Pts',(-11.4217704304995,14.1615567911711,30.1280723989825));
#783=CARTESIAN_POINT('Ctrl Pts',(-3.26206502495671,6.02355703771216,29.9562399386487));
#784=CARTESIAN_POINT('Ctrl Pts',(-11.4109176044576,14.172409617213,29.9562399386487));
#785=CARTESIAN_POINT('Ctrl Pts',(-3.25126764521699,6.03435441745188,29.7842020849389));
#786=CARTESIAN_POINT('Ctrl Pts',(-11.4001202247179,14.1832069969528,29.7842020849389));
#787=CARTESIAN_POINT('Ctrl Pts',(-3.24052677852891,6.04509528413996,29.6119644085988));
#788=CARTESIAN_POINT('Ctrl Pts',(-11.3893793580298,14.1939478636408,29.6119644085988));
#789=CARTESIAN_POINT('Ctrl Pts',(-3.22984349645476,6.05577856621411,29.4395324593143));
#790=CARTESIAN_POINT('Ctrl Pts',(-11.3786960759556,14.204631145715,29.4395324593143));
#791=CARTESIAN_POINT('Ctrl Pts',(-3.21921887819642,6.06640318447245,29.2669117750721));
#792=CARTESIAN_POINT('Ctrl Pts',(-11.3680714576973,14.2152557639733,29.2669117750721));
#793=CARTESIAN_POINT('Ctrl Pts',(-3.20865401388056,6.07696804878831,29.0941078942283));
#794=CARTESIAN_POINT('Ctrl Pts',(-11.3575065933814,14.2258206282892,29.0941078942283));
#795=CARTESIAN_POINT('Ctrl Pts',(-3.19815000477983,6.08747205788904,28.9211263496249));
#796=CARTESIAN_POINT('Ctrl Pts',(-11.3470025842807,14.2363246373899,28.9211263496249));
#797=CARTESIAN_POINT('Ctrl Pts',(-3.18770796273737,6.0979140999315,28.7479726578841));
#798=CARTESIAN_POINT('Ctrl Pts',(-11.3365605422382,14.2467666794324,28.7479726578841));
#799=CARTESIAN_POINT('Ctrl Pts',(-3.17732900985215,6.10829305281672,28.5746523105773));
#800=CARTESIAN_POINT('Ctrl Pts',(-11.326181589353,14.2571456323176,28.5746523105773));
#801=CARTESIAN_POINT('Ctrl Pts',(-3.16701427807635,6.11860778459252,28.4011707640733));
#802=CARTESIAN_POINT('Ctrl Pts',(-11.3158668575772,14.2674603640934,28.4011707640733));
#803=CARTESIAN_POINT('Ctrl Pts',(-3.15676490880138,6.1288571538675,28.2275334311952));
#804=CARTESIAN_POINT('Ctrl Pts',(-11.3056174883022,14.2777097333684,28.2275334311952));
#805=CARTESIAN_POINT('Ctrl Pts',(-3.14658205257006,6.13904001009882,28.0537456690406));
#806=CARTESIAN_POINT('Ctrl Pts',(-11.2954346320709,14.2878925895997,28.0537456690406));
#807=CARTESIAN_POINT('Ctrl Pts',(-3.13646686826914,6.14915519439974,27.8798127801539));
#808=CARTESIAN_POINT('Ctrl Pts',(-11.28531944777,14.2980077739006,27.8798127801539));
#809=CARTESIAN_POINT('Ctrl Pts',(-3.12642052171189,6.15920154095699,27.7057400286666));
#810=CARTESIAN_POINT('Ctrl Pts',(-11.2752731012128,14.3080541204579,27.7057400286666));
#811=CARTESIAN_POINT('Ctrl Pts',(-3.11644418439803,6.16917787827084,27.5315326524393));
#812=CARTESIAN_POINT('Ctrl Pts',(-11.2652967638989,14.3180304577717,27.5315326524393));
#813=CARTESIAN_POINT('Ctrl Pts',(-3.10653903216525,6.17908303050362,27.3571958770007));
#814=CARTESIAN_POINT('Ctrl Pts',(-11.2553916116661,14.3279356100045,27.3571958770007));
#815=CARTESIAN_POINT('Ctrl Pts',(-3.09670624397047,6.18891581869839,27.1827349283264));
#816=CARTESIAN_POINT('Ctrl Pts',(-11.2455588234713,14.3377683981993,27.1827349283264));
#817=CARTESIAN_POINT('Ctrl Pts',(-3.08694700041676,6.19867506225211,27.008155047047));
#818=CARTESIAN_POINT('Ctrl Pts',(-11.2357995799176,14.347527641753,27.008155047047));
#819=CARTESIAN_POINT('Ctrl Pts',(-3.07726248296998,6.20835957969889,26.8334614993201));
#820=CARTESIAN_POINT('Ctrl Pts',(-11.2261150624709,14.3572121591998,26.8334614993201));
#821=CARTESIAN_POINT('Ctrl Pts',(-3.06765387810231,6.21796818456656,26.6586595644847));
#822=CARTESIAN_POINT('Ctrl Pts',(-11.2165064576032,14.3668207640674,26.6586595644847));
#823=CARTESIAN_POINT('Ctrl Pts',(-3.05812238097981,6.22749968168905,26.4837545249375));
#824=CARTESIAN_POINT('Ctrl Pts',(-11.2069749604807,14.3763522611899,26.4837545249375));
#825=CARTESIAN_POINT('Ctrl Pts',(-3.04866919925241,6.23695286341646,26.30875165532));
#826=CARTESIAN_POINT('Ctrl Pts',(-11.1975217787533,14.3858054429173,26.30875165532));
#827=CARTESIAN_POINT('Ctrl Pts',(-3.03929555696568,6.24632650570319,26.1336562116312));
#828=CARTESIAN_POINT('Ctrl Pts',(-11.1881481364665,14.3951790852041,26.1336562116312));
#829=CARTESIAN_POINT('Ctrl Pts',(-3.03000269803309,6.25561936463578,25.9584734212346));
#830=CARTESIAN_POINT('Ctrl Pts',(-11.178855277534,14.4044719441366,25.9584734212346));
#831=CARTESIAN_POINT('Ctrl Pts',(-3.02079189090097,6.26483017176789,25.7832084702459));
#832=CARTESIAN_POINT('Ctrl Pts',(-11.1696444704018,14.4136827512688,25.7832084702459));
#833=CARTESIAN_POINT('Ctrl Pts',(-3.01166442588985,6.27395763677902,25.6078665071897));
#834=CARTESIAN_POINT('Ctrl Pts',(-11.1605170053907,14.4228102162799,25.6078665071897));
#835=CARTESIAN_POINT('Ctrl Pts',(-3.00262161030515,6.28300045236372,25.4324526515738));
#836=CARTESIAN_POINT('Ctrl Pts',(-11.151474189806,14.4318530318646,25.4324526515738));
#837=CARTESIAN_POINT('Ctrl Pts',(-2.99366476436441,6.29195729830446,25.2569720007519));
#838=CARTESIAN_POINT('Ctrl Pts',(-11.1425173438653,14.4408098778053,25.2569720007519));
#839=CARTESIAN_POINT('Ctrl Pts',(-2.98479521662843,6.30082684604044,25.0814296376442));
#840=CARTESIAN_POINT('Ctrl Pts',(-11.1336477961293,14.4496794255413,25.0814296376442));
#841=CARTESIAN_POINT('Ctrl Pts',(-2.97601430000425,6.30960776266462,24.90583063776));
#842=CARTESIAN_POINT('Ctrl Pts',(-11.1248668795051,14.4584603421655,24.90583063776));
#843=CARTESIAN_POINT('Ctrl Pts',(-2.96732334662879,6.31829871604008,24.7301800773217));
#844=CARTESIAN_POINT('Ctrl Pts',(-11.1161759261297,14.467151295541,24.7301800773217));
#845=CARTESIAN_POINT('Ctrl Pts',(-2.95872368625443,6.32689837641444,24.5544830381454));
#846=CARTESIAN_POINT('Ctrl Pts',(-11.1075762657553,14.4757509559153,24.5544830381454));
#847=CARTESIAN_POINT('Ctrl Pts',(-2.95021665056995,6.33540541209892,24.3787446070929));
#848=CARTESIAN_POINT('Ctrl Pts',(-11.0990692300708,14.4842579915998,24.3787446070929));
#849=CARTESIAN_POINT('Ctrl Pts',(-2.94180357617869,6.34381848649018,24.2029698767518));
#850=CARTESIAN_POINT('Ctrl Pts',(-11.0906561556796,14.4926710659911,24.2029698767518));
#851=CARTESIAN_POINT('Ctrl Pts',(-2.93348580811134,6.35213625455753,24.0271639456203));
#852=CARTESIAN_POINT('Ctrl Pts',(-11.0823383876122,14.5009888340584,24.0271639456203));
#853=CARTESIAN_POINT('Ctrl Pts',(-2.92526470312155,6.36035735954732,23.8513319185092));
#854=CARTESIAN_POINT('Ctrl Pts',(-11.0741172826224,14.5092099390482,23.8513319185092));
#855=CARTESIAN_POINT('Ctrl Pts',(-2.91714163304836,6.36848042962051,23.6754789068376));
#856=CARTESIAN_POINT('Ctrl Pts',(-11.0659942125492,14.5173330091214,23.6754789068376));
#857=CARTESIAN_POINT('Ctrl Pts',(-2.90911798822383,6.37650407444504,23.4996100290095));
#858=CARTESIAN_POINT('Ctrl Pts',(-11.0579705677247,14.5253566539459,23.4996100290095));
#859=CARTESIAN_POINT('Ctrl Pts',(-2.9011951760424,6.38442688662647,23.3237304082241));
#860=CARTESIAN_POINT('Ctrl Pts',(-11.0500477555433,14.5332794661273,23.3237304082241));
#861=CARTESIAN_POINT('Ctrl Pts',(-2.89337461942265,6.39224744324621,23.1478451702106));
#862=CARTESIAN_POINT('Ctrl Pts',(-11.0422271989235,14.5411000227471,23.1478451702106));
#863=CARTESIAN_POINT('Ctrl Pts',(-2.88565775532101,6.39996430734786,22.9719594410545));
#864=CARTESIAN_POINT('Ctrl Pts',(-11.0345103348219,14.5488168868487,22.9719594410545));
#865=CARTESIAN_POINT('Ctrl Pts',(-2.87804603319714,6.40757602947173,22.7960783448432));
#866=CARTESIAN_POINT('Ctrl Pts',(-11.026898612698,14.5564286089726,22.7960783448432));
#867=CARTESIAN_POINT('Ctrl Pts',(-2.8705409135618,6.41508114910707,22.6202070017203));
#868=CARTESIAN_POINT('Ctrl Pts',(-11.0193934930627,14.5639337286079,22.6202070017203));
#869=CARTESIAN_POINT('Ctrl Pts',(-2.86314386633533,6.42247819633354,22.4443505249342));
#870=CARTESIAN_POINT('Ctrl Pts',(-11.0119964458362,14.5713307758344,22.4443505249342));
#871=CARTESIAN_POINT('Ctrl Pts',(-2.85585636997009,6.42976569269878,22.268514022012));
#872=CARTESIAN_POINT('Ctrl Pts',(-11.004708949471,14.5786182721996,22.268514022012));
#873=CARTESIAN_POINT('Ctrl Pts',(-2.84867991110567,6.4369421515632,22.0927025988759));
#874=CARTESIAN_POINT('Ctrl Pts',(-10.9975324906065,14.5857947310641,22.0927025988759));
#875=CARTESIAN_POINT('Ctrl Pts',(-2.84161598408062,6.44400607858825,21.9169213630773));
#876=CARTESIAN_POINT('Ctrl Pts',(-10.9904685635815,14.5928586580891,21.9169213630773));
#877=CARTESIAN_POINT('Ctrl Pts',(-2.83466609047463,6.45095597219424,21.7411754274296));
#878=CARTESIAN_POINT('Ctrl Pts',(-10.9835186699755,14.5998085516951,21.7411754274296));
#879=CARTESIAN_POINT('Ctrl Pts',(-2.82783173870405,6.45779032396482,21.5654699133899));
#880=CARTESIAN_POINT('Ctrl Pts',(-10.9766843182049,14.6066429034657,21.5654699133899));
#881=CARTESIAN_POINT('Ctrl Pts',(-2.82111444343559,6.46450761923328,21.3898099547404));
#882=CARTESIAN_POINT('Ctrl Pts',(-10.9699670229365,14.6133601987342,21.3898099547404));
#883=CARTESIAN_POINT('Ctrl Pts',(-2.81451572555768,6.47110633711119,21.2142007005627));
#884=CARTESIAN_POINT('Ctrl Pts',(-10.9633683050586,14.6199589166121,21.2142007005627));
#885=CARTESIAN_POINT('Ctrl Pts',(-2.80803711473783,6.47758494793104,21.0386473150795));
#886=CARTESIAN_POINT('Ctrl Pts',(-10.9568896942387,14.6264375274319,21.0386473150795));
#887=CARTESIAN_POINT('Ctrl Pts',(-2.80168015164409,6.48394191102478,20.8631549779202));
#888=CARTESIAN_POINT('Ctrl Pts',(-10.950532731145,14.6327944905257,20.8631549779202));
#889=CARTESIAN_POINT('Ctrl Pts',(-2.79544639026179,6.49017567240708,20.687728884223));
#890=CARTESIAN_POINT('Ctrl Pts',(-10.9442989697627,14.639028251908,20.687728884223));
#891=CARTESIAN_POINT('Ctrl Pts',(-2.78933740025065,6.49628466241822,20.5123742448027));
#892=CARTESIAN_POINT('Ctrl Pts',(-10.9381899797515,14.6451372419191,20.5123742448027));
#893=CARTESIAN_POINT('Ctrl Pts',(-2.78335476909482,6.50226729357405,20.3370962863028));
#894=CARTESIAN_POINT('Ctrl Pts',(-10.9322073485957,14.6511198730749,20.3370962863028));
#895=CARTESIAN_POINT('Ctrl Pts',(-2.77750010483888,6.50812195782998,20.1619002513224));
#896=CARTESIAN_POINT('Ctrl Pts',(-10.9263526843398,14.6569745373309,20.1619002513224));
#897=CARTESIAN_POINT('Ctrl Pts',(-2.77177503457818,6.51384702809068,19.9867913988016));
#898=CARTESIAN_POINT('Ctrl Pts',(-10.9206276140791,14.6626996075916,19.9867913988016));
#899=CARTESIAN_POINT('Ctrl Pts',(-2.76618120197652,6.51944086069235,19.811775004466));
#900=CARTESIAN_POINT('Ctrl Pts',(-10.9150337814774,14.6682934401932,19.811775004466));
#901=CARTESIAN_POINT('Ctrl Pts',(-2.7607202651299,6.52490179753897,19.6368563612584));
#902=CARTESIAN_POINT('Ctrl Pts',(-10.9095728446308,14.6737543770398,19.6368563612584));
#903=CARTESIAN_POINT('Ctrl Pts',(-2.75539389425786,6.53022816841101,19.4620407797566));
#904=CARTESIAN_POINT('Ctrl Pts',(-10.9042464737587,14.6790807479119,19.4620407797566));
#905=CARTESIAN_POINT('Ctrl Pts',(-2.75020376953241,6.53541829313646,19.2873335886445));
#906=CARTESIAN_POINT('Ctrl Pts',(-10.8990563490333,14.6842708726373,19.2873335886445));
#907=CARTESIAN_POINT('Ctrl Pts',(-2.74515157869207,6.54047048397679,19.112740135044));
#908=CARTESIAN_POINT('Ctrl Pts',(-10.8940041581929,14.6893230634777,19.112740135044));
#909=CARTESIAN_POINT('Ctrl Pts',(-2.74023901532293,6.54538304734594,18.9382657853401));
#910=CARTESIAN_POINT('Ctrl Pts',(-10.8890915948238,14.6942356268468,18.9382657853401));
#911=CARTESIAN_POINT('Ctrl Pts',(-2.73546777795547,6.55015428471339,18.763915926635));
#912=CARTESIAN_POINT('Ctrl Pts',(-10.8843203574563,14.6990068642143,18.763915926635));
#913=CARTESIAN_POINT('Ctrl Pts',(-2.73083956897261,6.55478249369626,18.5896959680433));
#914=CARTESIAN_POINT('Ctrl Pts',(-10.8796921484735,14.7036350731971,18.5896959680433));
#915=CARTESIAN_POINT('Ctrl Pts',(-2.72635609355933,6.55926596910954,18.4156113420498));
#916=CARTESIAN_POINT('Ctrl Pts',(-10.8752086730602,14.7081185486104,18.4156113420498));
#917=CARTESIAN_POINT('Ctrl Pts',(-2.7220190587146,6.56360300395427,18.2416675058464));
#918=CARTESIAN_POINT('Ctrl Pts',(-10.8708716382155,14.7124555834551,18.2416675058464));
#919=CARTESIAN_POINT('Ctrl Pts',(-2.71783017204574,6.56779189062313,18.067869942666));
#920=CARTESIAN_POINT('Ctrl Pts',(-10.8666827515466,14.716644470124,18.067869942666));
#921=CARTESIAN_POINT('Ctrl Pts',(-2.71379114120775,6.57183092146112,17.8942241631532));
#922=CARTESIAN_POINT('Ctrl Pts',(-10.8626437207086,14.720683500962,17.8942241631532));
#923=CARTESIAN_POINT('Ctrl Pts',(-2.70990367910035,6.57571838356852,17.7207357071044));
#924=CARTESIAN_POINT('Ctrl Pts',(-10.8587562586012,14.7245709630694,17.7207357071044));
#925=CARTESIAN_POINT('Ctrl Pts',(-2.7061695086118,6.57945255405707,17.5474101451865));
#926=CARTESIAN_POINT('Ctrl Pts',(-10.8550220881127,14.7283051335579,17.5474101451865));
#927=CARTESIAN_POINT('Ctrl Pts',(-2.70259036745309,6.58303169521579,17.3742530806401));
#928=CARTESIAN_POINT('Ctrl Pts',(-10.851442946954,14.7318842747167,17.3742530806401));
#929=CARTESIAN_POINT('Ctrl Pts',(-2.6991680131422,6.58645404952667,17.2012701510445));
#930=CARTESIAN_POINT('Ctrl Pts',(-10.8480205926431,14.7353066290275,17.2012701510445));
#931=CARTESIAN_POINT('Ctrl Pts',(-2.69590422748177,6.5897178351871,17.028467029928));
#932=CARTESIAN_POINT('Ctrl Pts',(-10.8447568069826,14.738570414688,17.028467029928));
#933=CARTESIAN_POINT('Ctrl Pts',(-2.69280082241323,6.59282124025564,16.8558494287826));
#934=CARTESIAN_POINT('Ctrl Pts',(-10.8416534019141,14.7416738197565,16.8558494287826));
#935=CARTESIAN_POINT('Ctrl Pts',(-2.68985963588907,6.5957624267798,16.6834230961452));
#936=CARTESIAN_POINT('Ctrl Pts',(-10.8387122153899,14.7446150062807,16.6834230961452));
#937=CARTESIAN_POINT('Ctrl Pts',(-2.68708252542544,6.59853953724343,16.5111938159688));
#938=CARTESIAN_POINT('Ctrl Pts',(-10.8359351049263,14.7473921167443,16.5111938159688));
#939=CARTESIAN_POINT('Ctrl Pts',(-2.68447136256898,6.60115070009989,16.3391674063251));
#940=CARTESIAN_POINT('Ctrl Pts',(-10.8333239420699,14.7500032796008,16.3391674063251));
#941=CARTESIAN_POINT('Ctrl Pts',(-2.68202802671618,6.60359403595269,16.1673497177729));
#942=CARTESIAN_POINT('Ctrl Pts',(-10.830880606217,14.7524466154536,16.1673497177729));
#943=CARTESIAN_POINT('Ctrl Pts',(-2.67975439982502,6.60586766284385,15.9957466323252));
#944=CARTESIAN_POINT('Ctrl Pts',(-10.8286069793259,14.7547202423447,15.9957466323252));
#945=CARTESIAN_POINT('Ctrl Pts',(-2.677652359214,6.60796970345486,15.8243640610269));
#946=CARTESIAN_POINT('Ctrl Pts',(-10.8265049387149,14.7568222829557,15.8243640610269));
#947=CARTESIAN_POINT('Ctrl Pts',(-2.67572377763734,6.60989828503153,15.6532079469158));
#948=CARTESIAN_POINT('Ctrl Pts',(-10.8245763571382,14.7587508645324,15.6532079469158));
#949=CARTESIAN_POINT('Ctrl Pts',(-2.67397052936593,6.61165153330294,15.482284272459));
#950=CARTESIAN_POINT('Ctrl Pts',(-10.8228231088668,14.7605041128038,15.482284272459));
#951=CARTESIAN_POINT('Ctrl Pts',(-2.67239449447835,6.61322756819052,15.3115990656315));
#952=CARTESIAN_POINT('Ctrl Pts',(-10.8212470739792,14.7620801476914,15.3115990656315));
#953=CARTESIAN_POINT('Ctrl Pts',(-2.67099756406426,6.61462449860461,15.1411584067366));
#954=CARTESIAN_POINT('Ctrl Pts',(-10.8198501435651,14.7634770781055,15.1411584067366));
#955=CARTESIAN_POINT('Ctrl Pts',(-2.6697816446268,6.61584041804207,14.9709684344846));
#956=CARTESIAN_POINT('Ctrl Pts',(-10.8186342241277,14.7646929975429,14.9709684344846));
#957=CARTESIAN_POINT('Ctrl Pts',(-2.66874866382333,6.61687339884554,14.801035353418));
#958=CARTESIAN_POINT('Ctrl Pts',(-10.8176012433242,14.7657259783464,14.801035353418));
#959=CARTESIAN_POINT('Ctrl Pts',(-2.66790057230479,6.61772149036408,14.6313654373254));
#960=CARTESIAN_POINT('Ctrl Pts',(-10.8167531518057,14.766574069865,14.6313654373254));
#961=CARTESIAN_POINT('Ctrl Pts',(-2.66723933763647,6.6183827250324,14.4619650244949));
#962=CARTESIAN_POINT('Ctrl Pts',(-10.8160919171373,14.7672353045333,14.4619650244949));
#963=CARTESIAN_POINT('Ctrl Pts',(-2.66676693993905,6.61885512272981,14.2928405147227));
#964=CARTESIAN_POINT('Ctrl Pts',(-10.8156195194399,14.7677077022307,14.2928405147227));
#965=CARTESIAN_POINT('Ctrl Pts',(-2.66648536672019,6.61913669594868,14.123998365536));
#966=CARTESIAN_POINT('Ctrl Pts',(-10.8153379462211,14.7679892754495,14.123998365536));
#967=CARTESIAN_POINT('Ctrl Pts',(-2.66639660833271,6.61922545433616,13.955445088949));
#968=CARTESIAN_POINT('Ctrl Pts',(-10.8152491878336,14.768078033837,13.955445088949));
#969=CARTESIAN_POINT('Ctrl Pts',(-2.66650265249202,6.61911941017685,13.7871872475192));
#970=CARTESIAN_POINT('Ctrl Pts',(-10.8153552319929,14.7679719896777,13.7871872475192));
#971=CARTESIAN_POINT('Ctrl Pts',(-2.6668054812194,6.61881658144947,13.619231452125));
#972=CARTESIAN_POINT('Ctrl Pts',(-10.8156580607203,14.7676691609503,13.619231452125));
#973=CARTESIAN_POINT('Ctrl Pts',(-2.66730707938003,6.61831498328884,13.4515843678602));
#974=CARTESIAN_POINT('Ctrl Pts',(-10.8161596588809,14.7671675627897,13.4515843678602));
#975=CARTESIAN_POINT('Ctrl Pts',(-2.66800944166098,6.61761262100789,13.284252718856));
#976=CARTESIAN_POINT('Ctrl Pts',(-10.8168620211618,14.7664652005088,13.284252718856));
#977=CARTESIAN_POINT('Ctrl Pts',(-2.6689145802295,6.61670748243937,13.1172432935387));
#978=CARTESIAN_POINT('Ctrl Pts',(-10.8177671597304,14.7655600619402,13.1172432935387));
#979=CARTESIAN_POINT('Ctrl Pts',(-2.67002453193042,6.61559753073845,12.9505629496595));
#980=CARTESIAN_POINT('Ctrl Pts',(-10.8188771114313,14.7644501102393,12.9505629496595));
#981=CARTESIAN_POINT('Ctrl Pts',(-2.67134136608848,6.61428069658039,12.7842186195269));
#982=CARTESIAN_POINT('Ctrl Pts',(-10.8201939455894,14.7631332760813,12.7842186195269));
#983=CARTESIAN_POINT('Ctrl Pts',(-2.67286719088137,6.6127548717875,12.6182173148532));
#984=CARTESIAN_POINT('Ctrl Pts',(-10.8217197703822,14.7616074512884,12.6182173148532));
#985=CARTESIAN_POINT('Ctrl Pts',(-2.67460414402763,6.61101791864124,12.4525661275965));
#986=CARTESIAN_POINT('Ctrl Pts',(-10.8234567235285,14.7598704981421,12.4525661275965));
#987=CARTESIAN_POINT('Ctrl Pts',(-2.67655438461547,6.6090676780534,12.2872722310907));
#988=CARTESIAN_POINT('Ctrl Pts',(-10.8254069641163,14.7579202575543,12.2872722310907));
#989=CARTESIAN_POINT('Ctrl Pts',(-2.67872008444157,6.6069019782273,12.1223428810524));
#990=CARTESIAN_POINT('Ctrl Pts',(-10.8275726639424,14.7557545577282,12.1223428810524));
#991=CARTESIAN_POINT('Ctrl Pts',(-2.6811034196877,6.60451864298117,11.9577854166756));
#992=CARTESIAN_POINT('Ctrl Pts',(-10.8299559991886,14.753371222482,11.9577854166756));
#993=CARTESIAN_POINT('Ctrl Pts',(-2.68370656214468,6.60191550052419,11.7936072616077));
#994=CARTESIAN_POINT('Ctrl Pts',(-10.8325591416455,14.7507680800251,11.7936072616077));
#995=CARTESIAN_POINT('Ctrl Pts',(-2.68653167150695,6.59909039116192,11.6298159252133));
#996=CARTESIAN_POINT('Ctrl Pts',(-10.8353842510078,14.7479429706628,11.6298159252133));
#997=CARTESIAN_POINT('Ctrl Pts',(-2.68958090358366,6.59604115908521,11.4664190081452));
#998=CARTESIAN_POINT('Ctrl Pts',(-10.8384334830845,14.7448937385861,11.4664190081452));
#999=CARTESIAN_POINT('Ctrl Pts',(-2.69285641760158,6.59276564506729,11.3034242076638));
#1000=CARTESIAN_POINT('Ctrl Pts',(-10.8417089971024,14.7416182245682,11.3034242076638));
#1001=CARTESIAN_POINT('Ctrl Pts',(-2.69636038390564,6.58926167876323,11.1408393230805));
#1002=CARTESIAN_POINT('Ctrl Pts',(-10.8452129634065,14.7381142582641,11.1408393230805));
#1003=CARTESIAN_POINT('Ctrl Pts',(-2.70009499136585,6.58552707130302,10.9786722610874));
#1004=CARTESIAN_POINT('Ctrl Pts',(-10.8489475708667,14.7343796508039,10.9786722610874));
#1005=CARTESIAN_POINT('Ctrl Pts',(-2.70406245520696,6.58155960746191,10.8169310412871));
#1006=CARTESIAN_POINT('Ctrl Pts',(-10.8529150347078,14.7304121869628,10.8169310412871));
#1007=CARTESIAN_POINT('Ctrl Pts',(-2.70826502379086,6.57735703887801,10.6556238011976));
#1008=CARTESIAN_POINT('Ctrl Pts',(-10.8571176032917,14.7262096183789,10.6556238011976));
#1009=CARTESIAN_POINT('Ctrl Pts',(-2.71270497767268,6.57291708499619,10.4947587972269));
#1010=CARTESIAN_POINT('Ctrl Pts',(-10.8615575571736,14.7217696644971,10.4947587972269));
#1011=CARTESIAN_POINT('Ctrl Pts',(-2.71738462937865,6.56823743329022,10.3343444060776));
#1012=CARTESIAN_POINT('Ctrl Pts',(-10.8662372088795,14.7170900127911,10.3343444060776));
#1013=CARTESIAN_POINT('Ctrl Pts',(-2.72230632295422,6.56331573971465,10.1743891259067));
#1014=CARTESIAN_POINT('Ctrl Pts',(-10.8711589024551,14.7121683192155,10.1743891259067));
#1015=CARTESIAN_POINT('Ctrl Pts',(-2.72747243350379,6.55814962916508,10.0149015777783));
#1016=CARTESIAN_POINT('Ctrl Pts',(-10.8763250130047,14.707002208666,10.0149015777783));
#1017=CARTESIAN_POINT('Ctrl Pts',(-2.73288536699036,6.55273669567851,9.85589050654218));
#1018=CARTESIAN_POINT('Ctrl Pts',(-10.8817379464912,14.7015892751794,9.85589050654218));
#1019=CARTESIAN_POINT('Ctrl Pts',(-2.7385475591023,6.54707450356657,9.69736478339082));
#1020=CARTESIAN_POINT('Ctrl Pts',(-10.8874001386032,14.6959270830674,9.69736478339082));
#1021=CARTESIAN_POINT('Ctrl Pts',(-2.74446147123068,6.54116059143819,9.5393334132298));
#1022=CARTESIAN_POINT('Ctrl Pts',(-10.8933140507315,14.6900131709391,9.5393334132298));
#1023=CARTESIAN_POINT('Ctrl Pts',(-2.75062958709605,6.53499247557282,9.38180554116024));
#1024=CARTESIAN_POINT('Ctrl Pts',(-10.8994821665969,14.6838450550737,9.38180554116024));
#1025=CARTESIAN_POINT('Ctrl Pts',(-2.75705440885024,6.52856765381863,9.22479045936874));
#1026=CARTESIAN_POINT('Ctrl Pts',(-10.9059069883511,14.6774202333195,9.22479045936874));
#1027=CARTESIAN_POINT('Ctrl Pts',(-2.76373845401945,6.52188360864942,9.06829761371912));
#1028=CARTESIAN_POINT('Ctrl Pts',(-10.9125910335203,14.6707361881503,9.06829761371912));
#1029=CARTESIAN_POINT('Ctrl Pts',(-2.77068425056119,6.51493781210768,8.91233661078643));
#1030=CARTESIAN_POINT('Ctrl Pts',(-10.9195368300621,14.6637903916086,8.91233661078643));
#1031=CARTESIAN_POINT('Ctrl Pts',(-2.77789433879369,6.50772772387517,8.75691722345488));
#1032=CARTESIAN_POINT('Ctrl Pts',(-10.9267469182946,14.656580303376,8.75691722345488));
#1033=CARTESIAN_POINT('Ctrl Pts',(-2.78537128007205,6.50025078259682,8.60204939508407));
#1034=CARTESIAN_POINT('Ctrl Pts',(-10.9342238595729,14.6491033620977,8.60204939508407));
#1035=CARTESIAN_POINT('Ctrl Pts',(-2.79311766361733,6.49250439905153,8.44774324414687));
#1036=CARTESIAN_POINT('Ctrl Pts',(-10.9419702431182,14.6413569785524,8.44774324414687));
#1037=CARTESIAN_POINT('Ctrl Pts',(-2.80113611412694,6.48448594854193,8.29400906849945));
#1038=CARTESIAN_POINT('Ctrl Pts',(-10.9499886936278,14.6333385280428,8.29400906849945));
#1039=CARTESIAN_POINT('Ctrl Pts',(-2.80942929898993,6.47619276367894,8.14085735022436));
#1040=CARTESIAN_POINT('Ctrl Pts',(-10.9582818784908,14.6250453431798,8.14085735022436));
#1041=CARTESIAN_POINT('Ctrl Pts',(-2.81799993583594,6.46762212683293,7.98829875914272));
#1042=CARTESIAN_POINT('Ctrl Pts',(-10.9668525153368,14.6164747063338,7.98829875914272));
#1043=CARTESIAN_POINT('Ctrl Pts',(-2.82685079821121,6.45877126445766,7.83634416716596));
#1044=CARTESIAN_POINT('Ctrl Pts',(-10.9757033777121,14.6076238439585,7.83634416716596));
#1045=CARTESIAN_POINT('Ctrl Pts',(-2.83598472079598,6.44963734187289,7.68500466441565));
#1046=CARTESIAN_POINT('Ctrl Pts',(-10.9848373002968,14.5984899213738,7.68500466441565));
#1047=CARTESIAN_POINT('Ctrl Pts',(-2.84540460508569,6.44021745758318,7.53429157496642));
#1048=CARTESIAN_POINT('Ctrl Pts',(-10.9942571845866,14.5890700370841,7.53429157496642));
#1049=CARTESIAN_POINT('Ctrl Pts',(-2.85511342419215,6.43050863847672,7.38421647221855));
#1050=CARTESIAN_POINT('Ctrl Pts',(-11.003966003693,14.5793612179776,7.38421647221855));
#1051=CARTESIAN_POINT('Ctrl Pts',(-2.8651142296727,6.42050783299616,7.23479119571171));
#1052=CARTESIAN_POINT('Ctrl Pts',(-11.0139668091736,14.569360412497,7.23479119571171));
#1053=CARTESIAN_POINT('Ctrl Pts',(-2.8754101521468,6.41021191052207,7.08602786318856));
#1054=CARTESIAN_POINT('Ctrl Pts',(-11.0242627316477,14.5590644900229,7.08602786318856));
#1055=CARTESIAN_POINT('Ctrl Pts',(-2.88600438551362,6.39961767715525,6.93793887004388));
#1056=CARTESIAN_POINT('Ctrl Pts',(-11.0348569650145,14.5484702566561,6.93793887004388));
#1057=CARTESIAN_POINT('Ctrl Pts',(-2.8969001746773,6.38872188799157,6.79053689137654));
#1058=CARTESIAN_POINT('Ctrl Pts',(-11.0457527541782,14.5375744674924,6.79053689137654));
#1059=CARTESIAN_POINT('Ctrl Pts',(-2.90810080103964,6.37752126162923,6.64383488258339));
#1060=CARTESIAN_POINT('Ctrl Pts',(-11.0569533805405,14.5263738411301,6.64383488258339));
#1061=CARTESIAN_POINT('Ctrl Pts',(-2.91960957089777,6.3660124917711,6.49784608157553));
#1062=CARTESIAN_POINT('Ctrl Pts',(-11.0684621503986,14.514865071272,6.49784608157553));
#1063=CARTESIAN_POINT('Ctrl Pts',(-2.93142979745965,6.35419226520921,6.35258400767436));
#1064=CARTESIAN_POINT('Ctrl Pts',(-11.0802823769605,14.5030448447101,6.35258400767436));
#1065=CARTESIAN_POINT('Ctrl Pts',(-2.94356483615611,6.34205722651276,6.20806248816117));
#1066=CARTESIAN_POINT('Ctrl Pts',(-11.092417415657,14.4909098060136,6.20806248816117));
#1067=CARTESIAN_POINT('Ctrl Pts',(-2.95601812731079,6.32960393535808,6.06429568896548));
#1068=CARTESIAN_POINT('Ctrl Pts',(-11.1048707068117,14.4784565148589,6.06429568896548));
#1069=CARTESIAN_POINT('Ctrl Pts',(-2.9687932385189,6.31682882414997,5.92129814447972));
#1070=CARTESIAN_POINT('Ctrl Pts',(-11.1176458180198,14.4656814036508,5.92129814447972));
#1071=CARTESIAN_POINT('Ctrl Pts',(-2.98189390200139,6.30372816066748,5.77908478646181));
#1072=CARTESIAN_POINT('Ctrl Pts',(-11.1307464815023,14.4525807401684,5.77908478646181));
#1073=CARTESIAN_POINT('Ctrl Pts',(-2.99532406684755,6.29029799582132,5.63767097650916));
#1074=CARTESIAN_POINT('Ctrl Pts',(-11.1441766463484,14.4391505753222,5.63767097650916));
#1075=CARTESIAN_POINT('Ctrl Pts',(-3.00908789213335,6.27653417053552,5.49707252391559));
#1076=CARTESIAN_POINT('Ctrl Pts',(-11.1579404716342,14.4253867500364,5.49707252391559));
#1077=CARTESIAN_POINT('Ctrl Pts',(-3.023189691539,6.26243237112987,5.35730569174551));
#1078=CARTESIAN_POINT('Ctrl Pts',(-11.1720422710399,14.4112849506307,5.35730569174551));
#1079=CARTESIAN_POINT('Ctrl Pts',(-3.03763388895225,6.24798817371662,5.21838720514446));
#1080=CARTESIAN_POINT('Ctrl Pts',(-11.1864864684531,14.3968407532175,5.21838720514446));
#1081=CARTESIAN_POINT('Ctrl Pts',(-3.05242497557318,6.23319708709568,5.08033426116497));
#1082=CARTESIAN_POINT('Ctrl Pts',(-11.2012775550741,14.3820496665966,5.08033426116497));
#1083=CARTESIAN_POINT('Ctrl Pts',(-3.06756745191241,6.21805461075646,4.94316453210808));
#1084=CARTESIAN_POINT('Ctrl Pts',(-11.2164200314133,14.3669071902573,4.94316453210808));
#1085=CARTESIAN_POINT('Ctrl Pts',(-3.08306582543525,6.20255623723362,4.80689619153011));
#1086=CARTESIAN_POINT('Ctrl Pts',(-11.2319184049361,14.3514088167345,4.80689619153011));
#1087=CARTESIAN_POINT('Ctrl Pts',(-3.0989247094912,6.18669735317767,4.67154798132274));
#1088=CARTESIAN_POINT('Ctrl Pts',(-11.2477772889921,14.3355499326785,4.67154798132274));
#1089=CARTESIAN_POINT('Ctrl Pts',(-3.11514890259662,6.17047316007225,4.53713927061079));
#1090=CARTESIAN_POINT('Ctrl Pts',(-11.2640014820975,14.3193257395731,4.53713927061079));
#1091=CARTESIAN_POINT('Ctrl Pts',(-3.13174346947792,6.15387859319095,4.403690115963));
#1092=CARTESIAN_POINT('Ctrl Pts',(-11.2805960489788,14.3027311726918,4.403690115963));
#1093=CARTESIAN_POINT('Ctrl Pts',(-3.14871383599724,6.13690822667163,4.27122132577451));
#1094=CARTESIAN_POINT('Ctrl Pts',(-11.2975664154981,14.2857608061725,4.27122132577451));
#1095=CARTESIAN_POINT('Ctrl Pts',(-3.16606583001502,6.11955623265385,4.13975450743551));
#1096=CARTESIAN_POINT('Ctrl Pts',(-11.3149184095159,14.2684088121547,4.13975450743551));
#1097=CARTESIAN_POINT('Ctrl Pts',(-3.18380560484093,6.10181645782793,4.00931207797765));
#1098=CARTESIAN_POINT('Ctrl Pts',(-11.3326581843418,14.2506690373288,4.00931207797765));
#1099=CARTESIAN_POINT('Ctrl Pts',(-3.20193958267321,6.08368247999565,3.87991727956693));
#1100=CARTESIAN_POINT('Ctrl Pts',(-11.3507921621741,14.2325350594965,3.87991727956693));
#1101=CARTESIAN_POINT('Ctrl Pts',(-3.22047439925135,6.06514766341752,3.75159419889128));
#1102=CARTESIAN_POINT('Ctrl Pts',(-11.3693269787522,14.2140002429184,3.75159419889128));
#1103=CARTESIAN_POINT('Ctrl Pts',(-3.23941682579813,6.04620523687074,3.62436777083742));
#1104=CARTESIAN_POINT('Ctrl Pts',(-11.388269405299,14.1950578163716,3.62436777083742));
#1105=CARTESIAN_POINT('Ctrl Pts',(-3.25877378183236,6.02684828083651,3.49826384047491));
#1106=CARTESIAN_POINT('Ctrl Pts',(-11.4076263613332,14.1757008603374,3.49826384047491));
#1107=CARTESIAN_POINT('Ctrl Pts',(-3.27855246701821,6.00706959565066,3.37330930167232));
#1108=CARTESIAN_POINT('Ctrl Pts',(-11.4274050465191,14.1559221751515,3.37330930167232));
#1109=CARTESIAN_POINT('Ctrl Pts',(-3.29876046675305,5.98686159591582,3.24953221716198));
#1110=CARTESIAN_POINT('Ctrl Pts',(-11.4476130462539,14.1357141754167,3.24953221716198));
#1111=CARTESIAN_POINT('Ctrl Pts',(-3.31940586049454,5.96621620217432,3.12696194474234));
#1112=CARTESIAN_POINT('Ctrl Pts',(-11.4682584399954,14.1150687816752,3.12696194474234));
#1113=CARTESIAN_POINT('Ctrl Pts',(-3.34049734900186,5.94512471366701,3.00562926444639));
#1114=CARTESIAN_POINT('Ctrl Pts',(-11.4893499285027,14.0939772931679,3.00562926444639));
#1115=CARTESIAN_POINT('Ctrl Pts',(-3.36204425618864,5.92357780648023,2.8855664839789));
#1116=CARTESIAN_POINT('Ctrl Pts',(-11.5108968356895,14.0724303859811,2.8855664839789));
#1117=CARTESIAN_POINT('Ctrl Pts',(-3.38405647770603,5.90156558496284,2.76680753300486));
#1118=CARTESIAN_POINT('Ctrl Pts',(-11.5329090572069,14.0504181644637,2.76680753300486));
#1119=CARTESIAN_POINT('Ctrl Pts',(-3.40654445045868,5.87907761221019,2.64938806357983));
#1120=CARTESIAN_POINT('Ctrl Pts',(-11.5553970299595,14.0279301917111,2.64938806357983));
#1121=CARTESIAN_POINT('Ctrl Pts',(-3.42951910534755,5.85610295732132,2.53334554248892));
#1122=CARTESIAN_POINT('Ctrl Pts',(-11.5783716848484,14.0049555368222,2.53334554248892));
#1123=CARTESIAN_POINT('Ctrl Pts',(-3.45299185081954,5.83263021184932,2.41871936358532));
#1124=CARTESIAN_POINT('Ctrl Pts',(-11.6018444303204,13.9814827913502,2.41871936358532));
#1125=CARTESIAN_POINT('Ctrl Pts',(-3.47697472261356,5.80864734005531,2.3055510849642));
#1126=CARTESIAN_POINT('Ctrl Pts',(-11.6258273021144,13.9574999195562,2.3055510849642));
#1127=CARTESIAN_POINT('Ctrl Pts',(-3.50148051688989,5.78414154577897,2.19388464836033));
#1128=CARTESIAN_POINT('Ctrl Pts',(-11.6503330963908,13.9329941252798,2.19388464836033));
#1129=CARTESIAN_POINT('Ctrl Pts',(-3.52652292611083,5.75909913655804,2.08376661316989));
#1130=CARTESIAN_POINT('Ctrl Pts',(-11.6753755056117,13.9079517160589,2.08376661316989));
#1131=CARTESIAN_POINT('Ctrl Pts',(-3.55211668304837,5.7335053796205,1.97524636478146));
#1132=CARTESIAN_POINT('Ctrl Pts',(-11.7009692625492,13.8823579591214,1.97524636478146));
#1133=CARTESIAN_POINT('Ctrl Pts',(-3.57827763622882,5.70734442644005,1.86837646310307));
#1134=CARTESIAN_POINT('Ctrl Pts',(-11.7271302157297,13.8561970059409,1.86837646310307));
#1135=CARTESIAN_POINT('Ctrl Pts',(-3.60502280286036,5.68059925980851,1.76321302221589));
#1136=CARTESIAN_POINT('Ctrl Pts',(-11.7538753823612,13.8294518393094,1.76321302221589));
#1137=CARTESIAN_POINT('Ctrl Pts',(-3.63237043262518,5.65325163004369,1.65981609502677));
#1138=CARTESIAN_POINT('Ctrl Pts',(-11.781223012126,13.8021042095446,1.65981609502677));
#1139=CARTESIAN_POINT('Ctrl Pts',(-3.66034005925408,5.62528200341479,1.55825001931695));
#1140=CARTESIAN_POINT('Ctrl Pts',(-11.809192638755,13.7741345829157,1.55825001931695));
#1141=CARTESIAN_POINT('Ctrl Pts',(-3.68895258940149,5.59666947326738,1.45858393396364));
#1142=CARTESIAN_POINT('Ctrl Pts',(-11.8378051689024,13.7455220527683,1.45858393396364));
#1143=CARTESIAN_POINT('Ctrl Pts',(-3.71823041183839,5.56739165083048,1.36089240102467));
#1144=CARTESIAN_POINT('Ctrl Pts',(-11.8670829913393,13.7162442303313,1.36089240102467));
#1145=CARTESIAN_POINT('Ctrl Pts',(-3.74819750996508,5.53742455270379,1.2652560329469));
#1146=CARTESIAN_POINT('Ctrl Pts',(-11.8970500894659,13.6862771322047,1.2652560329469));
#1147=CARTESIAN_POINT('Ctrl Pts',(-3.77887955124026,5.5067425114286,1.17176203326303));
#1148=CARTESIAN_POINT('Ctrl Pts',(-11.9277321307411,13.6555950909295,1.17176203326303));
#1149=CARTESIAN_POINT('Ctrl Pts',(-3.81030408748189,5.47531797518698,1.08050513587369));
#1150=CARTESIAN_POINT('Ctrl Pts',(-11.9591566669828,13.6241705546879,1.08050513587369));
#1151=CARTESIAN_POINT('Ctrl Pts',(-3.84250086878199,5.44312119388688,0.991588830671383));
#1152=CARTESIAN_POINT('Ctrl Pts',(-11.9913534482829,13.5919737733877,0.991588830671383));
#1153=CARTESIAN_POINT('Ctrl Pts',(-3.87550207846879,5.41011998420007,0.905126534088179));
#1154=CARTESIAN_POINT('Ctrl Pts',(-12.0243546579697,13.5589725637009,0.905126534088179));
#1155=CARTESIAN_POINT('Ctrl Pts',(-3.90934271224199,5.37627935042687,0.821242712255306));
#1156=CARTESIAN_POINT('Ctrl Pts',(-12.0581952917429,13.5251319299277,0.821242712255306));
#1157=CARTESIAN_POINT('Ctrl Pts',(-3.9440601268562,5.34156193581266,0.740074536084821));
#1158=CARTESIAN_POINT('Ctrl Pts',(-12.0929127063571,13.4904145153135,0.740074536084821));
#1159=CARTESIAN_POINT('Ctrl Pts',(-3.97969337468897,5.3059286879799,0.661773730712139));
#1160=CARTESIAN_POINT('Ctrl Pts',(-12.1285459541898,13.4547812674808,0.661773730712139));
#1161=CARTESIAN_POINT('Ctrl Pts',(-4.01628258179862,5.26933948087025,0.586508296171905));
#1162=CARTESIAN_POINT('Ctrl Pts',(-12.1651351612995,13.4181920603711,0.586508296171905));
#1163=CARTESIAN_POINT('Ctrl Pts',(-4.05386841325826,5.23175364941061,0.514464469611206));
#1164=CARTESIAN_POINT('Ctrl Pts',(-12.2027209927591,13.3806062289115,0.514464469611206));
#1165=CARTESIAN_POINT('Ctrl Pts',(-4.09249279533995,5.19312926732892,0.44584987853401));
#1166=CARTESIAN_POINT('Ctrl Pts',(-12.2413453748408,13.3419818468298,0.44584987853401));
#1167=CARTESIAN_POINT('Ctrl Pts',(-4.13219897716619,5.15342308550268,0.380896420648848));
#1168=CARTESIAN_POINT('Ctrl Pts',(-12.2810515566671,13.3022756650036,0.380896420648848));
#1169=CARTESIAN_POINT('Ctrl Pts',(-4.17303295843675,5.11258910423211,0.319863527436053));
#1170=CARTESIAN_POINT('Ctrl Pts',(-12.3218855379376,13.261441683733,0.319863527436053));
#1171=CARTESIAN_POINT('Ctrl Pts',(-4.21503645579574,5.07058560687313,0.263038802757275));
#1172=CARTESIAN_POINT('Ctrl Pts',(-12.3638890352966,13.219438186374,0.263038802757275));
#1173=CARTESIAN_POINT('Ctrl Pts',(-4.25823901895876,5.0273830437101,0.210737711111457));
#1174=CARTESIAN_POINT('Ctrl Pts',(-12.4070915984596,13.176235623211,0.210737711111457));
#1175=CARTESIAN_POINT('Ctrl Pts',(-4.30264838912261,4.98297367354626,0.163304345010497));
#1176=CARTESIAN_POINT('Ctrl Pts',(-12.4515009686235,13.1318262530471,0.163304345010497));
#1177=CARTESIAN_POINT('Ctrl Pts',(-4.34825020815161,4.93737185451726,0.12110724336375));
#1178=CARTESIAN_POINT('Ctrl Pts',(-12.4971027876525,13.0862244340181,0.12110724336375));
#1179=CARTESIAN_POINT('Ctrl Pts',(-4.39501021380497,4.8906118488639,0.0845293088956916));
#1180=CARTESIAN_POINT('Ctrl Pts',(-12.5438627933058,13.0394644283648,0.0845293088956916));
#1181=CARTESIAN_POINT('Ctrl Pts',(-4.44288107122281,4.84274099144606,0.0539650555054084));
#1182=CARTESIAN_POINT('Ctrl Pts',(-12.5917336507237,12.9915935709469,0.0539650555054084));
#1183=CARTESIAN_POINT('Ctrl Pts',(-4.4917833098697,4.79383875279917,0.0297901603544322));
#1184=CARTESIAN_POINT('Ctrl Pts',(-12.6406358893706,12.9426913323,0.0297901603544322));
#1185=CARTESIAN_POINT('Ctrl Pts',(-4.54157579299304,4.74404626967583,0.0123200749909857));
#1186=CARTESIAN_POINT('Ctrl Pts',(-12.6904283724939,12.8928988491767,0.0123200749909857));
#1187=CARTESIAN_POINT('Ctrl Pts',(-4.59202156619364,4.69360049647523,0.00176505162565037));
#1188=CARTESIAN_POINT('Ctrl Pts',(-12.7408741456945,12.8424530759761,0.00176505162565037));
#1189=CARTESIAN_POINT('Ctrl Pts',(-4.64281103133449,4.64281103133437,-0.00176398234111097));
#1190=CARTESIAN_POINT('Ctrl Pts',(-12.7916636108354,12.7916636108352,-0.00176398234111097));
#1191=CARTESIAN_POINT('Ctrl Pts',(-4.69360049647535,4.59202156619352,0.0017650516255571));
#1192=CARTESIAN_POINT('Ctrl Pts',(-12.8424530759762,12.7408741456944,0.0017650516255571));
#1193=CARTESIAN_POINT('Ctrl Pts',(-4.74404626967594,4.54157579299293,0.012320074990944));
#1194=CARTESIAN_POINT('Ctrl Pts',(-12.8928988491768,12.6904283724938,0.012320074990944));
#1195=CARTESIAN_POINT('Ctrl Pts',(-4.79383875279928,4.49178330986959,0.0297901603545047));
#1196=CARTESIAN_POINT('Ctrl Pts',(-12.9426913323002,12.6406358893705,0.0297901603545047));
#1197=CARTESIAN_POINT('Ctrl Pts',(-4.84274099144617,4.4428810712227,0.0539650555055382));
#1198=CARTESIAN_POINT('Ctrl Pts',(-12.991593570947,12.5917336507236,0.0539650555055382));
#1199=CARTESIAN_POINT('Ctrl Pts',(-4.890611848864,4.39501021380487,0.0845293088957963));
#1200=CARTESIAN_POINT('Ctrl Pts',(-13.0394644283649,12.5438627933057,0.0845293088957963));
#1201=CARTESIAN_POINT('Ctrl Pts',(-4.93737185451736,4.34825020815151,0.121107243363807));
#1202=CARTESIAN_POINT('Ctrl Pts',(-13.0862244340182,12.4971027876524,0.121107243363807));
#1203=CARTESIAN_POINT('Ctrl Pts',(-4.98297367354636,4.30264838912251,0.163304345010547));
#1204=CARTESIAN_POINT('Ctrl Pts',(-13.1318262530472,12.4515009686234,0.163304345010547));
#1205=CARTESIAN_POINT('Ctrl Pts',(-5.0273830437102,4.25823901895867,0.210737711111538));
#1206=CARTESIAN_POINT('Ctrl Pts',(-13.1762356232111,12.4070915984595,0.210737711111538));
#1207=CARTESIAN_POINT('Ctrl Pts',(-5.07058560687321,4.21503645579566,0.263038802757391));
#1208=CARTESIAN_POINT('Ctrl Pts',(-13.2194381863741,12.3638890352965,0.263038802757391));
#1209=CARTESIAN_POINT('Ctrl Pts',(-5.11258910423218,4.17303295843669,0.31986352743619));
#1210=CARTESIAN_POINT('Ctrl Pts',(-13.2614416837331,12.3218855379376,0.31986352743619));
#1211=CARTESIAN_POINT('Ctrl Pts',(-5.15342308550275,4.13219897716611,0.380896420648982));
#1212=CARTESIAN_POINT('Ctrl Pts',(-13.3022756650036,12.281051556667,0.380896420648982));
#1213=CARTESIAN_POINT('Ctrl Pts',(-5.193129267329,4.09249279533987,0.445849878534119));
#1214=CARTESIAN_POINT('Ctrl Pts',(-13.3419818468299,12.2413453748407,0.445849878534119));
#1215=CARTESIAN_POINT('Ctrl Pts',(-5.2317536494107,4.05386841325817,0.51446446961133));
#1216=CARTESIAN_POINT('Ctrl Pts',(-13.3806062289116,12.202720992759,0.51446446961133));
#1217=CARTESIAN_POINT('Ctrl Pts',(-5.26933948087033,4.01628258179854,0.586508296172034));
#1218=CARTESIAN_POINT('Ctrl Pts',(-13.4181920603712,12.1651351612994,0.586508296172034));
#1219=CARTESIAN_POINT('Ctrl Pts',(-5.30592868797997,3.97969337468889,0.661773730712287));
#1220=CARTESIAN_POINT('Ctrl Pts',(-13.4547812674808,12.1285459541898,0.661773730712287));
#1221=CARTESIAN_POINT('Ctrl Pts',(-5.34156193581272,3.94406012685615,0.740074536084932));
#1222=CARTESIAN_POINT('Ctrl Pts',(-13.4904145153136,12.092912706357,0.740074536084932));
#1223=CARTESIAN_POINT('Ctrl Pts',(-5.37627935042692,3.90934271224194,0.821242712255396));
#1224=CARTESIAN_POINT('Ctrl Pts',(-13.5251319299278,12.0581952917428,0.821242712255396));
#1225=CARTESIAN_POINT('Ctrl Pts',(-5.41011998420013,3.87550207846874,0.905126534088282));
#1226=CARTESIAN_POINT('Ctrl Pts',(-13.558972563701,12.0243546579696,0.905126534088282));
#1227=CARTESIAN_POINT('Ctrl Pts',(-5.44312119388694,3.84250086878193,0.991588830671519));
#1228=CARTESIAN_POINT('Ctrl Pts',(-13.5919737733878,11.9913534482828,0.991588830671519));
#1229=CARTESIAN_POINT('Ctrl Pts',(-5.47531797518705,3.81030408748182,1.08050513587393));
#1230=CARTESIAN_POINT('Ctrl Pts',(-13.6241705546879,11.9591566669827,1.08050513587393));
#1231=CARTESIAN_POINT('Ctrl Pts',(-5.50674251142866,3.77887955124021,1.17176203326331));
#1232=CARTESIAN_POINT('Ctrl Pts',(-13.6555950909295,11.9277321307411,1.17176203326331));
#1233=CARTESIAN_POINT('Ctrl Pts',(-5.53742455270384,3.74819750996503,1.26525603294709));
#1234=CARTESIAN_POINT('Ctrl Pts',(-13.6862771322047,11.8970500894659,1.26525603294709));
#1235=CARTESIAN_POINT('Ctrl Pts',(-5.56739165083053,3.71823041183834,1.36089240102476));
#1236=CARTESIAN_POINT('Ctrl Pts',(-13.7162442303314,11.8670829913392,1.36089240102476));
#1237=CARTESIAN_POINT('Ctrl Pts',(-5.59666947326743,3.68895258940144,1.45858393396371));
#1238=CARTESIAN_POINT('Ctrl Pts',(-13.7455220527683,11.8378051689023,1.45858393396371));
#1239=CARTESIAN_POINT('Ctrl Pts',(-5.62528200341483,3.66034005925403,1.5582500193171));
#1240=CARTESIAN_POINT('Ctrl Pts',(-13.7741345829157,11.8091926387549,1.5582500193171));
#1241=CARTESIAN_POINT('Ctrl Pts',(-5.65325163004374,3.63237043262513,1.65981609502694));
#1242=CARTESIAN_POINT('Ctrl Pts',(-13.8021042095446,11.781223012126,1.65981609502694));
#1243=CARTESIAN_POINT('Ctrl Pts',(-5.68059925980855,3.60502280286032,1.76321302221601));
#1244=CARTESIAN_POINT('Ctrl Pts',(-13.8294518393094,11.7538753823612,1.76321302221601));
#1245=CARTESIAN_POINT('Ctrl Pts',(-5.70734442644008,3.57827763622879,1.86837646310308));
#1246=CARTESIAN_POINT('Ctrl Pts',(-13.8561970059409,11.7271302157297,1.86837646310308));
#1247=CARTESIAN_POINT('Ctrl Pts',(-5.73350537962052,3.55211668304835,1.97524636478143));
#1248=CARTESIAN_POINT('Ctrl Pts',(-13.8823579591214,11.7009692625492,1.97524636478143));
#1249=CARTESIAN_POINT('Ctrl Pts',(-5.75909913655807,3.5265229261108,2.08376661316993));
#1250=CARTESIAN_POINT('Ctrl Pts',(-13.9079517160589,11.6753755056117,2.08376661316993));
#1251=CARTESIAN_POINT('Ctrl Pts',(-5.78414154577901,3.50148051688986,2.1938846483605));
#1252=CARTESIAN_POINT('Ctrl Pts',(-13.9329941252799,11.6503330963907,2.1938846483605));
#1253=CARTESIAN_POINT('Ctrl Pts',(-5.80864734005535,3.47697472261352,2.30555108496445));
#1254=CARTESIAN_POINT('Ctrl Pts',(-13.9574999195562,11.6258273021144,2.30555108496445));
#1255=CARTESIAN_POINT('Ctrl Pts',(-5.83263021184937,3.4529918508195,2.4187193635856));
#1256=CARTESIAN_POINT('Ctrl Pts',(-13.9814827913502,11.6018444303204,2.4187193635856));
#1257=CARTESIAN_POINT('Ctrl Pts',(-5.85610295732136,3.42951910534751,2.53334554248914));
#1258=CARTESIAN_POINT('Ctrl Pts',(-14.0049555368222,11.5783716848484,2.53334554248914));
#1259=CARTESIAN_POINT('Ctrl Pts',(-5.87907761221023,3.40654445045864,2.64938806357995));
#1260=CARTESIAN_POINT('Ctrl Pts',(-14.0279301917111,11.5553970299595,2.64938806357995));
#1261=CARTESIAN_POINT('Ctrl Pts',(-5.90156558496286,3.38405647770601,2.76680753300494));
#1262=CARTESIAN_POINT('Ctrl Pts',(-14.0504181644637,11.5329090572069,2.76680753300494));
#1263=CARTESIAN_POINT('Ctrl Pts',(-5.92357780648024,3.36204425618863,2.88556648397899));
#1264=CARTESIAN_POINT('Ctrl Pts',(-14.0724303859811,11.5108968356895,2.88556648397899));
#1265=CARTESIAN_POINT('Ctrl Pts',(-5.94512471366701,3.34049734900186,3.00562926444654));
#1266=CARTESIAN_POINT('Ctrl Pts',(-14.0939772931679,11.4893499285027,3.00562926444654));
#1267=CARTESIAN_POINT('Ctrl Pts',(-5.96621620217434,3.31940586049453,3.12696194474252));
#1268=CARTESIAN_POINT('Ctrl Pts',(-14.1150687816752,11.4682584399954,3.12696194474252));
#1269=CARTESIAN_POINT('Ctrl Pts',(-5.98686159591585,3.29876046675302,3.24953221716206));
#1270=CARTESIAN_POINT('Ctrl Pts',(-14.1357141754167,11.4476130462539,3.24953221716206));
#1271=CARTESIAN_POINT('Ctrl Pts',(-6.00706959565071,3.27855246701816,3.37330930167229));
#1272=CARTESIAN_POINT('Ctrl Pts',(-14.1559221751516,11.427405046519,3.37330930167229));
#1273=CARTESIAN_POINT('Ctrl Pts',(-6.02684828083658,3.25877378183229,3.49826384047486));
#1274=CARTESIAN_POINT('Ctrl Pts',(-14.1757008603375,11.4076263613332,3.49826384047486));
#1275=CARTESIAN_POINT('Ctrl Pts',(-6.0462052368708,3.23941682579807,3.62436777083752));
#1276=CARTESIAN_POINT('Ctrl Pts',(-14.1950578163717,11.3882694052989,3.62436777083752));
#1277=CARTESIAN_POINT('Ctrl Pts',(-6.06514766341755,3.22047439925131,3.75159419889147));
#1278=CARTESIAN_POINT('Ctrl Pts',(-14.2140002429184,11.3693269787522,3.75159419889147));
#1279=CARTESIAN_POINT('Ctrl Pts',(-6.08368247999565,3.20193958267322,3.87991727956696));
#1280=CARTESIAN_POINT('Ctrl Pts',(-14.2325350594965,11.3507921621741,3.87991727956696));
#1281=CARTESIAN_POINT('Ctrl Pts',(-6.10181645782789,3.18380560484097,4.00931207797729));
#1282=CARTESIAN_POINT('Ctrl Pts',(-14.2506690373288,11.3326581843418,4.00931207797729));
#1283=CARTESIAN_POINT('Ctrl Pts',(-6.11955623265379,3.16606583001508,4.13975450743479));
#1284=CARTESIAN_POINT('Ctrl Pts',(-14.2684088121547,11.3149184095159,4.13975450743479));
#1285=CARTESIAN_POINT('Ctrl Pts',(-6.13690822667159,3.14871383599727,4.2712213257738));
#1286=CARTESIAN_POINT('Ctrl Pts',(-14.2857608061725,11.2975664154981,4.2712213257738));
#1287=CARTESIAN_POINT('Ctrl Pts',(-6.15387859319096,3.13174346947791,4.40369011596281));
#1288=CARTESIAN_POINT('Ctrl Pts',(-14.3027311726918,11.2805960489788,4.40369011596281));
#1289=CARTESIAN_POINT('Ctrl Pts',(-6.17047316007228,3.11514890259658,4.53713927061134));
#1290=CARTESIAN_POINT('Ctrl Pts',(-14.3193257395732,11.2640014820975,4.53713927061134));
#1291=CARTESIAN_POINT('Ctrl Pts',(-6.18669735317771,3.09892470949116,4.67154798132381));
#1292=CARTESIAN_POINT('Ctrl Pts',(-14.3355499326786,11.247777288992,4.67154798132381));
#1293=CARTESIAN_POINT('Ctrl Pts',(-6.20255623723364,3.08306582543522,4.8068961915314));
#1294=CARTESIAN_POINT('Ctrl Pts',(-14.3514088167345,11.2319184049361,4.8068961915314));
#1295=CARTESIAN_POINT('Ctrl Pts',(-6.21805461075646,3.0675674519124,4.94316453210909));
#1296=CARTESIAN_POINT('Ctrl Pts',(-14.3669071902573,11.2164200314133,4.94316453210909));
#1297=CARTESIAN_POINT('Ctrl Pts',(-6.23319708709569,3.05242497557318,5.08033426116532));
#1298=CARTESIAN_POINT('Ctrl Pts',(-14.3820496665966,11.2012775550741,5.08033426116532));
#1299=CARTESIAN_POINT('Ctrl Pts',(-6.24798817371664,3.03763388895222,5.21838720514401));
#1300=CARTESIAN_POINT('Ctrl Pts',(-14.3968407532175,11.1864864684531,5.21838720514401));
#1301=CARTESIAN_POINT('Ctrl Pts',(-6.26243237112992,3.02318969153894,5.3573056917445));
#1302=CARTESIAN_POINT('Ctrl Pts',(-14.4112849506308,11.1720422710398,5.3573056917445));
#1303=CARTESIAN_POINT('Ctrl Pts',(-6.27653417053559,3.00908789213328,5.49707252391444));
#1304=CARTESIAN_POINT('Ctrl Pts',(-14.4253867500365,11.1579404716341,5.49707252391444));
#1305=CARTESIAN_POINT('Ctrl Pts',(-6.29029799582136,2.99532406684751,5.63767097650828));
#1306=CARTESIAN_POINT('Ctrl Pts',(-14.4391505753222,11.1441766463484,5.63767097650828));
#1307=CARTESIAN_POINT('Ctrl Pts',(-6.30372816066749,2.98189390200138,5.77908478646148));
#1308=CARTESIAN_POINT('Ctrl Pts',(-14.4525807401684,11.1307464815022,5.77908478646148));
#1309=CARTESIAN_POINT('Ctrl Pts',(-6.31682882414996,2.9687932385189,5.92129814448006));
#1310=CARTESIAN_POINT('Ctrl Pts',(-14.4656814036508,11.1176458180198,5.92129814448006));
#1311=CARTESIAN_POINT('Ctrl Pts',(-6.3296039353581,2.95601812731077,6.06429568896638));
#1312=CARTESIAN_POINT('Ctrl Pts',(-14.478456514859,11.1048707068116,6.06429568896638));
#1313=CARTESIAN_POINT('Ctrl Pts',(-6.34205722651281,2.94356483615606,6.20806248816221));
#1314=CARTESIAN_POINT('Ctrl Pts',(-14.4909098060137,11.0924174156569,6.20806248816221));
#1315=CARTESIAN_POINT('Ctrl Pts',(-6.35419226520928,2.93142979745959,6.35258400767519));
#1316=CARTESIAN_POINT('Ctrl Pts',(-14.5030448447101,11.0802823769605,6.35258400767519));
#1317=CARTESIAN_POINT('Ctrl Pts',(-6.36601249177114,2.91960957089772,6.49784608157593));
#1318=CARTESIAN_POINT('Ctrl Pts',(-14.514865071272,11.0684621503986,6.49784608157593));
#1319=CARTESIAN_POINT('Ctrl Pts',(-6.37752126162923,2.90810080103964,6.64383488258331));
#1320=CARTESIAN_POINT('Ctrl Pts',(-14.5263738411301,11.0569533805405,6.64383488258331));
#1321=CARTESIAN_POINT('Ctrl Pts',(-6.38872188799152,2.89690017467735,6.79053689137598));
#1322=CARTESIAN_POINT('Ctrl Pts',(-14.5375744674924,11.0457527541782,6.79053689137598));
#1323=CARTESIAN_POINT('Ctrl Pts',(-6.39961767715517,2.88600438551369,6.93793887004305));
#1324=CARTESIAN_POINT('Ctrl Pts',(-14.548470256656,11.0348569650146,6.93793887004305));
#1325=CARTESIAN_POINT('Ctrl Pts',(-6.410211910522,2.87541015214686,7.0860278631877));
#1326=CARTESIAN_POINT('Ctrl Pts',(-14.5590644900229,11.0242627316477,7.0860278631877));
#1327=CARTESIAN_POINT('Ctrl Pts',(-6.42050783299612,2.86511422967274,7.23479119571102));
#1328=CARTESIAN_POINT('Ctrl Pts',(-14.569360412497,11.0139668091736,7.23479119571102));
#1329=CARTESIAN_POINT('Ctrl Pts',(-6.43050863847672,2.85511342419215,7.38421647221831));
#1330=CARTESIAN_POINT('Ctrl Pts',(-14.5793612179776,11.003966003693,7.38421647221831));
#1331=CARTESIAN_POINT('Ctrl Pts',(-6.44021745758321,2.84540460508566,7.53429157496683));
#1332=CARTESIAN_POINT('Ctrl Pts',(-14.5890700370841,10.9942571845865,7.53429157496683));
#1333=CARTESIAN_POINT('Ctrl Pts',(-6.44963734187293,2.83598472079594,7.68500466441662));
#1334=CARTESIAN_POINT('Ctrl Pts',(-14.5984899213738,10.9848373002968,7.68500466441662));
#1335=CARTESIAN_POINT('Ctrl Pts',(-6.45877126445768,2.82685079821118,7.8363441671672));
#1336=CARTESIAN_POINT('Ctrl Pts',(-14.6076238439586,10.9757033777121,7.8363441671672));
#1337=CARTESIAN_POINT('Ctrl Pts',(-6.46762212683295,2.81799993583592,7.98829875914383));
#1338=CARTESIAN_POINT('Ctrl Pts',(-14.6164747063338,10.9668525153368,7.98829875914383));
#1339=CARTESIAN_POINT('Ctrl Pts',(-6.47619276367895,2.80942929898992,8.14085735022498));
#1340=CARTESIAN_POINT('Ctrl Pts',(-14.6250453431798,10.9582818784908,8.14085735022498));
#1341=CARTESIAN_POINT('Ctrl Pts',(-6.48448594854193,2.80113611412694,8.29400906849928));
#1342=CARTESIAN_POINT('Ctrl Pts',(-14.6333385280428,10.9499886936278,8.29400906849928));
#1343=CARTESIAN_POINT('Ctrl Pts',(-6.49250439905151,2.79311766361736,8.44774324414582));
#1344=CARTESIAN_POINT('Ctrl Pts',(-14.6413569785524,10.9419702431182,8.44774324414582));
#1345=CARTESIAN_POINT('Ctrl Pts',(-6.50025078259675,2.78537128007212,8.60204939508224));
#1346=CARTESIAN_POINT('Ctrl Pts',(-14.6491033620976,10.934223859573,8.60204939508224));
#1347=CARTESIAN_POINT('Ctrl Pts',(-6.50772772387507,2.77789433879379,8.75691722345272));
#1348=CARTESIAN_POINT('Ctrl Pts',(-14.6565803033759,10.9267469182947,8.75691722345272));
#1349=CARTESIAN_POINT('Ctrl Pts',(-6.51493781210759,2.77068425056128,8.91233661078466));
#1350=CARTESIAN_POINT('Ctrl Pts',(-14.6637903916085,10.9195368300621,8.91233661078466));
#1351=CARTESIAN_POINT('Ctrl Pts',(-6.52188360864938,2.76373845401948,9.06829761371836));
#1352=CARTESIAN_POINT('Ctrl Pts',(-14.6707361881503,10.9125910335203,9.06829761371836));
#1353=CARTESIAN_POINT('Ctrl Pts',(-6.52856765381867,2.7570544088502,9.22479045936928));
#1354=CARTESIAN_POINT('Ctrl Pts',(-14.6774202333195,10.9059069883511,9.22479045936928));
#1355=CARTESIAN_POINT('Ctrl Pts',(-6.53499247557292,2.75062958709595,9.38180554116188));
#1356=CARTESIAN_POINT('Ctrl Pts',(-14.6838450550738,10.8994821665968,9.38180554116188));
#1357=CARTESIAN_POINT('Ctrl Pts',(-6.54116059143831,2.74446147123055,9.53933341323187));
#1358=CARTESIAN_POINT('Ctrl Pts',(-14.6900131709392,10.8933140507314,9.53933341323187));
#1359=CARTESIAN_POINT('Ctrl Pts',(-6.54707450356667,2.7385475591022,9.69736478339276));
#1360=CARTESIAN_POINT('Ctrl Pts',(-14.6959270830675,10.8874001386031,9.69736478339276));
#1361=CARTESIAN_POINT('Ctrl Pts',(-6.55273669567856,2.7328853669903,9.85589050654345));
#1362=CARTESIAN_POINT('Ctrl Pts',(-14.7015892751794,10.8817379464912,9.85589050654345));
#1363=CARTESIAN_POINT('Ctrl Pts',(-6.55814962916509,2.72747243350378,10.0149015777786));
#1364=CARTESIAN_POINT('Ctrl Pts',(-14.707002208666,10.8763250130047,10.0149015777786));
#1365=CARTESIAN_POINT('Ctrl Pts',(-6.56331573971463,2.72230632295424,10.1743891259056));
#1366=CARTESIAN_POINT('Ctrl Pts',(-14.7121683192155,10.8711589024551,10.1743891259056));
#1367=CARTESIAN_POINT('Ctrl Pts',(-6.56823743329021,2.71738462937866,10.3343444060754));
#1368=CARTESIAN_POINT('Ctrl Pts',(-14.7170900127911,10.8662372088795,10.3343444060754));
#1369=CARTESIAN_POINT('Ctrl Pts',(-6.57291708499619,2.71270497767268,10.4947587972241));
#1370=CARTESIAN_POINT('Ctrl Pts',(-14.7217696644971,10.8615575571735,10.4947587972241));
#1371=CARTESIAN_POINT('Ctrl Pts',(-6.57735703887803,2.70826502379084,10.6556238011949));
#1372=CARTESIAN_POINT('Ctrl Pts',(-14.7262096183789,10.8571176032917,10.6556238011949));
#1373=CARTESIAN_POINT('Ctrl Pts',(-6.58155960746192,2.70406245520695,10.8169310412852));
#1374=CARTESIAN_POINT('Ctrl Pts',(-14.7304121869628,10.8529150347078,10.8169310412852));
#1375=CARTESIAN_POINT('Ctrl Pts',(-6.58552707130303,2.70009499136584,10.978672261087));
#1376=CARTESIAN_POINT('Ctrl Pts',(-14.7343796508039,10.8489475708667,10.978672261087));
#1377=CARTESIAN_POINT('Ctrl Pts',(-6.58926167876323,2.69636038390564,11.1408393230819));
#1378=CARTESIAN_POINT('Ctrl Pts',(-14.7381142582641,10.8452129634065,11.1408393230819));
#1379=CARTESIAN_POINT('Ctrl Pts',(-6.59276564506728,2.69285641760159,11.3034242076666));
#1380=CARTESIAN_POINT('Ctrl Pts',(-14.7416182245681,10.8417089971025,11.3034242076666));
#1381=CARTESIAN_POINT('Ctrl Pts',(-6.59604115908519,2.68958090358368,11.4664190081486));
#1382=CARTESIAN_POINT('Ctrl Pts',(-14.7448937385861,10.8384334830846,11.4664190081486));
#1383=CARTESIAN_POINT('Ctrl Pts',(-6.59909039116189,2.68653167150698,11.6298159252162));
#1384=CARTESIAN_POINT('Ctrl Pts',(-14.7479429706628,10.8353842510078,11.6298159252162));
#1385=CARTESIAN_POINT('Ctrl Pts',(-6.60191550052417,2.6837065621447,11.7936072616092));
#1386=CARTESIAN_POINT('Ctrl Pts',(-14.750768080025,10.8325591416456,11.7936072616092));
#1387=CARTESIAN_POINT('Ctrl Pts',(-6.60451864298117,2.6811034196877,11.9577854166754));
#1388=CARTESIAN_POINT('Ctrl Pts',(-14.753371222482,10.8299559991886,11.9577854166754));
#1389=CARTESIAN_POINT('Ctrl Pts',(-6.60690197822735,2.67872008444153,12.1223428810508));
#1390=CARTESIAN_POINT('Ctrl Pts',(-14.7557545577282,10.8275726639424,12.1223428810508));
#1391=CARTESIAN_POINT('Ctrl Pts',(-6.60906767805348,2.67655438461539,12.2872722310882));
#1392=CARTESIAN_POINT('Ctrl Pts',(-14.7579202575544,10.8254069641163,12.2872722310882));
#1393=CARTESIAN_POINT('Ctrl Pts',(-6.61101791864136,2.67460414402751,12.4525661275936));
#1394=CARTESIAN_POINT('Ctrl Pts',(-14.7598704981422,10.8234567235284,12.4525661275936));
#1395=CARTESIAN_POINT('Ctrl Pts',(-6.61275487178762,2.67286719088125,12.6182173148505));
#1396=CARTESIAN_POINT('Ctrl Pts',(-14.7616074512885,10.8217197703821,12.6182173148505));
#1397=CARTESIAN_POINT('Ctrl Pts',(-6.61428069658047,2.6713413660884,12.784218619525));
#1398=CARTESIAN_POINT('Ctrl Pts',(-14.7631332760813,10.8201939455893,12.784218619525));
#1399=CARTESIAN_POINT('Ctrl Pts',(-6.61559753073846,2.67002453193041,12.9505629496591));
#1400=CARTESIAN_POINT('Ctrl Pts',(-14.7644501102393,10.8188771114313,12.9505629496591));
#1401=CARTESIAN_POINT('Ctrl Pts',(-6.61670748243932,2.66891458022955,13.11724329354));
#1402=CARTESIAN_POINT('Ctrl Pts',(-14.7655600619402,10.8177671597304,13.11724329354));
#1403=CARTESIAN_POINT('Ctrl Pts',(-6.61761262100781,2.66800944166106,13.2842527188587));
#1404=CARTESIAN_POINT('Ctrl Pts',(-14.7664652005087,10.8168620211619,13.2842527188587));
#1405=CARTESIAN_POINT('Ctrl Pts',(-6.61831498328876,2.6673070793801,13.4515843678637));
#1406=CARTESIAN_POINT('Ctrl Pts',(-14.7671675627896,10.816159658881,13.4515843678637));
#1407=CARTESIAN_POINT('Ctrl Pts',(-6.61881658144942,2.66680548121944,13.6192314521281));
#1408=CARTESIAN_POINT('Ctrl Pts',(-14.7676691609503,10.8156580607203,13.6192314521281));
#1409=CARTESIAN_POINT('Ctrl Pts',(-6.61911941017683,2.66650265249204,13.787187247521));
#1410=CARTESIAN_POINT('Ctrl Pts',(-14.7679719896777,10.8153552319929,13.787187247521));
#1411=CARTESIAN_POINT('Ctrl Pts',(-6.61922545433617,2.6663966083327,13.9554450889489));
#1412=CARTESIAN_POINT('Ctrl Pts',(-14.768078033837,10.8152491878336,13.9554450889489));
#1413=CARTESIAN_POINT('Ctrl Pts',(-6.6191366959487,2.66648536672016,14.1239983655344));
#1414=CARTESIAN_POINT('Ctrl Pts',(-14.7679892754496,10.815337946221,14.1239983655344));
#1415=CARTESIAN_POINT('Ctrl Pts',(-6.61885512272986,2.66676693993901,14.2928405147203));
#1416=CARTESIAN_POINT('Ctrl Pts',(-14.7677077022307,10.8156195194399,14.2928405147203));
#1417=CARTESIAN_POINT('Ctrl Pts',(-6.61838272503246,2.66723933763641,14.4619650244925));
#1418=CARTESIAN_POINT('Ctrl Pts',(-14.7672353045333,10.8160919171373,14.4619650244925));
#1419=CARTESIAN_POINT('Ctrl Pts',(-6.61772149036414,2.66790057230473,14.6313654373236));
#1420=CARTESIAN_POINT('Ctrl Pts',(-14.766574069865,10.8167531518056,14.6313654373236));
#1421=CARTESIAN_POINT('Ctrl Pts',(-6.61687339884558,2.66874866382329,14.8010353534169));
#1422=CARTESIAN_POINT('Ctrl Pts',(-14.7657259783465,10.8176012433242,14.8010353534169));
#1423=CARTESIAN_POINT('Ctrl Pts',(-6.61584041804208,2.66978164462678,14.9709684344842));
#1424=CARTESIAN_POINT('Ctrl Pts',(-14.764692997543,10.8186342241277,14.9709684344842));
#1425=CARTESIAN_POINT('Ctrl Pts',(-6.61462449860461,2.67099756406426,15.1411584067365));
#1426=CARTESIAN_POINT('Ctrl Pts',(-14.7634770781055,10.8198501435651,15.1411584067365));
#1427=CARTESIAN_POINT('Ctrl Pts',(-6.6132275681905,2.67239449447836,15.3115990656314));
#1428=CARTESIAN_POINT('Ctrl Pts',(-14.7620801476914,10.8212470739792,15.3115990656314));
#1429=CARTESIAN_POINT('Ctrl Pts',(-6.61165153330292,2.67397052936595,15.4822842724586));
#1430=CARTESIAN_POINT('Ctrl Pts',(-14.7605041128038,10.8228231088668,15.4822842724586));
#1431=CARTESIAN_POINT('Ctrl Pts',(-6.60989828503152,2.67572377763734,15.6532079469153));
#1432=CARTESIAN_POINT('Ctrl Pts',(-14.7587508645324,10.8245763571382,15.6532079469153));
#1433=CARTESIAN_POINT('Ctrl Pts',(-6.60796970345488,2.67765235921399,15.8243640610265));
#1434=CARTESIAN_POINT('Ctrl Pts',(-14.7568222829557,10.8265049387149,15.8243640610265));
#1435=CARTESIAN_POINT('Ctrl Pts',(-6.60586766284387,2.67975439982499,15.9957466323249));
#1436=CARTESIAN_POINT('Ctrl Pts',(-14.7547202423447,10.8286069793259,15.9957466323249));
#1437=CARTESIAN_POINT('Ctrl Pts',(-6.6035940359527,2.68202802671617,16.1673497177725));
#1438=CARTESIAN_POINT('Ctrl Pts',(-14.7524466154536,10.830880606217,16.1673497177725));
#1439=CARTESIAN_POINT('Ctrl Pts',(-6.60115070009986,2.684471362569,16.3391674063246));
#1440=CARTESIAN_POINT('Ctrl Pts',(-14.7500032796007,10.8333239420699,16.3391674063246));
#1441=CARTESIAN_POINT('Ctrl Pts',(-6.59853953724336,2.68708252542551,16.5111938159679));
#1442=CARTESIAN_POINT('Ctrl Pts',(-14.7473921167442,10.8359351049264,16.5111938159679));
#1443=CARTESIAN_POINT('Ctrl Pts',(-6.5957624267797,2.68985963588916,16.683423096144));
#1444=CARTESIAN_POINT('Ctrl Pts',(-14.7446150062806,10.83871221539,16.683423096144));
#1445=CARTESIAN_POINT('Ctrl Pts',(-6.59282124025556,2.69280082241331,16.8558494287813));
#1446=CARTESIAN_POINT('Ctrl Pts',(-14.7416738197564,10.8416534019142,16.8558494287813));
#1447=CARTESIAN_POINT('Ctrl Pts',(-6.58971783518707,2.6959042274818,17.028467029927));
#1448=CARTESIAN_POINT('Ctrl Pts',(-14.7385704146879,10.8447568069827,17.028467029927));
#1449=CARTESIAN_POINT('Ctrl Pts',(-6.5864540495267,2.69916801314217,17.2012701510442));
#1450=CARTESIAN_POINT('Ctrl Pts',(-14.7353066290276,10.848020592643,17.2012701510442));
#1451=CARTESIAN_POINT('Ctrl Pts',(-6.58303169521588,2.70259036745299,17.3742530806407));
#1452=CARTESIAN_POINT('Ctrl Pts',(-14.7318842747167,10.8514429469539,17.3742530806407));
#1453=CARTESIAN_POINT('Ctrl Pts',(-6.57945255405721,2.70616950861166,17.5474101451879));
#1454=CARTESIAN_POINT('Ctrl Pts',(-14.7283051335581,10.8550220881125,17.5474101451879));
#1455=CARTESIAN_POINT('Ctrl Pts',(-6.57571838356868,2.70990367910019,17.7207357071063));
#1456=CARTESIAN_POINT('Ctrl Pts',(-14.7245709630696,10.8587562586011,17.7207357071063));
#1457=CARTESIAN_POINT('Ctrl Pts',(-6.57183092146126,2.7137911412076,17.894224163155));
#1458=CARTESIAN_POINT('Ctrl Pts',(-14.7206835009621,10.8626437207085,17.894224163155));
#1459=CARTESIAN_POINT('Ctrl Pts',(-6.56779189062323,2.71783017204563,18.067869942667));
#1460=CARTESIAN_POINT('Ctrl Pts',(-14.7166444701241,10.8666827515465,18.067869942667));
#1461=CARTESIAN_POINT('Ctrl Pts',(-6.5636030039543,2.72201905871457,18.2416675058462));
#1462=CARTESIAN_POINT('Ctrl Pts',(-14.7124555834552,10.8708716382154,18.2416675058462));
#1463=CARTESIAN_POINT('Ctrl Pts',(-6.5592659691095,2.72635609355937,18.4156113420479));
#1464=CARTESIAN_POINT('Ctrl Pts',(-14.7081185486104,10.8752086730602,18.4156113420479));
#1465=CARTESIAN_POINT('Ctrl Pts',(-6.55478249369616,2.7308395689727,18.5896959680401));
#1466=CARTESIAN_POINT('Ctrl Pts',(-14.703635073197,10.8796921484736,18.5896959680401));
#1467=CARTESIAN_POINT('Ctrl Pts',(-6.5501542847133,2.73546777795557,18.7639159266311));
#1468=CARTESIAN_POINT('Ctrl Pts',(-14.6990068642142,10.8843203574564,18.7639159266311));
#1469=CARTESIAN_POINT('Ctrl Pts',(-6.54538304734586,2.74023901532301,18.9382657853363));
#1470=CARTESIAN_POINT('Ctrl Pts',(-14.6942356268467,10.8890915948239,18.9382657853363));
#1471=CARTESIAN_POINT('Ctrl Pts',(-6.54047048397676,2.74515157869211,19.1127401350411));
#1472=CARTESIAN_POINT('Ctrl Pts',(-14.6893230634776,10.894004158193,19.1127401350411));
#1473=CARTESIAN_POINT('Ctrl Pts',(-6.53541829313647,2.7502037695324,19.2873335886432));
#1474=CARTESIAN_POINT('Ctrl Pts',(-14.6842708726373,10.8990563490333,19.2873335886432));
#1475=CARTESIAN_POINT('Ctrl Pts',(-6.53022816841106,2.75539389425781,19.4620407797571));
#1476=CARTESIAN_POINT('Ctrl Pts',(-14.6790807479119,10.9042464737587,19.4620407797571));
#1477=CARTESIAN_POINT('Ctrl Pts',(-6.52490179753903,2.76072026512983,19.6368563612602));
#1478=CARTESIAN_POINT('Ctrl Pts',(-14.6737543770399,10.9095728446307,19.6368563612602));
#1479=CARTESIAN_POINT('Ctrl Pts',(-6.5194408606924,2.76618120197647,19.8117750044682));
#1480=CARTESIAN_POINT('Ctrl Pts',(-14.6682934401933,10.9150337814773,19.8117750044682));
#1481=CARTESIAN_POINT('Ctrl Pts',(-6.51384702809071,2.77177503457816,19.9867913988036));
#1482=CARTESIAN_POINT('Ctrl Pts',(-14.6626996075916,10.920627614079,19.9867913988036));
#1483=CARTESIAN_POINT('Ctrl Pts',(-6.50812195782999,2.77750010483888,20.1619002513235));
#1484=CARTESIAN_POINT('Ctrl Pts',(-14.6569745373309,10.9263526843398,20.1619002513235));
#1485=CARTESIAN_POINT('Ctrl Pts',(-6.50226729357405,2.78335476909481,20.337096286303));
#1486=CARTESIAN_POINT('Ctrl Pts',(-14.6511198730749,10.9322073485957,20.337096286303));
#1487=CARTESIAN_POINT('Ctrl Pts',(-6.49628466241825,2.78933740025062,20.5123742448019));
#1488=CARTESIAN_POINT('Ctrl Pts',(-14.6451372419191,10.9381899797515,20.5123742448019));
#1489=CARTESIAN_POINT('Ctrl Pts',(-6.49017567240716,2.79544639026171,20.6877288842216));
#1490=CARTESIAN_POINT('Ctrl Pts',(-14.639028251908,10.9442989697626,20.6877288842216));
#1491=CARTESIAN_POINT('Ctrl Pts',(-6.48394191102492,2.80168015164395,20.8631549779185));
#1492=CARTESIAN_POINT('Ctrl Pts',(-14.6327944905258,10.9505327311448,20.8631549779185));
#1493=CARTESIAN_POINT('Ctrl Pts',(-6.47758494793122,2.80803711473765,21.0386473150779));
#1494=CARTESIAN_POINT('Ctrl Pts',(-14.6264375274321,10.9568896942385,21.0386473150779));
#1495=CARTESIAN_POINT('Ctrl Pts',(-6.47110633711138,2.81451572555749,21.2142007005611));
#1496=CARTESIAN_POINT('Ctrl Pts',(-14.6199589166122,10.9633683050584,21.2142007005611));
#1497=CARTESIAN_POINT('Ctrl Pts',(-6.46450761923343,2.82111444343544,21.3898099547391));
#1498=CARTESIAN_POINT('Ctrl Pts',(-14.6133601987343,10.9699670229363,21.3898099547391));
#1499=CARTESIAN_POINT('Ctrl Pts',(-6.45779032396488,2.82783173870399,21.5654699133891));
#1500=CARTESIAN_POINT('Ctrl Pts',(-14.6066429034657,10.9766843182049,21.5654699133891));
#1501=CARTESIAN_POINT('Ctrl Pts',(-6.45095597219418,2.83466609047469,21.7411754274296));
#1502=CARTESIAN_POINT('Ctrl Pts',(-14.5998085516951,10.9835186699756,21.7411754274296));
#1503=CARTESIAN_POINT('Ctrl Pts',(-6.44400607858807,2.8416159840808,21.9169213630782));
#1504=CARTESIAN_POINT('Ctrl Pts',(-14.5928586580889,10.9904685635817,21.9169213630782));
#1505=CARTESIAN_POINT('Ctrl Pts',(-6.43694215156294,2.84867991110593,22.0927025988773));
#1506=CARTESIAN_POINT('Ctrl Pts',(-14.5857947310638,10.9975324906068,22.0927025988773));
#1507=CARTESIAN_POINT('Ctrl Pts',(-6.4297656926985,2.85585636997037,22.2685140220134));
#1508=CARTESIAN_POINT('Ctrl Pts',(-14.5786182721994,11.0047089494712,22.2685140220134));
#1509=CARTESIAN_POINT('Ctrl Pts',(-6.42247819633333,2.86314386633553,22.444350524935));
#1510=CARTESIAN_POINT('Ctrl Pts',(-14.5713307758342,11.0119964458364,22.444350524935));
#1511=CARTESIAN_POINT('Ctrl Pts',(-6.41508114910701,2.87054091356186,22.6202070017203));
#1512=CARTESIAN_POINT('Ctrl Pts',(-14.5639337286079,11.0193934930627,22.6202070017203));
#1513=CARTESIAN_POINT('Ctrl Pts',(-6.40757602947184,2.87804603319703,22.7960783448421));
#1514=CARTESIAN_POINT('Ctrl Pts',(-14.5564286089727,11.0268986126979,22.7960783448421));
#1515=CARTESIAN_POINT('Ctrl Pts',(-6.39996430734811,2.88565775532076,22.9719594410526));
#1516=CARTESIAN_POINT('Ctrl Pts',(-14.548816886849,11.0345103348216,22.9719594410526));
#1517=CARTESIAN_POINT('Ctrl Pts',(-6.39224744324656,2.89337461942231,23.1478451702084));
#1518=CARTESIAN_POINT('Ctrl Pts',(-14.5411000227474,11.0422271989232,23.1478451702084));
#1519=CARTESIAN_POINT('Ctrl Pts',(-6.38442688662682,2.90119517604205,23.3237304082222));
#1520=CARTESIAN_POINT('Ctrl Pts',(-14.5332794661277,11.0500477555429,23.3237304082222));
#1521=CARTESIAN_POINT('Ctrl Pts',(-6.37650407444532,2.90911798822354,23.4996100290081));
#1522=CARTESIAN_POINT('Ctrl Pts',(-14.5253566539462,11.0579705677244,23.4996100290081));
#1523=CARTESIAN_POINT('Ctrl Pts',(-6.36848042962067,2.9171416330482,23.6754789068365));
#1524=CARTESIAN_POINT('Ctrl Pts',(-14.5173330091215,11.0659942125491,23.6754789068365));
#1525=CARTESIAN_POINT('Ctrl Pts',(-6.36035735954735,2.92526470312152,23.8513319185085));
#1526=CARTESIAN_POINT('Ctrl Pts',(-14.5092099390482,11.0741172826224,23.8513319185085));
#1527=CARTESIAN_POINT('Ctrl Pts',(-6.35213625455747,2.9334858081114,24.02716394562));
#1528=CARTESIAN_POINT('Ctrl Pts',(-14.5009888340583,11.0823383876123,24.02716394562));
#1529=CARTESIAN_POINT('Ctrl Pts',(-6.34381848649007,2.9418035761788,24.2029698767519));
#1530=CARTESIAN_POINT('Ctrl Pts',(-14.4926710659909,11.0906561556797,24.2029698767519));
#1531=CARTESIAN_POINT('Ctrl Pts',(-6.33540541209883,2.95021665057004,24.3787446070933));
#1532=CARTESIAN_POINT('Ctrl Pts',(-14.4842579915997,11.0990692300709,24.3787446070933));
#1533=CARTESIAN_POINT('Ctrl Pts',(-6.3268983764144,2.95872368625447,24.5544830381459));
#1534=CARTESIAN_POINT('Ctrl Pts',(-14.4757509559153,11.1075762657553,24.5544830381459));
#1535=CARTESIAN_POINT('Ctrl Pts',(-6.31829871604008,2.96732334662879,24.7301800773219));
#1536=CARTESIAN_POINT('Ctrl Pts',(-14.467151295541,11.1161759261297,24.7301800773219));
#1537=CARTESIAN_POINT('Ctrl Pts',(-6.30960776266466,2.97601430000421,24.9058306377596));
#1538=CARTESIAN_POINT('Ctrl Pts',(-14.4584603421655,11.1248668795051,24.9058306377596));
#1539=CARTESIAN_POINT('Ctrl Pts',(-6.3008268460405,2.98479521662837,25.081429637643));
#1540=CARTESIAN_POINT('Ctrl Pts',(-14.4496794255414,11.1336477961292,25.081429637643));
#1541=CARTESIAN_POINT('Ctrl Pts',(-6.29195729830453,2.99366476436434,25.2569720007499));
#1542=CARTESIAN_POINT('Ctrl Pts',(-14.4408098778054,11.1425173438652,25.2569720007499));
#1543=CARTESIAN_POINT('Ctrl Pts',(-6.2830004523638,3.00262161030507,25.432452651571));
#1544=CARTESIAN_POINT('Ctrl Pts',(-14.4318530318647,11.1514741898059,25.432452651571));
#1545=CARTESIAN_POINT('Ctrl Pts',(-6.27395763677908,3.01166442588978,25.6078665071866));
#1546=CARTESIAN_POINT('Ctrl Pts',(-14.42281021628,11.1605170053907,25.6078665071866));
#1547=CARTESIAN_POINT('Ctrl Pts',(-6.26483017176795,3.02079189090091,25.7832084702431));
#1548=CARTESIAN_POINT('Ctrl Pts',(-14.4136827512688,11.1696444704018,25.7832084702431));
#1549=CARTESIAN_POINT('Ctrl Pts',(-6.25561936463583,3.03000269803304,25.9584734212328));
#1550=CARTESIAN_POINT('Ctrl Pts',(-14.4044719441367,11.1788552775339,25.9584734212328));
#1551=CARTESIAN_POINT('Ctrl Pts',(-6.24632650570324,3.03929555696563,26.1336562116307));
#1552=CARTESIAN_POINT('Ctrl Pts',(-14.3951790852041,11.1881481364665,26.1336562116307));
#1553=CARTESIAN_POINT('Ctrl Pts',(-6.2369528634165,3.04866919925237,26.3087516553212));
#1554=CARTESIAN_POINT('Ctrl Pts',(-14.3858054429174,11.1975217787532,26.3087516553212));
#1555=CARTESIAN_POINT('Ctrl Pts',(-6.2274996816891,3.05812238097977,26.4837545249401));
#1556=CARTESIAN_POINT('Ctrl Pts',(-14.37635226119,11.2069749604806,26.4837545249401));
#1557=CARTESIAN_POINT('Ctrl Pts',(-6.21796818456661,3.06765387810225,26.6586595644879));
#1558=CARTESIAN_POINT('Ctrl Pts',(-14.3668207640675,11.2165064576031,26.6586595644879));
#1559=CARTESIAN_POINT('Ctrl Pts',(-6.20835957969895,3.07726248296992,26.8334614993228));
#1560=CARTESIAN_POINT('Ctrl Pts',(-14.3572121591998,11.2261150624708,26.8334614993228));
#1561=CARTESIAN_POINT('Ctrl Pts',(-6.19867506225217,3.0869470004167,27.0081550470481));
#1562=CARTESIAN_POINT('Ctrl Pts',(-14.347527641753,11.2357995799176,27.0081550470481));
#1563=CARTESIAN_POINT('Ctrl Pts',(-6.18891581869845,3.09670624397042,27.1827349283258));
#1564=CARTESIAN_POINT('Ctrl Pts',(-14.3377683981993,11.2455588234713,27.1827349283258));
#1565=CARTESIAN_POINT('Ctrl Pts',(-6.17908303050367,3.10653903216519,27.3571958769985));
#1566=CARTESIAN_POINT('Ctrl Pts',(-14.3279356100045,11.2553916116661,27.3571958769985));
#1567=CARTESIAN_POINT('Ctrl Pts',(-6.16917787827092,3.11644418439795,27.5315326524362));
#1568=CARTESIAN_POINT('Ctrl Pts',(-14.3180304577718,11.2652967638988,27.5315326524362));
#1569=CARTESIAN_POINT('Ctrl Pts',(-6.15920154095712,3.12642052171175,27.7057400286632));
#1570=CARTESIAN_POINT('Ctrl Pts',(-14.308054120458,11.2752731012126,27.7057400286632));
#1571=CARTESIAN_POINT('Ctrl Pts',(-6.1491551943999,3.13646686826897,27.8798127801511));
#1572=CARTESIAN_POINT('Ctrl Pts',(-14.2980077739008,11.2853194477698,27.8798127801511));
#1573=CARTESIAN_POINT('Ctrl Pts',(-6.13904001009899,3.14658205256989,28.0537456690389));
#1574=CARTESIAN_POINT('Ctrl Pts',(-14.2878925895999,11.2954346320708,28.0537456690389));
#1575=CARTESIAN_POINT('Ctrl Pts',(-6.12885715386761,3.15676490880126,28.2275334311943));
#1576=CARTESIAN_POINT('Ctrl Pts',(-14.2777097333685,11.3056174883021,28.2275334311943));
#1577=CARTESIAN_POINT('Ctrl Pts',(-6.11860778459253,3.16701427807634,28.4011707640727));
#1578=CARTESIAN_POINT('Ctrl Pts',(-14.2674603640934,11.3158668575772,28.4011707640727));
#1579=CARTESIAN_POINT('Ctrl Pts',(-6.1082930528166,3.17732900985227,28.574652310576));
#1580=CARTESIAN_POINT('Ctrl Pts',(-14.2571456323175,11.3261815893531,28.574652310576));
#1581=CARTESIAN_POINT('Ctrl Pts',(-6.09791409993125,3.18770796273762,28.7479726578818));
#1582=CARTESIAN_POINT('Ctrl Pts',(-14.2467666794321,11.3365605422385,28.7479726578818));
#1583=CARTESIAN_POINT('Ctrl Pts',(-6.08747205788871,3.19815000478016,28.9211263496217));
#1584=CARTESIAN_POINT('Ctrl Pts',(-14.2363246373896,11.347002584281,28.9211263496217));
#1585=CARTESIAN_POINT('Ctrl Pts',(-6.07696804878801,3.20865401388086,29.094107894225));
#1586=CARTESIAN_POINT('Ctrl Pts',(-14.2258206282889,11.3575065933817,29.094107894225));
#1587=CARTESIAN_POINT('Ctrl Pts',(-6.0664031844723,3.21921887819656,29.2669117750697));
#1588=CARTESIAN_POINT('Ctrl Pts',(-14.2152557639732,11.3680714576974,29.2669117750697));
#1589=CARTESIAN_POINT('Ctrl Pts',(-6.05577856621422,3.22984349645464,29.4395324593138));
#1590=CARTESIAN_POINT('Ctrl Pts',(-14.2046311457151,11.3786960759555,29.4395324593138));
#1591=CARTESIAN_POINT('Ctrl Pts',(-6.04509528414037,3.2405267785285,29.6119644086007));
#1592=CARTESIAN_POINT('Ctrl Pts',(-14.1939478636412,11.3893793580294,29.6119644086007));
#1593=CARTESIAN_POINT('Ctrl Pts',(-6.03435441745255,3.25126764521631,29.7842020849434));
#1594=CARTESIAN_POINT('Ctrl Pts',(-14.1832069969534,11.4001202247172,29.7842020849434));
#1595=CARTESIAN_POINT('Ctrl Pts',(-6.02355703771294,3.26206502495593,29.9562399386544));
#1596=CARTESIAN_POINT('Ctrl Pts',(-14.1724096172138,11.4109176044568,29.9562399386544));
#1597=CARTESIAN_POINT('Ctrl Pts',(-6.01270421167095,3.27291785099793,30.1280723989872));
#1598=CARTESIAN_POINT('Ctrl Pts',(-14.1615567911718,11.4217704304988,30.1280723989872));
#1599=CARTESIAN_POINT('Ctrl Pts',(-6.00179700424685,3.28382505842203,30.2996938637615));
#1600=CARTESIAN_POINT('Ctrl Pts',(-14.1506495837477,11.4326776379229,30.2996938637615));
#1601=CARTESIAN_POINT('Ctrl Pts',(-5.99083648150017,3.2947855811687,30.4710986893183));
#1602=CARTESIAN_POINT('Ctrl Pts',(-14.139689061001,11.4436381606696,30.4710986893183));
#1603=CARTESIAN_POINT('Ctrl Pts',(-5.97982371348306,3.30579834918581,30.6422811805759));
#1604=CARTESIAN_POINT('Ctrl Pts',(-14.1286762929839,11.4546509286867,30.6422811805759));
#1605=CARTESIAN_POINT('Ctrl Pts',(-5.96875977747615,3.31686228519272,30.813235580379));
#1606=CARTESIAN_POINT('Ctrl Pts',(-14.117612356977,11.4657148646936,30.813235580379));
#1607=CARTESIAN_POINT('Ctrl Pts',(-5.95764575239642,3.32797631027245,30.9839560761822));
#1608=CARTESIAN_POINT('Ctrl Pts',(-14.1064983318973,11.4768288897733,30.9839560761822));
#1609=CARTESIAN_POINT('Ctrl Pts',(-5.94648271265532,3.33913935001355,31.1544368077632));
#1610=CARTESIAN_POINT('Ctrl Pts',(-14.0953352921562,11.4879919295144,31.1544368077632));
#1611=CARTESIAN_POINT('Ctrl Pts',(-5.93527172236752,3.35035034030135,31.3246718743819));
#1612=CARTESIAN_POINT('Ctrl Pts',(-14.0841243018684,11.4992029198022,31.3246718743819));
#1613=CARTESIAN_POINT('Ctrl Pts',(-5.92401382907212,3.36160823359676,31.4946553425739));
#1614=CARTESIAN_POINT('Ctrl Pts',(-14.072866408573,11.5104608130976,31.4946553425739));
#1615=CARTESIAN_POINT('Ctrl Pts',(-5.91271005845662,3.37291200421225,31.6643812527333));
#1616=CARTESIAN_POINT('Ctrl Pts',(-14.0615626379575,11.5217645837131,31.6643812527333));
#1617=CARTESIAN_POINT('Ctrl Pts',(-5.90136140661122,3.38426065605766,31.8338436286254));
#1618=CARTESIAN_POINT('Ctrl Pts',(-14.0502139861121,11.5331132355585,31.8338436286254));
#1619=CARTESIAN_POINT('Ctrl Pts',(-5.88996884561415,3.39565321705473,32.0030364711419));
#1620=CARTESIAN_POINT('Ctrl Pts',(-14.038821425115,11.5445057965556,32.0030364711419));
#1621=CARTESIAN_POINT('Ctrl Pts',(-5.87853333416468,3.4070887285042,32.1719537461039));
#1622=CARTESIAN_POINT('Ctrl Pts',(-14.0273859136655,11.5559413080051,32.1719537461039));
#1623=CARTESIAN_POINT('Ctrl Pts',(-5.86705582636174,3.41856623630714,32.3405893742324));
#1624=CARTESIAN_POINT('Ctrl Pts',(-14.0159084058626,11.567418815808,32.3405893742324));
#1625=CARTESIAN_POINT('Ctrl Pts',(-5.85553728170905,3.43008478095983,32.5089372197221));
#1626=CARTESIAN_POINT('Ctrl Pts',(-14.0043898612099,11.5789373604607,32.5089372197221));
#1627=CARTESIAN_POINT('Ctrl Pts',(-5.84397867354091,3.44164338912796,32.6769910805564));
#1628=CARTESIAN_POINT('Ctrl Pts',(-13.9928312530418,11.5904959686288,32.6769910805564));
#1629=CARTESIAN_POINT('Ctrl Pts',(-5.83238100075038,3.45324106191849,32.8447446752282));
#1630=CARTESIAN_POINT('Ctrl Pts',(-13.9812335802513,11.6020936414194,32.8447446752282));
#1631=CARTESIAN_POINT('Ctrl Pts',(-5.82074528692874,3.46487677574014,33.0121916431283));
#1632=CARTESIAN_POINT('Ctrl Pts',(-13.9695978664296,11.613729355241,33.0121916431283));
#1633=CARTESIAN_POINT('Ctrl Pts',(-5.80907256933732,3.47654949333155,33.1793255560158));
#1634=CARTESIAN_POINT('Ctrl Pts',(-13.9579251488382,11.6254020728324,33.1793255560158));
#1635=CARTESIAN_POINT('Ctrl Pts',(-5.79736389096691,3.48825817170196,33.3461399260494));
#1636=CARTESIAN_POINT('Ctrl Pts',(-13.9462164704678,11.6371107512028,33.3461399260494));
#1637=CARTESIAN_POINT('Ctrl Pts',(-5.78562029093683,3.50000177173204,33.5126282158195));
#1638=CARTESIAN_POINT('Ctrl Pts',(-13.9344728704377,11.6488543512329,33.5126282158195));
#1639=CARTESIAN_POINT('Ctrl Pts',(-5.77384279651203,3.51177926615683,33.6787838461601));
#1640=CARTESIAN_POINT('Ctrl Pts',(-13.9226953760129,11.6606318456577,33.6787838461601));
#1641=CARTESIAN_POINT('Ctrl Pts',(-5.76203241219998,3.52358965046888,33.8446002082583));
#1642=CARTESIAN_POINT('Ctrl Pts',(-13.9108849917009,11.6724422299698,33.8446002082583));
#1643=CARTESIAN_POINT('Ctrl Pts',(-5.75019011836625,3.53543194430261,34.0100706614792));
#1644=CARTESIAN_POINT('Ctrl Pts',(-13.8990426978671,11.6842845238035,34.0100706614792));
#1645=CARTESIAN_POINT('Ctrl Pts',(-5.73831688175592,3.54730518091295,34.1751885131511));
#1646=CARTESIAN_POINT('Ctrl Pts',(-13.8871694612568,11.6961577604138,34.1751885131511));
#1647=CARTESIAN_POINT('Ctrl Pts',(-5.72641366289071,3.55920839977816,34.3399470032256));
#1648=CARTESIAN_POINT('Ctrl Pts',(-13.8752662423916,11.708060979279,34.3399470032256));
#1649=CARTESIAN_POINT('Ctrl Pts',(-5.71448142498673,3.57114063768214,34.5043392862774));
#1650=CARTESIAN_POINT('Ctrl Pts',(-13.8633340044876,11.719993217183,34.5043392862774));
#1651=CARTESIAN_POINT('Ctrl Pts',(-5.70252114163797,3.58310092103089,34.6683584162144));
#1652=CARTESIAN_POINT('Ctrl Pts',(-13.8513737211388,11.7319535005318,34.6683584162144));
#1653=CARTESIAN_POINT('Ctrl Pts',(-5.69053380645554,3.59508825621333,34.8319973259792));
#1654=CARTESIAN_POINT('Ctrl Pts',(-13.8393863859564,11.7439408357142,34.8319973259792));
#1655=CARTESIAN_POINT('Ctrl Pts',(-5.67852043677567,3.6071016258932,34.995248823168));
#1656=CARTESIAN_POINT('Ctrl Pts',(-13.8273730162765,11.7559542053941,34.995248823168));
#1657=CARTESIAN_POINT('Ctrl Pts',(-5.6664820688591,3.61913999380978,35.1581056090389));
#1658=CARTESIAN_POINT('Ctrl Pts',(-13.81533464836,11.7679925733106,35.1581056090389));
#1659=CARTESIAN_POINT('Ctrl Pts',(-5.65441975511036,3.63120230755851,35.3205602915249));
#1660=CARTESIAN_POINT('Ctrl Pts',(-13.8032723346112,11.7800548870594,35.3205602915249));
#1661=CARTESIAN_POINT('Ctrl Pts',(-5.64233456051853,3.64328750215034,35.4826054014904));
#1662=CARTESIAN_POINT('Ctrl Pts',(-13.7911871400194,11.7921400816512,35.4826054014904));
#1663=CARTESIAN_POINT('Ctrl Pts',(-5.63022755934661,3.65539450332226,35.6442334057001));
#1664=CARTESIAN_POINT('Ctrl Pts',(-13.7790801388475,11.8042470828231,35.6442334057001));
#1665=CARTESIAN_POINT('Ctrl Pts',(-5.61809983192257,3.66752223074631,35.8054367258646));
#1666=CARTESIAN_POINT('Ctrl Pts',(-13.7669524114234,11.8163748102472,35.8054367258646));
#1667=CARTESIAN_POINT('Ctrl Pts',(-5.6059524605803,3.67966960208857,35.9662077376112));
#1668=CARTESIAN_POINT('Ctrl Pts',(-13.7548050400812,11.8285221815894,35.9662077376112));
#1669=CARTESIAN_POINT('Ctrl Pts',(-5.59378652425389,3.69183553841498,36.1265387449323));
#1670=CARTESIAN_POINT('Ctrl Pts',(-13.7426391037548,11.8406881179159,36.1265387449323));
#1671=CARTESIAN_POINT('Ctrl Pts',(-5.58160309368975,3.70401896897913,36.2864219612298));
#1672=CARTESIAN_POINT('Ctrl Pts',(-13.7304556731906,11.85287154848,36.2864219612298));
#1673=CARTESIAN_POINT('Ctrl Pts',(-5.56940322582758,3.71621883684129,36.4458494869278));
#1674=CARTESIAN_POINT('Ctrl Pts',(-13.7182558053285,11.8650714163422,36.4458494869278));
#1675=CARTESIAN_POINT('Ctrl Pts',(-5.5571879598787,3.72843410279017,36.6048132902955));
#1676=CARTESIAN_POINT('Ctrl Pts',(-13.7060405393796,11.877286682291,36.6048132902955));
#1677=CARTESIAN_POINT('Ctrl Pts',(-5.54495830931826,3.74066375335061,36.7633051825275));
#1678=CARTESIAN_POINT('Ctrl Pts',(-13.6938108888191,11.8895163328515,36.7633051825275));
#1679=CARTESIAN_POINT('Ctrl Pts',(-5.53271527060705,3.75290679206182,36.9213168147103));
#1680=CARTESIAN_POINT('Ctrl Pts',(-13.6815678501079,11.9017593715627,36.9213168147103));
#1681=CARTESIAN_POINT('Ctrl Pts',(-5.52045984398062,3.76516221868825,37.078839690208));
#1682=CARTESIAN_POINT('Ctrl Pts',(-13.6693124234815,11.9140147981891,37.078839690208));
#1683=CARTESIAN_POINT('Ctrl Pts',(-5.50819305036023,3.77742901230864,37.2358651723351));
#1684=CARTESIAN_POINT('Ctrl Pts',(-13.6570456298611,11.9262815918095,37.2358651723351));
#1685=CARTESIAN_POINT('Ctrl Pts',(-5.49591595058034,3.78970611208853,37.3923844943735));
#1686=CARTESIAN_POINT('Ctrl Pts',(-13.6447685300812,11.9385586915894,37.3923844943735));
#1687=CARTESIAN_POINT('Ctrl Pts',(-5.48362966195025,3.80199240071862,37.548388767642));
#1688=CARTESIAN_POINT('Ctrl Pts',(-13.6324822414511,11.9508449802195,37.548388767642));
#1689=CARTESIAN_POINT('Ctrl Pts',(-5.47133538033442,3.81428668233445,37.7038689928609));
#1690=CARTESIAN_POINT('Ctrl Pts',(-13.6201879598353,11.9631392618353,37.7038689928609));
#1691=CARTESIAN_POINT('Ctrl Pts',(-5.45903436503496,3.82658769763391,37.8588160504549));
#1692=CARTESIAN_POINT('Ctrl Pts',(-13.6078869445358,11.9754402771348,37.8588160504549));
#1693=CARTESIAN_POINT('Ctrl Pts',(-5.44672791542273,3.83889414724614,38.0132206861677));
#1694=CARTESIAN_POINT('Ctrl Pts',(-13.5955804949236,11.987746726747,38.0132206861677));
#1695=CARTESIAN_POINT('Ctrl Pts',(-5.43441735010132,3.85120471256755,38.1670734982363));
#1696=CARTESIAN_POINT('Ctrl Pts',(-13.5832699296022,12.0000572920684,38.1670734982363));
#1697=CARTESIAN_POINT('Ctrl Pts',(-5.42210398566021,3.86351807700866,38.3203649239974));
#1698=CARTESIAN_POINT('Ctrl Pts',(-13.5709565651611,12.0123706565095,38.3203649239974));
#1699=CARTESIAN_POINT('Ctrl Pts',(-5.40978911405843,3.87583294861044,38.473085226528));
#1700=CARTESIAN_POINT('Ctrl Pts',(-13.5586416935593,12.0246855281113,38.473085226528));
#1701=CARTESIAN_POINT('Ctrl Pts',(-5.39747398514416,3.88814807752471,38.6252244818748));
#1702=CARTESIAN_POINT('Ctrl Pts',(-13.546326564645,12.0370006570256,38.6252244818748));
#1703=CARTESIAN_POINT('Ctrl Pts',(-5.38515982820709,3.90046223446178,38.7767725714102));
#1704=CARTESIAN_POINT('Ctrl Pts',(-13.534012407708,12.0493148139627,38.7767725714102));
#1705=CARTESIAN_POINT('Ctrl Pts',(-5.37284786919554,3.91277419347333,38.9277191736612));
#1706=CARTESIAN_POINT('Ctrl Pts',(-13.5217004486964,12.0616267729742,38.9277191736612));
#1707=CARTESIAN_POINT('Ctrl Pts',(-5.36053935029633,3.92508271237255,39.0780537563136));
#1708=CARTESIAN_POINT('Ctrl Pts',(-13.5093919297972,12.0739352918734,39.0780537563136));
#1709=CARTESIAN_POINT('Ctrl Pts',(-5.34823554691651,3.93738651575236,39.2277655681966));
#1710=CARTESIAN_POINT('Ctrl Pts',(-13.4970881264174,12.0862390952532,39.2277655681966));
#1711=CARTESIAN_POINT('Ctrl Pts',(-5.33593778975163,3.94968427291724,39.3768436311302));
#1712=CARTESIAN_POINT('Ctrl Pts',(-13.4847903692525,12.0985368524181,39.3768436311302));
#1713=CARTESIAN_POINT('Ctrl Pts',(-5.32364746737353,3.96197459529534,39.5252767324411));
#1714=CARTESIAN_POINT('Ctrl Pts',(-13.4725000468744,12.1108271747962,39.5252767324411));
#1715=CARTESIAN_POINT('Ctrl Pts',(-5.3113660145265,3.97425604814237,39.6730534179594));
#1716=CARTESIAN_POINT('Ctrl Pts',(-13.4602185940274,12.1231086276432,39.6730534179594));
#1717=CARTESIAN_POINT('Ctrl Pts',(-5.29909490442403,3.98652715824484,39.8201619849288));
#1718=CARTESIAN_POINT('Ctrl Pts',(-13.4479474839249,12.1353797377457,39.8201619849288));
#1719=CARTESIAN_POINT('Ctrl Pts',(-5.28683563973554,3.99878642293333,39.9665904748214));
#1720=CARTESIAN_POINT('Ctrl Pts',(-13.4356882192364,12.1476390024342,39.9665904748214));
#1721=CARTESIAN_POINT('Ctrl Pts',(-5.27458974334033,4.01103231932854,40.1123266664933));
#1722=CARTESIAN_POINT('Ctrl Pts',(-13.4234423228412,12.1598848988294,40.1123266664933));
#1723=CARTESIAN_POINT('Ctrl Pts',(-5.26235875151796,4.02326331115091,40.2573580683092));
#1724=CARTESIAN_POINT('Ctrl Pts',(-13.4112113310188,12.1721158906518,40.2573580683092));
#1725=CARTESIAN_POINT('Ctrl Pts',(-5.25014422801468,4.03547783465419,40.4016719029139));
#1726=CARTESIAN_POINT('Ctrl Pts',(-13.3989968075156,12.1843304141551,40.4016719029139));
#1727=CARTESIAN_POINT('Ctrl Pts',(-5.2379477757375,4.04767428693137,40.545255092576));
#1728=CARTESIAN_POINT('Ctrl Pts',(-13.3868003552384,12.1965268664322,40.545255092576));
#1729=CARTESIAN_POINT('Ctrl Pts',(-5.22577104987709,4.05985101279178,40.688094244623));
#1730=CARTESIAN_POINT('Ctrl Pts',(-13.374623629378,12.2087035922927,40.688094244623));
#1731=CARTESIAN_POINT('Ctrl Pts',(-5.2136157692385,4.07200629343037,40.8301756361081));
#1732=CARTESIAN_POINT('Ctrl Pts',(-13.3624683487394,12.2208588729312,40.8301756361081));
#1733=CARTESIAN_POINT('Ctrl Pts',(-5.20148373143225,4.08413833123662,40.9714852006911));
#1734=CARTESIAN_POINT('Ctrl Pts',(-13.3503363109331,12.2329909107375,40.9714852006911));
#1735=CARTESIAN_POINT('Ctrl Pts',(-5.18937680098692,4.09624526168195,41.1120084990888));
#1736=CARTESIAN_POINT('Ctrl Pts',(-13.3382293804878,12.2450978411828,41.1120084990888));
#1737=CARTESIAN_POINT('Ctrl Pts',(-5.17729689248551,4.10832517018336,41.2517306865432));
#1738=CARTESIAN_POINT('Ctrl Pts',(-13.3261494719864,12.2571777496842,41.2517306865432));
#1739=CARTESIAN_POINT('Ctrl Pts',(-5.16524595415002,4.12037610851885,41.3906364803996));
#1740=CARTESIAN_POINT('Ctrl Pts',(-13.3140985336509,12.2692286880197,41.3906364803996));
#1741=CARTESIAN_POINT('Ctrl Pts',(-5.15322595409031,4.13239610857856,41.5287101296922));
#1742=CARTESIAN_POINT('Ctrl Pts',(-13.3020785335912,12.2812486880794,41.5287101296922));
#1743=CARTESIAN_POINT('Ctrl Pts',(-5.1412388582458,4.14438320442307,41.6659353787007));
#1744=CARTESIAN_POINT('Ctrl Pts',(-13.2900914377467,12.2932357839239,41.6659353787007));
#1745=CARTESIAN_POINT('Ctrl Pts',(-5.12928664722024,4.15633541544863,41.802295458079));
#1746=CARTESIAN_POINT('Ctrl Pts',(-13.2781392267211,12.3051879949495,41.802295458079));
#1747=CARTESIAN_POINT('Ctrl Pts',(-5.11737135301494,4.16825070965393,41.937773088657));
#1748=CARTESIAN_POINT('Ctrl Pts',(-13.2662239325158,12.3171032891548,41.937773088657));
#1749=CARTESIAN_POINT('Ctrl Pts',(-5.10549509148408,4.18012697118479,42.0723504849643));
#1750=CARTESIAN_POINT('Ctrl Pts',(-13.254347670985,12.3289795506857,42.0723504849643));
#1751=CARTESIAN_POINT('Ctrl Pts',(-5.09366009235284,4.19196197031603,42.2060093507332));
#1752=CARTESIAN_POINT('Ctrl Pts',(-13.2425126718537,12.3408145498169,42.2060093507332));
#1753=CARTESIAN_POINT('Ctrl Pts',(-5.08186874079895,4.20375332186991,42.3387308981171));
#1754=CARTESIAN_POINT('Ctrl Pts',(-13.2307213202998,12.3526059013708,42.3387308981171));
#1755=CARTESIAN_POINT('Ctrl Pts',(-5.0701235644125,4.21549849825636,42.4704957612522));
#1756=CARTESIAN_POINT('Ctrl Pts',(-13.2189761439134,12.3643510777572,42.4704957612522));
#1757=CARTESIAN_POINT('Ctrl Pts',(-5.05842718845157,4.2271948742173,42.6012838501646));
#1758=CARTESIAN_POINT('Ctrl Pts',(-13.2072797679524,12.3760474537182,42.6012838501646));
#1759=CARTESIAN_POINT('Ctrl Pts',(-5.04678229849208,4.23883976417678,42.731074216748));
#1760=CARTESIAN_POINT('Ctrl Pts',(-13.195634877993,12.3876923436777,42.731074216748));
#1761=CARTESIAN_POINT('Ctrl Pts',(-5.03519160509265,4.25043045757622,42.8598449292793));
#1762=CARTESIAN_POINT('Ctrl Pts',(-13.1840441845935,12.3992830370771,42.8598449292793));
#1763=CARTESIAN_POINT('Ctrl Pts',(-5.02365779456329,4.26196426810558,42.987572908422));
#1764=CARTESIAN_POINT('Ctrl Pts',(-13.1725103740642,12.4108168476064,42.987572908422));
#1765=CARTESIAN_POINT('Ctrl Pts',(-5.01218357307418,4.27343848959469,43.1142340151273));
#1766=CARTESIAN_POINT('Ctrl Pts',(-13.1610361525751,12.4222910690956,43.1142340151273));
#1767=CARTESIAN_POINT('Ctrl Pts',(-5.00077174030184,4.28485032236704,43.2398032209108));
#1768=CARTESIAN_POINT('Ctrl Pts',(-13.1496243198027,12.4337029018679,43.2398032209108));
#1769=CARTESIAN_POINT('Ctrl Pts',(-4.98942525224266,4.29619681042621,43.364254742525));
#1770=CARTESIAN_POINT('Ctrl Pts',(-13.1382778317435,12.4450493899271,43.364254742525));
#1771=CARTESIAN_POINT('Ctrl Pts',(-4.97814729068791,4.30747477198096,43.4875622096745));
#1772=CARTESIAN_POINT('Ctrl Pts',(-13.1269998701888,12.4563273514818,43.4875622096745));
#1773=CARTESIAN_POINT('Ctrl Pts',(-4.96694132388602,4.31868073878285,43.6096987688782));
#1774=CARTESIAN_POINT('Ctrl Pts',(-13.1157939033869,12.4675333182837,43.6096987688782));
#1775=CARTESIAN_POINT('Ctrl Pts',(-4.95581106167675,4.32981100099212,43.730636420491));
#1776=CARTESIAN_POINT('Ctrl Pts',(-13.1046636411776,12.478663580493,43.730636420491));
#1777=CARTESIAN_POINT('Ctrl Pts',(-4.94476041435909,4.34086164830978,43.8503453472668));
#1778=CARTESIAN_POINT('Ctrl Pts',(-13.09361299386,12.4897142278107,43.8503453472668));
#1779=CARTESIAN_POINT('Ctrl Pts',(-4.93379345351413,4.35182860915473,43.9687933444019));
#1780=CARTESIAN_POINT('Ctrl Pts',(-13.082646033015,12.5006811886556,43.9687933444019));
#1781=CARTESIAN_POINT('Ctrl Pts',(-4.92291436390441,4.36270769876446,44.0859449666181));
#1782=CARTESIAN_POINT('Ctrl Pts',(-13.0717669434053,12.5115602782653,44.0859449666181));
#1783=CARTESIAN_POINT('Ctrl Pts',(-4.91212743262144,4.37349463004742,44.2017618404906));
#1784=CARTESIAN_POINT('Ctrl Pts',(-13.0609800121223,12.5223472095483,44.2017618404906));
#1785=CARTESIAN_POINT('Ctrl Pts',(-4.90143706327704,4.38418499939183,44.316204002844));
#1786=CARTESIAN_POINT('Ctrl Pts',(-13.0502896427779,12.5330375788927,44.316204002844));
#1787=CARTESIAN_POINT('Ctrl Pts',(-4.89084779043608,4.39477427223279,44.4292307915388));
#1788=CARTESIAN_POINT('Ctrl Pts',(-13.039700369937,12.5436268517337,44.4292307915388));
#1789=CARTESIAN_POINT('Ctrl Pts',(-4.88036427707546,4.4052577855934,44.5408022654133));
#1790=CARTESIAN_POINT('Ctrl Pts',(-13.0292168565763,12.5541103650943,44.5408022654133));
#1791=CARTESIAN_POINT('Ctrl Pts',(-4.86999137247108,4.41563069019779,44.6508793172675));
#1792=CARTESIAN_POINT('Ctrl Pts',(-13.0188439519719,12.5644832696987,44.6508793172675));
#1793=CARTESIAN_POINT('Ctrl Pts',(-4.85973439160541,4.42588767106345,44.7594194457915));
#1794=CARTESIAN_POINT('Ctrl Pts',(-13.0085869711063,12.5747402505643,44.7594194457915));
#1795=CARTESIAN_POINT('Ctrl Pts',(-4.84959934183632,4.43602272083255,44.8663734463802));
#1796=CARTESIAN_POINT('Ctrl Pts',(-12.9984519213372,12.5848753003334,44.8663734463802));
#1797=CARTESIAN_POINT('Ctrl Pts',(-4.83959320382502,4.44602885884385,44.9716813124007));
#1798=CARTESIAN_POINT('Ctrl Pts',(-12.9884457833259,12.5948814383447,44.9716813124007));
#1799=CARTESIAN_POINT('Ctrl Pts',(-4.82972408797515,4.45589797469371,45.0752697608253));
#1800=CARTESIAN_POINT('Ctrl Pts',(-12.978576667476,12.6047505541946,45.0752697608253));
#1801=CARTESIAN_POINT('Ctrl Pts',(-4.82000044281057,4.46562161985829,45.1770614658216));
#1802=CARTESIAN_POINT('Ctrl Pts',(-12.9688530223114,12.6144741993592,45.1770614658216));
#1803=CARTESIAN_POINT('Ctrl Pts',(-4.81043046607419,4.47519159659468,45.2769819503721));
#1804=CARTESIAN_POINT('Ctrl Pts',(-12.9592830455751,12.6240441760956,45.2769819503721));
#1805=CARTESIAN_POINT('Ctrl Pts',(-4.80102122276417,4.4846008399047,45.3749697030599));
#1806=CARTESIAN_POINT('Ctrl Pts',(-12.949873802265,12.6334534194056,45.3749697030599));
#1807=CARTESIAN_POINT('Ctrl Pts',(-4.79177859695377,4.4938434657151,45.4709772814908));
#1808=CARTESIAN_POINT('Ctrl Pts',(-12.9406311764546,12.642696045216,45.4709772814908));
#1809=CARTESIAN_POINT('Ctrl Pts',(-4.78271028644205,4.50291177622682,45.5649400009493));
#1810=CARTESIAN_POINT('Ctrl Pts',(-12.9315628659429,12.6517643557277,45.5649400009493));
#1811=CARTESIAN_POINT('Ctrl Pts',(-4.77382758421863,4.51179447845023,45.6567572658475));
#1812=CARTESIAN_POINT('Ctrl Pts',(-12.9226801637195,12.6606470579511,45.6567572658475));
#1813=CARTESIAN_POINT('Ctrl Pts',(-4.76514913983146,4.52047292283741,45.7462535420723));
#1814=CARTESIAN_POINT('Ctrl Pts',(-12.9140017193323,12.6693255023383,45.7462535420723));
#1815=CARTESIAN_POINT('Ctrl Pts',(-4.75669717219163,4.52892489047725,45.8332167249455));
#1816=CARTESIAN_POINT('Ctrl Pts',(-12.9055497516925,12.6777774699781,45.8332167249455));
#1817=CARTESIAN_POINT('Ctrl Pts',(-4.74849148088197,4.5371305817869,45.9174592875362));
#1818=CARTESIAN_POINT('Ctrl Pts',(-12.8973440603828,12.6859831612878,45.9174592875362));
#1819=CARTESIAN_POINT('Ctrl Pts',(-4.74054101834993,4.54508104431894,45.9989039663513));
#1820=CARTESIAN_POINT('Ctrl Pts',(-12.8893935978508,12.6939336238198,45.9989039663513));
#1821=CARTESIAN_POINT('Ctrl Pts',(-4.73284539708591,4.55277666558296,46.0775689394472));
#1822=CARTESIAN_POINT('Ctrl Pts',(-12.8816979765868,12.7016292450838,46.0775689394472));
#1823=CARTESIAN_POINT('Ctrl Pts',(-4.72541575020944,4.56020631245942,46.1533569139459));
#1824=CARTESIAN_POINT('Ctrl Pts',(-12.8742683297103,12.7090588919603,46.1533569139459));
#1825=CARTESIAN_POINT('Ctrl Pts',(-4.71830075943038,4.56732130323849,46.2257921003342));
#1826=CARTESIAN_POINT('Ctrl Pts',(-12.8671533389313,12.7161738827394,46.2257921003342));
#1827=CARTESIAN_POINT('Ctrl Pts',(-4.71158816536993,4.57403389729893,46.2940049219995));
#1828=CARTESIAN_POINT('Ctrl Pts',(-12.8604407448708,12.7228864767998,46.2940049219995));
#1829=CARTESIAN_POINT('Ctrl Pts',(-4.70535171216988,4.58027035049899,46.3572686984932));
#1830=CARTESIAN_POINT('Ctrl Pts',(-12.8542042916708,12.7291229299999,46.3572686984932));
#1831=CARTESIAN_POINT('Ctrl Pts',(-4.69956687244219,4.58605519022668,46.4158512902363));
#1832=CARTESIAN_POINT('Ctrl Pts',(-12.8484194519431,12.7349077697276,46.4158512902363));
#1833=CARTESIAN_POINT('Ctrl Pts',(-4.69418322172213,4.59143884094674,46.4702856127376));
#1834=CARTESIAN_POINT('Ctrl Pts',(-12.843035801223,12.7402914204476,46.4702856127376));
#1835=CARTESIAN_POINT('Ctrl Pts',(-4.68940235596214,4.59621970670673,46.518565974092));
#1836=CARTESIAN_POINT('Ctrl Pts',(-12.838254935463,12.7450722862076,46.518565974092));
#1837=CARTESIAN_POINT('Ctrl Pts',(-4.68654423676105,4.59907782590782,46.5474058444139));
#1838=CARTESIAN_POINT('Ctrl Pts',(-12.8353968162619,12.7479304054087,46.5474058444139));
#1839=CARTESIAN_POINT('Ctrl Pts',(-4.68513946303468,4.60048259963419,46.5615719364918));
#1840=CARTESIAN_POINT('Ctrl Pts',(-12.8339920425356,12.7493351791351,46.5615719364918));
#1841=CARTESIAN_POINT('Ctrl Pts',(-4.68452737088153,4.60109469178734,46.5677383440216));
#1842=CARTESIAN_POINT('Ctrl Pts',(-12.8333799503824,12.7499472712882,46.5677383440216));
#1843=CARTESIAN_POINT('Ctrl Pts',(-4.68430264304091,4.60131941962796,46.57));
#1844=CARTESIAN_POINT('Ctrl Pts',(-12.8331552225418,12.7501719991288,46.57));
#1845=CARTESIAN_POINT('Ctrl Pts',(-9.50444993431194,9.58743315772485,46.57));
#1846=CARTESIAN_POINT('Ctrl Pts',(-9.50422520647132,9.58765788556547,46.5677383440217));
#1847=CARTESIAN_POINT('Ctrl Pts',(-9.50361311431817,9.58826997771862,46.5615719364921));
#1848=CARTESIAN_POINT('Ctrl Pts',(-9.50220834059181,9.58967475144497,46.5474058444141));
#1849=CARTESIAN_POINT('Ctrl Pts',(-9.49935022139073,9.59253287064606,46.5185659740919));
#1850=CARTESIAN_POINT('Ctrl Pts',(-9.49456935563077,9.59731373640602,46.4702856127382));
#1851=CARTESIAN_POINT('Ctrl Pts',(-9.48918570491071,9.60269738712608,46.4158512902368));
#1852=CARTESIAN_POINT('Ctrl Pts',(-9.48340086518302,9.60848222685377,46.3572686984939));
#1853=CARTESIAN_POINT('Ctrl Pts',(-9.47716441198297,9.61471868005382,46.2940049220001));
#1854=CARTESIAN_POINT('Ctrl Pts',(-9.47045181792253,9.62143127411426,46.2257921003348));
#1855=CARTESIAN_POINT('Ctrl Pts',(-9.46333682714347,9.62854626489332,46.1533569139465));
#1856=CARTESIAN_POINT('Ctrl Pts',(-9.45590718026701,9.63597591176978,46.0775689394479));
#1857=CARTESIAN_POINT('Ctrl Pts',(-9.448211559003,9.6436715330338,45.9989039663519));
#1858=CARTESIAN_POINT('Ctrl Pts',(-9.44026109647096,9.65162199556584,45.9174592875369));
#1859=CARTESIAN_POINT('Ctrl Pts',(-9.43205540516129,9.6598276868755,45.8332167249464));
#1860=CARTESIAN_POINT('Ctrl Pts',(-9.42360343752145,9.66827965451534,45.7462535420735));
#1861=CARTESIAN_POINT('Ctrl Pts',(-9.41492499313428,9.67695809890251,45.6567572658485));
#1862=CARTESIAN_POINT('Ctrl Pts',(-9.40604229091088,9.68584080112591,45.56494000095));
#1863=CARTESIAN_POINT('Ctrl Pts',(-9.39697398039917,9.69490911163762,45.4709772814912));
#1864=CARTESIAN_POINT('Ctrl Pts',(-9.38773135458877,9.70415173744802,45.3749697030604));
#1865=CARTESIAN_POINT('Ctrl Pts',(-9.37832211127874,9.71356098075804,45.2769819503727));
#1866=CARTESIAN_POINT('Ctrl Pts',(-9.36875213454235,9.72313095749444,45.1770614658229));
#1867=CARTESIAN_POINT('Ctrl Pts',(-9.35902848937776,9.73285460265903,45.0752697608269));
#1868=CARTESIAN_POINT('Ctrl Pts',(-9.3491593735279,9.74272371850889,44.9716813124019));
#1869=CARTESIAN_POINT('Ctrl Pts',(-9.33915323551661,9.75272985652018,44.866373446381));
#1870=CARTESIAN_POINT('Ctrl Pts',(-9.32901818574754,9.76286490628926,44.7594194457924));
#1871=CARTESIAN_POINT('Ctrl Pts',(-9.31876120488189,9.7731218871549,44.6508793172689));
#1872=CARTESIAN_POINT('Ctrl Pts',(-9.3083883002775,9.78349479175929,44.540802265415));
#1873=CARTESIAN_POINT('Ctrl Pts',(-9.29790478691686,9.79397830511993,44.42923079154));
#1874=CARTESIAN_POINT('Ctrl Pts',(-9.28731551407588,9.80456757796091,44.3162040028444));
#1875=CARTESIAN_POINT('Ctrl Pts',(-9.27662514473145,9.81525794730534,44.2017618404903));
#1876=CARTESIAN_POINT('Ctrl Pts',(-9.26583821344848,9.82604487858831,44.0859449666179));
#1877=CARTESIAN_POINT('Ctrl Pts',(-9.25495912383878,9.83692396819801,43.9687933444025));
#1878=CARTESIAN_POINT('Ctrl Pts',(-9.24399216299387,9.84789092904292,43.8503453472681));
#1879=CARTESIAN_POINT('Ctrl Pts',(-9.23294151567624,9.85894157636055,43.7306364204927));
#1880=CARTESIAN_POINT('Ctrl Pts',(-9.221811253467,9.8700718385698,43.6096987688799));
#1881=CARTESIAN_POINT('Ctrl Pts',(-9.21060528666508,9.88127780537171,43.4875622096759));
#1882=CARTESIAN_POINT('Ctrl Pts',(-9.19932732511029,9.89255576692651,43.364254742526));
#1883=CARTESIAN_POINT('Ctrl Pts',(-9.18798083705106,9.90390225498574,43.2398032209116));
#1884=CARTESIAN_POINT('Ctrl Pts',(-9.17656900427868,9.91531408775811,43.1142340151281));
#1885=CARTESIAN_POINT('Ctrl Pts',(-9.16509478278958,9.92678830924721,42.9875729084228));
#1886=CARTESIAN_POINT('Ctrl Pts',(-9.15356097226026,9.93832211977653,42.8598449292802));
#1887=CARTESIAN_POINT('Ctrl Pts',(-9.14197027886087,9.94991281317592,42.7310742167491));
#1888=CARTESIAN_POINT('Ctrl Pts',(-9.13032538890142,9.96155770313537,42.6012838501659));
#1889=CARTESIAN_POINT('Ctrl Pts',(-9.11862901294049,9.9732540790963,42.4704957612537));
#1890=CARTESIAN_POINT('Ctrl Pts',(-9.10688383655402,9.98499925548277,42.3387308981188));
#1891=CARTESIAN_POINT('Ctrl Pts',(-9.09509248500011,9.99679060703668,42.2060093507347));
#1892=CARTESIAN_POINT('Ctrl Pts',(-9.08325748586885,10.0086256061679,42.0723504849651));
#1893=CARTESIAN_POINT('Ctrl Pts',(-9.07138122433798,10.0205018676988,41.9377730886571));
#1894=CARTESIAN_POINT('Ctrl Pts',(-9.05946593013268,10.0324171619041,41.8022954580788));
#1895=CARTESIAN_POINT('Ctrl Pts',(-9.04751371910713,10.0443693729297,41.6659353787007));
#1896=CARTESIAN_POINT('Ctrl Pts',(-9.03552662326263,10.0563564687742,41.5287101296929));
#1897=CARTESIAN_POINT('Ctrl Pts',(-9.02350662320293,10.0683764688339,41.390636480401));
#1898=CARTESIAN_POINT('Ctrl Pts',(-9.01145568486744,10.0804274071694,41.2517306865448));
#1899=CARTESIAN_POINT('Ctrl Pts',(-8.99937577636603,10.0925073156708,41.1120084990901));
#1900=CARTESIAN_POINT('Ctrl Pts',(-8.9872688459207,10.1046142461161,40.9714852006922));
#1901=CARTESIAN_POINT('Ctrl Pts',(-8.97513680811444,10.1167462839224,40.8301756361091));
#1902=CARTESIAN_POINT('Ctrl Pts',(-8.96298152747585,10.1289015645609,40.688094244624));
#1903=CARTESIAN_POINT('Ctrl Pts',(-8.95080480161544,10.1410782904214,40.5452550925774));
#1904=CARTESIAN_POINT('Ctrl Pts',(-8.93860834933825,10.1532747426985,40.4016719029158));
#1905=CARTESIAN_POINT('Ctrl Pts',(-8.92639382583497,10.1654892662018,40.2573580683114));
#1906=CARTESIAN_POINT('Ctrl Pts',(-8.9141628340126,10.1777202580242,40.1123266664954));
#1907=CARTESIAN_POINT('Ctrl Pts',(-8.9019169376174,10.1899661544194,39.9665904748227));
#1908=CARTESIAN_POINT('Ctrl Pts',(-8.88965767292891,10.2022254191079,39.8201619849289));
#1909=CARTESIAN_POINT('Ctrl Pts',(-8.87738656282643,10.2144965292104,39.6730534179587));
#1910=CARTESIAN_POINT('Ctrl Pts',(-8.8651051099794,10.2267779820574,39.52527673244));
#1911=CARTESIAN_POINT('Ctrl Pts',(-8.8528147876013,10.2390683044355,39.3768436311294));
#1912=CARTESIAN_POINT('Ctrl Pts',(-8.84051703043642,10.2513660616004,39.227765568197));
#1913=CARTESIAN_POINT('Ctrl Pts',(-8.82821322705661,10.2636698649802,39.0780537563152));
#1914=CARTESIAN_POINT('Ctrl Pts',(-8.81590470815739,10.2759783838794,38.927719173664));
#1915=CARTESIAN_POINT('Ctrl Pts',(-8.80359274914584,10.288290342891,38.7767725714135));
#1916=CARTESIAN_POINT('Ctrl Pts',(-8.79127859220877,10.300604499828,38.6252244818779));
#1917=CARTESIAN_POINT('Ctrl Pts',(-8.7789634632945,10.3129196287423,38.4730852265303));
#1918=CARTESIAN_POINT('Ctrl Pts',(-8.76664859169273,10.3252345003441,38.3203649239985));
#1919=CARTESIAN_POINT('Ctrl Pts',(-8.7543352272516,10.3375478647852,38.1670734982366));
#1920=CARTESIAN_POINT('Ctrl Pts',(-8.74202466193015,10.3498584301066,38.0132206861673));
#1921=CARTESIAN_POINT('Ctrl Pts',(-8.72971821231789,10.3621648797189,37.8588160504544));
#1922=CARTESIAN_POINT('Ctrl Pts',(-8.71741719701843,10.3744658950184,37.7038689928604));
#1923=CARTESIAN_POINT('Ctrl Pts',(-8.70512291540264,10.3867601766342,37.5483887676421));
#1924=CARTESIAN_POINT('Ctrl Pts',(-8.6928366267726,10.3990464652642,37.3923844943746));
#1925=CARTESIAN_POINT('Ctrl Pts',(-8.68055952699274,10.4113235650441,37.2358651723377));
#1926=CARTESIAN_POINT('Ctrl Pts',(-8.66829273337234,10.4235903586645,37.0788396902121));
#1927=CARTESIAN_POINT('Ctrl Pts',(-8.65603730674587,10.4358457852909,36.9213168147153));
#1928=CARTESIAN_POINT('Ctrl Pts',(-8.64379426803463,10.4480888240022,36.7633051825323));
#1929=CARTESIAN_POINT('Ctrl Pts',(-8.63156461747419,10.4603184745626,36.6048132902986));
#1930=CARTESIAN_POINT('Ctrl Pts',(-8.61934935152536,10.4725337405114,36.4458494869275));
#1931=CARTESIAN_POINT('Ctrl Pts',(-8.60714948366329,10.4847336083735,36.2864219612255));
#1932=CARTESIAN_POINT('Ctrl Pts',(-8.59496605309922,10.4969170389376,36.1265387449249));
#1933=CARTESIAN_POINT('Ctrl Pts',(-8.58280011677282,10.509082975264,35.9662077376033));
#1934=CARTESIAN_POINT('Ctrl Pts',(-8.57065274543051,10.5212303466063,35.8054367258587));
#1935=CARTESIAN_POINT('Ctrl Pts',(-8.55852501800637,10.5333580740304,35.6442334056987));
#1936=CARTESIAN_POINT('Ctrl Pts',(-8.54641801683433,10.5454650752025,35.4826054014943));
#1937=CARTESIAN_POINT('Ctrl Pts',(-8.53433282224239,10.5575502697944,35.3205602915336));
#1938=CARTESIAN_POINT('Ctrl Pts',(-8.5222705084936,10.5696125835432,35.1581056090499));
#1939=CARTESIAN_POINT('Ctrl Pts',(-8.51023214057701,10.5816509514598,34.9952488231784));
#1940=CARTESIAN_POINT('Ctrl Pts',(-8.49821877089721,10.5936643211396,34.8319973259864));
#1941=CARTESIAN_POINT('Ctrl Pts',(-8.48623143571489,10.6056516563219,34.668358416217));
#1942=CARTESIAN_POINT('Ctrl Pts',(-8.47427115236626,10.6176119396705,34.5043392862759));
#1943=CARTESIAN_POINT('Ctrl Pts',(-8.46233891446239,10.6295441775744,34.3399470032218));
#1944=CARTESIAN_POINT('Ctrl Pts',(-8.45043569559724,10.6414473964396,34.1751885131471));
#1945=CARTESIAN_POINT('Ctrl Pts',(-8.43856245898689,10.6533206330499,34.0100706614764));
#1946=CARTESIAN_POINT('Ctrl Pts',(-8.4267201651531,10.6651629268837,33.8446002082573));
#1947=CARTESIAN_POINT('Ctrl Pts',(-8.41490978084094,10.6769733111958,33.6787838461607));
#1948=CARTESIAN_POINT('Ctrl Pts',(-8.40313228641602,10.6887508056208,33.5126282158211));
#1949=CARTESIAN_POINT('Ctrl Pts',(-8.39138868638581,10.700494405651,33.3461399260511));
#1950=CARTESIAN_POINT('Ctrl Pts',(-8.37968000801531,10.7122030840215,33.1793255560173));
#1951=CARTESIAN_POINT('Ctrl Pts',(-8.36800729042386,10.7238758016129,33.0121916431297));
#1952=CARTESIAN_POINT('Ctrl Pts',(-8.35637157660227,10.7355115154345,32.8447446752295));
#1953=CARTESIAN_POINT('Ctrl Pts',(-8.34477390381188,10.7471091882249,32.6769910805576));
#1954=CARTESIAN_POINT('Ctrl Pts',(-8.33321529564396,10.7586677963928,32.5089372197228));
#1955=CARTESIAN_POINT('Ctrl Pts',(-8.32169675099149,10.7701863410453,32.3405893742325));
#1956=CARTESIAN_POINT('Ctrl Pts',(-8.31021924318872,10.7816638488481,32.1719537461032));
#1957=CARTESIAN_POINT('Ctrl Pts',(-8.29878373173931,10.7930993602975,32.0030364711406));
#1958=CARTESIAN_POINT('Ctrl Pts',(-8.28739117074215,10.8044919212946,31.8338436286242));
#1959=CARTESIAN_POINT('Ctrl Pts',(-8.27604251889652,10.8158405731403,31.6643812527331));
#1960=CARTESIAN_POINT('Ctrl Pts',(-8.26473874828072,10.8271443437561,31.4946553425752));
#1961=CARTESIAN_POINT('Ctrl Pts',(-8.25348085498501,10.8384022370518,31.3246718743849));
#1962=CARTESIAN_POINT('Ctrl Pts',(-8.242269864697,10.8496132273398,31.1544368077676));
#1963=CARTESIAN_POINT('Ctrl Pts',(-8.23110682495583,10.860776267081,30.9839560761873));
#1964=CARTESIAN_POINT('Ctrl Pts',(-8.2199927998762,10.8718902921606,30.8132355803839));
#1965=CARTESIAN_POINT('Ctrl Pts',(-8.20892886386953,10.8829542281673,30.6422811805793));
#1966=CARTESIAN_POINT('Ctrl Pts',(-8.19791609585275,10.893966996184,30.4710986893192));
#1967=CARTESIAN_POINT('Ctrl Pts',(-8.18695557310642,10.9049275189304,30.2996938637592));
#1968=CARTESIAN_POINT('Ctrl Pts',(-8.17604836568258,10.9158347263542,30.1280723989825));
#1969=CARTESIAN_POINT('Ctrl Pts',(-8.16519553964067,10.9266875523961,29.9562399386487));
#1970=CARTESIAN_POINT('Ctrl Pts',(-8.15439815990095,10.9374849321358,29.7842020849389));
#1971=CARTESIAN_POINT('Ctrl Pts',(-8.14365729321287,10.9482257988239,29.6119644085988));
#1972=CARTESIAN_POINT('Ctrl Pts',(-8.13297401113872,10.9589090808981,29.4395324593143));
#1973=CARTESIAN_POINT('Ctrl Pts',(-8.12234939288038,10.9695336991564,29.2669117750721));
#1974=CARTESIAN_POINT('Ctrl Pts',(-8.11178452856452,10.9800985634723,29.0941078942283));
#1975=CARTESIAN_POINT('Ctrl Pts',(-8.10128051946379,10.990602572573,28.9211263496249));
#1976=CARTESIAN_POINT('Ctrl Pts',(-8.09083847742133,11.0010446146155,28.7479726578841));
#1977=CARTESIAN_POINT('Ctrl Pts',(-8.08045952453611,11.0114235675007,28.5746523105773));
#1978=CARTESIAN_POINT('Ctrl Pts',(-8.07014479276031,11.0217382992765,28.4011707640733));
#1979=CARTESIAN_POINT('Ctrl Pts',(-8.05989542348534,11.0319876685515,28.2275334311952));
#1980=CARTESIAN_POINT('Ctrl Pts',(-8.04971256725402,11.0421705247828,28.0537456690406));
#1981=CARTESIAN_POINT('Ctrl Pts',(-8.03959738295309,11.0522857090837,27.8798127801539));
#1982=CARTESIAN_POINT('Ctrl Pts',(-8.02955103639585,11.0623320556409,27.7057400286666));
#1983=CARTESIAN_POINT('Ctrl Pts',(-8.01957469908199,11.0723083929548,27.5315326524393));
#1984=CARTESIAN_POINT('Ctrl Pts',(-8.00966954684921,11.0822135451876,27.3571958770007));
#1985=CARTESIAN_POINT('Ctrl Pts',(-7.99983675865443,11.0920463333824,27.1827349283264));
#1986=CARTESIAN_POINT('Ctrl Pts',(-7.99007751510072,11.1018055769361,27.008155047047));
#1987=CARTESIAN_POINT('Ctrl Pts',(-7.98039299765394,11.1114900943828,26.8334614993201));
#1988=CARTESIAN_POINT('Ctrl Pts',(-7.97078439278627,11.1210986992505,26.6586595644847));
#1989=CARTESIAN_POINT('Ctrl Pts',(-7.96125289566377,11.130630196373,26.4837545249375));
#1990=CARTESIAN_POINT('Ctrl Pts',(-7.95179971393637,11.1400833781004,26.30875165532));
#1991=CARTESIAN_POINT('Ctrl Pts',(-7.94242607164963,11.1494570203872,26.1336562116312));
#1992=CARTESIAN_POINT('Ctrl Pts',(-7.93313321271705,11.1587498793197,25.9584734212346));
#1993=CARTESIAN_POINT('Ctrl Pts',(-7.92392240558493,11.1679606864519,25.7832084702459));
#1994=CARTESIAN_POINT('Ctrl Pts',(-7.91479494057381,11.177088151463,25.6078665071897));
#1995=CARTESIAN_POINT('Ctrl Pts',(-7.9057521249891,11.1861309670477,25.4324526515738));
#1996=CARTESIAN_POINT('Ctrl Pts',(-7.89679527904837,11.1950878129884,25.2569720007519));
#1997=CARTESIAN_POINT('Ctrl Pts',(-7.88792573131239,11.2039573607244,25.0814296376442));
#1998=CARTESIAN_POINT('Ctrl Pts',(-7.87914481468821,11.2127382773486,24.90583063776));
#1999=CARTESIAN_POINT('Ctrl Pts',(-7.87045386131275,11.221429230724,24.7301800773217));
#2000=CARTESIAN_POINT('Ctrl Pts',(-7.86185420093839,11.2300288910984,24.5544830381454));
#2001=CARTESIAN_POINT('Ctrl Pts',(-7.85334716525391,11.2385359267829,24.3787446070929));
#2002=CARTESIAN_POINT('Ctrl Pts',(-7.84493409086265,11.2469490011741,24.2029698767518));
#2003=CARTESIAN_POINT('Ctrl Pts',(-7.8366163227953,11.2552667692415,24.0271639456203));
#2004=CARTESIAN_POINT('Ctrl Pts',(-7.82839521780551,11.2634878742313,23.8513319185092));
#2005=CARTESIAN_POINT('Ctrl Pts',(-7.82027214773232,11.2716109443045,23.6754789068376));
#2006=CARTESIAN_POINT('Ctrl Pts',(-7.81224850290779,11.279634589129,23.4996100290095));
#2007=CARTESIAN_POINT('Ctrl Pts',(-7.80432569072636,11.2875574013104,23.3237304082241));
#2008=CARTESIAN_POINT('Ctrl Pts',(-7.79650513410661,11.2953779579302,23.1478451702106));
#2009=CARTESIAN_POINT('Ctrl Pts',(-7.78878827000497,11.3030948220318,22.9719594410545));
#2010=CARTESIAN_POINT('Ctrl Pts',(-7.7811765478811,11.3107065441557,22.7960783448432));
#2011=CARTESIAN_POINT('Ctrl Pts',(-7.77367142824576,11.318211663791,22.6202070017203));
#2012=CARTESIAN_POINT('Ctrl Pts',(-7.76627438101929,11.3256087110175,22.4443505249342));
#2013=CARTESIAN_POINT('Ctrl Pts',(-7.75898688465405,11.3328962073827,22.268514022012));
#2014=CARTESIAN_POINT('Ctrl Pts',(-7.75181042578963,11.3400726662472,22.0927025988759));
#2015=CARTESIAN_POINT('Ctrl Pts',(-7.74474649876458,11.3471365932722,21.9169213630773));
#2016=CARTESIAN_POINT('Ctrl Pts',(-7.73779660515859,11.3540864868782,21.7411754274296));
#2017=CARTESIAN_POINT('Ctrl Pts',(-7.73096225338801,11.3609208386488,21.5654699133899));
#2018=CARTESIAN_POINT('Ctrl Pts',(-7.72424495811955,11.3676381339172,21.3898099547404));
#2019=CARTESIAN_POINT('Ctrl Pts',(-7.71764624024164,11.3742368517952,21.2142007005627));
#2020=CARTESIAN_POINT('Ctrl Pts',(-7.71116762942179,11.380715462615,21.0386473150795));
#2021=CARTESIAN_POINT('Ctrl Pts',(-7.70481066632805,11.3870724257087,20.8631549779202));
#2022=CARTESIAN_POINT('Ctrl Pts',(-7.69857690494575,11.393306187091,20.687728884223));
#2023=CARTESIAN_POINT('Ctrl Pts',(-7.69246791493461,11.3994151771022,20.5123742448027));
#2024=CARTESIAN_POINT('Ctrl Pts',(-7.68648528377878,11.405397808258,20.3370962863028));
#2025=CARTESIAN_POINT('Ctrl Pts',(-7.68063061952284,11.4112524725139,20.1619002513224));
#2026=CARTESIAN_POINT('Ctrl Pts',(-7.67490554926214,11.4169775427746,19.9867913988016));
#2027=CARTESIAN_POINT('Ctrl Pts',(-7.66931171666048,11.4225713753763,19.811775004466));
#2028=CARTESIAN_POINT('Ctrl Pts',(-7.66385077981385,11.4280323122229,19.6368563612584));
#2029=CARTESIAN_POINT('Ctrl Pts',(-7.65852440894182,11.433358683095,19.4620407797566));
#2030=CARTESIAN_POINT('Ctrl Pts',(-7.65333428421637,11.4385488078204,19.2873335886445));
#2031=CARTESIAN_POINT('Ctrl Pts',(-7.64828209337603,11.4436009986608,19.112740135044));
#2032=CARTESIAN_POINT('Ctrl Pts',(-7.64336953000689,11.4485135620299,18.9382657853401));
#2033=CARTESIAN_POINT('Ctrl Pts',(-7.63859829263943,11.4532847993974,18.763915926635));
#2034=CARTESIAN_POINT('Ctrl Pts',(-7.63397008365657,11.4579130083802,18.5896959680433));
#2035=CARTESIAN_POINT('Ctrl Pts',(-7.62948660824329,11.4623964837935,18.4156113420498));
#2036=CARTESIAN_POINT('Ctrl Pts',(-7.62514957339856,11.4667335186382,18.2416675058464));
#2037=CARTESIAN_POINT('Ctrl Pts',(-7.62096068672969,11.4709224053071,18.067869942666));
#2038=CARTESIAN_POINT('Ctrl Pts',(-7.61692165589171,11.4749614361451,17.8942241631532));
#2039=CARTESIAN_POINT('Ctrl Pts',(-7.61303419378431,11.4788488982525,17.7207357071044));
#2040=CARTESIAN_POINT('Ctrl Pts',(-7.60930002329576,11.482583068741,17.5474101451865));
#2041=CARTESIAN_POINT('Ctrl Pts',(-7.60572088213705,11.4861622098997,17.3742530806401));
#2042=CARTESIAN_POINT('Ctrl Pts',(-7.60229852782616,11.4895845642106,17.2012701510445));
#2043=CARTESIAN_POINT('Ctrl Pts',(-7.59903474216573,11.4928483498711,17.028467029928));
#2044=CARTESIAN_POINT('Ctrl Pts',(-7.59593133709719,11.4959517549396,16.8558494287826));
#2045=CARTESIAN_POINT('Ctrl Pts',(-7.59299015057303,11.4988929414638,16.6834230961452));
#2046=CARTESIAN_POINT('Ctrl Pts',(-7.5902130401094,11.5016700519274,16.5111938159688));
#2047=CARTESIAN_POINT('Ctrl Pts',(-7.58760187725294,11.5042812147838,16.3391674063251));
#2048=CARTESIAN_POINT('Ctrl Pts',(-7.58515854140014,11.5067245506367,16.1673497177729));
#2049=CARTESIAN_POINT('Ctrl Pts',(-7.58288491450898,11.5089981775278,15.9957466323252));
#2050=CARTESIAN_POINT('Ctrl Pts',(-7.58078287389796,11.5111002181388,15.8243640610269));
#2051=CARTESIAN_POINT('Ctrl Pts',(-7.5788542923213,11.5130287997155,15.6532079469158));
#2052=CARTESIAN_POINT('Ctrl Pts',(-7.57710104404989,11.5147820479869,15.482284272459));
#2053=CARTESIAN_POINT('Ctrl Pts',(-7.57552500916231,11.5163580828745,15.3115990656315));
#2054=CARTESIAN_POINT('Ctrl Pts',(-7.57412807874822,11.5177550132886,15.1411584067366));
#2055=CARTESIAN_POINT('Ctrl Pts',(-7.57291215931076,11.518970932726,14.9709684344846));
#2056=CARTESIAN_POINT('Ctrl Pts',(-7.57187917850729,11.5200039135295,14.801035353418));
#2057=CARTESIAN_POINT('Ctrl Pts',(-7.57103108698874,11.520852005048,14.6313654373254));
#2058=CARTESIAN_POINT('Ctrl Pts',(-7.57036985232043,11.5215132397164,14.4619650244949));
#2059=CARTESIAN_POINT('Ctrl Pts',(-7.56989745462301,11.5219856374138,14.2928405147227));
#2060=CARTESIAN_POINT('Ctrl Pts',(-7.56961588140415,11.5222672106326,14.123998365536));
#2061=CARTESIAN_POINT('Ctrl Pts',(-7.56952712301667,11.5223559690201,13.955445088949));
#2062=CARTESIAN_POINT('Ctrl Pts',(-7.56963316717598,11.5222499248608,13.7871872475192));
#2063=CARTESIAN_POINT('Ctrl Pts',(-7.56993599590336,11.5219470961334,13.619231452125));
#2064=CARTESIAN_POINT('Ctrl Pts',(-7.57043759406399,11.5214454979728,13.4515843678602));
#2065=CARTESIAN_POINT('Ctrl Pts',(-7.57113995634494,11.5207431356919,13.284252718856));
#2066=CARTESIAN_POINT('Ctrl Pts',(-7.57204509491346,11.5198379971233,13.1172432935387));
#2067=CARTESIAN_POINT('Ctrl Pts',(-7.57315504661438,11.5187280454224,12.9505629496595));
#2068=CARTESIAN_POINT('Ctrl Pts',(-7.57447188077244,11.5174112112643,12.7842186195269));
#2069=CARTESIAN_POINT('Ctrl Pts',(-7.57599770556533,11.5158853864715,12.6182173148532));
#2070=CARTESIAN_POINT('Ctrl Pts',(-7.57773465871159,11.5141484333252,12.4525661275965));
#2071=CARTESIAN_POINT('Ctrl Pts',(-7.57968489929943,11.5121981927374,12.2872722310907));
#2072=CARTESIAN_POINT('Ctrl Pts',(-7.58185059912553,11.5100324929113,12.1223428810524));
#2073=CARTESIAN_POINT('Ctrl Pts',(-7.58423393437166,11.5076491576651,11.9577854166756));
#2074=CARTESIAN_POINT('Ctrl Pts',(-7.58683707682863,11.5050460152082,11.7936072616077));
#2075=CARTESIAN_POINT('Ctrl Pts',(-7.58966218619091,11.5022209058459,11.6298159252133));
#2076=CARTESIAN_POINT('Ctrl Pts',(-7.59271141826762,11.4991716737692,11.4664190081452));
#2077=CARTESIAN_POINT('Ctrl Pts',(-7.59598693228554,11.4958961597513,11.3034242076638));
#2078=CARTESIAN_POINT('Ctrl Pts',(-7.5994908985896,11.4923921934472,11.1408393230805));
#2079=CARTESIAN_POINT('Ctrl Pts',(-7.6032255060498,11.488657585987,10.9786722610874));
#2080=CARTESIAN_POINT('Ctrl Pts',(-7.60719296989092,11.4846901221459,10.8169310412871));
#2081=CARTESIAN_POINT('Ctrl Pts',(-7.61139553847482,11.480487553562,10.6556238011976));
#2082=CARTESIAN_POINT('Ctrl Pts',(-7.61583549235664,11.4760475996802,10.4947587972269));
#2083=CARTESIAN_POINT('Ctrl Pts',(-7.6205151440626,11.4713679479742,10.3343444060776));
#2084=CARTESIAN_POINT('Ctrl Pts',(-7.62543683763818,11.4664462543986,10.1743891259067));
#2085=CARTESIAN_POINT('Ctrl Pts',(-7.63060294818775,11.461280143849,10.0149015777783));
#2086=CARTESIAN_POINT('Ctrl Pts',(-7.63601588167432,11.4558672103625,9.85589050654218));
#2087=CARTESIAN_POINT('Ctrl Pts',(-7.64167807378626,11.4502050182505,9.69736478339082));
#2088=CARTESIAN_POINT('Ctrl Pts',(-7.64759198591463,11.4442911061222,9.5393334132298));
#2089=CARTESIAN_POINT('Ctrl Pts',(-7.65376010178001,11.4381229902568,9.38180554116024));
#2090=CARTESIAN_POINT('Ctrl Pts',(-7.6601849235342,11.4316981685026,9.22479045936874));
#2091=CARTESIAN_POINT('Ctrl Pts',(-7.66686896870341,11.4250141233334,9.06829761371912));
#2092=CARTESIAN_POINT('Ctrl Pts',(-7.67381476524515,11.4180683267916,8.91233661078643));
#2093=CARTESIAN_POINT('Ctrl Pts',(-7.68102485347765,11.4108582385591,8.75691722345488));
#2094=CARTESIAN_POINT('Ctrl Pts',(-7.68850179475601,11.4033812972808,8.60204939508407));
#2095=CARTESIAN_POINT('Ctrl Pts',(-7.69624817830129,11.3956349137355,8.44774324414687));
#2096=CARTESIAN_POINT('Ctrl Pts',(-7.7042666288109,11.3876164632259,8.29400906849945));
#2097=CARTESIAN_POINT('Ctrl Pts',(-7.71255981367388,11.3793232783629,8.14085735022436));
#2098=CARTESIAN_POINT('Ctrl Pts',(-7.7211304505199,11.3707526415169,7.98829875914272));
#2099=CARTESIAN_POINT('Ctrl Pts',(-7.72998131289517,11.3619017791416,7.83634416716596));
#2100=CARTESIAN_POINT('Ctrl Pts',(-7.73911523547994,11.3527678565569,7.68500466441565));
#2101=CARTESIAN_POINT('Ctrl Pts',(-7.74853511976965,11.3433479722671,7.53429157496642));
#2102=CARTESIAN_POINT('Ctrl Pts',(-7.75824393887611,11.3336391531607,7.38421647221855));
#2103=CARTESIAN_POINT('Ctrl Pts',(-7.76824474435666,11.3236383476801,7.23479119571171));
#2104=CARTESIAN_POINT('Ctrl Pts',(-7.77854066683075,11.313342425206,7.08602786318856));
#2105=CARTESIAN_POINT('Ctrl Pts',(-7.78913490019758,11.3027481918392,6.93793887004388));
#2106=CARTESIAN_POINT('Ctrl Pts',(-7.80003068936126,11.2918524026755,6.79053689137654));
#2107=CARTESIAN_POINT('Ctrl Pts',(-7.8112313157236,11.2806517763132,6.64383488258339));
#2108=CARTESIAN_POINT('Ctrl Pts',(-7.82274008558173,11.2691430064551,6.49784608157553));
#2109=CARTESIAN_POINT('Ctrl Pts',(-7.83456031214361,11.2573227798932,6.35258400767436));
#2110=CARTESIAN_POINT('Ctrl Pts',(-7.84669535084007,11.2451877411967,6.20806248816117));
#2111=CARTESIAN_POINT('Ctrl Pts',(-7.85914864199475,11.232734450042,6.06429568896548));
#2112=CARTESIAN_POINT('Ctrl Pts',(-7.87192375320286,11.2199593388339,5.92129814447972));
#2113=CARTESIAN_POINT('Ctrl Pts',(-7.88502441668535,11.2068586753514,5.77908478646181));
#2114=CARTESIAN_POINT('Ctrl Pts',(-7.89845458153151,11.1934285105053,5.63767097650916));
#2115=CARTESIAN_POINT('Ctrl Pts',(-7.9122184068173,11.1796646852195,5.49707252391559));
#2116=CARTESIAN_POINT('Ctrl Pts',(-7.92632020622296,11.1655628858138,5.35730569174551));
#2117=CARTESIAN_POINT('Ctrl Pts',(-7.94076440363621,11.1511186884006,5.21838720514446));
#2118=CARTESIAN_POINT('Ctrl Pts',(-7.95555549025714,11.1363276017796,5.08033426116497));
#2119=CARTESIAN_POINT('Ctrl Pts',(-7.97069796659637,11.1211851254404,4.94316453210808));
#2120=CARTESIAN_POINT('Ctrl Pts',(-7.98619634011921,11.1056867519176,4.80689619153011));
#2121=CARTESIAN_POINT('Ctrl Pts',(-8.00205522417516,11.0898278678616,4.67154798132274));
#2122=CARTESIAN_POINT('Ctrl Pts',(-8.01827941728058,11.0736036747562,4.53713927061079));
#2123=CARTESIAN_POINT('Ctrl Pts',(-8.03487398416187,11.0570091078749,4.403690115963));
#2124=CARTESIAN_POINT('Ctrl Pts',(-8.0518443506812,11.0400387413556,4.27122132577451));
#2125=CARTESIAN_POINT('Ctrl Pts',(-8.06919634469898,11.0226867473378,4.13975450743551));
#2126=CARTESIAN_POINT('Ctrl Pts',(-8.08693611952489,11.0049469725119,4.00931207797765));
#2127=CARTESIAN_POINT('Ctrl Pts',(-8.10507009735717,10.9868129946796,3.87991727956693));
#2128=CARTESIAN_POINT('Ctrl Pts',(-8.12360491393531,10.9682781781015,3.75159419889128));
#2129=CARTESIAN_POINT('Ctrl Pts',(-8.14254734048209,10.9493357515547,3.62436777083742));
#2130=CARTESIAN_POINT('Ctrl Pts',(-8.16190429651632,10.9299787955205,3.49826384047491));
#2131=CARTESIAN_POINT('Ctrl Pts',(-8.18168298170217,10.9102001103346,3.37330930167232));
#2132=CARTESIAN_POINT('Ctrl Pts',(-8.20189098143701,10.8899921105998,3.24953221716198));
#2133=CARTESIAN_POINT('Ctrl Pts',(-8.2225363751785,10.8693467168583,3.12696194474234));
#2134=CARTESIAN_POINT('Ctrl Pts',(-8.24362786368582,10.848255228351,3.00562926444639));
#2135=CARTESIAN_POINT('Ctrl Pts',(-8.2651747708726,10.8267083211642,2.8855664839789));
#2136=CARTESIAN_POINT('Ctrl Pts',(-8.28718699238999,10.8046960996468,2.76680753300486));
#2137=CARTESIAN_POINT('Ctrl Pts',(-8.30967496514264,10.7822081268942,2.64938806357983));
#2138=CARTESIAN_POINT('Ctrl Pts',(-8.33264962003151,10.7592334720053,2.53334554248892));
#2139=CARTESIAN_POINT('Ctrl Pts',(-8.3561223655035,10.7357607265333,2.41871936358532));
#2140=CARTESIAN_POINT('Ctrl Pts',(-8.38010523729752,10.7117778547393,2.3055510849642));
#2141=CARTESIAN_POINT('Ctrl Pts',(-8.40461103157385,10.6872720604629,2.19388464836033));
#2142=CARTESIAN_POINT('Ctrl Pts',(-8.42965344079479,10.662229651242,2.08376661316989));
#2143=CARTESIAN_POINT('Ctrl Pts',(-8.45524719773233,10.6366358943045,1.97524636478146));
#2144=CARTESIAN_POINT('Ctrl Pts',(-8.48140815091278,10.610474941124,1.86837646310307));
#2145=CARTESIAN_POINT('Ctrl Pts',(-8.50815331754432,10.5837297744925,1.76321302221589));
#2146=CARTESIAN_POINT('Ctrl Pts',(-8.53550094730914,10.5563821447277,1.65981609502677));
#2147=CARTESIAN_POINT('Ctrl Pts',(-8.56347057393804,10.5284125180987,1.55825001931695));
#2148=CARTESIAN_POINT('Ctrl Pts',(-8.59208310408545,10.4997999879513,1.45858393396364));
#2149=CARTESIAN_POINT('Ctrl Pts',(-8.62136092652235,10.4705221655144,1.36089240102467));
#2150=CARTESIAN_POINT('Ctrl Pts',(-8.65132802464904,10.4405550673878,1.2652560329469));
#2151=CARTESIAN_POINT('Ctrl Pts',(-8.68201006592422,10.4098730261126,1.17176203326303));
#2152=CARTESIAN_POINT('Ctrl Pts',(-8.71343460216585,10.3784484898709,1.08050513587369));
#2153=CARTESIAN_POINT('Ctrl Pts',(-8.74563138346595,10.3462517085708,0.991588830671383));
#2154=CARTESIAN_POINT('Ctrl Pts',(-8.77863259315275,10.313250498884,0.905126534088179));
#2155=CARTESIAN_POINT('Ctrl Pts',(-8.81247322692595,10.2794098651108,0.821242712255306));
#2156=CARTESIAN_POINT('Ctrl Pts',(-8.84719064154016,10.2446924504966,0.740074536084821));
#2157=CARTESIAN_POINT('Ctrl Pts',(-8.88282388937293,10.2090592026639,0.661773730712139));
#2158=CARTESIAN_POINT('Ctrl Pts',(-8.91941309648258,10.1724699955542,0.586508296171905));
#2159=CARTESIAN_POINT('Ctrl Pts',(-8.95699892794222,10.1348841640946,0.514464469611206));
#2160=CARTESIAN_POINT('Ctrl Pts',(-8.99562331002391,10.0962597820129,0.44584987853401));
#2161=CARTESIAN_POINT('Ctrl Pts',(-9.03532949185015,10.0565536001866,0.380896420648848));
#2162=CARTESIAN_POINT('Ctrl Pts',(-9.07616347312072,10.0157196189161,0.319863527436053));
#2163=CARTESIAN_POINT('Ctrl Pts',(-9.1181669704797,9.97371612155709,0.263038802757275));
#2164=CARTESIAN_POINT('Ctrl Pts',(-9.16136953364272,9.93051355839407,0.210737711111457));
#2165=CARTESIAN_POINT('Ctrl Pts',(-9.20577890380657,9.88610418823022,0.163304345010497));
#2166=CARTESIAN_POINT('Ctrl Pts',(-9.25138072283557,9.84050236920122,0.12110724336375));
#2167=CARTESIAN_POINT('Ctrl Pts',(-9.29814072848893,9.79374236354786,0.0845293088956916));
#2168=CARTESIAN_POINT('Ctrl Pts',(-9.34601158590677,9.74587150613002,0.0539650555054084));
#2169=CARTESIAN_POINT('Ctrl Pts',(-9.39491382455366,9.69696926748313,0.0297901603544322));
#2170=CARTESIAN_POINT('Ctrl Pts',(-9.444706307677,9.64717678435979,0.0123200749909857));
#2171=CARTESIAN_POINT('Ctrl Pts',(-9.4951520808776,9.59673101115919,0.00176505162565037));
#2172=CARTESIAN_POINT('Ctrl Pts',(-9.54594154601845,9.54594154601834,-0.00176398234111097));
#2173=CARTESIAN_POINT('Ctrl Pts',(-9.5967310111593,9.49515208087749,0.0017650516255571));
#2174=CARTESIAN_POINT('Ctrl Pts',(-9.6471767843599,9.44470630767689,0.012320074990944));
#2175=CARTESIAN_POINT('Ctrl Pts',(-9.69696926748324,9.39491382455355,0.0297901603545047));
#2176=CARTESIAN_POINT('Ctrl Pts',(-9.74587150613013,9.34601158590666,0.0539650555055382));
#2177=CARTESIAN_POINT('Ctrl Pts',(-9.79374236354796,9.29814072848883,0.0845293088957963));
#2178=CARTESIAN_POINT('Ctrl Pts',(-9.84050236920132,9.25138072283547,0.121107243363807));
#2179=CARTESIAN_POINT('Ctrl Pts',(-9.88610418823032,9.20577890380647,0.163304345010547));
#2180=CARTESIAN_POINT('Ctrl Pts',(-9.93051355839416,9.16136953364263,0.210737711111538));
#2181=CARTESIAN_POINT('Ctrl Pts',(-9.97371612155717,9.11816697047962,0.263038802757391));
#2182=CARTESIAN_POINT('Ctrl Pts',(-10.0157196189161,9.07616347312065,0.31986352743619));
#2183=CARTESIAN_POINT('Ctrl Pts',(-10.0565536001867,9.03532949185008,0.380896420648982));
#2184=CARTESIAN_POINT('Ctrl Pts',(-10.096259782013,8.99562331002383,0.445849878534119));
#2185=CARTESIAN_POINT('Ctrl Pts',(-10.1348841640947,8.95699892794213,0.51446446961133));
#2186=CARTESIAN_POINT('Ctrl Pts',(-10.1724699955543,8.9194130964825,0.586508296172034));
#2187=CARTESIAN_POINT('Ctrl Pts',(-10.2090592026639,8.88282388937286,0.661773730712287));
#2188=CARTESIAN_POINT('Ctrl Pts',(-10.2446924504967,8.84719064154011,0.740074536084932));
#2189=CARTESIAN_POINT('Ctrl Pts',(-10.2794098651109,8.81247322692591,0.821242712255396));
#2190=CARTESIAN_POINT('Ctrl Pts',(-10.3132504988841,8.7786325931527,0.905126534088282));
#2191=CARTESIAN_POINT('Ctrl Pts',(-10.3462517085709,8.74563138346589,0.991588830671519));
#2192=CARTESIAN_POINT('Ctrl Pts',(-10.378448489871,8.71343460216578,1.08050513587393));
#2193=CARTESIAN_POINT('Ctrl Pts',(-10.4098730261126,8.68201006592417,1.17176203326331));
#2194=CARTESIAN_POINT('Ctrl Pts',(-10.4405550673878,8.65132802464899,1.26525603294709));
#2195=CARTESIAN_POINT('Ctrl Pts',(-10.4705221655145,8.6213609265223,1.36089240102476));
#2196=CARTESIAN_POINT('Ctrl Pts',(-10.4997999879514,8.5920831040854,1.45858393396371));
#2197=CARTESIAN_POINT('Ctrl Pts',(-10.5284125180988,8.563470573938,1.5582500193171));
#2198=CARTESIAN_POINT('Ctrl Pts',(-10.5563821447277,8.53550094730909,1.65981609502694));
#2199=CARTESIAN_POINT('Ctrl Pts',(-10.5837297744925,8.50815331754428,1.76321302221601));
#2200=CARTESIAN_POINT('Ctrl Pts',(-10.610474941124,8.48140815091275,1.86837646310308));
#2201=CARTESIAN_POINT('Ctrl Pts',(-10.6366358943045,8.45524719773231,1.97524636478143));
#2202=CARTESIAN_POINT('Ctrl Pts',(-10.662229651242,8.42965344079476,2.08376661316993));
#2203=CARTESIAN_POINT('Ctrl Pts',(-10.687272060463,8.40461103157382,2.1938846483605));
#2204=CARTESIAN_POINT('Ctrl Pts',(-10.7117778547393,8.38010523729748,2.30555108496445));
#2205=CARTESIAN_POINT('Ctrl Pts',(-10.7357607265333,8.35612236550346,2.4187193635856));
#2206=CARTESIAN_POINT('Ctrl Pts',(-10.7592334720053,8.33264962003147,2.53334554248914));
#2207=CARTESIAN_POINT('Ctrl Pts',(-10.7822081268942,8.3096749651426,2.64938806357995));
#2208=CARTESIAN_POINT('Ctrl Pts',(-10.8046960996468,8.28718699238997,2.76680753300494));
#2209=CARTESIAN_POINT('Ctrl Pts',(-10.8267083211642,8.26517477087259,2.88556648397899));
#2210=CARTESIAN_POINT('Ctrl Pts',(-10.848255228351,8.24362786368582,3.00562926444654));
#2211=CARTESIAN_POINT('Ctrl Pts',(-10.8693467168583,8.22253637517849,3.12696194474252));
#2212=CARTESIAN_POINT('Ctrl Pts',(-10.8899921105998,8.20189098143698,3.24953221716206));
#2213=CARTESIAN_POINT('Ctrl Pts',(-10.9102001103347,8.18168298170212,3.37330930167229));
#2214=CARTESIAN_POINT('Ctrl Pts',(-10.9299787955205,8.16190429651625,3.49826384047486));
#2215=CARTESIAN_POINT('Ctrl Pts',(-10.9493357515548,8.14254734048203,3.62436777083752));
#2216=CARTESIAN_POINT('Ctrl Pts',(-10.9682781781015,8.12360491393527,3.75159419889147));
#2217=CARTESIAN_POINT('Ctrl Pts',(-10.9868129946796,8.10507009735718,3.87991727956696));
#2218=CARTESIAN_POINT('Ctrl Pts',(-11.0049469725119,8.08693611952494,4.00931207797729));
#2219=CARTESIAN_POINT('Ctrl Pts',(-11.0226867473378,8.06919634469904,4.13975450743479));
#2220=CARTESIAN_POINT('Ctrl Pts',(-11.0400387413556,8.05184435068123,4.2712213257738));
#2221=CARTESIAN_POINT('Ctrl Pts',(-11.0570091078749,8.03487398416187,4.40369011596281));
#2222=CARTESIAN_POINT('Ctrl Pts',(-11.0736036747562,8.01827941728054,4.53713927061134));
#2223=CARTESIAN_POINT('Ctrl Pts',(-11.0898278678617,8.00205522417512,4.67154798132381));
#2224=CARTESIAN_POINT('Ctrl Pts',(-11.1056867519176,7.98619634011918,4.8068961915314));
#2225=CARTESIAN_POINT('Ctrl Pts',(-11.1211851254404,7.97069796659636,4.94316453210909));
#2226=CARTESIAN_POINT('Ctrl Pts',(-11.1363276017796,7.95555549025714,5.08033426116532));
#2227=CARTESIAN_POINT('Ctrl Pts',(-11.1511186884006,7.94076440363619,5.21838720514401));
#2228=CARTESIAN_POINT('Ctrl Pts',(-11.1655628858139,7.9263202062229,5.3573056917445));
#2229=CARTESIAN_POINT('Ctrl Pts',(-11.1796646852195,7.91221840681724,5.49707252391444));
#2230=CARTESIAN_POINT('Ctrl Pts',(-11.1934285105053,7.89845458153147,5.63767097650828));
#2231=CARTESIAN_POINT('Ctrl Pts',(-11.2068586753514,7.88502441668534,5.77908478646148));
#2232=CARTESIAN_POINT('Ctrl Pts',(-11.2199593388339,7.87192375320287,5.92129814448006));
#2233=CARTESIAN_POINT('Ctrl Pts',(-11.2327344500421,7.85914864199473,6.06429568896638));
#2234=CARTESIAN_POINT('Ctrl Pts',(-11.2451877411968,7.84669535084002,6.20806248816221));
#2235=CARTESIAN_POINT('Ctrl Pts',(-11.2573227798932,7.83456031214355,6.35258400767519));
#2236=CARTESIAN_POINT('Ctrl Pts',(-11.2691430064551,7.82274008558169,6.49784608157593));
#2237=CARTESIAN_POINT('Ctrl Pts',(-11.2806517763132,7.8112313157236,6.64383488258331));
#2238=CARTESIAN_POINT('Ctrl Pts',(-11.2918524026755,7.80003068936131,6.79053689137598));
#2239=CARTESIAN_POINT('Ctrl Pts',(-11.3027481918391,7.78913490019765,6.93793887004305));
#2240=CARTESIAN_POINT('Ctrl Pts',(-11.313342425206,7.77854066683082,7.0860278631877));
#2241=CARTESIAN_POINT('Ctrl Pts',(-11.3236383476801,7.7682447443567,7.23479119571102));
#2242=CARTESIAN_POINT('Ctrl Pts',(-11.3336391531607,7.75824393887611,7.38421647221831));
#2243=CARTESIAN_POINT('Ctrl Pts',(-11.3433479722672,7.74853511976962,7.53429157496683));
#2244=CARTESIAN_POINT('Ctrl Pts',(-11.3527678565569,7.7391152354799,7.68500466441662));
#2245=CARTESIAN_POINT('Ctrl Pts',(-11.3619017791416,7.72998131289514,7.8363441671672));
#2246=CARTESIAN_POINT('Ctrl Pts',(-11.3707526415169,7.72113045051988,7.98829875914383));
#2247=CARTESIAN_POINT('Ctrl Pts',(-11.3793232783629,7.71255981367388,8.14085735022498));
#2248=CARTESIAN_POINT('Ctrl Pts',(-11.3876164632259,7.7042666288109,8.29400906849928));
#2249=CARTESIAN_POINT('Ctrl Pts',(-11.3956349137355,7.69624817830132,8.44774324414582));
#2250=CARTESIAN_POINT('Ctrl Pts',(-11.4033812972807,7.68850179475608,8.60204939508224));
#2251=CARTESIAN_POINT('Ctrl Pts',(-11.410858238559,7.68102485347775,8.75691722345272));
#2252=CARTESIAN_POINT('Ctrl Pts',(-11.4180683267915,7.67381476524524,8.91233661078466));
#2253=CARTESIAN_POINT('Ctrl Pts',(-11.4250141233333,7.66686896870344,9.06829761371836));
#2254=CARTESIAN_POINT('Ctrl Pts',(-11.4316981685026,7.66018492353416,9.22479045936928));
#2255=CARTESIAN_POINT('Ctrl Pts',(-11.4381229902569,7.65376010177991,9.38180554116188));
#2256=CARTESIAN_POINT('Ctrl Pts',(-11.4442911061223,7.64759198591451,9.53933341323187));
#2257=CARTESIAN_POINT('Ctrl Pts',(-11.4502050182506,7.64167807378616,9.69736478339276));
#2258=CARTESIAN_POINT('Ctrl Pts',(-11.4558672103625,7.63601588167426,9.85589050654345));
#2259=CARTESIAN_POINT('Ctrl Pts',(-11.461280143849,7.63060294818774,10.0149015777786));
#2260=CARTESIAN_POINT('Ctrl Pts',(-11.4664462543986,7.6254368376382,10.1743891259056));
#2261=CARTESIAN_POINT('Ctrl Pts',(-11.4713679479742,7.62051514406262,10.3343444060754));
#2262=CARTESIAN_POINT('Ctrl Pts',(-11.4760475996802,7.61583549235664,10.4947587972241));
#2263=CARTESIAN_POINT('Ctrl Pts',(-11.480487553562,7.6113955384748,10.6556238011949));
#2264=CARTESIAN_POINT('Ctrl Pts',(-11.4846901221459,7.60719296989091,10.8169310412852));
#2265=CARTESIAN_POINT('Ctrl Pts',(-11.488657585987,7.6032255060498,10.978672261087));
#2266=CARTESIAN_POINT('Ctrl Pts',(-11.4923921934472,7.5994908985896,11.1408393230819));
#2267=CARTESIAN_POINT('Ctrl Pts',(-11.4958961597512,7.59598693228555,11.3034242076666));
#2268=CARTESIAN_POINT('Ctrl Pts',(-11.4991716737691,7.59271141826764,11.4664190081486));
#2269=CARTESIAN_POINT('Ctrl Pts',(-11.5022209058459,7.58966218619094,11.6298159252162));
#2270=CARTESIAN_POINT('Ctrl Pts',(-11.5050460152081,7.58683707682866,11.7936072616092));
#2271=CARTESIAN_POINT('Ctrl Pts',(-11.5076491576651,7.58423393437166,11.9577854166754));
#2272=CARTESIAN_POINT('Ctrl Pts',(-11.5100324929113,7.58185059912549,12.1223428810508));
#2273=CARTESIAN_POINT('Ctrl Pts',(-11.5121981927374,7.57968489929935,12.2872722310882));
#2274=CARTESIAN_POINT('Ctrl Pts',(-11.5141484333253,7.57773465871147,12.4525661275936));
#2275=CARTESIAN_POINT('Ctrl Pts',(-11.5158853864716,7.57599770556521,12.6182173148505));
#2276=CARTESIAN_POINT('Ctrl Pts',(-11.5174112112644,7.57447188077236,12.784218619525));
#2277=CARTESIAN_POINT('Ctrl Pts',(-11.5187280454224,7.57315504661437,12.9505629496591));
#2278=CARTESIAN_POINT('Ctrl Pts',(-11.5198379971233,7.57204509491351,13.11724329354));
#2279=CARTESIAN_POINT('Ctrl Pts',(-11.5207431356918,7.57113995634502,13.2842527188587));
#2280=CARTESIAN_POINT('Ctrl Pts',(-11.5214454979727,7.57043759406406,13.4515843678637));
#2281=CARTESIAN_POINT('Ctrl Pts',(-11.5219470961334,7.5699359959034,13.6192314521281));
#2282=CARTESIAN_POINT('Ctrl Pts',(-11.5222499248608,7.569633167176,13.787187247521));
#2283=CARTESIAN_POINT('Ctrl Pts',(-11.5223559690201,7.56952712301666,13.9554450889489));
#2284=CARTESIAN_POINT('Ctrl Pts',(-11.5222672106327,7.56961588140412,14.1239983655344));
#2285=CARTESIAN_POINT('Ctrl Pts',(-11.5219856374138,7.56989745462297,14.2928405147203));
#2286=CARTESIAN_POINT('Ctrl Pts',(-11.5215132397164,7.57036985232037,14.4619650244925));
#2287=CARTESIAN_POINT('Ctrl Pts',(-11.5208520050481,7.57103108698869,14.6313654373236));
#2288=CARTESIAN_POINT('Ctrl Pts',(-11.5200039135295,7.57187917850725,14.8010353534169));
#2289=CARTESIAN_POINT('Ctrl Pts',(-11.518970932726,7.57291215931074,14.9709684344842));
#2290=CARTESIAN_POINT('Ctrl Pts',(-11.5177550132886,7.57412807874822,15.1411584067365));
#2291=CARTESIAN_POINT('Ctrl Pts',(-11.5163580828745,7.57552500916232,15.3115990656314));
#2292=CARTESIAN_POINT('Ctrl Pts',(-11.5147820479869,7.57710104404991,15.4822842724586));
#2293=CARTESIAN_POINT('Ctrl Pts',(-11.5130287997155,7.5788542923213,15.6532079469153));
#2294=CARTESIAN_POINT('Ctrl Pts',(-11.5111002181388,7.58078287389795,15.8243640610265));
#2295=CARTESIAN_POINT('Ctrl Pts',(-11.5089981775278,7.58288491450895,15.9957466323249));
#2296=CARTESIAN_POINT('Ctrl Pts',(-11.5067245506367,7.58515854140013,16.1673497177725));
#2297=CARTESIAN_POINT('Ctrl Pts',(-11.5042812147838,7.58760187725296,16.3391674063246));
#2298=CARTESIAN_POINT('Ctrl Pts',(-11.5016700519273,7.59021304010947,16.5111938159679));
#2299=CARTESIAN_POINT('Ctrl Pts',(-11.4988929414637,7.59299015057312,16.683423096144));
#2300=CARTESIAN_POINT('Ctrl Pts',(-11.4959517549395,7.59593133709727,16.8558494287813));
#2301=CARTESIAN_POINT('Ctrl Pts',(-11.492848349871,7.59903474216576,17.028467029927));
#2302=CARTESIAN_POINT('Ctrl Pts',(-11.4895845642107,7.60229852782613,17.2012701510442));
#2303=CARTESIAN_POINT('Ctrl Pts',(-11.4861622098998,7.60572088213696,17.3742530806407));
#2304=CARTESIAN_POINT('Ctrl Pts',(-11.4825830687412,7.60930002329562,17.5474101451879));
#2305=CARTESIAN_POINT('Ctrl Pts',(-11.4788488982526,7.61303419378415,17.7207357071063));
#2306=CARTESIAN_POINT('Ctrl Pts',(-11.4749614361452,7.61692165589157,17.894224163155));
#2307=CARTESIAN_POINT('Ctrl Pts',(-11.4709224053072,7.62096068672959,18.067869942667));
#2308=CARTESIAN_POINT('Ctrl Pts',(-11.4667335186383,7.62514957339853,18.2416675058462));
#2309=CARTESIAN_POINT('Ctrl Pts',(-11.4623964837935,7.62948660824333,18.4156113420479));
#2310=CARTESIAN_POINT('Ctrl Pts',(-11.4579130083801,7.63397008365666,18.5896959680401));
#2311=CARTESIAN_POINT('Ctrl Pts',(-11.4532847993973,7.63859829263953,18.7639159266311));
#2312=CARTESIAN_POINT('Ctrl Pts',(-11.4485135620298,7.64336953000697,18.9382657853363));
#2313=CARTESIAN_POINT('Ctrl Pts',(-11.4436009986607,7.64828209337607,19.1127401350411));
#2314=CARTESIAN_POINT('Ctrl Pts',(-11.4385488078204,7.65333428421636,19.2873335886432));
#2315=CARTESIAN_POINT('Ctrl Pts',(-11.433358683095,7.65852440894177,19.4620407797571));
#2316=CARTESIAN_POINT('Ctrl Pts',(-11.428032312223,7.66385077981379,19.6368563612602));
#2317=CARTESIAN_POINT('Ctrl Pts',(-11.4225713753764,7.66931171666043,19.8117750044682));
#2318=CARTESIAN_POINT('Ctrl Pts',(-11.4169775427747,7.67490554926212,19.9867913988036));
#2319=CARTESIAN_POINT('Ctrl Pts',(-11.4112524725139,7.68063061952284,20.1619002513235));
#2320=CARTESIAN_POINT('Ctrl Pts',(-11.405397808258,7.68648528377877,20.337096286303));
#2321=CARTESIAN_POINT('Ctrl Pts',(-11.3994151771022,7.69246791493458,20.5123742448019));
#2322=CARTESIAN_POINT('Ctrl Pts',(-11.3933061870911,7.69857690494567,20.6877288842216));
#2323=CARTESIAN_POINT('Ctrl Pts',(-11.3870724257089,7.70481066632791,20.8631549779185));
#2324=CARTESIAN_POINT('Ctrl Pts',(-11.3807154626152,7.71116762942161,21.0386473150779));
#2325=CARTESIAN_POINT('Ctrl Pts',(-11.3742368517953,7.71764624024145,21.2142007005611));
#2326=CARTESIAN_POINT('Ctrl Pts',(-11.3676381339174,7.7242449581194,21.3898099547391));
#2327=CARTESIAN_POINT('Ctrl Pts',(-11.3609208386488,7.73096225338795,21.5654699133891));
#2328=CARTESIAN_POINT('Ctrl Pts',(-11.3540864868781,7.73779660515865,21.7411754274296));
#2329=CARTESIAN_POINT('Ctrl Pts',(-11.347136593272,7.74474649876477,21.9169213630782));
#2330=CARTESIAN_POINT('Ctrl Pts',(-11.3400726662469,7.75181042578989,22.0927025988773));
#2331=CARTESIAN_POINT('Ctrl Pts',(-11.3328962073825,7.75898688465433,22.2685140220134));
#2332=CARTESIAN_POINT('Ctrl Pts',(-11.3256087110173,7.7662743810195,22.444350524935));
#2333=CARTESIAN_POINT('Ctrl Pts',(-11.318211663791,7.77367142824582,22.6202070017203));
#2334=CARTESIAN_POINT('Ctrl Pts',(-11.3107065441558,7.78117654788099,22.7960783448421));
#2335=CARTESIAN_POINT('Ctrl Pts',(-11.3030948220321,7.78878827000472,22.9719594410526));
#2336=CARTESIAN_POINT('Ctrl Pts',(-11.2953779579305,7.79650513410627,23.1478451702084));
#2337=CARTESIAN_POINT('Ctrl Pts',(-11.2875574013108,7.80432569072601,23.3237304082222));
#2338=CARTESIAN_POINT('Ctrl Pts',(-11.2796345891293,7.81224850290751,23.4996100290081));
#2339=CARTESIAN_POINT('Ctrl Pts',(-11.2716109443046,7.82027214773216,23.6754789068365));
#2340=CARTESIAN_POINT('Ctrl Pts',(-11.2634878742313,7.82839521780548,23.8513319185085));
#2341=CARTESIAN_POINT('Ctrl Pts',(-11.2552667692414,7.83661632279536,24.02716394562));
#2342=CARTESIAN_POINT('Ctrl Pts',(-11.246949001174,7.84493409086276,24.2029698767519));
#2343=CARTESIAN_POINT('Ctrl Pts',(-11.2385359267828,7.853347165254,24.3787446070933));
#2344=CARTESIAN_POINT('Ctrl Pts',(-11.2300288910984,7.86185420093843,24.5544830381459));
#2345=CARTESIAN_POINT('Ctrl Pts',(-11.221429230724,7.87045386131275,24.7301800773219));
#2346=CARTESIAN_POINT('Ctrl Pts',(-11.2127382773486,7.87914481468817,24.9058306377596));
#2347=CARTESIAN_POINT('Ctrl Pts',(-11.2039573607245,7.88792573131233,25.081429637643));
#2348=CARTESIAN_POINT('Ctrl Pts',(-11.1950878129885,7.8967952790483,25.2569720007499));
#2349=CARTESIAN_POINT('Ctrl Pts',(-11.1861309670478,7.90575212498903,25.432452651571));
#2350=CARTESIAN_POINT('Ctrl Pts',(-11.177088151463,7.91479494057374,25.6078665071866));
#2351=CARTESIAN_POINT('Ctrl Pts',(-11.1679606864519,7.92392240558488,25.7832084702431));
#2352=CARTESIAN_POINT('Ctrl Pts',(-11.1587498793198,7.933133212717,25.9584734212328));
#2353=CARTESIAN_POINT('Ctrl Pts',(-11.1494570203872,7.94242607164959,26.1336562116307));
#2354=CARTESIAN_POINT('Ctrl Pts',(-11.1400833781005,7.95179971393633,26.3087516553212));
#2355=CARTESIAN_POINT('Ctrl Pts',(-11.1306301963731,7.96125289566373,26.4837545249401));
#2356=CARTESIAN_POINT('Ctrl Pts',(-11.1210986992506,7.97078439278621,26.6586595644879));
#2357=CARTESIAN_POINT('Ctrl Pts',(-11.1114900943829,7.98039299765388,26.8334614993228));
#2358=CARTESIAN_POINT('Ctrl Pts',(-11.1018055769361,7.99007751510066,27.0081550470481));
#2359=CARTESIAN_POINT('Ctrl Pts',(-11.0920463333824,7.99983675865438,27.1827349283258));
#2360=CARTESIAN_POINT('Ctrl Pts',(-11.0822135451876,8.00966954684915,27.3571958769985));
#2361=CARTESIAN_POINT('Ctrl Pts',(-11.0723083929549,8.01957469908191,27.5315326524362));
#2362=CARTESIAN_POINT('Ctrl Pts',(-11.0623320556411,8.02955103639572,27.7057400286632));
#2363=CARTESIAN_POINT('Ctrl Pts',(-11.0522857090839,8.03959738295293,27.8798127801511));
#2364=CARTESIAN_POINT('Ctrl Pts',(-11.0421705247829,8.04971256725385,28.0537456690389));
#2365=CARTESIAN_POINT('Ctrl Pts',(-11.0319876685516,8.05989542348522,28.2275334311943));
#2366=CARTESIAN_POINT('Ctrl Pts',(-11.0217382992765,8.0701447927603,28.4011707640727));
#2367=CARTESIAN_POINT('Ctrl Pts',(-11.0114235675006,8.08045952453623,28.574652310576));
#2368=CARTESIAN_POINT('Ctrl Pts',(-11.0010446146152,8.09083847742158,28.7479726578818));
#2369=CARTESIAN_POINT('Ctrl Pts',(-10.9906025725727,8.10128051946412,28.9211263496217));
#2370=CARTESIAN_POINT('Ctrl Pts',(-10.980098563472,8.11178452856482,29.094107894225));
#2371=CARTESIAN_POINT('Ctrl Pts',(-10.9695336991563,8.12234939288053,29.2669117750697));
#2372=CARTESIAN_POINT('Ctrl Pts',(-10.9589090808982,8.13297401113861,29.4395324593138));
#2373=CARTESIAN_POINT('Ctrl Pts',(-10.9482257988243,8.14365729321246,29.6119644086007));
#2374=CARTESIAN_POINT('Ctrl Pts',(-10.9374849321365,8.15439815990027,29.7842020849434));
#2375=CARTESIAN_POINT('Ctrl Pts',(-10.9266875523969,8.16519553963989,29.9562399386544));
#2376=CARTESIAN_POINT('Ctrl Pts',(-10.9158347263549,8.17604836568189,30.1280723989872));
#2377=CARTESIAN_POINT('Ctrl Pts',(-10.9049275189308,8.18695557310599,30.2996938637615));
#2378=CARTESIAN_POINT('Ctrl Pts',(-10.8939669961841,8.19791609585266,30.4710986893183));
#2379=CARTESIAN_POINT('Ctrl Pts',(-10.882954228167,8.20892886386978,30.6422811805759));
#2380=CARTESIAN_POINT('Ctrl Pts',(-10.8718902921601,8.21999279987669,30.813235580379));
#2381=CARTESIAN_POINT('Ctrl Pts',(-10.8607762670804,8.23110682495641,30.9839560761822));
#2382=CARTESIAN_POINT('Ctrl Pts',(-10.8496132273393,8.24226986469751,31.1544368077632));
#2383=CARTESIAN_POINT('Ctrl Pts',(-10.8384022370515,8.25348085498531,31.3246718743819));
#2384=CARTESIAN_POINT('Ctrl Pts',(-10.8271443437561,8.26473874828072,31.4946553425739));
#2385=CARTESIAN_POINT('Ctrl Pts',(-10.8158405731406,8.27604251889622,31.6643812527333));
#2386=CARTESIAN_POINT('Ctrl Pts',(-10.8044919212952,8.28739117074162,31.8338436286254));
#2387=CARTESIAN_POINT('Ctrl Pts',(-10.7930993602981,8.29878373173869,32.0030364711419));
#2388=CARTESIAN_POINT('Ctrl Pts',(-10.7816638488486,8.31021924318816,32.1719537461039));
#2389=CARTESIAN_POINT('Ctrl Pts',(-10.7701863410457,8.3216967509911,32.3405893742324));
#2390=CARTESIAN_POINT('Ctrl Pts',(-10.758667796393,8.33321529564379,32.5089372197221));
#2391=CARTESIAN_POINT('Ctrl Pts',(-10.7471091882249,8.34477390381192,32.6769910805564));
#2392=CARTESIAN_POINT('Ctrl Pts',(-10.7355115154343,8.35637157660245,32.8447446752282));
#2393=CARTESIAN_POINT('Ctrl Pts',(-10.7238758016127,8.3680072904241,33.0121916431283));
#2394=CARTESIAN_POINT('Ctrl Pts',(-10.7122030840213,8.37968000801552,33.1793255560158));
#2395=CARTESIAN_POINT('Ctrl Pts',(-10.7004944056509,8.39138868638593,33.3461399260494));
#2396=CARTESIAN_POINT('Ctrl Pts',(-10.6887508056208,8.403132286416,33.5126282158195));
#2397=CARTESIAN_POINT('Ctrl Pts',(-10.676973311196,8.4149097808408,33.6787838461601));
#2398=CARTESIAN_POINT('Ctrl Pts',(-10.6651629268839,8.42672016515284,33.8446002082583));
#2399=CARTESIAN_POINT('Ctrl Pts',(-10.6533206330502,8.43856245898658,34.0100706614792));
#2400=CARTESIAN_POINT('Ctrl Pts',(-10.6414473964399,8.45043569559691,34.1751885131511));
#2401=CARTESIAN_POINT('Ctrl Pts',(-10.6295441775747,8.46233891446212,34.3399470032256));
#2402=CARTESIAN_POINT('Ctrl Pts',(-10.6176119396707,8.4742711523661,34.5043392862774));
#2403=CARTESIAN_POINT('Ctrl Pts',(-10.6056516563219,8.48623143571486,34.6683584162144));
#2404=CARTESIAN_POINT('Ctrl Pts',(-10.5936643211395,8.49821877089729,34.8319973259792));
#2405=CARTESIAN_POINT('Ctrl Pts',(-10.5816509514596,8.51023214057716,34.995248823168));
#2406=CARTESIAN_POINT('Ctrl Pts',(-10.5696125835431,8.52227050849374,35.1581056090389));
#2407=CARTESIAN_POINT('Ctrl Pts',(-10.5575502697943,8.53433282224247,35.3205602915249));
#2408=CARTESIAN_POINT('Ctrl Pts',(-10.5454650752025,8.54641801683431,35.4826054014904));
#2409=CARTESIAN_POINT('Ctrl Pts',(-10.5333580740306,8.55852501800623,35.6442334057001));
#2410=CARTESIAN_POINT('Ctrl Pts',(-10.5212303466065,8.57065274543027,35.8054367258646));
#2411=CARTESIAN_POINT('Ctrl Pts',(-10.5090829752643,8.58280011677253,35.9662077376112));
#2412=CARTESIAN_POINT('Ctrl Pts',(-10.4969170389379,8.59496605309895,36.1265387449323));
#2413=CARTESIAN_POINT('Ctrl Pts',(-10.4847336083737,8.60714948366309,36.2864219612298));
#2414=CARTESIAN_POINT('Ctrl Pts',(-10.4725337405115,8.61934935152525,36.4458494869278));
#2415=CARTESIAN_POINT('Ctrl Pts',(-10.4603184745627,8.63156461747413,36.6048132902955));
#2416=CARTESIAN_POINT('Ctrl Pts',(-10.4480888240022,8.64379426803458,36.7633051825275));
#2417=CARTESIAN_POINT('Ctrl Pts',(-10.435845785291,8.65603730674578,36.9213168147103));
#2418=CARTESIAN_POINT('Ctrl Pts',(-10.4235903586646,8.66829273337221,37.078839690208));
#2419=CARTESIAN_POINT('Ctrl Pts',(-10.4113235650442,8.6805595269926,37.2358651723351));
#2420=CARTESIAN_POINT('Ctrl Pts',(-10.3990464652643,8.69283662677249,37.3923844943735));
#2421=CARTESIAN_POINT('Ctrl Pts',(-10.3867601766342,8.70512291540258,37.548388767642));
#2422=CARTESIAN_POINT('Ctrl Pts',(-10.3744658950184,8.71741719701842,37.7038689928609));
#2423=CARTESIAN_POINT('Ctrl Pts',(-10.3621648797189,8.72971821231787,37.8588160504549));
#2424=CARTESIAN_POINT('Ctrl Pts',(-10.3498584301067,8.7420246619301,38.0132206861677));
#2425=CARTESIAN_POINT('Ctrl Pts',(-10.3375478647853,8.75433522725152,38.1670734982363));
#2426=CARTESIAN_POINT('Ctrl Pts',(-10.3252345003442,8.76664859169263,38.3203649239974));
#2427=CARTESIAN_POINT('Ctrl Pts',(-10.3129196287424,8.7789634632944,38.473085226528));
#2428=CARTESIAN_POINT('Ctrl Pts',(-10.3006044998281,8.79127859220868,38.6252244818748));
#2429=CARTESIAN_POINT('Ctrl Pts',(-10.2882903428911,8.80359274914574,38.7767725714102));
#2430=CARTESIAN_POINT('Ctrl Pts',(-10.2759783838795,8.8159047081573,38.9277191736612));
#2431=CARTESIAN_POINT('Ctrl Pts',(-10.2636698649803,8.82821322705651,39.0780537563136));
#2432=CARTESIAN_POINT('Ctrl Pts',(-10.2513660616005,8.84051703043632,39.2277655681966));
#2433=CARTESIAN_POINT('Ctrl Pts',(-10.2390683044356,8.8528147876012,39.3768436311302));
#2434=CARTESIAN_POINT('Ctrl Pts',(-10.2267779820575,8.86510510997931,39.5252767324411));
#2435=CARTESIAN_POINT('Ctrl Pts',(-10.2144965292105,8.87738656282633,39.6730534179594));
#2436=CARTESIAN_POINT('Ctrl Pts',(-10.202225419108,8.8896576729288,39.8201619849288));
#2437=CARTESIAN_POINT('Ctrl Pts',(-10.1899661544195,8.90191693761729,39.9665904748214));
#2438=CARTESIAN_POINT('Ctrl Pts',(-10.1777202580243,8.9141628340125,40.1123266664933));
#2439=CARTESIAN_POINT('Ctrl Pts',(-10.1654892662019,8.92639382583487,40.2573580683092));
#2440=CARTESIAN_POINT('Ctrl Pts',(-10.1532747426986,8.93860834933815,40.4016719029139));
#2441=CARTESIAN_POINT('Ctrl Pts',(-10.1410782904215,8.95080480161534,40.545255092576));
#2442=CARTESIAN_POINT('Ctrl Pts',(-10.1289015645611,8.96298152747574,40.688094244623));
#2443=CARTESIAN_POINT('Ctrl Pts',(-10.1167462839225,8.97513680811434,40.8301756361081));
#2444=CARTESIAN_POINT('Ctrl Pts',(-10.1046142461162,8.98726884592059,40.9714852006911));
#2445=CARTESIAN_POINT('Ctrl Pts',(-10.0925073156709,8.99937577636591,41.1120084990888));
#2446=CARTESIAN_POINT('Ctrl Pts',(-10.0804274071695,9.01145568486732,41.2517306865432));
#2447=CARTESIAN_POINT('Ctrl Pts',(-10.068376468834,9.02350662320281,41.3906364803996));
#2448=CARTESIAN_POINT('Ctrl Pts',(-10.0563564687743,9.03552662326253,41.5287101296922));
#2449=CARTESIAN_POINT('Ctrl Pts',(-10.0443693729298,9.04751371910703,41.6659353787007));
#2450=CARTESIAN_POINT('Ctrl Pts',(-10.0324171619042,9.05946593013259,41.802295458079));
#2451=CARTESIAN_POINT('Ctrl Pts',(-10.0205018676989,9.07138122433789,41.937773088657));
#2452=CARTESIAN_POINT('Ctrl Pts',(-10.008625606168,9.08325748586875,42.0723504849643));
#2453=CARTESIAN_POINT('Ctrl Pts',(-9.9967906070368,9.09509248499999,42.2060093507332));
#2454=CARTESIAN_POINT('Ctrl Pts',(-9.98499925548292,9.10688383655387,42.3387308981171));
#2455=CARTESIAN_POINT('Ctrl Pts',(-9.97325407909646,9.11862901294032,42.4704957612522));
#2456=CARTESIAN_POINT('Ctrl Pts',(-9.96155770313553,9.13032538890126,42.6012838501646));
#2457=CARTESIAN_POINT('Ctrl Pts',(-9.94991281317604,9.14197027886075,42.731074216748));
#2458=CARTESIAN_POINT('Ctrl Pts',(-9.93832211977661,9.15356097226018,42.8598449292793));
#2459=CARTESIAN_POINT('Ctrl Pts',(-9.92678830924725,9.16509478278954,42.987572908422));
#2460=CARTESIAN_POINT('Ctrl Pts',(-9.91531408775814,9.17656900427865,43.1142340151273));
#2461=CARTESIAN_POINT('Ctrl Pts',(-9.9039022549858,9.187980837051,43.2398032209108));
#2462=CARTESIAN_POINT('Ctrl Pts',(-9.89255576692662,9.19932732511018,43.364254742525));
#2463=CARTESIAN_POINT('Ctrl Pts',(-9.88127780537187,9.21060528666492,43.4875622096745));
#2464=CARTESIAN_POINT('Ctrl Pts',(-9.87007183856998,9.22181125346681,43.6096987688782));
#2465=CARTESIAN_POINT('Ctrl Pts',(-9.85894157636071,9.23294151567608,43.730636420491));
#2466=CARTESIAN_POINT('Ctrl Pts',(-9.84789092904305,9.24399216299375,43.8503453472668));
#2467=CARTESIAN_POINT('Ctrl Pts',(-9.83692396819809,9.25495912383869,43.9687933444019));
#2468=CARTESIAN_POINT('Ctrl Pts',(-9.82604487858837,9.26583821344842,44.0859449666181));
#2469=CARTESIAN_POINT('Ctrl Pts',(-9.8152579473054,9.27662514473139,44.2017618404906));
#2470=CARTESIAN_POINT('Ctrl Pts',(-9.804567577961,9.28731551407579,44.316204002844));
#2471=CARTESIAN_POINT('Ctrl Pts',(-9.79397830512004,9.29790478691675,44.4292307915388));
#2472=CARTESIAN_POINT('Ctrl Pts',(-9.78349479175942,9.30838830027737,44.5408022654133));
#2473=CARTESIAN_POINT('Ctrl Pts',(-9.77312188715504,9.31876120488175,44.6508793172675));
#2474=CARTESIAN_POINT('Ctrl Pts',(-9.76286490628937,9.32901818574742,44.7594194457915));
#2475=CARTESIAN_POINT('Ctrl Pts',(-9.75272985652028,9.33915323551651,44.8663734463802));
#2476=CARTESIAN_POINT('Ctrl Pts',(-9.74272371850898,9.34915937352781,44.9716813124007));
#2477=CARTESIAN_POINT('Ctrl Pts',(-9.73285460265912,9.35902848937768,45.0752697608253));
#2478=CARTESIAN_POINT('Ctrl Pts',(-9.72313095749453,9.36875213454226,45.1770614658216));
#2479=CARTESIAN_POINT('Ctrl Pts',(-9.71356098075815,9.37832211127864,45.2769819503721));
#2480=CARTESIAN_POINT('Ctrl Pts',(-9.70415173744813,9.38773135458866,45.3749697030599));
#2481=CARTESIAN_POINT('Ctrl Pts',(-9.69490911163773,9.39697398039906,45.4709772814908));
#2482=CARTESIAN_POINT('Ctrl Pts',(-9.68584080112601,9.40604229091078,45.5649400009493));
#2483=CARTESIAN_POINT('Ctrl Pts',(-9.67695809890259,9.4149249931342,45.6567572658475));
#2484=CARTESIAN_POINT('Ctrl Pts',(-9.66827965451542,9.42360343752137,45.7462535420723));
#2485=CARTESIAN_POINT('Ctrl Pts',(-9.65982768687559,9.43205540516121,45.8332167249455));
#2486=CARTESIAN_POINT('Ctrl Pts',(-9.65162199556593,9.44026109647086,45.9174592875362));
#2487=CARTESIAN_POINT('Ctrl Pts',(-9.64367153303389,9.4482115590029,45.9989039663513));
#2488=CARTESIAN_POINT('Ctrl Pts',(-9.63597591176987,9.45590718026692,46.0775689394472));
#2489=CARTESIAN_POINT('Ctrl Pts',(-9.62854626489341,9.46333682714338,46.1533569139459));
#2490=CARTESIAN_POINT('Ctrl Pts',(-9.62143127411434,9.47045181792245,46.2257921003342));
#2491=CARTESIAN_POINT('Ctrl Pts',(-9.61471868005389,9.47716441198289,46.2940049219995));
#2492=CARTESIAN_POINT('Ctrl Pts',(-9.60848222685384,9.48340086518295,46.3572686984932));
#2493=CARTESIAN_POINT('Ctrl Pts',(-9.60269738712615,9.48918570491064,46.4158512902363));
#2494=CARTESIAN_POINT('Ctrl Pts',(-9.59731373640609,9.4945693556307,46.4702856127376));
#2495=CARTESIAN_POINT('Ctrl Pts',(-9.5925328706461,9.49935022139069,46.518565974092));
#2496=CARTESIAN_POINT('Ctrl Pts',(-9.58967475144501,9.50220834059178,46.5474058444139));
#2497=CARTESIAN_POINT('Ctrl Pts',(-9.58826997771864,9.50361311431815,46.5615719364918));
#2498=CARTESIAN_POINT('Ctrl Pts',(-9.58765788556549,9.5042252064713,46.5677383440216));
#2499=CARTESIAN_POINT('Ctrl Pts',(-9.58743315772487,9.50444993431192,46.57));
#2500=CARTESIAN_POINT('',(-8.83883476483191,8.83883476483178,5.92923062345849E-20));
#2501=CARTESIAN_POINT('Ctrl Pts',(-8.8388347648319,8.83883476483178,1.1858461246917E-19));
#2502=CARTESIAN_POINT('Ctrl Pts',(-8.81400588652293,8.86366364314075,1.97823709508749E-14));
#2503=CARTESIAN_POINT('Ctrl Pts',(-8.78911454719558,8.88834517579611,0.00252892148354128));
#2504=CARTESIAN_POINT('Ctrl Pts',(-8.71384306542708,8.96236240986153,0.0177808313302911));
#2505=CARTESIAN_POINT('Ctrl Pts',(-8.66495364227695,9.00959880272482,0.0380191796619641));
#2506=CARTESIAN_POINT('Ctrl Pts',(-8.54555216821879,9.12323419033812,0.110466072439315));
#2507=CARTESIAN_POINT('Ctrl Pts',(-8.47885068866769,9.18508673714748,0.172598830136764));
#2508=CARTESIAN_POINT('Ctrl Pts',(-8.32285888882833,9.32720005664053,0.355261813773605));
#2509=CARTESIAN_POINT('Ctrl Pts',(-8.23794923139539,9.40188362217301,0.494331715252574));
#2510=CARTESIAN_POINT('Ctrl Pts',(-8.00698974420731,9.60113499558199,0.940606245479637));
#2511=CARTESIAN_POINT('Ctrl Pts',(-7.87435346049298,9.70886965102602,1.31555389862452));
#2512=CARTESIAN_POINT('Ctrl Pts',(-7.61395344427085,9.91552487176995,2.1809114999746));
#2513=CARTESIAN_POINT('Ctrl Pts',(-7.48506252516781,10.0119952411274,2.75790349283679));
#2514=CARTESIAN_POINT('Ctrl Pts',(-7.1078597050025,10.288051601626,4.7531751725067));
#2515=CARTESIAN_POINT('Ctrl Pts',(-6.86197367860642,10.449239030882,6.79144893478395));
#2516=CARTESIAN_POINT('Ctrl Pts',(-6.69339531815289,10.5570221544136,10.419762940155));
#2517=CARTESIAN_POINT('Ctrl Pts',(-6.66769008752247,10.5731829225306,11.2895258531058));
#2518=CARTESIAN_POINT('Ctrl Pts',(-6.64128053011499,10.5897873015781,12.8756398532042));
#2519=CARTESIAN_POINT('Ctrl Pts',(-6.6370514772894,10.5924291012609,13.6017883269164));
#2520=CARTESIAN_POINT('Ctrl Pts',(-6.64199765277386,10.5893284911383,15.2481335467327));
#2521=CARTESIAN_POINT('Ctrl Pts',(-6.65522096901502,10.5810522423423,16.1754850360077));
#2522=CARTESIAN_POINT('Ctrl Pts',(-6.72888418058461,10.5345127632033,19.372526369614));
#2523=CARTESIAN_POINT('Ctrl Pts',(-6.83206744442738,10.4688202307734,21.6978511460221));
#2524=CARTESIAN_POINT('Ctrl Pts',(-7.26072728399382,10.1815412317479,29.3427781975768));
#2525=CARTESIAN_POINT('Ctrl Pts',(-7.74494654922419,9.83292514303615,35.2840145469682));
#2526=CARTESIAN_POINT('Ctrl Pts',(-8.33254847270146,9.31859188940687,41.742203509664));
#2527=CARTESIAN_POINT('Ctrl Pts',(-8.43581266198932,9.22540348351136,42.848711696547));
#2528=CARTESIAN_POINT('Ctrl Pts',(-8.59275438253625,9.07851727005548,44.4876513977285));
#2529=CARTESIAN_POINT('Ctrl Pts',(-8.6439824694156,9.02977453358247,45.0161548742076));
#2530=CARTESIAN_POINT('Ctrl Pts',(-8.71653504955987,8.95951042573605,45.7555229004893));
#2531=CARTESIAN_POINT('Ctrl Pts',(-8.73754163987608,8.93902912250186,45.9686154373437));
#2532=CARTESIAN_POINT('Ctrl Pts',(-8.76653308816958,8.91055663827745,46.2612024285558));
#2533=CARTESIAN_POINT('Ctrl Pts',(-8.77466674518845,8.90254779411805,46.3431454731924));
#2534=CARTESIAN_POINT('Ctrl Pts',(-8.78886599872392,8.88852658642379,46.4858941897931));
#2535=CARTESIAN_POINT('Ctrl Pts',(-8.79498540836675,8.88246822623161,46.5473580908705));
#2536=CARTESIAN_POINT('Ctrl Pts',(-8.79724576679722,8.88022899021013,46.57));
#2537=CARTESIAN_POINT('Ctrl Pts',(-8.88022899021015,8.7972457667972,46.57));
#2538=CARTESIAN_POINT('Ctrl Pts',(-8.88465652063682,8.7927764720779,46.525231275028));
#2539=CARTESIAN_POINT('Ctrl Pts',(-8.8971297090777,8.78018091737725,46.3987746861799));
#2540=CARTESIAN_POINT('Ctrl Pts',(-9.06394069377778,8.61054582174936,44.688275649876));
#2541=CARTESIAN_POINT('Ctrl Pts',(-9.20257221784988,8.46163308197999,43.1311827211274));
#2542=CARTESIAN_POINT('Ctrl Pts',(-9.59065057755759,8.02639416450585,38.4171732334747));
#2543=CARTESIAN_POINT('Ctrl Pts',(-9.81620107166055,7.74501151842119,35.139189558618));
#2544=CARTESIAN_POINT('Ctrl Pts',(-10.2669214543389,7.14418302540331,27.3447175597239));
#2545=CARTESIAN_POINT('Ctrl Pts',(-10.4867609308408,6.80424573210744,22.172977712598));
#2546=CARTESIAN_POINT('Ctrl Pts',(-10.5775548409722,6.66079233375029,16.4923074957585));
#2547=CARTESIAN_POINT('Ctrl Pts',(-10.5874653407692,6.64496872560043,15.5282316833791));
#2548=CARTESIAN_POINT('Ctrl Pts',(-10.5927243078603,6.63658119534395,13.841650190188));
#2549=CARTESIAN_POINT('Ctrl Pts',(-10.5910330391958,6.63928993719792,13.1117724409968));
#2550=CARTESIAN_POINT('Ctrl Pts',(-10.5770010446844,6.66162492089207,11.5552124305366));
#2551=CARTESIAN_POINT('Ctrl Pts',(-10.5631139878287,6.68373666634962,10.7203300922325));
#2552=CARTESIAN_POINT('Ctrl Pts',(-10.4987108430816,6.78477873892291,8.32253100343919));
#2553=CARTESIAN_POINT('Ctrl Pts',(-10.4243362698626,6.90220848215614,6.66409791555466));
#2554=CARTESIAN_POINT('Ctrl Pts',(-10.2404150896966,7.16875475666461,4.57523342373951));
#2555=CARTESIAN_POINT('Ctrl Pts',(-10.1823233798911,7.25154270745217,4.01869510367639));
#2556=CARTESIAN_POINT('Ctrl Pts',(-10.0294259603807,7.46190463933935,2.85882744718077));
#2557=CARTESIAN_POINT('Ctrl Pts',(-9.92062621673609,7.60825088737495,2.18604243694681));
#2558=CARTESIAN_POINT('Ctrl Pts',(-9.69471022693093,7.8917267385773,1.26675011176481));
#2559=CARTESIAN_POINT('Ctrl Pts',(-9.59018849037373,8.01989373363414,0.9125048311391));
#2560=CARTESIAN_POINT('Ctrl Pts',(-9.38971670957545,8.25193162972437,0.469088404053257));
#2561=CARTESIAN_POINT('Ctrl Pts',(-9.30582245679411,8.34704481330538,0.317449804716091));
#2562=CARTESIAN_POINT('Ctrl Pts',(-9.14169928981644,8.52575861640134,0.12712276806454));
#2563=CARTESIAN_POINT('Ctrl Pts',(-9.06845996166877,8.60388515631582,0.0654427267507784));
#2564=CARTESIAN_POINT('Ctrl Pts',(-8.94857417462084,8.72788882121758,0.0145870706828953));
#2565=CARTESIAN_POINT('Ctrl Pts',(-8.90928717383829,8.76800242772742,0.00459648311212219));
#2566=CARTESIAN_POINT('Ctrl Pts',(-8.85897602815565,8.81865902866912,0.000416475455757912));
#2567=CARTESIAN_POINT('Ctrl Pts',(-8.8489105200015,8.82875900966219,-8.02757498875037E-15));
#2568=CARTESIAN_POINT('Ctrl Pts',(-8.8388347648319,8.83883476483178,1.1858461246917E-19));
#2569=CARTESIAN_POINT('Origin',(-9.5459415460184,9.54594154601839,23.2841180088295));
#2570=CARTESIAN_POINT('Origin',(0.,0.,0.));
#2571=CARTESIAN_POINT('',(-12.5,-1.53080849893419E-15,50.));
#2572=CARTESIAN_POINT('Origin',(0.,0.,50.));
#2573=CARTESIAN_POINT('',(-12.5,-1.53080849893419E-15,-1.92408520545143E-6));
#2574=CARTESIAN_POINT('',(-12.5,-1.53080849893419E-15,0.));
#2575=CARTESIAN_POINT('',(8.83883476483227,8.83883476483142,6.54798809789951E-12));
#2576=CARTESIAN_POINT('Origin',(0.,0.,0.));
#2577=CARTESIAN_POINT('',(8.88022899021013,8.79724576679722,46.57));
#2578=CARTESIAN_POINT('Ctrl Pts',(8.83883476483227,8.83883476483142,6.54798809789951E-12));
#2579=CARTESIAN_POINT('Ctrl Pts',(8.84162302243071,8.83604650723298,9.91226808527698E-6));
#2580=CARTESIAN_POINT('Ctrl Pts',(8.84433915818705,8.83332773478112,5.78664145196984E-5));
#2581=CARTESIAN_POINT('Ctrl Pts',(8.87761119299109,8.79999426343454,0.00107000274807959));
#2582=CARTESIAN_POINT('Ctrl Pts',(8.91432556722617,8.76292834296714,0.00678922544724699));
#2583=CARTESIAN_POINT('Ctrl Pts',(9.0057945520304,8.66891904275463,0.0413827759693893));
#2584=CARTESIAN_POINT('Ctrl Pts',(9.07077798608426,8.60128693518088,0.0735319929199641));
#2585=CARTESIAN_POINT('Ctrl Pts',(9.22244692508949,8.43860884878332,0.215169714182856));
#2586=CARTESIAN_POINT('Ctrl Pts',(9.2853447080711,8.3687582346694,0.308833313735394));
#2587=CARTESIAN_POINT('Ctrl Pts',(9.38537310063244,8.25667634942213,0.471922836056426));
#2588=CARTESIAN_POINT('Ctrl Pts',(9.48063225268633,8.14838448097089,0.648553085038418));
#2589=CARTESIAN_POINT('Ctrl Pts',(9.76452659115581,7.80889585018218,1.46954363555054));
#2590=CARTESIAN_POINT('Ctrl Pts',(9.89359899504279,7.64136936972834,2.10010349158047));
#2591=CARTESIAN_POINT('Ctrl Pts',(10.2254422273766,7.20057259769252,4.08523799009958));
#2592=CARTESIAN_POINT('Ctrl Pts',(10.4092469443755,6.92322082023125,6.13547129907553));
#2593=CARTESIAN_POINT('Ctrl Pts',(10.5416958736812,6.717623519231,9.84752338620459));
#2594=CARTESIAN_POINT('Ctrl Pts',(10.5629698913618,6.68387668733346,10.7971728412944));
#2595=CARTESIAN_POINT('Ctrl Pts',(10.5849272245387,6.64903281482254,12.4613946675001));
#2596=CARTESIAN_POINT('Ctrl Pts',(10.589308549081,6.64202865043227,13.1896580596287));
#2597=CARTESIAN_POINT('Ctrl Pts',(10.5897423690889,6.64133697014352,14.7665941866555));
#2598=CARTESIAN_POINT('Ctrl Pts',(10.5841955429058,6.65020061741661,15.6224381098611));
#2599=CARTESIAN_POINT('Ctrl Pts',(10.551634413032,6.70184856893918,18.3508976465232));
#2600=CARTESIAN_POINT('Ctrl Pts',(10.5062202832212,6.7735800580711,20.2575510573989));
#2601=CARTESIAN_POINT('Ctrl Pts',(10.2546544338686,7.15635006897614,28.0655557542812));
#2602=CARTESIAN_POINT('Ctrl Pts',(9.87253912003681,7.70013441067665,34.7655613288553));
#2603=CARTESIAN_POINT('Ctrl Pts',(9.3141326132308,8.33755755701965,41.771638824758));
#2604=CARTESIAN_POINT('Ctrl Pts',(9.21937367443808,8.44244915717301,42.8954741325628));
#2605=CARTESIAN_POINT('Ctrl Pts',(9.07012099062323,8.60162098888209,44.5564346815801));
#2606=CARTESIAN_POINT('Ctrl Pts',(9.02041974109376,8.65368970564829,45.0937801222186));
#2607=CARTESIAN_POINT('Ctrl Pts',(8.95502173293458,8.72114576393256,45.7798506406079));
#2608=CARTESIAN_POINT('Ctrl Pts',(8.93537336838396,8.74127801598156,45.9861052488715));
#2609=CARTESIAN_POINT('Ctrl Pts',(8.90726416607574,8.76987851922298,46.2715653553938));
#2610=CARTESIAN_POINT('Ctrl Pts',(8.8999623348882,8.77728881638734,46.350989910052));
#2611=CARTESIAN_POINT('Ctrl Pts',(8.88768352000343,8.78971667736779,46.4731825198235));
#2612=CARTESIAN_POINT('Ctrl Pts',(8.88483367562039,8.79259584200854,46.4983630516566));
#2613=CARTESIAN_POINT('Ctrl Pts',(8.88145515783023,8.79600798360268,46.5333046179593));
#2614=CARTESIAN_POINT('Ctrl Pts',(8.88043310268432,8.79703974782714,46.5448190363737));
#2615=CARTESIAN_POINT('Ctrl Pts',(8.87963361271727,8.79784673342783,46.5606607128429));
#2616=CARTESIAN_POINT('Ctrl Pts',(8.87957180943761,8.79790914666663,46.566865674556));
#2617=CARTESIAN_POINT('Ctrl Pts',(8.88022899021013,8.79724576679722,46.57));
#2618=CARTESIAN_POINT('',(8.7972457667972,8.88022899021015,46.57));
#2619=CARTESIAN_POINT('Origin',(0.,0.,46.57));
#2620=CARTESIAN_POINT('',(8.8377520940397,8.83991730302365,0.));
#2621=CARTESIAN_POINT('Ctrl Pts',(8.7972457667972,8.88022899021015,46.57));
#2622=CARTESIAN_POINT('Ctrl Pts',(8.79664141818208,8.88082769135872,46.5688385568782));
#2623=CARTESIAN_POINT('Ctrl Pts',(8.79611644567287,8.88134763710006,46.5672874122042));
#2624=CARTESIAN_POINT('Ctrl Pts',(8.79415816210364,8.88328693720517,46.5603906103535));
#2625=CARTESIAN_POINT('Ctrl Pts',(8.79291625471638,8.88451605082322,46.5523538820689));
#2626=CARTESIAN_POINT('Ctrl Pts',(8.78359523518997,8.89373903465694,46.4822270337388));
#2627=CARTESIAN_POINT('Ctrl Pts',(8.77963950227902,8.89764094325348,46.4181030434825));
#2628=CARTESIAN_POINT('Ctrl Pts',(8.6143601495976,9.06048913413129,44.8106733474772));
#2629=CARTESIAN_POINT('Ctrl Pts',(8.47123740686471,9.19374966750633,43.2628943241471));
#2630=CARTESIAN_POINT('Ctrl Pts',(8.04620649455174,9.57347071643285,38.6696697177532));
#2631=CARTESIAN_POINT('Ctrl Pts',(7.77466481969758,9.79251132013671,35.5217771965709));
#2632=CARTESIAN_POINT('Ctrl Pts',(7.16192759079981,10.2556293542207,27.6719684645449));
#2633=CARTESIAN_POINT('Ctrl Pts',(6.79927856320266,10.4899994179291,22.245240275697));
#2634=CARTESIAN_POINT('Ctrl Pts',(6.65561838496563,10.5808082559695,16.3792190186086));
#2635=CARTESIAN_POINT('Ctrl Pts',(6.64068086949334,10.5901548374663,15.4229788377928));
#2636=CARTESIAN_POINT('Ctrl Pts',(6.63369805016025,10.5945298556424,13.7471378343369));
#2637=CARTESIAN_POINT('Ctrl Pts',(6.63701486855552,10.5924597555135,13.0201946751416));
#2638=CARTESIAN_POINT('Ctrl Pts',(6.66089449763281,10.5774625631385,11.4548724923607));
#2639=CARTESIAN_POINT('Ctrl Pts',(6.68433713857551,10.5627429749324,10.6077514305181));
#2640=CARTESIAN_POINT('Ctrl Pts',(6.79154885712046,10.494371999571,8.15887690463117));
#2641=CARTESIAN_POINT('Ctrl Pts',(6.91730640231149,10.414793792084,6.44640773799912));
#2642=CARTESIAN_POINT('Ctrl Pts',(7.25844505127426,10.1778892098787,3.91209342199505));
#2643=CARTESIAN_POINT('Ctrl Pts',(7.54434882415721,9.98482526055167,2.10555379912101));
#2644=CARTESIAN_POINT('Ctrl Pts',(8.09171087645753,9.52818025610444,0.771043300837942));
#2645=CARTESIAN_POINT('Ctrl Pts',(8.19352316357699,9.44143504315552,0.559005358863161));
#2646=CARTESIAN_POINT('Ctrl Pts',(8.40293296731123,9.25505449835789,0.249323876800212));
#2647=CARTESIAN_POINT('Ctrl Pts',(8.4893809717822,9.17573297253663,0.157613424662367));
#2648=CARTESIAN_POINT('Ctrl Pts',(8.64103632110291,9.03276633973374,0.0494764251709252));
#2649=CARTESIAN_POINT('Ctrl Pts',(8.69929419280251,8.97638811399613,0.0264866815945941));
#2650=CARTESIAN_POINT('Ctrl Pts',(8.77932975042101,8.89811076897484,0.00334675183636551));
#2651=CARTESIAN_POINT('Ctrl Pts',(8.81165764374292,8.86600536186491,-1.92408520522433E-6));
#2652=CARTESIAN_POINT('Ctrl Pts',(8.83775209403969,8.83991730302365,-1.92408520545143E-6));
#2653=CARTESIAN_POINT('Origin',(0.,0.,0.));
#2654=CARTESIAN_POINT('Origin',(0.,0.,0.));
#2655=CARTESIAN_POINT('Origin',(8.79734315312537,8.88032637653832,46.57));
#2656=CARTESIAN_POINT('',(9.58743315772485,9.50444993431194,46.57));
#2657=CARTESIAN_POINT('',(8.8803263765383,8.79734315312539,46.57));
#2658=CARTESIAN_POINT('',(9.50444993431192,9.58743315772487,46.57));
#2659=CARTESIAN_POINT('',(9.58743315772485,9.50444993431194,46.57));
#2660=CARTESIAN_POINT('',(8.79734315312537,8.88032637653832,46.57));
#2661=CARTESIAN_POINT('Ctrl Pts',(4.68453374164101,4.6015505182281,46.57));
#2662=CARTESIAN_POINT('Ctrl Pts',(12.8331548720833,12.7501716486704,46.57));
#2663=CARTESIAN_POINT('Ctrl Pts',(4.68416018479495,4.60192407507416,46.5682267399312));
#2664=CARTESIAN_POINT('Ctrl Pts',(12.8327813152373,12.7505452055165,46.5682267399312));
#2665=CARTESIAN_POINT('Ctrl Pts',(4.68375782566058,4.60232643420853,46.5628491708166));
#2666=CARTESIAN_POINT('Ctrl Pts',(12.8323789561029,12.7509475646509,46.5628491708166));
#2667=CARTESIAN_POINT('Ctrl Pts',(4.68418471985506,4.60189954001405,46.5493044058062));
#2668=CARTESIAN_POINT('Ctrl Pts',(12.8328058502974,12.7505206704564,46.5493044058062));
#2669=CARTESIAN_POINT('Ctrl Pts',(4.68685052818234,4.59923373168677,46.5201503871055));
#2670=CARTESIAN_POINT('Ctrl Pts',(12.8354716586247,12.7478548621291,46.5201503871055));
#2671=CARTESIAN_POINT('Ctrl Pts',(4.69224709155306,4.59383716831605,46.4708283449659));
#2672=CARTESIAN_POINT('Ctrl Pts',(12.8408682219954,12.7424582987584,46.4708283449659));
#2673=CARTESIAN_POINT('Ctrl Pts',(4.69790429241809,4.58817996745102,46.4159106668663));
#2674=CARTESIAN_POINT('Ctrl Pts',(12.8465254228604,12.7368010978933,46.4159106668663));
#2675=CARTESIAN_POINT('Ctrl Pts',(4.70350567834536,4.58257858152375,46.3573469964091));
#2676=CARTESIAN_POINT('Ctrl Pts',(12.8521268087877,12.7311997119661,46.3573469964091));
#2677=CARTESIAN_POINT('Ctrl Pts',(4.70954227895198,4.57654198091714,46.2940884312891));
#2678=CARTESIAN_POINT('Ctrl Pts',(12.8581634093943,12.7251631113595,46.2940884312891));
#2679=CARTESIAN_POINT('Ctrl Pts',(4.71627647529528,4.56980778457383,46.22565799188));
#2680=CARTESIAN_POINT('Ctrl Pts',(12.8648976057376,12.7184289150162,46.22565799188));
#2681=CARTESIAN_POINT('Ctrl Pts',(4.72353434756731,4.5625499123018,46.1529121292527));
#2682=CARTESIAN_POINT('Ctrl Pts',(12.8721554780096,12.7111710427441,46.1529121292527));
#2683=CARTESIAN_POINT('Ctrl Pts',(4.73106195463239,4.55502230523672,46.0768952333179));
#2684=CARTESIAN_POINT('Ctrl Pts',(12.8796830850747,12.703643435679,46.0768952333179));
#2685=CARTESIAN_POINT('Ctrl Pts',(4.73875884012545,4.54732541974366,45.9981159339819));
#2686=CARTESIAN_POINT('Ctrl Pts',(12.8873799705678,12.695946550186,45.9981159339819));
#2687=CARTESIAN_POINT('Ctrl Pts',(4.74665951868204,4.53942474118706,45.9166138358915));
#2688=CARTESIAN_POINT('Ctrl Pts',(12.8952806491244,12.6880458716294,45.9166138358915));
#2689=CARTESIAN_POINT('Ctrl Pts',(4.7548316625687,4.53125259730041,45.8322963845715));
#2690=CARTESIAN_POINT('Ctrl Pts',(12.903452793011,12.6798737277427,45.8322963845715));
#2691=CARTESIAN_POINT('Ctrl Pts',(4.76329125278605,4.52279300708306,45.7452209318889));
#2692=CARTESIAN_POINT('Ctrl Pts',(12.9119123832284,12.6714141375254,45.7452209318889));
#2693=CARTESIAN_POINT('Ctrl Pts',(4.77200445353378,4.51407980633533,45.6555919374067));
#2694=CARTESIAN_POINT('Ctrl Pts',(12.9206255839761,12.6627009367777,45.6555919374067));
#2695=CARTESIAN_POINT('Ctrl Pts',(4.78092212057197,4.50516213929714,45.5636510894664));
#2696=CARTESIAN_POINT('Ctrl Pts',(12.9295432510143,12.6537832697395,45.5636510894664));
#2697=CARTESIAN_POINT('Ctrl Pts',(4.79000746711355,4.49607679275556,45.4695901842783));
#2698=CARTESIAN_POINT('Ctrl Pts',(12.9386285975559,12.6446979231979,45.4695901842783));
#2699=CARTESIAN_POINT('Ctrl Pts',(4.7992504893633,4.48683377050582,45.3735062273566));
#2700=CARTESIAN_POINT('Ctrl Pts',(12.9478716198056,12.6354549009481,45.3735062273566));
#2701=CARTESIAN_POINT('Ctrl Pts',(4.80865244323631,4.47743181663281,45.2754529697419));
#2702=CARTESIAN_POINT('Ctrl Pts',(12.9572735736786,12.6260529470751,45.2754529697419));
#2703=CARTESIAN_POINT('Ctrl Pts',(4.81821858822148,4.46786567164763,45.1754657267698));
#2704=CARTESIAN_POINT('Ctrl Pts',(12.9668397186638,12.61648680209,45.1754657267698));
#2705=CARTESIAN_POINT('Ctrl Pts',(4.8279459797604,4.45813828010871,45.0736023575993));
#2706=CARTESIAN_POINT('Ctrl Pts',(12.9765671102027,12.606759410551,45.0736023575993));
#2707=CARTESIAN_POINT('Ctrl Pts',(4.83782479138244,4.44825946848667,44.9699393168847));
#2708=CARTESIAN_POINT('Ctrl Pts',(12.9864459218248,12.596880598929,44.9699393168847));
#2709=CARTESIAN_POINT('Ctrl Pts',(4.847842385523,4.43824187434611,44.8645584874571));
#2710=CARTESIAN_POINT('Ctrl Pts',(12.9964635159653,12.5868630047884,44.8645584874571));
#2711=CARTESIAN_POINT('Ctrl Pts',(4.85798639431875,4.42809786555036,44.7575373396991));
#2712=CARTESIAN_POINT('Ctrl Pts',(13.0066075247611,12.5767189959927,44.7575373396991));
#2713=CARTESIAN_POINT('Ctrl Pts',(4.868248502217,4.41783575765211,44.6489367351904));
#2714=CARTESIAN_POINT('Ctrl Pts',(13.0168696326593,12.5664568880944,44.6489367351904));
#2715=CARTESIAN_POINT('Ctrl Pts',(4.87862347397377,4.40746078589533,44.5388046916394));
#2716=CARTESIAN_POINT('Ctrl Pts',(13.0272446044161,12.5560819163377,44.5388046916394));
#2717=CARTESIAN_POINT('Ctrl Pts',(4.88910777043573,4.39697648943338,44.4271815476895));
#2718=CARTESIAN_POINT('Ctrl Pts',(13.0377289008781,12.5455976198757,44.4271815476895));
#2719=CARTESIAN_POINT('Ctrl Pts',(4.89969837823447,4.38638588163464,44.3141043721571));
#2720=CARTESIAN_POINT('Ctrl Pts',(13.0483195086768,12.535007012077,44.3141043721571));
#2721=CARTESIAN_POINT('Ctrl Pts',(4.9103913699362,4.37569288993291,44.1996123745206));
#2722=CARTESIAN_POINT('Ctrl Pts',(13.0590125003785,12.5243140203752,44.1996123745206));
#2723=CARTESIAN_POINT('Ctrl Pts',(4.92118201535247,4.36490224451664,44.0837464103577));
#2724=CARTESIAN_POINT('Ctrl Pts',(13.0698031457948,12.513523374959,44.0837464103577));
#2725=CARTESIAN_POINT('Ctrl Pts',(4.93206524944132,4.35401901042779,43.96654710687));
#2726=CARTESIAN_POINT('Ctrl Pts',(13.0806863798836,12.5026401408701,43.96654710687));
#2727=CARTESIAN_POINT('Ctrl Pts',(4.94303599090189,4.34304826896722,43.8480535928327));
#2728=CARTESIAN_POINT('Ctrl Pts',(13.0916571213442,12.4916693994095,43.8480535928327));
#2729=CARTESIAN_POINT('Ctrl Pts',(4.9540895899652,4.33199466990391,43.7283016551618));
#2730=CARTESIAN_POINT('Ctrl Pts',(13.1027107204075,12.4806158003462,43.7283016551618));
#2731=CARTESIAN_POINT('Ctrl Pts',(4.96522196179502,4.32086229807409,43.6073233852721));
#2732=CARTESIAN_POINT('Ctrl Pts',(13.1138430922373,12.4694834285164,43.6073233852721));
#2733=CARTESIAN_POINT('Ctrl Pts',(4.97642942333632,4.30965483653278,43.4851482578444));
#2734=CARTESIAN_POINT('Ctrl Pts',(13.1250505537786,12.4582759669751,43.4851482578444));
#2735=CARTESIAN_POINT('Ctrl Pts',(4.98770860789735,4.29837565197175,43.3618038336635));
#2736=CARTESIAN_POINT('Ctrl Pts',(13.1363297383397,12.4469967824141,43.3618038336635));
#2737=CARTESIAN_POINT('Ctrl Pts',(4.99905634864928,4.28702791121983,43.2373166106252));
#2738=CARTESIAN_POINT('Ctrl Pts',(13.1476774790916,12.4356490416622,43.2373166106252));
#2739=CARTESIAN_POINT('Ctrl Pts',(5.01046957393865,4.27561468593046,43.1117128248733));
#2740=CARTESIAN_POINT('Ctrl Pts',(13.159090704381,12.4242358163728,43.1117128248733));
#2741=CARTESIAN_POINT('Ctrl Pts',(5.02194529592934,4.26413896393977,42.9850182631903));
#2742=CARTESIAN_POINT('Ctrl Pts',(13.1705664263717,12.4127600943821,42.9850182631903));
#2743=CARTESIAN_POINT('Ctrl Pts',(5.03348060306045,4.25260365680867,42.8572580375724));
#2744=CARTESIAN_POINT('Ctrl Pts',(13.1821017335028,12.401224787251,42.8572580375724));
#2745=CARTESIAN_POINT('Ctrl Pts',(5.04507265188642,4.2410116079827,42.7284563887379));
#2746=CARTESIAN_POINT('Ctrl Pts',(13.1936937823287,12.389632738425,42.7284563887379));
#2747=CARTESIAN_POINT('Ctrl Pts',(5.05671865697726,4.22936560289185,42.5986364439127));
#2748=CARTESIAN_POINT('Ctrl Pts',(13.2053397874196,12.3779867333342,42.5986364439127));
#2749=CARTESIAN_POINT('Ctrl Pts',(5.06841588869122,4.21766837117789,42.4678201013513));
#2750=CARTESIAN_POINT('Ctrl Pts',(13.2170370191335,12.3662895016202,42.4678201013513));
#2751=CARTESIAN_POINT('Ctrl Pts',(5.08016169129966,4.20592256856945,42.336028231779));
#2752=CARTESIAN_POINT('Ctrl Pts',(13.228782821742,12.3545436990118,42.336028231779));
#2753=CARTESIAN_POINT('Ctrl Pts',(5.09195349820961,4.1941307616595,42.2032808243153));
#2754=CARTESIAN_POINT('Ctrl Pts',(13.2405746286519,12.3427518921018,42.2032808243153));
#2755=CARTESIAN_POINT('Ctrl Pts',(5.10378884627302,4.18229541359608,42.0695971454643));
#2756=CARTESIAN_POINT('Ctrl Pts',(13.2524099767153,12.3309165440384,42.0695971454643));
#2757=CARTESIAN_POINT('Ctrl Pts',(5.11566539546598,4.17041886440313,41.9349959140007));
#2758=CARTESIAN_POINT('Ctrl Pts',(13.2642865259083,12.3190399948455,41.9349959140007));
#2759=CARTESIAN_POINT('Ctrl Pts',(5.12758092832235,4.15850333154676,41.7994953913692));
#2760=CARTESIAN_POINT('Ctrl Pts',(13.2762020587647,12.3071244619891,41.7994953913692));
#2761=CARTESIAN_POINT('Ctrl Pts',(5.13953332150102,4.14655093836809,41.6631133482326));
#2762=CARTESIAN_POINT('Ctrl Pts',(13.2881544519433,12.2951720688104,41.6631133482326));
#2763=CARTESIAN_POINT('Ctrl Pts',(5.15152052338172,4.1345637364874,41.5258670606526));
#2764=CARTESIAN_POINT('Ctrl Pts',(13.300141653824,12.2831848669297,41.5258670606526));
#2765=CARTESIAN_POINT('Ctrl Pts',(5.16354053101779,4.12254372885133,41.3877732966235));
#2766=CARTESIAN_POINT('Ctrl Pts',(13.3121616614601,12.2711648592937,41.3877732966235));
#2767=CARTESIAN_POINT('Ctrl Pts',(5.17559136303065,4.11049289683846,41.2488483009978));
#2768=CARTESIAN_POINT('Ctrl Pts',(13.324212493473,12.2591140272808,41.2488483009978));
#2769=CARTESIAN_POINT('Ctrl Pts',(5.18767104954671,4.0984132103224,41.1091078013241));
#2770=CARTESIAN_POINT('Ctrl Pts',(13.336292179989,12.2470343407647,41.1091078013241));
#2771=CARTESIAN_POINT('Ctrl Pts',(5.19977764901889,4.08630661085022,40.9685670500199));
#2772=CARTESIAN_POINT('Ctrl Pts',(13.3483987794612,12.2349277412925,40.9685670500199));
#2773=CARTESIAN_POINT('Ctrl Pts',(5.21190925896367,4.07417500090544,40.8272408580615));
#2774=CARTESIAN_POINT('Ctrl Pts',(13.360530389406,12.2227961313478,40.8272408580615));
#2775=CARTESIAN_POINT('Ctrl Pts',(5.2240640284717,4.06202023139741,40.6851436314307));
#2776=CARTESIAN_POINT('Ctrl Pts',(13.372685158914,12.2106413618397,40.6851436314307));
#2777=CARTESIAN_POINT('Ctrl Pts',(5.23624017158371,4.0498440882854,40.5422894079709));
#2778=CARTESIAN_POINT('Ctrl Pts',(13.384861302026,12.1984652187277,40.5422894079709));
#2779=CARTESIAN_POINT('Ctrl Pts',(5.24843597527556,4.03764828459356,40.3986918891344));
#2780=CARTESIAN_POINT('Ctrl Pts',(13.3970571057179,12.1862694150359,40.3986918891344));
#2781=CARTESIAN_POINT('Ctrl Pts',(5.26064978594205,4.02543447392707,40.2543644506711));
#2782=CARTESIAN_POINT('Ctrl Pts',(13.4092709163844,12.1740556043694,40.2543644506711));
#2783=CARTESIAN_POINT('Ctrl Pts',(5.27287999943391,4.01320426043521,40.1093201567023));
#2784=CARTESIAN_POINT('Ctrl Pts',(13.4215011298762,12.1618253908775,40.1093201567023));
#2785=CARTESIAN_POINT('Ctrl Pts',(5.2851250495125,4.00095921035661,39.9635717725088));
#2786=CARTESIAN_POINT('Ctrl Pts',(13.4337461799548,12.1495803407989,39.9635717725088));
#2787=CARTESIAN_POINT('Ctrl Pts',(5.2973833974121,3.98870086245702,39.8171317777478));
#2788=CARTESIAN_POINT('Ctrl Pts',(13.4460045278544,12.1373219928993,39.8171317777478));
#2789=CARTESIAN_POINT('Ctrl Pts',(5.30965351977173,3.97643074009739,39.6700123797919));
#2790=CARTESIAN_POINT('Ctrl Pts',(13.458274650214,12.1250518705397,39.6700123797919));
#2791=CARTESIAN_POINT('Ctrl Pts',(5.32193391573527,3.96415034413384,39.5222255218437));
#2792=CARTESIAN_POINT('Ctrl Pts',(13.4705550461776,12.1127714745762,39.5222255218437));
#2793=CARTESIAN_POINT('Ctrl Pts',(5.33422311531043,3.95186114455868,39.3737828905436));
#2794=CARTESIAN_POINT('Ctrl Pts',(13.4828442457528,12.100482275001,39.3737828905436));
#2795=CARTESIAN_POINT('Ctrl Pts',(5.34651968791653,3.93956457195258,39.2246959237577));
#2796=CARTESIAN_POINT('Ctrl Pts',(13.4951408183589,12.0881857023949,39.2246959237577));
#2797=CARTESIAN_POINT('Ctrl Pts',(5.35882224940971,3.92726201045939,39.0749758182905));
#2798=CARTESIAN_POINT('Ctrl Pts',(13.507443379852,12.0758831409017,39.0749758182905));
#2799=CARTESIAN_POINT('Ctrl Pts',(5.37112947330503,3.91495478656408,38.9246335376175));
#2800=CARTESIAN_POINT('Ctrl Pts',(13.5197506037474,12.0635759170064,38.9246335376175));
#2801=CARTESIAN_POINT('Ctrl Pts',(5.38344008663525,3.90264417323386,38.7736798196348));
#2802=CARTESIAN_POINT('Ctrl Pts',(13.5320612170776,12.0512653036762,38.7736798196348));
#2803=CARTESIAN_POINT('Ctrl Pts',(5.39575284834164,3.89033141152747,38.6221251844302));
#2804=CARTESIAN_POINT('Ctrl Pts',(13.544373978784,12.0389525419698,38.6221251844302));
#2805=CARTESIAN_POINT('Ctrl Pts',(5.40806653242639,3.87801772744272,38.4699799420724));
#2806=CARTESIAN_POINT('Ctrl Pts',(13.5566876628687,12.026638857885,38.4699799420724));
#2807=CARTESIAN_POINT('Ctrl Pts',(5.42037990877747,3.86570435109164,38.317254200332));
#2808=CARTESIAN_POINT('Ctrl Pts',(13.5690010392198,12.014325481534,38.317254200332));
#2809=CARTESIAN_POINT('Ctrl Pts',(5.43269172589607,3.85339253397304,38.1639578725641));
#2810=CARTESIAN_POINT('Ctrl Pts',(13.5813128563384,12.0020136644154,38.1639578725641));
#2811=CARTESIAN_POINT('Ctrl Pts',(5.44500069037577,3.84108356949334,38.0101006851583));
#2812=CARTESIAN_POINT('Ctrl Pts',(13.5936218208181,11.9897046999357,38.0101006851583));
#2813=CARTESIAN_POINT('Ctrl Pts',(5.4573054856969,3.82877877417221,37.8556921905775));
#2814=CARTESIAN_POINT('Ctrl Pts',(13.6059266161392,11.9773999046145,37.8556921905775));
#2815=CARTESIAN_POINT('Ctrl Pts',(5.46960479425024,3.81647946561887,37.7007417807458));
#2816=CARTESIAN_POINT('Ctrl Pts',(13.6182259246926,11.9651005960612,37.7007417807458));
#2817=CARTESIAN_POINT('Ctrl Pts',(5.48189731873374,3.80418694113537,37.5452587006081));
#2818=CARTESIAN_POINT('Ctrl Pts',(13.6305184491761,11.9528080715777,37.5452587006081));
#2819=CARTESIAN_POINT('Ctrl Pts',(5.49418180262229,3.79190245724681,37.3892520609414));
#2820=CARTESIAN_POINT('Ctrl Pts',(13.6428029330646,11.9405235876891,37.3892520609414));
#2821=CARTESIAN_POINT('Ctrl Pts',(5.50645705388871,3.7796272059804,37.2327308531));
#2822=CARTESIAN_POINT('Ctrl Pts',(13.655078184331,11.9282483364227,37.2327308531));
#2823=CARTESIAN_POINT('Ctrl Pts',(5.51872195844113,3.76736230142798,37.0757039578872));
#2824=CARTESIAN_POINT('Ctrl Pts',(13.6673430888835,11.9159834318703,37.0757039578872));
#2825=CARTESIAN_POINT('Ctrl Pts',(5.5309754576667,3.75510880220241,36.9181801338813));
#2826=CARTESIAN_POINT('Ctrl Pts',(13.679596588109,11.9037299326447,36.9181801338813));
#2827=CARTESIAN_POINT('Ctrl Pts',(5.54321653210739,3.74286772776172,36.7601680094497));
#2828=CARTESIAN_POINT('Ctrl Pts',(13.6918376625497,11.891488858204,36.7601680094497));
#2829=CARTESIAN_POINT('Ctrl Pts',(5.55544418218471,3.7306400776844,36.6016760726149));
#2830=CARTESIAN_POINT('Ctrl Pts',(13.704065312627,11.8792612081267,36.6016760726149));
#2831=CARTESIAN_POINT('Ctrl Pts',(5.56765741142901,3.7184268484401,36.4427126634401));
#2832=CARTESIAN_POINT('Ctrl Pts',(13.7162785418713,11.8670479788824,36.4427126634401));
#2833=CARTESIAN_POINT('Ctrl Pts',(5.57985520557435,3.70622905429476,36.2832859613821));
#2834=CARTESIAN_POINT('Ctrl Pts',(13.7284763360167,11.8548501847371,36.2832859613821));
#2835=CARTESIAN_POINT('Ctrl Pts',(5.59203652493964,3.69404773492947,36.1234039897045));
#2836=CARTESIAN_POINT('Ctrl Pts',(13.740657655382,11.8426688653718,36.1234039897045));
#2837=CARTESIAN_POINT('Ctrl Pts',(5.60420031235781,3.6818839475113,35.9630746403457));
#2838=CARTESIAN_POINT('Ctrl Pts',(13.7528214428001,11.8305050779536,35.9630746403457));
#2839=CARTESIAN_POINT('Ctrl Pts',(5.61634549709335,3.66973876277576,35.8023056931128));
#2840=CARTESIAN_POINT('Ctrl Pts',(13.7649666275357,11.8183598932181,35.8023056931128));
#2841=CARTESIAN_POINT('Ctrl Pts',(5.62847100043496,3.65761325943415,35.6411048380761));
#2842=CARTESIAN_POINT('Ctrl Pts',(13.7770921308773,11.8062343898765,35.6411048380761));
#2843=CARTESIAN_POINT('Ctrl Pts',(5.64057574046694,3.64550851940217,35.4794796945179));
#2844=CARTESIAN_POINT('Ctrl Pts',(13.7891968709093,11.7941296498445,35.4794796945179));
#2845=CARTESIAN_POINT('Ctrl Pts',(5.65265863745379,3.63342562241532,35.3174378365525));
#2846=CARTESIAN_POINT('Ctrl Pts',(13.8012797678961,11.7820467528576,35.3174378365525));
#2847=CARTESIAN_POINT('Ctrl Pts',(5.66471861781579,3.62136564205332,35.1549867925285));
#2848=CARTESIAN_POINT('Ctrl Pts',(13.8133397482581,11.7699867724956,35.1549867925285));
#2849=CARTESIAN_POINT('Ctrl Pts',(5.67675461735717,3.60932964251195,34.992134026237));
#2850=CARTESIAN_POINT('Ctrl Pts',(13.8253757477995,11.7579507729543,34.992134026237));
#2851=CARTESIAN_POINT('Ctrl Pts',(5.68876558457722,3.59731867529189,34.828886923847));
#2852=CARTESIAN_POINT('Ctrl Pts',(13.8373867150195,11.7459398057342,34.828886923847));
#2853=CARTESIAN_POINT('Ctrl Pts',(5.70075048423439,3.58533377563472,34.6652527776979));
#2854=CARTESIAN_POINT('Ctrl Pts',(13.8493716146767,11.733954906077,34.6652527776979));
#2855=CARTESIAN_POINT('Ctrl Pts',(5.71270830013656,3.57337595973255,34.5012387732537));
#2856=CARTESIAN_POINT('Ctrl Pts',(13.8613294305789,11.7219970901749,34.5012387732537));
#2857=CARTESIAN_POINT('Ctrl Pts',(5.72463803994316,3.56144621992595,34.3368519701171));
#2858=CARTESIAN_POINT('Ctrl Pts',(13.8732591703855,11.7100673503683,34.3368519701171));
#2859=CARTESIAN_POINT('Ctrl Pts',(5.7365387309468,3.54954552892231,34.1720993077974));
#2860=CARTESIAN_POINT('Ctrl Pts',(13.8851598613891,11.6981666593646,34.1720993077974));
#2861=CARTESIAN_POINT('Ctrl Pts',(5.74840941052978,3.53767484933933,34.0069876257475));
#2862=CARTESIAN_POINT('Ctrl Pts',(13.8970305409721,11.6862959797817,34.0069876257475));
#2863=CARTESIAN_POINT('Ctrl Pts',(5.7602491184472,3.5258351414219,33.8415236787433));
#2864=CARTESIAN_POINT('Ctrl Pts',(13.9088702488895,11.6744562718642,33.8415236787433));
#2865=CARTESIAN_POINT('Ctrl Pts',(5.77205688792543,3.51402737194367,33.6757141548376));
#2866=CARTESIAN_POINT('Ctrl Pts',(13.9206780183678,11.662648502386,33.6757141548376));
#2867=CARTESIAN_POINT('Ctrl Pts',(5.78383173826367,3.50225252160544,33.5095656907061));
#2868=CARTESIAN_POINT('Ctrl Pts',(13.932452868706,11.6508736520478,33.5095656907061));
#2869=CARTESIAN_POINT('Ctrl Pts',(5.79557266429494,3.49051159557417,33.3430848918817));
#2870=CARTESIAN_POINT('Ctrl Pts',(13.9441937947373,11.6391327260165,33.3430848918817));
#2871=CARTESIAN_POINT('Ctrl Pts',(5.80727863851993,3.47880562134918,33.1762783337974));
#2872=CARTESIAN_POINT('Ctrl Pts',(13.9558997689623,11.6274267517915,33.1762783337974));
#2873=CARTESIAN_POINT('Ctrl Pts',(5.81894862188925,3.46713563797986,33.0091525498589));
#2874=CARTESIAN_POINT('Ctrl Pts',(13.9675697523316,11.6157567684222,33.0091525498589));
#2875=CARTESIAN_POINT('Ctrl Pts',(5.83058157182042,3.45550268804869,32.841714023576));
#2876=CARTESIAN_POINT('Ctrl Pts',(13.9792027022627,11.604123818491,32.841714023576));
#2877=CARTESIAN_POINT('Ctrl Pts',(5.84217645179086,3.44390780807825,32.6739691785468));
#2878=CARTESIAN_POINT('Ctrl Pts',(13.9907975822332,11.5925289385206,32.6739691785468));
#2879=CARTESIAN_POINT('Ctrl Pts',(5.85373223924681,3.4323520206223,32.5059243704573));
#2880=CARTESIAN_POINT('Ctrl Pts',(14.0023533696891,11.5809731510646,32.5059243704573));
#2881=CARTESIAN_POINT('Ctrl Pts',(5.86524793672403,3.42083632314508,32.3375858755111));
#2882=CARTESIAN_POINT('Ctrl Pts',(14.0138690671664,11.5694574535874,32.3375858755111));
#2883=CARTESIAN_POINT('Ctrl Pts',(5.87672257192031,3.4093616879488,32.1689598908957));
#2884=CARTESIAN_POINT('Ctrl Pts',(14.0253437023626,11.5579828183911,32.1689598908957));
#2885=CARTESIAN_POINT('Ctrl Pts',(5.88815518602461,3.3979290738445,32.0000525480002));
#2886=CARTESIAN_POINT('Ctrl Pts',(14.0367763164669,11.5465502042868,32.0000525480002));
#2887=CARTESIAN_POINT('Ctrl Pts',(5.89954482528948,3.38653943457963,31.8308699221013));
#2888=CARTESIAN_POINT('Ctrl Pts',(14.0481659557318,11.535160565022,31.8308699221013));
#2889=CARTESIAN_POINT('Ctrl Pts',(5.91089053101405,3.37519372885506,31.6614180438032));
#2890=CARTESIAN_POINT('Ctrl Pts',(14.0595116614564,11.5238148592974,31.6614180438032));
#2891=CARTESIAN_POINT('Ctrl Pts',(5.9221913308238,3.36389292904531,31.4917029089992));
#2892=CARTESIAN_POINT('Ctrl Pts',(14.0708124612661,11.5125140594876,31.4917029089992));
#2893=CARTESIAN_POINT('Ctrl Pts',(5.93344622790233,3.35263803196678,31.3217304912278));
#2894=CARTESIAN_POINT('Ctrl Pts',(14.0820673583447,11.5012591624091,31.3217304912278));
#2895=CARTESIAN_POINT('Ctrl Pts',(5.94465419600687,3.34143006386223,31.1515067472084));
#2896=CARTESIAN_POINT('Ctrl Pts',(14.0932753264492,11.4900511943046,31.1515067472084));
#2897=CARTESIAN_POINT('Ctrl Pts',(5.95581418729368,3.33027007257542,30.9810376072334));
#2898=CARTESIAN_POINT('Ctrl Pts',(14.104435317736,11.4788912030177,30.9810376072334));
#2899=CARTESIAN_POINT('Ctrl Pts',(5.96692513754768,3.31915912232142,30.8103289686456));
#2900=CARTESIAN_POINT('Ctrl Pts',(14.11554626799,11.4677802527637,30.8103289686456));
#2901=CARTESIAN_POINT('Ctrl Pts',(5.97798597248854,3.30809828738057,30.6393866880009));
#2902=CARTESIAN_POINT('Ctrl Pts',(14.1266071029309,11.4567194178229,30.6393866880009));
#2903=CARTESIAN_POINT('Ctrl Pts',(5.98899561351757,3.29708864635153,30.4682165739887));
#2904=CARTESIAN_POINT('Ctrl Pts',(14.1376167439599,11.4457097767939,30.4682165739887));
#2905=CARTESIAN_POINT('Ctrl Pts',(5.99995298394097,3.28613127592813,30.2968243795592));
#2906=CARTESIAN_POINT('Ctrl Pts',(14.1485741143833,11.4347524063705,30.2968243795592));
#2907=CARTESIAN_POINT('Ctrl Pts',(6.01085701431029,3.27522724555882,30.125215795729));
#2908=CARTESIAN_POINT('Ctrl Pts',(14.1594781447526,11.4238483760011,30.125215795729));
#2909=CARTESIAN_POINT('Ctrl Pts',(6.02170663902075,3.26437762084837,29.9533964625573));
#2910=CARTESIAN_POINT('Ctrl Pts',(14.1703277694631,11.4129987512907,29.9533964625573));
#2911=CARTESIAN_POINT('Ctrl Pts',(6.03250079352289,3.25358346634623,29.7813719789546));
#2912=CARTESIAN_POINT('Ctrl Pts',(14.1811219239652,11.4022045967886,29.7813719789546));
#2913=CARTESIAN_POINT('Ctrl Pts',(6.04323841132681,3.24284584854231,29.6091479127903));
#2914=CARTESIAN_POINT('Ctrl Pts',(14.1918595417691,11.3914669789846,29.6091479127903));
#2915=CARTESIAN_POINT('Ctrl Pts',(6.05391842103775,3.23216583883137,29.4367298112012));
#2916=CARTESIAN_POINT('Ctrl Pts',(14.2025395514801,11.3807869692737,29.4367298112012));
#2917=CARTESIAN_POINT('Ctrl Pts',(6.06453974351144,3.22154451635767,29.2641232100415));
#2918=CARTESIAN_POINT('Ctrl Pts',(14.2131608739538,11.3701656468,29.2641232100415));
#2919=CARTESIAN_POINT('Ctrl Pts',(6.0751012886083,3.21098297126082,29.0913336457318));
#2920=CARTESIAN_POINT('Ctrl Pts',(14.2237224190506,11.3596041017031,29.0913336457318));
#2921=CARTESIAN_POINT('Ctrl Pts',(6.08560195508358,3.20048230478554,28.9183666487238));
#2922=CARTESIAN_POINT('Ctrl Pts',(14.2342230855259,11.3491034352279,28.9183666487238));
#2923=CARTESIAN_POINT('Ctrl Pts',(6.09604063113107,3.19004362873804,28.7452277329837));
#2924=CARTESIAN_POINT('Ctrl Pts',(14.2446617615734,11.3386647591804,28.7452277329837));
#2925=CARTESIAN_POINT('Ctrl Pts',(6.10641619471073,3.17966806515838,28.5719223870969));
#2926=CARTESIAN_POINT('Ctrl Pts',(14.2550373251531,11.3282891956007,28.5719223870969));
#2927=CARTESIAN_POINT('Ctrl Pts',(6.11672751394499,3.16935674592411,28.3984560641401));
#2928=CARTESIAN_POINT('Ctrl Pts',(14.2653486443873,11.3179778763664,28.3984560641401));
#2929=CARTESIAN_POINT('Ctrl Pts',(6.12697344753632,3.15911081233279,28.2248341733638));
#2930=CARTESIAN_POINT('Ctrl Pts',(14.2755945779786,11.3077319427751,28.2248341733638));
#2931=CARTESIAN_POINT('Ctrl Pts',(6.13715284505003,3.14893141481907,28.0510620679271));
#2932=CARTESIAN_POINT('Ctrl Pts',(14.2857739754924,11.2975525452614,28.0510620679271));
#2933=CARTESIAN_POINT('Ctrl Pts',(6.14726454775742,3.13881971211168,27.8771450469693));
#2934=CARTESIAN_POINT('Ctrl Pts',(14.2958856781997,11.287440842554,27.8771450469693));
#2935=CARTESIAN_POINT('Ctrl Pts',(6.15730739005028,3.12877686981882,27.7030883716676));
#2936=CARTESIAN_POINT('Ctrl Pts',(14.3059285204926,11.2773980002611,27.7030883716676));
#2937=CARTESIAN_POINT('Ctrl Pts',(6.16728020067789,3.11880405919121,27.5288972773807));
#2938=CARTESIAN_POINT('Ctrl Pts',(14.3159013311202,11.2674251896335,27.5288972773807));
#2939=CARTESIAN_POINT('Ctrl Pts',(6.17718180410236,3.10890245576674,27.3545769876076));
#2940=CARTESIAN_POINT('Ctrl Pts',(14.3258029345447,11.2575235862091,27.3545769876076));
#2941=CARTESIAN_POINT('Ctrl Pts',(6.18701102169773,3.09907323817137,27.1801327266737));
#2942=CARTESIAN_POINT('Ctrl Pts',(14.3356321521401,11.2476943686137,27.1801327266737));
#2943=CARTESIAN_POINT('Ctrl Pts',(6.19676667326821,3.08931758660089,27.0055697341459));
#2944=CARTESIAN_POINT('Ctrl Pts',(14.3453878037105,11.2379387170432,27.0055697341459));
#2945=CARTESIAN_POINT('Ctrl Pts',(6.20644757768011,3.079636682189,26.8308932749862));
#2946=CARTESIAN_POINT('Ctrl Pts',(14.3550687081224,11.2282578126313,26.8308932749862));
#2947=CARTESIAN_POINT('Ctrl Pts',(6.21605254865218,3.07003171121693,26.6561086268921));
#2948=CARTESIAN_POINT('Ctrl Pts',(14.3646736790945,11.2186528416593,26.6561086268921));
#2949=CARTESIAN_POINT('Ctrl Pts',(6.22558039109909,3.06050386877002,26.4812210703095));
#2950=CARTESIAN_POINT('Ctrl Pts',(14.3742015215414,11.2091249992123,26.4812210703095));
#2951=CARTESIAN_POINT('Ctrl Pts',(6.23502989732699,3.05105436254212,26.3062358775615));
#2952=CARTESIAN_POINT('Ctrl Pts',(14.3836510277693,11.1996754929844,26.3062358775615));
#2953=CARTESIAN_POINT('Ctrl Pts',(6.24439984314144,3.04168441672767,26.1311583020171));
#2954=CARTESIAN_POINT('Ctrl Pts',(14.3930209735838,11.19030554717,26.1311583020171));
#2955=CARTESIAN_POINT('Ctrl Pts',(6.25368898434581,3.0323952755233,25.9559935680304));
#2956=CARTESIAN_POINT('Ctrl Pts',(14.4023101147881,11.1810164059656,25.9559935680304));
#2957=CARTESIAN_POINT('Ctrl Pts',(6.26289605215027,3.02318820771884,25.7807468584949));
#2958=CARTESIAN_POINT('Ctrl Pts',(14.4115171825926,11.1718093381612,25.7807468584949));
#2959=CARTESIAN_POINT('Ctrl Pts',(6.27201975609146,3.01406450377765,25.6054233190816));
#2960=CARTESIAN_POINT('Ctrl Pts',(14.4206408865338,11.16268563422,25.6054233190816));
#2961=CARTESIAN_POINT('Ctrl Pts',(6.28105878884847,3.00502547102064,25.43002806665));
#2962=CARTESIAN_POINT('Ctrl Pts',(14.4296799192908,11.153646601463,25.43002806665));
#2963=CARTESIAN_POINT('Ctrl Pts',(6.29001183033891,2.99607242953021,25.2545661961685));
#2964=CARTESIAN_POINT('Ctrl Pts',(14.4386329607812,11.1446935599725,25.2545661961685));
#2965=CARTESIAN_POINT('Ctrl Pts',(6.29887755228077,2.98720670758834,25.0790427884097));
#2966=CARTESIAN_POINT('Ctrl Pts',(14.4474986827231,11.1358278380307,25.0790427884097));
#2967=CARTESIAN_POINT('Ctrl Pts',(6.30765462217302,2.9784296376961,24.9034629169634));
#2968=CARTESIAN_POINT('Ctrl Pts',(14.4562757526153,11.1270507681384,24.9034629169634));
#2969=CARTESIAN_POINT('Ctrl Pts',(6.31634170845751,2.9697425514116,24.7278316563969));
#2970=CARTESIAN_POINT('Ctrl Pts',(14.4649628388998,11.1183636818539,24.7278316563969));
#2971=CARTESIAN_POINT('Ctrl Pts',(6.32493748185519,2.96114677801392,24.5521540868801));
#2972=CARTESIAN_POINT('Ctrl Pts',(14.4735586122975,11.1097679084562,24.5521540868801));
#2973=CARTESIAN_POINT('Ctrl Pts',(6.33344061104363,2.95264364882547,24.3764352936351));
#2974=CARTESIAN_POINT('Ctrl Pts',(14.482061741486,11.1012647792678,24.3764352936351));
#2975=CARTESIAN_POINT('Ctrl Pts',(6.34184975968685,2.94423450018226,24.2006803676182));
#2976=CARTESIAN_POINT('Ctrl Pts',(14.4904708901292,11.0928556306246,24.2006803676182));
#2977=CARTESIAN_POINT('Ctrl Pts',(6.35016358291662,2.93592067695249,24.0248944057052));
#2978=CARTESIAN_POINT('Ctrl Pts',(14.4987847133589,11.0845418073948,24.0248944057052));
#2979=CARTESIAN_POINT('Ctrl Pts',(6.35838072405414,2.92770353581496,23.849082511087));
#2980=CARTESIAN_POINT('Ctrl Pts',(14.5070018544965,11.0763246662573,23.849082511087));
#2981=CARTESIAN_POINT('Ctrl Pts',(6.3664998112147,2.9195844486544,23.6732497935817));
#2982=CARTESIAN_POINT('Ctrl Pts',(14.515120941657,11.0682055790967,23.6732497935817));
#2983=CARTESIAN_POINT('Ctrl Pts',(6.37451945399984,2.91156480586927,23.49740136996));
#2984=CARTESIAN_POINT('Ctrl Pts',(14.5231405844422,11.0601859363116,23.49740136996));
#2985=CARTESIAN_POINT('Ctrl Pts',(6.38243824502771,2.9036460148414,23.3215423617042));
#2986=CARTESIAN_POINT('Ctrl Pts',(14.53105937547,11.0522671452837,23.3215423617042));
#2987=CARTESIAN_POINT('Ctrl Pts',(6.39025476143516,2.89582949843395,23.1456778927638));
#2988=CARTESIAN_POINT('Ctrl Pts',(14.5388758918775,11.0444506288763,23.1456778927638));
#2989=CARTESIAN_POINT('Ctrl Pts',(6.39796756637798,2.88811669349113,22.9698130873752));
#2990=CARTESIAN_POINT('Ctrl Pts',(14.5465886968203,11.0367378239334,22.9698130873752));
#2991=CARTESIAN_POINT('Ctrl Pts',(6.40557521055816,2.88050904931095,22.7939530677115));
#2992=CARTESIAN_POINT('Ctrl Pts',(14.5541963410005,11.0291301797533,22.7939530677115));
#2993=CARTESIAN_POINT('Ctrl Pts',(6.413076233678,2.87300802619111,22.6181029519366));
#2994=CARTESIAN_POINT('Ctrl Pts',(14.5616973641203,11.0216291566334,22.6181029519366));
#2995=CARTESIAN_POINT('Ctrl Pts',(6.42046916607988,2.86561509378923,22.4422678512532));
#2996=CARTESIAN_POINT('Ctrl Pts',(14.5690902965222,11.0142362242315,22.4422678512532));
#2997=CARTESIAN_POINT('Ctrl Pts',(6.42775252958696,2.85833173028215,22.2664528712746));
#2998=CARTESIAN_POINT('Ctrl Pts',(14.5763736600293,11.0069528607245,22.2664528712746));
#2999=CARTESIAN_POINT('Ctrl Pts',(6.43492483785458,2.85115942201453,22.0906631161051));
#3000=CARTESIAN_POINT('Ctrl Pts',(14.5835459682969,10.9997805524569,22.0906631161051));
#3001=CARTESIAN_POINT('Ctrl Pts',(6.44198459685428,2.84409966301482,21.914903691583));
#3002=CARTESIAN_POINT('Ctrl Pts',(14.5906057272966,10.9927207934571,21.914903691583));
#3003=CARTESIAN_POINT('Ctrl Pts',(6.44893030533627,2.83715395453284,21.7391797089103));
#3004=CARTESIAN_POINT('Ctrl Pts',(14.5975514357786,10.9857750849752,21.7391797089103));
#3005=CARTESIAN_POINT('Ctrl Pts',(6.45576045522409,2.83032380464501,21.5634962880245));
#3006=CARTESIAN_POINT('Ctrl Pts',(14.6043815856664,10.9789449350873,21.5634962880245));
#3007=CARTESIAN_POINT('Ctrl Pts',(6.46247353222307,2.82361072764603,21.3878585613033));
#3008=CARTESIAN_POINT('Ctrl Pts',(14.6110946626654,10.9722318580884,21.3878585613033));
#3009=CARTESIAN_POINT('Ctrl Pts',(6.46906801577027,2.81701624409883,21.2122716764416));
#3010=CARTESIAN_POINT('Ctrl Pts',(14.6176891462126,10.9656373745412,21.2122716764416));
#3011=CARTESIAN_POINT('Ctrl Pts',(6.47554237645362,2.81054188341548,21.0367407962648));
#3012=CARTESIAN_POINT('Ctrl Pts',(14.6241635068959,10.9591630138578,21.0367407962648));
#3013=CARTESIAN_POINT('Ctrl Pts',(6.48189507380321,2.8041891860659,20.8612710990051));
#3014=CARTESIAN_POINT('Ctrl Pts',(14.6305162042455,10.9528103165082,20.8612710990051));
#3015=CARTESIAN_POINT('Ctrl Pts',(6.48812455396835,2.79795970590075,20.6858677783996));
#3016=CARTESIAN_POINT('Ctrl Pts',(14.6367456844107,10.9465808363431,20.6858677783996));
#3017=CARTESIAN_POINT('Ctrl Pts',(6.4942292473714,2.79185501249771,20.5105360438609));
#3018=CARTESIAN_POINT('Ctrl Pts',(14.6428503778137,10.94047614294,20.5105360438609));
#3019=CARTESIAN_POINT('Ctrl Pts',(6.50020756654024,2.78587669332887,20.3352811206251));
#3020=CARTESIAN_POINT('Ctrl Pts',(14.6488286969826,10.9344978237712,20.3352811206251));
#3021=CARTESIAN_POINT('Ctrl Pts',(6.50605790341847,2.78002635645063,20.1601082498822));
#3022=CARTESIAN_POINT('Ctrl Pts',(14.6546790338608,10.928647486893,20.1601082498822));
#3023=CARTESIAN_POINT('Ctrl Pts',(6.51177863099688,2.77430562887223,19.9850226891695));
#3024=CARTESIAN_POINT('Ctrl Pts',(14.6603997614392,10.9229267593145,19.9850226891695));
#3025=CARTESIAN_POINT('Ctrl Pts',(6.51736810575855,2.76871615411056,19.8100297128121));
#3026=CARTESIAN_POINT('Ctrl Pts',(14.6659892362009,10.9173372845529,19.8100297128121));
#3027=CARTESIAN_POINT('Ctrl Pts',(6.52282466982822,2.76325959004088,19.6351346123578));
#3028=CARTESIAN_POINT('Ctrl Pts',(14.6714458002705,10.9118807204832,19.6351346123578));
#3029=CARTESIAN_POINT('Ctrl Pts',(6.52814665327417,2.75793760659494,19.460342696992));
#3030=CARTESIAN_POINT('Ctrl Pts',(14.6767677837165,10.9065587370373,19.460342696992));
#3031=CARTESIAN_POINT('Ctrl Pts',(6.53333237627864,2.75275188359047,19.285659294011));
#3032=CARTESIAN_POINT('Ctrl Pts',(14.681953506721,10.9013730140328,19.285659294011));
#3033=CARTESIAN_POINT('Ctrl Pts',(6.53838015152678,2.74770410834233,19.1110897491497));
#3034=CARTESIAN_POINT('Ctrl Pts',(14.6870012819691,10.8963252387847,19.1110897491497));
#3035=CARTESIAN_POINT('Ctrl Pts',(6.54328828588555,2.74279597398356,18.9366394274362));
#3036=CARTESIAN_POINT('Ctrl Pts',(14.6919094163279,10.8914171044259,18.9366394274362));
#3037=CARTESIAN_POINT('Ctrl Pts',(6.54805508130993,2.73802917855918,18.7623137146411));
#3038=CARTESIAN_POINT('Ctrl Pts',(14.6966762117523,10.8866503090015,18.7623137146411));
#3039=CARTESIAN_POINT('Ctrl Pts',(6.55267883593037,2.73340542393873,18.5881180185739));
#3040=CARTESIAN_POINT('Ctrl Pts',(14.7012999663727,10.8820265543811,18.5881180185739));
#3041=CARTESIAN_POINT('Ctrl Pts',(6.55715784511043,2.72892641475868,18.4140577704391));
#3042=CARTESIAN_POINT('Ctrl Pts',(14.7057789755528,10.877547545201,18.4140577704391));
#3043=CARTESIAN_POINT('Ctrl Pts',(6.56149040241637,2.72459385745274,18.2401384261736));
#3044=CARTESIAN_POINT('Ctrl Pts',(14.7101115328587,10.8732149878951,18.2401384261736));
#3045=CARTESIAN_POINT('Ctrl Pts',(6.56567480086507,2.72040945900403,18.0663654677767));
#3046=CARTESIAN_POINT('Ctrl Pts',(14.7142959313074,10.8690305894464,18.0663654677767));
#3047=CARTESIAN_POINT('Ctrl Pts',(6.56970933334763,2.71637492652147,17.8927444046903));
#3048=CARTESIAN_POINT('Ctrl Pts',(14.71833046379,10.8649960569638,17.8927444046903));
#3049=CARTESIAN_POINT('Ctrl Pts',(6.5735922873634,2.7124919725057,17.7192807755412));
#3050=CARTESIAN_POINT('Ctrl Pts',(14.7222134178057,10.861113102948,17.7192807755412));
#3051=CARTESIAN_POINT('Ctrl Pts',(6.57732194030924,2.70876231955986,17.5459801498571));
#3052=CARTESIAN_POINT('Ctrl Pts',(14.7259430707516,10.8573834500022,17.5459801498571));
#3053=CARTESIAN_POINT('Ctrl Pts',(6.58089655462952,2.70518770523958,17.3728481297704));
#3054=CARTESIAN_POINT('Ctrl Pts',(14.7295176850718,10.8538088356819,17.3728481297704));
#3055=CARTESIAN_POINT('Ctrl Pts',(6.58431437285621,2.7017698870129,17.1998903517783));
#3056=CARTESIAN_POINT('Ctrl Pts',(14.7329355032985,10.8503910174552,17.1998903517783));
#3057=CARTESIAN_POINT('Ctrl Pts',(6.58757361309329,2.69851064677582,17.0271124883626));
#3058=CARTESIAN_POINT('Ctrl Pts',(14.7361947435356,10.8471317772181,17.0271124883626));
#3059=CARTESIAN_POINT('Ctrl Pts',(6.59067246326238,2.69541179660673,16.8545202499762));
#3060=CARTESIAN_POINT('Ctrl Pts',(14.7392935937047,10.8440329270491,16.8545202499762));
#3061=CARTESIAN_POINT('Ctrl Pts',(6.59360908549393,2.69247517437518,16.6821193840453));
#3062=CARTESIAN_POINT('Ctrl Pts',(14.7422302159363,10.8410963048175,16.6821193840453));
#3063=CARTESIAN_POINT('Ctrl Pts',(6.59638162249347,2.68970263737564,16.509915673365));
#3064=CARTESIAN_POINT('Ctrl Pts',(14.7450027529358,10.838323767818,16.509915673365));
#3065=CARTESIAN_POINT('Ctrl Pts',(6.59898820310282,2.68709605676629,16.3379149347931));
#3066=CARTESIAN_POINT('Ctrl Pts',(14.7476093335451,10.8357171872086,16.3379149347931));
#3067=CARTESIAN_POINT('Ctrl Pts',(6.60142694846478,2.68465731140433,16.1661230176228));
#3068=CARTESIAN_POINT('Ctrl Pts',(14.7500480789071,10.8332784418467,16.1661230176228));
#3069=CARTESIAN_POINT('Ctrl Pts',(6.60369597731092,2.68238828255819,15.9945458025512));
#3070=CARTESIAN_POINT('Ctrl Pts',(14.7523171077532,10.8310094130005,15.9945458025512));
#3071=CARTESIAN_POINT('Ctrl Pts',(6.60579341317016,2.68029084669896,15.823189199248));
#3072=CARTESIAN_POINT('Ctrl Pts',(14.7544145436125,10.8289119771413,15.823189199248));
#3073=CARTESIAN_POINT('Ctrl Pts',(6.60771738397688,2.67836687589223,15.6520591495509));
#3074=CARTESIAN_POINT('Ctrl Pts',(14.7563385144192,10.8269880063346,15.6520591495509));
#3075=CARTESIAN_POINT('Ctrl Pts',(6.60946601603855,2.67661824383057,15.4811616348642));
#3076=CARTESIAN_POINT('Ctrl Pts',(14.7580871464809,10.8252393742729,15.4811616348642));
#3077=CARTESIAN_POINT('Ctrl Pts',(6.61103742973392,2.67504683013519,15.3105026822419));
#3078=CARTESIAN_POINT('Ctrl Pts',(14.7596585601762,10.8236679605775,15.3105026822419));
#3079=CARTESIAN_POINT('Ctrl Pts',(6.61242973431064,2.67365452555847,15.1400883712092));
#3080=CARTESIAN_POINT('Ctrl Pts',(14.761050864753,10.8222756560008,15.1400883712092));
#3081=CARTESIAN_POINT('Ctrl Pts',(6.61364102350414,2.67244323636497,14.9699248398175));
#3082=CARTESIAN_POINT('Ctrl Pts',(14.7622621539465,10.8210643668073,14.9699248398175));
#3083=CARTESIAN_POINT('Ctrl Pts',(6.61466936974541,2.6714148901237,14.800018292122));
#3084=CARTESIAN_POINT('Ctrl Pts',(14.7632905001877,10.820036020566,14.800018292122));
#3085=CARTESIAN_POINT('Ctrl Pts',(6.61551282259063,2.67057143727848,14.630375001318));
#3086=CARTESIAN_POINT('Ctrl Pts',(14.764133953033,10.8191925677208,14.630375001318));
#3087=CARTESIAN_POINT('Ctrl Pts',(6.61616941481674,2.66991484505237,14.4610013049763));
#3088=CARTESIAN_POINT('Ctrl Pts',(14.7647905452591,10.8185359754947,14.4610013049763));
#3089=CARTESIAN_POINT('Ctrl Pts',(6.61663716676285,2.66944709310626,14.2919036020678));
#3090=CARTESIAN_POINT('Ctrl Pts',(14.7652582972052,10.8180682235486,14.2919036020678));
#3091=CARTESIAN_POINT('Ctrl Pts',(6.61691409151394,2.66917016835517,14.123088349173));
#3092=CARTESIAN_POINT('Ctrl Pts',(14.7655352219563,10.8177912987975,14.123088349173));
#3093=CARTESIAN_POINT('Ctrl Pts',(6.61699819940522,2.66908606046389,13.9545620572653));
#3094=CARTESIAN_POINT('Ctrl Pts',(14.7656193298475,10.8177071909062,13.9545620572653));
#3095=CARTESIAN_POINT('Ctrl Pts',(6.61688750358346,2.66919675628565,13.78633128771));
#3096=CARTESIAN_POINT('Ctrl Pts',(14.7655086340258,10.817817886728,13.78633128771));
#3097=CARTESIAN_POINT('Ctrl Pts',(6.61658002277888,2.66950423709023,13.6184026502432));
#3098=CARTESIAN_POINT('Ctrl Pts',(14.7652011532212,10.8181253675325,13.6184026502432));
#3099=CARTESIAN_POINT('Ctrl Pts',(6.6160737726741,2.67001048719501,13.450782808931));
#3100=CARTESIAN_POINT('Ctrl Pts',(14.7646949031164,10.8186316176373,13.450782808931));
#3101=CARTESIAN_POINT('Ctrl Pts',(6.61536675897578,2.67071750089333,13.2834784869614));
#3102=CARTESIAN_POINT('Ctrl Pts',(14.7639878894181,10.8193386313357,13.2834784869614));
#3103=CARTESIAN_POINT('Ctrl Pts',(6.61445696972641,2.6716272901427,13.1164964719158));
#3104=CARTESIAN_POINT('Ctrl Pts',(14.7630781001687,10.820248420585,13.1164964719158));
#3105=CARTESIAN_POINT('Ctrl Pts',(6.61334236815871,2.6727418917104,12.9498436207811));
#3106=CARTESIAN_POINT('Ctrl Pts',(14.761963498601,10.8213630221527,12.9498436207811));
#3107=CARTESIAN_POINT('Ctrl Pts',(6.61202088479604,2.67406337507307,12.7835268652068));
#3108=CARTESIAN_POINT('Ctrl Pts',(14.7606420152384,10.8226845055154,12.7835268652068));
#3109=CARTESIAN_POINT('Ctrl Pts',(6.61049041139,2.6755938484791,12.617553216271));
#3110=CARTESIAN_POINT('Ctrl Pts',(14.7591115418323,10.8242149789214,12.617553216271));
#3111=CARTESIAN_POINT('Ctrl Pts',(6.60874881041015,2.67733544945895,12.4519297652722));
#3112=CARTESIAN_POINT('Ctrl Pts',(14.7573699408525,10.8259565799013,12.4519297652722));
#3113=CARTESIAN_POINT('Ctrl Pts',(6.60679392313612,2.67929033673299,12.2866636848763));
#3114=CARTESIAN_POINT('Ctrl Pts',(14.7554150535784,10.8279114671753,12.2866636848763));
#3115=CARTESIAN_POINT('Ctrl Pts',(6.60462357836054,2.68146068150857,12.1217622301076));
#3116=CARTESIAN_POINT('Ctrl Pts',(14.7532447088029,10.8300818119509,12.1217622301076));
#3117=CARTESIAN_POINT('Ctrl Pts',(6.60223560065672,2.68384865921239,11.9572327394556));
#3118=CARTESIAN_POINT('Ctrl Pts',(14.750856731099,10.8324697896547,11.9572327394556));
#3119=CARTESIAN_POINT('Ctrl Pts',(6.59962781925044,2.68645644061867,11.7930826358199));
#3120=CARTESIAN_POINT('Ctrl Pts',(14.7482489496928,10.835077571061,11.7930826358199));
#3121=CARTESIAN_POINT('Ctrl Pts',(6.596798075432,2.68928618443711,11.6293194278491));
#3122=CARTESIAN_POINT('Ctrl Pts',(14.7454192058743,10.8379073148794,11.6293194278491));
#3123=CARTESIAN_POINT('Ctrl Pts',(6.59374421415759,2.69234004571152,11.4659507155675));
#3124=CARTESIAN_POINT('Ctrl Pts',(14.7423653445999,10.8409611761538,11.4659507155675));
#3125=CARTESIAN_POINT('Ctrl Pts',(6.59046407682218,2.69562018304693,11.3029841956763));
#3126=CARTESIAN_POINT('Ctrl Pts',(14.7390852072645,10.8442413134893,11.3029841956763));
#3127=CARTESIAN_POINT('Ctrl Pts',(6.58695549352271,2.6991287663464,11.1404276670126));
#3128=CARTESIAN_POINT('Ctrl Pts',(14.735576623965,10.8477498967887,11.1404276670126));
#3129=CARTESIAN_POINT('Ctrl Pts',(6.5832162756856,2.70286798418351,10.9782890358671));
#3130=CARTESIAN_POINT('Ctrl Pts',(14.7318374061279,10.8514891146258,10.9782890358671));
#3131=CARTESIAN_POINT('Ctrl Pts',(6.57924420818569,2.70684005168342,10.8165763215428));
#3132=CARTESIAN_POINT('Ctrl Pts',(14.727865338628,10.8554611821257,10.8165763215428));
#3133=CARTESIAN_POINT('Ctrl Pts',(6.57503704272272,2.71104721714639,10.6552976612798));
#3134=CARTESIAN_POINT('Ctrl Pts',(14.723658173165,10.8596683475887,10.6552976612798));
#3135=CARTESIAN_POINT('Ctrl Pts',(6.57059249884308,2.71549176102603,10.4944613111752));
#3136=CARTESIAN_POINT('Ctrl Pts',(14.7192136292854,10.8641128914684,10.4944613111752));
#3137=CARTESIAN_POINT('Ctrl Pts',(6.56590826414091,2.7201759957282,10.3340756475915));
#3138=CARTESIAN_POINT('Ctrl Pts',(14.7145293945832,10.8687971261705,10.3340756475915));
#3139=CARTESIAN_POINT('Ctrl Pts',(6.56098199472508,2.72510226514403,10.1741491682898));
#3140=CARTESIAN_POINT('Ctrl Pts',(14.7096031251674,10.8737233955864,10.1741491682898));
#3141=CARTESIAN_POINT('Ctrl Pts',(6.55581131568667,2.73027294418244,10.0146904938848));
#3142=CARTESIAN_POINT('Ctrl Pts',(14.704432446129,10.8788940746248,10.0146904938848));
#3143=CARTESIAN_POINT('Ctrl Pts',(6.55039382129126,2.73569043857785,9.85570836867285));
#3144=CARTESIAN_POINT('Ctrl Pts',(14.6990149517336,10.8843115690202,9.85570836867285));
#3145=CARTESIAN_POINT('Ctrl Pts',(6.54472707618331,2.7413571836858,9.69721166331069));
#3146=CARTESIAN_POINT('Ctrl Pts',(14.6933482066256,10.8899783141281,9.69721166331069));
#3147=CARTESIAN_POINT('Ctrl Pts',(6.53880861940185,2.74727564046725,9.53920938223972));
#3148=CARTESIAN_POINT('Ctrl Pts',(14.6874297498442,10.8958967709096,9.53920938223972));
#3149=CARTESIAN_POINT('Ctrl Pts',(6.53263596773144,2.75344829213767,9.38171067018621));
#3150=CARTESIAN_POINT('Ctrl Pts',(14.6812570981738,10.90206942258,9.38171067018621));
#3151=CARTESIAN_POINT('Ctrl Pts',(6.5262066195874,2.75987764028171,9.22472481908756));
#3152=CARTESIAN_POINT('Ctrl Pts',(14.6748277500297,10.908498770724,9.22472481908756));
#3153=CARTESIAN_POINT('Ctrl Pts',(6.51951805804997,2.76656620181913,9.06826127470432));
#3154=CARTESIAN_POINT('Ctrl Pts',(14.6681391884923,10.9151873322615,9.06826127470432));
#3155=CARTESIAN_POINT('Ctrl Pts',(6.51256775580741,2.7735165040617,8.9123296437024));
#3156=CARTESIAN_POINT('Ctrl Pts',(14.6611888862497,10.922137634504,8.9123296437024));
#3157=CARTESIAN_POINT('Ctrl Pts',(6.50535317297504,2.78073108689407,8.75693969916426));
#3158=CARTESIAN_POINT('Ctrl Pts',(14.6539743034174,10.9293522173364,8.75693969916426));
#3159=CARTESIAN_POINT('Ctrl Pts',(6.49787174849687,2.78821251137224,8.60210138466793));
#3160=CARTESIAN_POINT('Ctrl Pts',(14.6464928789392,10.9368336418146,8.60210138466793));
#3161=CARTESIAN_POINT('Ctrl Pts',(6.49012089334184,2.79596336652727,8.44782481883993));
#3162=CARTESIAN_POINT('Ctrl Pts',(14.6387420237842,10.9445844969696,8.44782481883993));
#3163=CARTESIAN_POINT('Ctrl Pts',(6.48209798294375,2.80398627692536,8.29412029955325));
#3164=CARTESIAN_POINT('Ctrl Pts',(14.6307191133861,10.9526074073677,8.29412029955325));
#3165=CARTESIAN_POINT('Ctrl Pts',(6.47380035001366,2.81228390985545,8.14099830866171));
#3166=CARTESIAN_POINT('Ctrl Pts',(14.622421480456,10.9609050402978,8.14099830866171));
#3167=CARTESIAN_POINT('Ctrl Pts',(6.46522527705874,2.82085898281037,7.98846951549557));
#3168=CARTESIAN_POINT('Ctrl Pts',(14.6138464075011,10.9694801132527,7.98846951549557));
#3169=CARTESIAN_POINT('Ctrl Pts',(6.45636999066629,2.82971426920282,7.836544791576));
#3170=CARTESIAN_POINT('Ctrl Pts',(14.6049911211086,10.9783353996451,7.836544791576));
#3171=CARTESIAN_POINT('Ctrl Pts',(6.44723165619556,2.83885260367355,7.68523522685988));
#3172=CARTESIAN_POINT('Ctrl Pts',(14.5958527866379,10.9874737341159,7.68523522685988));
#3173=CARTESIAN_POINT('Ctrl Pts',(6.43780737199775,2.84827688787136,7.53455214571213));
#3174=CARTESIAN_POINT('Ctrl Pts',(14.5864285024401,10.9968980183137,7.53455214571213));
#3175=CARTESIAN_POINT('Ctrl Pts',(6.42809416457544,2.85799009529367,7.38450712240454));
#3176=CARTESIAN_POINT('Ctrl Pts',(14.5767152950178,11.006611225736,7.38450712240454));
#3177=CARTESIAN_POINT('Ctrl Pts',(6.41808898155128,2.86799527831782,7.23511199824608));
#3178=CARTESIAN_POINT('Ctrl Pts',(14.5667101119936,11.0166164087601,7.23511199824608));
#3179=CARTESIAN_POINT('Ctrl Pts',(6.40778869144241,2.8782955684267,7.08637889334384));
#3180=CARTESIAN_POINT('Ctrl Pts',(14.5564098218847,11.026916698869,7.08637889334384));
#3181=CARTESIAN_POINT('Ctrl Pts',(6.39719009972592,2.88889416014319,6.93832020545587));
#3182=CARTESIAN_POINT('Ctrl Pts',(14.5458112301682,11.0375152905855,6.93832020545587));
#3183=CARTESIAN_POINT('Ctrl Pts',(6.3862899613093,2.89979429855981,6.79094861160558));
#3184=CARTESIAN_POINT('Ctrl Pts',(14.5349110917516,11.0484154290021,6.79094861160558));
#3185=CARTESIAN_POINT('Ctrl Pts',(6.37508499519976,2.91099926466935,6.64427706819142));
#3186=CARTESIAN_POINT('Ctrl Pts',(14.5237061256421,11.0596203951117,6.64427706819142));
#3187=CARTESIAN_POINT('Ctrl Pts',(6.36357189644956,2.92251236341955,6.49831881269421));
#3188=CARTESIAN_POINT('Ctrl Pts',(14.5121930268919,11.0711334938619,6.49831881269421));
#3189=CARTESIAN_POINT('Ctrl Pts',(6.35174735398698,2.93433690588213,6.35308736218327));
#3190=CARTESIAN_POINT('Ctrl Pts',(14.5003684844293,11.0829580363245,6.35308736218327));
#3191=CARTESIAN_POINT('Ctrl Pts',(6.33960801395802,2.94647624591109,6.2085965413505));
#3192=CARTESIAN_POINT('Ctrl Pts',(14.4882291444003,11.0950973763534,6.2085965413505));
#3193=CARTESIAN_POINT('Ctrl Pts',(6.32715043682872,2.95893382304039,6.0648605142297));
#3194=CARTESIAN_POINT('Ctrl Pts',(14.475771567271,11.1075549534827,6.0648605142297));
#3195=CARTESIAN_POINT('Ctrl Pts',(6.31437105434495,2.97171320552416,5.92189381530235));
#3196=CARTESIAN_POINT('Ctrl Pts',(14.4629921847873,11.1203343359665,5.92189381530235));
#3197=CARTESIAN_POINT('Ctrl Pts',(6.30126613184155,2.98481812802756,5.77971137932884));
#3198=CARTESIAN_POINT('Ctrl Pts',(14.4498872622839,11.1334392584699,5.77971137932884));
#3199=CARTESIAN_POINT('Ctrl Pts',(6.28783171513544,2.99825254473367,5.63832857554281));
#3200=CARTESIAN_POINT('Ctrl Pts',(14.4364528455778,11.146873675176,5.63832857554281));
#3201=CARTESIAN_POINT('Ctrl Pts',(6.27406363978923,3.01202062007988,5.4977612238556));
#3202=CARTESIAN_POINT('Ctrl Pts',(14.4226847702316,11.1606417505222,5.4977612238556));
#3203=CARTESIAN_POINT('Ctrl Pts',(6.25995758764263,3.02612667222648,5.3580255977106));
#3204=CARTESIAN_POINT('Ctrl Pts',(14.408578718085,11.1747478026688,5.3580255977106));
#3205=CARTESIAN_POINT('Ctrl Pts',(6.2455091326703,3.04057512719881,5.21913842941687));
#3206=CARTESIAN_POINT('Ctrl Pts',(14.3941302631126,11.1891962576411,5.21913842941687));
#3207=CARTESIAN_POINT('Ctrl Pts',(6.23071378476831,3.0553704751008,5.08111691748673));
#3208=CARTESIAN_POINT('Ctrl Pts',(14.3793349152106,11.2039916055431,5.08111691748673));
#3209=CARTESIAN_POINT('Ctrl Pts',(6.21556705000732,3.07051720986179,4.94397872584338));
#3210=CARTESIAN_POINT('Ctrl Pts',(14.3641881804496,11.2191383403041,4.94397872584338));
#3211=CARTESIAN_POINT('Ctrl Pts',(6.20006443006708,3.08601982980203,4.80774201163404));
#3212=CARTESIAN_POINT('Ctrl Pts',(14.3486855605094,11.2346409602444,4.80774201163404));
#3213=CARTESIAN_POINT('Ctrl Pts',(6.18420131956884,3.10188294030027,4.67242550066173));
#3214=CARTESIAN_POINT('Ctrl Pts',(14.3328224500112,11.2505040707426,4.67242550066173));
#3215=CARTESIAN_POINT('Ctrl Pts',(6.16797292357354,3.11811133629556,4.53804855343645));
#3216=CARTESIAN_POINT('Ctrl Pts',(14.3165940540159,11.2667324667379,4.53804855343645));
#3217=CARTESIAN_POINT('Ctrl Pts',(6.15137417387912,3.13471008598999,4.40463123178195));
#3218=CARTESIAN_POINT('Ctrl Pts',(14.2999953043214,11.2833312164323,4.40463123178195));
#3219=CARTESIAN_POINT('Ctrl Pts',(6.13439962928126,3.15168463058785,4.27219437292942));
#3220=CARTESIAN_POINT('Ctrl Pts',(14.2830207597236,11.3003057610302,4.27219437292942));
#3221=CARTESIAN_POINT('Ctrl Pts',(6.11704343782327,3.16904082204584,4.14075963486708));
#3222=CARTESIAN_POINT('Ctrl Pts',(14.2656645682656,11.3176619524882,4.14075963486708));
#3223=CARTESIAN_POINT('Ctrl Pts',(6.09929942283188,3.18678483703723,4.01034948611475));
#3224=CARTESIAN_POINT('Ctrl Pts',(14.2479205532742,11.3354059674796,4.01034948611475));
#3225=CARTESIAN_POINT('Ctrl Pts',(6.08116114759871,3.2049231122704,3.88098720293817));
#3226=CARTESIAN_POINT('Ctrl Pts',(14.229782278041,11.3535442427127,3.88098720293817));
#3227=CARTESIAN_POINT('Ctrl Pts',(6.06262197761623,3.22346228225288,3.75269687312548));
#3228=CARTESIAN_POINT('Ctrl Pts',(14.2112431080586,11.3720834126952,3.75269687312548));
#3229=CARTESIAN_POINT('Ctrl Pts',(6.0436751704578,3.2424090894113,3.62550337390606));
#3230=CARTESIAN_POINT('Ctrl Pts',(14.1922963009001,11.3910302198536,3.62550337390606));
#3231=CARTESIAN_POINT('Ctrl Pts',(6.02431385495548,3.26177040491363,3.49943244669238));
#3232=CARTESIAN_POINT('Ctrl Pts',(14.1729349853978,11.410391535356,3.49943244669238));
#3233=CARTESIAN_POINT('Ctrl Pts',(6.00453087591785,3.28155338395126,3.37451088818802));
#3234=CARTESIAN_POINT('Ctrl Pts',(14.1531520063602,11.4301745143936,3.37451088818802));
#3235=CARTESIAN_POINT('Ctrl Pts',(5.98431866814244,3.30176559172667,3.25076671607868));
#3236=CARTESIAN_POINT('Ctrl Pts',(14.1329397985848,11.450386722169,3.25076671607868));
#3237=CARTESIAN_POINT('Ctrl Pts',(5.96366912988537,3.32241512998374,3.12822933552436));
#3238=CARTESIAN_POINT('Ctrl Pts',(14.1122902603277,11.4710362604261,3.12822933552436));
#3239=CARTESIAN_POINT('Ctrl Pts',(5.9425734675994,3.34351079226971,3.00692972968084));
#3240=CARTESIAN_POINT('Ctrl Pts',(14.0911945980417,11.492131922712,3.00692972968084));
#3241=CARTESIAN_POINT('Ctrl Pts',(5.92102223036405,3.36506202950505,2.88690048920863));
#3242=CARTESIAN_POINT('Ctrl Pts',(14.0696433608064,11.5136831599474,2.88690048920863));
#3243=CARTESIAN_POINT('Ctrl Pts',(5.89900542015991,3.3870788397092,2.76817577421889));
#3244=CARTESIAN_POINT('Ctrl Pts',(14.0476265506022,11.5356999701515,2.76817577421889));
#3245=CARTESIAN_POINT('Ctrl Pts',(5.87651256887476,3.40957169099435,2.65079131099084));
#3246=CARTESIAN_POINT('Ctrl Pts',(14.0251336993171,11.5581928214367,2.65079131099084));
#3247=CARTESIAN_POINT('Ctrl Pts',(5.85353284810121,3.4325514117679,2.53478434567279));
#3248=CARTESIAN_POINT('Ctrl Pts',(14.0021539785435,11.5811725422102,2.53478434567279));
#3249=CARTESIAN_POINT('Ctrl Pts',(5.8300551093024,3.45602915056671,2.42019370023275));
#3250=CARTESIAN_POINT('Ctrl Pts',(13.9786762397447,11.604650281009,2.42019370023275));
#3251=CARTESIAN_POINT('Ctrl Pts',(5.80606758600628,3.48001667386283,2.30706033800875));
#3252=CARTESIAN_POINT('Ctrl Pts',(13.9546887164486,11.6286378043052,2.30706033800875));
#3253=CARTESIAN_POINT('Ctrl Pts',(5.78155762546,3.50452663440911,2.19542788530622));
#3254=CARTESIAN_POINT('Ctrl Pts',(13.9301787559023,11.6531477648514,2.19542788530622));
#3255=CARTESIAN_POINT('Ctrl Pts',(5.75651143242265,3.52957282744646,2.08534313283677));
#3256=CARTESIAN_POINT('Ctrl Pts',(13.905132562865,11.6781939578888,2.08534313283677));
#3257=CARTESIAN_POINT('Ctrl Pts',(5.73091374715399,3.55517051271512,1.97685664212222));
#3258=CARTESIAN_POINT('Ctrl Pts',(13.8795348775963,11.7037916431574,1.97685664212222));
#3259=CARTESIAN_POINT('Ctrl Pts',(5.70474801908832,3.58133624078079,1.87002254340615));
#3260=CARTESIAN_POINT('Ctrl Pts',(13.8533691495306,11.7299573712231,1.87002254340615));
#3261=CARTESIAN_POINT('Ctrl Pts',(5.67799675477078,3.60808750509833,1.76489802057811));
#3262=CARTESIAN_POINT('Ctrl Pts',(13.8266178852131,11.7567086355407,1.76489802057811));
#3263=CARTESIAN_POINT('Ctrl Pts',(5.65064173317117,3.63544252669794,1.6615430742147));
#3264=CARTESIAN_POINT('Ctrl Pts',(13.7992628636135,11.7840636571403,1.6615430742147));
#3265=CARTESIAN_POINT('Ctrl Pts',(5.62266445416426,3.66341980570485,1.56001975286584));
#3266=CARTESIAN_POINT('Ctrl Pts',(13.7712855846066,11.8120409361472,1.56001975286584));
#3267=CARTESIAN_POINT('Ctrl Pts',(5.59404566827278,3.69203859159633,1.46039352109299));
#3268=CARTESIAN_POINT('Ctrl Pts',(13.7426667987151,11.8406597220387,1.46039352109299));
#3269=CARTESIAN_POINT('Ctrl Pts',(5.56476415761717,3.72132010225194,1.36273635430222));
#3270=CARTESIAN_POINT('Ctrl Pts',(13.7133852880595,11.8699412326943,1.36273635430222));
#3271=CARTESIAN_POINT('Ctrl Pts',(5.53479591890697,3.75128834096214,1.26712893571009));
#3272=CARTESIAN_POINT('Ctrl Pts',(13.6834170493493,11.8999094714045,1.26712893571009));
#3273=CARTESIAN_POINT('Ctrl Pts',(5.50411275008349,3.78197150978562,1.17366414732956));
#3274=CARTESIAN_POINT('Ctrl Pts',(13.6527338805258,11.9305926402279,1.17366414732956));
#3275=CARTESIAN_POINT('Ctrl Pts',(5.47268306336374,3.81340119650537,1.08244575292498));
#3276=CARTESIAN_POINT('Ctrl Pts',(13.6213041938061,11.9620223269477,1.08244575292498));
#3277=CARTESIAN_POINT('Ctrl Pts',(5.44047449444127,3.84560976542784,0.993583110309962));
#3278=CARTESIAN_POINT('Ctrl Pts',(13.5890956248836,11.9942308958702,0.993583110309962));
#3279=CARTESIAN_POINT('Ctrl Pts',(5.40745556256632,3.87862869730279,0.907188115014));
#3280=CARTESIAN_POINT('Ctrl Pts',(13.5560766930086,12.0272498277451,0.907188115014));
#3281=CARTESIAN_POINT('Ctrl Pts',(5.37359874529243,3.91248551457668,0.823368634985818));
#3282=CARTESIAN_POINT('Ctrl Pts',(13.5222198757348,12.061106645019,0.823368634985818));
#3283=CARTESIAN_POINT('Ctrl Pts',(5.33887589340068,3.94720836646842,0.742241422844892));
#3284=CARTESIAN_POINT('Ctrl Pts',(13.487497023843,12.0958294969107,0.742241422844892));
#3285=CARTESIAN_POINT('Ctrl Pts',(5.30325235055265,3.98283190931646,0.663948538605372));
#3286=CARTESIAN_POINT('Ctrl Pts',(13.451873480995,12.1314530397588,0.663948538605372));
#3287=CARTESIAN_POINT('Ctrl Pts',(5.26668033839446,4.01940392147465,0.588675205530766));
#3288=CARTESIAN_POINT('Ctrl Pts',(13.4153014688368,12.168025051917,0.588675205530766));
#3289=CARTESIAN_POINT('Ctrl Pts',(5.22909623609376,4.05698802377535,0.516659004011512));
#3290=CARTESIAN_POINT('Ctrl Pts',(13.3777173665361,12.2056091542177,0.516659004011512));
#3291=CARTESIAN_POINT('Ctrl Pts',(5.1904408884993,4.09564337136981,0.448146163638974));
#3292=CARTESIAN_POINT('Ctrl Pts',(13.3390620189416,12.2442645018121,0.448146163638974));
#3293=CARTESIAN_POINT('Ctrl Pts',(5.15067305771619,4.13541120215292,0.383364305432562));
#3294=CARTESIAN_POINT('Ctrl Pts',(13.2992941881585,12.2840323325952,0.383364305432562));
#3295=CARTESIAN_POINT('Ctrl Pts',(5.109793588527,4.17629067134211,0.322468728427243));
#3296=CARTESIAN_POINT('Ctrl Pts',(13.2584147189693,12.3249118017844,0.322468728427243));
#3297=CARTESIAN_POINT('Ctrl Pts',(5.06781066729117,4.21827359257794,0.265636341634086));
#3298=CARTESIAN_POINT('Ctrl Pts',(13.2164317977335,12.3668947230203,0.265636341634086));
#3299=CARTESIAN_POINT('Ctrl Pts',(5.02470760103983,4.26137665882928,0.213154640071926));
#3300=CARTESIAN_POINT('Ctrl Pts',(13.1733287314822,12.4099977892716,0.213154640071926));
#3301=CARTESIAN_POINT('Ctrl Pts',(4.98038133937302,4.30570292049609,0.165581054671478));
#3302=CARTESIAN_POINT('Ctrl Pts',(13.1290024698153,12.4543240509384,0.165581054671478));
#3303=CARTESIAN_POINT('Ctrl Pts',(4.93471806842877,4.35136619144034,0.123570226114061));
#3304=CARTESIAN_POINT('Ctrl Pts',(13.0833391988711,12.4999873218827,0.123570226114061));
#3305=CARTESIAN_POINT('Ctrl Pts',(4.88771050806308,4.39837375180603,0.087597847689002));
#3306=CARTESIAN_POINT('Ctrl Pts',(13.0363316385054,12.5469948822484,0.087597847689002));
#3307=CARTESIAN_POINT('Ctrl Pts',(4.83962207602913,4.44646218383998,0.0575757103855423));
#3308=CARTESIAN_POINT('Ctrl Pts',(12.9882432064715,12.5950833142823,0.0575757103855423));
#3309=CARTESIAN_POINT('Ctrl Pts',(4.79085700432335,4.49522725554576,0.0331579433806297));
#3310=CARTESIAN_POINT('Ctrl Pts',(12.9394781347657,12.6438483859881,0.0331579433806297));
#3311=CARTESIAN_POINT('Ctrl Pts',(4.74170715380349,4.54437710606562,0.0143349154736427));
#3312=CARTESIAN_POINT('Ctrl Pts',(12.8903282842458,12.6929982365079,0.0143349154736427));
#3313=CARTESIAN_POINT('Ctrl Pts',(4.69206751101898,4.59401674885013,0.00210662793560038));
#3314=CARTESIAN_POINT('Ctrl Pts',(12.8406886414613,12.7426378792925,0.00210662793560038));
#3315=CARTESIAN_POINT('Ctrl Pts',(4.64169446977579,4.64438979009332,-0.00215930476575399));
#3316=CARTESIAN_POINT('Ctrl Pts',(12.7903156002181,12.7930109205356,-0.00215930476575399));
#3317=CARTESIAN_POINT('Ctrl Pts',(4.59062082661422,4.69546343325489,0.00225465656069583));
#3318=CARTESIAN_POINT('Ctrl Pts',(12.7392419570565,12.8440845636972,0.00225465656069583));
#3319=CARTESIAN_POINT('Ctrl Pts',(4.53948761019333,4.74659664967578,0.0145921995506778));
#3320=CARTESIAN_POINT('Ctrl Pts',(12.6881087406357,12.8952177801181,0.0145921995506778));
#3321=CARTESIAN_POINT('Ctrl Pts',(4.48913015710261,4.79695410276651,0.0334988643863256));
#3322=CARTESIAN_POINT('Ctrl Pts',(12.6377512875449,12.9455752332088,0.0334988643863256));
#3323=CARTESIAN_POINT('Ctrl Pts',(4.44011420682785,4.84597005304127,0.0580002938841712));
#3324=CARTESIAN_POINT('Ctrl Pts',(12.5887353372702,12.9945911834836,0.0580002938841712));
#3325=CARTESIAN_POINT('Ctrl Pts',(4.39244733089779,4.89363692897132,0.0881172742607632));
#3326=CARTESIAN_POINT('Ctrl Pts',(12.5410684613401,13.0422580594136,0.0881172742607632));
#3327=CARTESIAN_POINT('Ctrl Pts',(4.34591451627804,4.94016974359107,0.124190627257985));
#3328=CARTESIAN_POINT('Ctrl Pts',(12.4945356467204,13.0887908740334,0.124190627257985));
#3329=CARTESIAN_POINT('Ctrl Pts',(4.30036903771989,4.98571522214922,0.166295038793802));
#3330=CARTESIAN_POINT('Ctrl Pts',(12.4489901681622,13.1343363525915,0.166295038793802));
#3331=CARTESIAN_POINT('Ctrl Pts',(4.25588526841602,5.03019899145309,0.213949931329905));
#3332=CARTESIAN_POINT('Ctrl Pts',(12.4045063988583,13.1788201218954,0.213949931329905));
#3333=CARTESIAN_POINT('Ctrl Pts',(4.21259475763445,5.07348950223466,0.266502029877765));
#3334=CARTESIAN_POINT('Ctrl Pts',(12.3612158880768,13.222110632677,0.266502029877765));
#3335=CARTESIAN_POINT('Ctrl Pts',(4.17057516973617,5.11550909013294,0.323399984626905));
#3336=CARTESIAN_POINT('Ctrl Pts',(12.3191963001785,13.2641302205753,0.323399984626905));
#3337=CARTESIAN_POINT('Ctrl Pts',(4.12978440191798,5.15629985795113,0.384358897005295));
#3338=CARTESIAN_POINT('Ctrl Pts',(12.2784055323603,13.3049209883935,0.384358897005295));
#3339=CARTESIAN_POINT('Ctrl Pts',(4.09013510614115,5.19594915372795,0.449202142804948));
#3340=CARTESIAN_POINT('Ctrl Pts',(12.2387562365835,13.3445702841703,0.449202142804948));
#3341=CARTESIAN_POINT('Ctrl Pts',(4.05153919085482,5.23454506901429,0.517772734303771));
#3342=CARTESIAN_POINT('Ctrl Pts',(12.2001603212971,13.3831661994566,0.517772734303771));
#3343=CARTESIAN_POINT('Ctrl Pts',(4.01395208383018,5.27213217603892,0.589842222592224));
#3344=CARTESIAN_POINT('Ctrl Pts',(12.1625732142725,13.4207533064812,0.589842222592224));
#3345=CARTESIAN_POINT('Ctrl Pts',(3.97734772603867,5.30873653383044,0.665164650340001));
#3346=CARTESIAN_POINT('Ctrl Pts',(12.125968856481,13.4573576642728,0.665164650340001));
#3347=CARTESIAN_POINT('Ctrl Pts',(3.94170629036971,5.3443779694994,0.743503359191372));
#3348=CARTESIAN_POINT('Ctrl Pts',(12.090327420812,13.4929990999417,0.743503359191372));
#3349=CARTESIAN_POINT('Ctrl Pts',(3.90699437309655,5.37908988677256,0.824674180651124));
#3350=CARTESIAN_POINT('Ctrl Pts',(12.0556155035389,13.5277110172149,0.824674180651124));
#3351=CARTESIAN_POINT('Ctrl Pts',(3.87316884181571,5.41291541805339,0.908535444511115));
#3352=CARTESIAN_POINT('Ctrl Pts',(12.021789972258,13.5615365484957,0.908535444511115));
#3353=CARTESIAN_POINT('Ctrl Pts',(3.84018392737992,5.44590033248919,0.994970542901449));
#3354=CARTESIAN_POINT('Ctrl Pts',(11.9888050578222,13.5945214629315,0.994970542901449));
#3355=CARTESIAN_POINT('Ctrl Pts',(3.80799792184523,5.47808633802388,1.08387143641669));
#3356=CARTESIAN_POINT('Ctrl Pts',(11.9566190522876,13.6267074684662,1.08387143641669));
#3357=CARTESIAN_POINT('Ctrl Pts',(3.77657807514382,5.50950618472529,1.17512619997861));
#3358=CARTESIAN_POINT('Ctrl Pts',(11.9251992055861,13.6581273151676,1.17512619997861));
#3359=CARTESIAN_POINT('Ctrl Pts',(3.74589704712943,5.54018721273969,1.2686255943836));
#3360=CARTESIAN_POINT('Ctrl Pts',(11.8945181775717,13.688808343182,1.2686255943836));
#3361=CARTESIAN_POINT('Ctrl Pts',(3.71593096113269,5.57015329873642,1.36426605300534));
#3362=CARTESIAN_POINT('Ctrl Pts',(11.864552091575,13.7187744291787,1.36426605300534));
#3363=CARTESIAN_POINT('Ctrl Pts',(3.68665641692903,5.59942784294008,1.46195494748923));
#3364=CARTESIAN_POINT('Ctrl Pts',(11.8352775473714,13.7480489733824,1.46195494748923));
#3365=CARTESIAN_POINT('Ctrl Pts',(3.65804942391314,5.62803483595597,1.5616117562246));
#3366=CARTESIAN_POINT('Ctrl Pts',(11.8066705543555,13.7766559663983,1.5616117562246));
#3367=CARTESIAN_POINT('Ctrl Pts',(3.6300865149735,5.65599774489561,1.66316460215291));
#3368=CARTESIAN_POINT('Ctrl Pts',(11.7787076454158,13.8046188753379,1.66316460215291));
#3369=CARTESIAN_POINT('Ctrl Pts',(3.60274527464109,5.68333898522802,1.76654807055194));
#3370=CARTESIAN_POINT('Ctrl Pts',(11.7513664050834,13.8319601156703,1.76654807055194));
#3371=CARTESIAN_POINT('Ctrl Pts',(3.5760052434488,5.71007901642031,1.87170012628811));
#3372=CARTESIAN_POINT('Ctrl Pts',(11.7246263738911,13.8587001468626,1.87170012628811));
#3373=CARTESIAN_POINT('Ctrl Pts',(3.54984815475242,5.73623610511669,1.97856080799626));
#3374=CARTESIAN_POINT('Ctrl Pts',(11.6984692851947,13.884857235559,1.97856080799626));
#3375=CARTESIAN_POINT('Ctrl Pts',(3.52425742825421,5.7618268316149,2.08707298684914));
#3376=CARTESIAN_POINT('Ctrl Pts',(11.6728785586965,13.9104479620572,2.08707298684914));
#3377=CARTESIAN_POINT('Ctrl Pts',(3.49921785304233,5.78686640682678,2.19718259695622));
#3378=CARTESIAN_POINT('Ctrl Pts',(11.6478389834847,13.9354875372691,2.19718259695622));
#3379=CARTESIAN_POINT('Ctrl Pts',(3.47471516772575,5.81136909214336,2.30883914699887));
#3380=CARTESIAN_POINT('Ctrl Pts',(11.6233362981681,13.9599902225857,2.30883914699887));
#3381=CARTESIAN_POINT('Ctrl Pts',(3.45073576620763,5.83534849366148,2.42199590320261));
#3382=CARTESIAN_POINT('Ctrl Pts',(11.59935689665,13.9839696241038,2.42199590320261));
#3383=CARTESIAN_POINT('Ctrl Pts',(3.42726671806027,5.85881754180884,2.53660928216238));
#3384=CARTESIAN_POINT('Ctrl Pts',(11.5758878485026,14.0074386722512,2.53660928216238));
#3385=CARTESIAN_POINT('Ctrl Pts',(3.40429574113919,5.88178851872993,2.65263835375564));
#3386=CARTESIAN_POINT('Ctrl Pts',(11.5529168715815,14.0304096491722,2.65263835375564));
#3387=CARTESIAN_POINT('Ctrl Pts',(3.38181119280708,5.90427306706204,2.77004432003399));
#3388=CARTESIAN_POINT('Ctrl Pts',(11.5304323232494,14.0528941975044,2.77004432003399));
#3389=CARTESIAN_POINT('Ctrl Pts',(3.35980205305987,5.92628220680925,2.88878995598151));
#3390=CARTESIAN_POINT('Ctrl Pts',(11.5084231835022,14.0749033372516,2.88878995598151));
#3391=CARTESIAN_POINT('Ctrl Pts',(3.33825791499461,5.9478263448745,3.00883956077647));
#3392=CARTESIAN_POINT('Ctrl Pts',(11.4868790454369,14.0964474753168,3.00883956077647));
#3393=CARTESIAN_POINT('Ctrl Pts',(3.31716897627526,5.96891528359385,3.13015900077207));
#3394=CARTESIAN_POINT('Ctrl Pts',(11.4657901067176,14.1175364140362,3.13015900077207));
#3395=CARTESIAN_POINT('Ctrl Pts',(3.29652602701592,5.98955823285319,3.25271571256559));
#3396=CARTESIAN_POINT('Ctrl Pts',(11.4451471574582,14.1381793632955,3.25271571256559));
#3397=CARTESIAN_POINT('Ctrl Pts',(3.27632044698455,6.00976381288456,3.37647874034479));
#3398=CARTESIAN_POINT('Ctrl Pts',(11.4249415774269,14.1583849433269,3.37647874034479));
#3399=CARTESIAN_POINT('Ctrl Pts',(3.2565441739488,6.02954008592031,3.50141870272051));
#3400=CARTESIAN_POINT('Ctrl Pts',(11.4051653043911,14.1781612163626,3.50141870272051));
#3401=CARTESIAN_POINT('Ctrl Pts',(3.23718960264072,6.04889465722839,3.62750760215627));
#3402=CARTESIAN_POINT('Ctrl Pts',(11.385810733083,14.1975157876707,3.62750760215627));
#3403=CARTESIAN_POINT('Ctrl Pts',(3.21824949288699,6.06783476698213,3.75471865904886));
#3404=CARTESIAN_POINT('Ctrl Pts',(11.3668706233293,14.2164558974244,3.75471865904886));
#3405=CARTESIAN_POINT('Ctrl Pts',(3.19971688277549,6.08636737709363,3.88302614634229));
#3406=CARTESIAN_POINT('Ctrl Pts',(11.3483380132178,14.234988507536,3.88302614634229));
#3407=CARTESIAN_POINT('Ctrl Pts',(3.1815849784065,6.10449928146261,4.01240519874042));
#3408=CARTESIAN_POINT('Ctrl Pts',(11.3302061088488,14.2531204119049,4.01240519874042));
#3409=CARTESIAN_POINT('Ctrl Pts',(3.16384714496343,6.12223711490568,4.14283174124787));
#3410=CARTESIAN_POINT('Ctrl Pts',(11.3124682754058,14.270858245348,4.14283174124787));
#3411=CARTESIAN_POINT('Ctrl Pts',(3.14649697439387,6.13958728547524,4.27428251059218));
#3412=CARTESIAN_POINT('Ctrl Pts',(11.2951181048362,14.2882084159176,4.27428251059218));
#3413=CARTESIAN_POINT('Ctrl Pts',(3.12952833429292,6.15655592557619,4.40673505146434));
#3414=CARTESIAN_POINT('Ctrl Pts',(11.2781494647352,14.3051770560185,4.40673505146434));
#3415=CARTESIAN_POINT('Ctrl Pts',(3.1129354169708,6.17314884289831,4.54016771913519));
#3416=CARTESIAN_POINT('Ctrl Pts',(11.2615565474131,14.3217699733406,4.54016771913519));
#3417=CARTESIAN_POINT('Ctrl Pts',(3.09671280747626,6.18937145239284,4.67455968943718));
#3418=CARTESIAN_POINT('Ctrl Pts',(11.2453339379186,14.3379925828352,4.67455968943718));
#3419=CARTESIAN_POINT('Ctrl Pts',(3.08085544267638,6.20522881719273,4.80989091214694));
#3420=CARTESIAN_POINT('Ctrl Pts',(11.2294765731187,14.3538499476351,4.80989091214694));
#3421=CARTESIAN_POINT('Ctrl Pts',(3.06535852022791,6.2207257396412,4.94614203724434));
#3422=CARTESIAN_POINT('Ctrl Pts',(11.2139796506702,14.3693468700835,4.94614203724434));
#3423=CARTESIAN_POINT('Ctrl Pts',(3.05021742025913,6.23586683960998,5.0832943482601));
#3424=CARTESIAN_POINT('Ctrl Pts',(11.1988385507015,14.3844879700523,5.0832943482601));
#3425=CARTESIAN_POINT('Ctrl Pts',(3.03542762906127,6.25065663080784,5.22132969630689));
#3426=CARTESIAN_POINT('Ctrl Pts',(11.1840487595036,14.3992777612502,5.22132969630689));
#3427=CARTESIAN_POINT('Ctrl Pts',(3.02098464363107,6.26509961623804,5.36023042473281));
#3428=CARTESIAN_POINT('Ctrl Pts',(11.1696057740734,14.4137207466804,5.36023042473281));
#3429=CARTESIAN_POINT('Ctrl Pts',(3.00688397406935,6.27920028579975,5.49997934245801));
#3430=CARTESIAN_POINT('Ctrl Pts',(11.1555051045117,14.4278214162421,5.49997934245801));
#3431=CARTESIAN_POINT('Ctrl Pts',(2.99312120000418,6.29296305986493,5.64055972450402));
#3432=CARTESIAN_POINT('Ctrl Pts',(11.1417423304465,14.4415841903072,5.64055972450402));
#3433=CARTESIAN_POINT('Ctrl Pts',(2.97969201238336,6.30639224748575,5.78195530473356));
#3434=CARTESIAN_POINT('Ctrl Pts',(11.1283131428257,14.4550133779281,5.78195530473356));
#3435=CARTESIAN_POINT('Ctrl Pts',(2.96659225667543,6.31949200319368,5.92415027043045));
#3436=CARTESIAN_POINT('Ctrl Pts',(11.1152133871178,14.468113133636,5.92415027043045));
#3437=CARTESIAN_POINT('Ctrl Pts',(2.95381798683666,6.33226627303245,6.06712925950371));
#3438=CARTESIAN_POINT('Ctrl Pts',(11.102439117279,14.4808874034748,6.06712925950371));
#3439=CARTESIAN_POINT('Ctrl Pts',(2.94136547194329,6.34471878792582,6.21087734378398));
#3440=CARTESIAN_POINT('Ctrl Pts',(11.0899866023856,14.4933399183681,6.21087734378398));
#3441=CARTESIAN_POINT('Ctrl Pts',(2.92923114465597,6.35685311521314,6.35537999488206));
#3442=CARTESIAN_POINT('Ctrl Pts',(11.0778522750983,14.5054742456555,6.35537999488206));
#3443=CARTESIAN_POINT('Ctrl Pts',(2.91741156429964,6.36867269556947,6.50062305433433));
#3444=CARTESIAN_POINT('Ctrl Pts',(11.066032694742,14.5172938260118,6.50062305433433));
#3445=CARTESIAN_POINT('Ctrl Pts',(2.90590337499932,6.38018088486979,6.64659270256538));
#3446=CARTESIAN_POINT('Ctrl Pts',(11.0545245054416,14.5288020153121,6.64659270256538));
#3447=CARTESIAN_POINT('Ctrl Pts',(2.89470326356657,6.39138099630254,6.79327542704543));
#3448=CARTESIAN_POINT('Ctrl Pts',(11.0433243940089,14.5400021267449,6.79327542704543));
#3449=CARTESIAN_POINT('Ctrl Pts',(2.88380792449037,6.40227633537874,6.94065799469251));
#3450=CARTESIAN_POINT('Ctrl Pts',(11.0324290549327,14.5508974658211,6.94065799469251));
#3451=CARTESIAN_POINT('Ctrl Pts',(2.87321407760234,6.41287018226678,7.08872745355901));
#3452=CARTESIAN_POINT('Ctrl Pts',(11.0218352080447,14.5614913127091,7.08872745355901));
#3453=CARTESIAN_POINT('Ctrl Pts',(2.86291847952123,6.42316578034788,7.23747113104641));
#3454=CARTESIAN_POINT('Ctrl Pts',(11.0115396099636,14.5717869107902,7.23747113104641));
#3455=CARTESIAN_POINT('Ctrl Pts',(2.85291793793421,6.4331663219349,7.3868766338178));
#3456=CARTESIAN_POINT('Ctrl Pts',(11.0015390683765,14.5817874523772,7.3868766338178));
#3457=CARTESIAN_POINT('Ctrl Pts',(2.8432093236849,6.44287493618421,7.5369318461809));
#3458=CARTESIAN_POINT('Ctrl Pts',(10.9918304541272,14.5914960666265,7.5369318461809));
#3459=CARTESIAN_POINT('Ctrl Pts',(2.83378958632439,6.45229467354472,7.6876249312026));
#3460=CARTESIAN_POINT('Ctrl Pts',(10.9824107167667,14.600915803987,7.6876249312026));
#3461=CARTESIAN_POINT('Ctrl Pts',(2.82465575357039,6.46142850629871,7.83894431868248));
#3462=CARTESIAN_POINT('Ctrl Pts',(10.9732768840127,14.610049636741,7.83894431868248));
#3463=CARTESIAN_POINT('Ctrl Pts',(2.81580492456662,6.47027933530248,7.99087868809157));
#3464=CARTESIAN_POINT('Ctrl Pts',(10.9644260550089,14.6189004657448,7.99087868809157));
#3465=CARTESIAN_POINT('Ctrl Pts',(2.80723426516259,6.47884999470652,8.1434169530412));
#3466=CARTESIAN_POINT('Ctrl Pts',(10.9558553956049,14.6274711251488,8.1434169530412));
#3467=CARTESIAN_POINT('Ctrl Pts',(2.79894100231556,6.48714325755355,8.29654824534406));
#3468=CARTESIAN_POINT('Ctrl Pts',(10.9475621327579,14.6357643879959,8.29654824534406));
#3469=CARTESIAN_POINT('Ctrl Pts',(2.79092241895806,6.49516184091105,8.4502618987159));
#3470=CARTESIAN_POINT('Ctrl Pts',(10.9395435494004,14.6437829713534,8.4502618987159));
#3471=CARTESIAN_POINT('Ctrl Pts',(2.78317584839845,6.50290841147065,8.60454743422957));
#3472=CARTESIAN_POINT('Ctrl Pts',(10.9317969788408,14.651529541913,8.60454743422957));
#3473=CARTESIAN_POINT('Ctrl Pts',(2.77569866673741,6.5103855931317,8.75939455689094));
#3474=CARTESIAN_POINT('Ctrl Pts',(10.9243197971797,14.659006723574,8.75939455689094));
#3475=CARTESIAN_POINT('Ctrl Pts',(2.7684882856264,6.51759597424271,8.91479315087538));
#3476=CARTESIAN_POINT('Ctrl Pts',(10.9171094160687,14.666217104685,8.91479315087538));
#3477=CARTESIAN_POINT('Ctrl Pts',(2.76154214462819,6.52454211524093,9.0707332753425));
#3478=CARTESIAN_POINT('Ctrl Pts',(10.9101632750705,14.6731632456832,9.0707332753425));
#3479=CARTESIAN_POINT('Ctrl Pts',(2.75485770435939,6.53122655550972,9.22720515987525));
#3480=CARTESIAN_POINT('Ctrl Pts',(10.9034788348017,14.679847685952,9.22720515987525));
#3481=CARTESIAN_POINT('Ctrl Pts',(2.74843243778742,6.5376518220817,9.38419920040764));
#3482=CARTESIAN_POINT('Ctrl Pts',(10.8970535682297,14.686272952524,9.38419920040764));
#3483=CARTESIAN_POINT('Ctrl Pts',(2.74226382823294,6.54382043163617,9.54170595366738));
#3484=CARTESIAN_POINT('Ctrl Pts',(10.8908849586753,14.6924415620785,9.54170595366738));
#3485=CARTESIAN_POINT('Ctrl Pts',(2.73634937433499,6.54973488553413,9.69971613009856));
#3486=CARTESIAN_POINT('Ctrl Pts',(10.8849705047773,14.6983560159765,9.69971613009856));
#3487=CARTESIAN_POINT('Ctrl Pts',(2.73068659311489,6.55539766675422,9.85822058724758));
#3488=CARTESIAN_POINT('Ctrl Pts',(10.8793077235572,14.7040187971965,9.85822058724758));
#3489=CARTESIAN_POINT('Ctrl Pts',(2.72527302388847,6.56081123598064,10.0172103228404));
#3490=CARTESIAN_POINT('Ctrl Pts',(10.8738941543308,14.709432366423,10.0172103228404));
#3491=CARTESIAN_POINT('Ctrl Pts',(2.72010623164771,6.5659780282214,10.1766764682762));
#3492=CARTESIAN_POINT('Ctrl Pts',(10.86872736209,14.7145991586637,10.1766764682762));
#3493=CARTESIAN_POINT('Ctrl Pts',(2.71518381110028,6.57090044876884,10.3366102812176));
#3494=CARTESIAN_POINT('Ctrl Pts',(10.8638049415426,14.7195215792112,10.3366102812176));
#3495=CARTESIAN_POINT('Ctrl Pts',(2.7105033878186,6.57558087205051,10.4970031430068));
#3496=CARTESIAN_POINT('Ctrl Pts',(10.8591245182609,14.7242020024928,10.4970031430068));
#3497=CARTESIAN_POINT('Ctrl Pts',(2.70606261842923,6.58002164143988,10.6578465578125));
#3498=CARTESIAN_POINT('Ctrl Pts',(10.8546837488716,14.7286427718822,10.6578465578125));
#3499=CARTESIAN_POINT('Ctrl Pts',(2.7018591910683,6.58422506880081,10.8191321511862));
#3500=CARTESIAN_POINT('Ctrl Pts',(10.8504803215106,14.7328461992431,10.8191321511862));
#3501=CARTESIAN_POINT('Ctrl Pts',(2.6978908258297,6.58819343403942,10.980851668921));
#3502=CARTESIAN_POINT('Ctrl Pts',(10.846511956272,14.7368145644817,10.980851668921));
#3503=CARTESIAN_POINT('Ctrl Pts',(2.69415527497435,6.59192898489477,11.142996975655));
#3504=CARTESIAN_POINT('Ctrl Pts',(10.8427764054167,14.7405501153371,11.142996975655));
#3505=CARTESIAN_POINT('Ctrl Pts',(2.6906503238875,6.59543393598161,11.3055600539237));
#3506=CARTESIAN_POINT('Ctrl Pts',(10.8392714543298,14.7440550664239,11.3055600539237));
#3507=CARTESIAN_POINT('Ctrl Pts',(2.68737378434409,6.59871047552502,11.4685329991762));
#3508=CARTESIAN_POINT('Ctrl Pts',(10.8359949147864,14.7473316059673,11.4685329991762));
#3509=CARTESIAN_POINT('Ctrl Pts',(2.68432348667169,6.60176077319742,11.6319080142357));
#3510=CARTESIAN_POINT('Ctrl Pts',(10.832944617114,14.7503819036397,11.6319080142357));
#3511=CARTESIAN_POINT('Ctrl Pts',(2.68149727235937,6.60458698750974,11.7956774039711));
#3512=CARTESIAN_POINT('Ctrl Pts',(10.8301184028017,14.7532081179521,11.7956774039711));
#3513=CARTESIAN_POINT('Ctrl Pts',(2.6788929863529,6.60719127351622,11.9598335698478));
#3514=CARTESIAN_POINT('Ctrl Pts',(10.8275141167952,14.7558124039585,11.9598335698478));
#3515=CARTESIAN_POINT('Ctrl Pts',(2.67650846978057,6.60957579008855,12.1243690046115));
#3516=CARTESIAN_POINT('Ctrl Pts',(10.8251296002229,14.7581969205309,12.1243690046115));
#3517=CARTESIAN_POINT('Ctrl Pts',(2.67434155169194,6.61174270817718,12.2892762866984));
#3518=CARTESIAN_POINT('Ctrl Pts',(10.8229626821343,14.7603638386195,12.2892762866984));
#3519=CARTESIAN_POINT('Ctrl Pts',(2.67239005667351,6.6136942031956,12.4545480789514));
#3520=CARTESIAN_POINT('Ctrl Pts',(10.8210111871158,14.7623153336379,12.4545480789514));
#3521=CARTESIAN_POINT('Ctrl Pts',(2.670651813648,6.61543244622111,12.6201771276562));
#3522=CARTESIAN_POINT('Ctrl Pts',(10.8192729440903,14.7640535766634,12.6201771276562));
#3523=CARTESIAN_POINT('Ctrl Pts',(2.66912466417623,6.61695959569288,12.7861562614445));
#3524=CARTESIAN_POINT('Ctrl Pts',(10.8177457946186,14.7655807261352,12.7861562614445));
#3525=CARTESIAN_POINT('Ctrl Pts',(2.66780647112654,6.61827778874257,12.9524783902939));
#3526=CARTESIAN_POINT('Ctrl Pts',(10.8164276015689,14.7668989191849,12.9524783902939));
#3527=CARTESIAN_POINT('Ctrl Pts',(2.66669512681601,6.6193891330531,13.1191365043946));
#3528=CARTESIAN_POINT('Ctrl Pts',(10.8153162572583,14.7680102634954,13.1191365043946));
#3529=CARTESIAN_POINT('Ctrl Pts',(2.66578856237533,6.62029569749378,13.2861236733257));
#3530=CARTESIAN_POINT('Ctrl Pts',(10.8144096928177,14.7689168279361,13.2861236733257));
#3531=CARTESIAN_POINT('Ctrl Pts',(2.66508474147597,6.62099951839314,13.4534330412358));
#3532=CARTESIAN_POINT('Ctrl Pts',(10.8137058719183,14.7696206488355,13.4534330412358));
#3533=CARTESIAN_POINT('Ctrl Pts',(2.6645816525008,6.62150260736831,13.6210578216035));
#3534=CARTESIAN_POINT('Ctrl Pts',(10.8132027829431,14.7701237378106,13.6210578216035));
#3535=CARTESIAN_POINT('Ctrl Pts',(2.66427730136678,6.62180695850233,13.7889912922155));
#3536=CARTESIAN_POINT('Ctrl Pts',(10.8128984318091,14.7704280889447,13.7889912922155));
#3537=CARTESIAN_POINT('Ctrl Pts',(2.66416970386019,6.62191455600892,13.9572267899055));
#3538=CARTESIAN_POINT('Ctrl Pts',(10.8127908343025,14.7705356864512,13.9572267899055));
#3539=CARTESIAN_POINT('Ctrl Pts',(2.66425687867913,6.62182738118998,14.1257577057436));
#3540=CARTESIAN_POINT('Ctrl Pts',(10.8128780091215,14.7704485116323,14.1257577057436));
#3541=CARTESIAN_POINT('Ctrl Pts',(2.66453683886661,6.62154742100249,14.2945774791207));
#3542=CARTESIAN_POINT('Ctrl Pts',(10.8131579693089,14.7701685514448,14.2945774791207));
#3543=CARTESIAN_POINT('Ctrl Pts',(2.66500759477073,6.62107666509838,14.4636795999028));
#3544=CARTESIAN_POINT('Ctrl Pts',(10.8136287252131,14.7696977955407,14.4636795999028));
#3545=CARTESIAN_POINT('Ctrl Pts',(2.66566715955154,6.62041710031757,14.6330576123925));
#3546=CARTESIAN_POINT('Ctrl Pts',(10.8142882899939,14.7690382307599,14.6330576123925));
#3547=CARTESIAN_POINT('Ctrl Pts',(2.66651355370807,6.61957070616104,14.8027051185629));
#3548=CARTESIAN_POINT('Ctrl Pts',(10.8151346841504,14.7681918366034,14.8027051185629));
#3549=CARTESIAN_POINT('Ctrl Pts',(2.66754481024988,6.61853944961923,14.9726157818382));
#3550=CARTESIAN_POINT('Ctrl Pts',(10.8161659406922,14.7671605800616,14.9726157818382));
#3551=CARTESIAN_POINT('Ctrl Pts',(2.66875897904759,6.61732528082152,15.1427833300784));
#3552=CARTESIAN_POINT('Ctrl Pts',(10.8173801094899,14.7659464112638,15.1427833300784));
#3553=CARTESIAN_POINT('Ctrl Pts',(2.6701541329163,6.61593012695281,15.3132015603319));
#3554=CARTESIAN_POINT('Ctrl Pts',(10.8187752633586,14.7645512573951,15.3132015603319));
#3555=CARTESIAN_POINT('Ctrl Pts',(2.67172836587268,6.61435589399643,15.4838643355214));
#3556=CARTESIAN_POINT('Ctrl Pts',(10.820349496315,14.7629770244388,15.4838643355214));
#3557=CARTESIAN_POINT('Ctrl Pts',(2.67347978737769,6.61260447249142,15.6547655770031));
#3558=CARTESIAN_POINT('Ctrl Pts',(10.82210091782,14.7612256029337,15.6547655770031));
#3559=CARTESIAN_POINT('Ctrl Pts',(2.67540651794385,6.61067774192526,15.8258992584975));
#3560=CARTESIAN_POINT('Ctrl Pts',(10.8240276483862,14.7592988723676,15.8258992584975));
#3561=CARTESIAN_POINT('Ctrl Pts',(2.6775066839341,6.60857757593501,15.9972593992721));
#3562=CARTESIAN_POINT('Ctrl Pts',(10.8261278143764,14.7571987063773,15.9972593992721));
#3563=CARTESIAN_POINT('Ctrl Pts',(2.67977841326875,6.60630584660036,16.1688400580632));
#3564=CARTESIAN_POINT('Ctrl Pts',(10.8283995437111,14.7549269770427,16.1688400580632));
#3565=CARTESIAN_POINT('Ctrl Pts',(2.68221982936447,6.60386443050464,16.3406353256557));
#3566=CARTESIAN_POINT('Ctrl Pts',(10.8308409598068,14.752485560947,16.3406353256557));
#3567=CARTESIAN_POINT('Ctrl Pts',(2.68482905093979,6.60125520892932,16.5126393218346));
#3568=CARTESIAN_POINT('Ctrl Pts',(10.8334501813821,14.7498763393716,16.5126393218346));
#3569=CARTESIAN_POINT('Ctrl Pts',(2.68760419921715,6.59848006065196,16.684846197811));
#3570=CARTESIAN_POINT('Ctrl Pts',(10.8362253296595,14.7471011910943,16.684846197811));
#3571=CARTESIAN_POINT('Ctrl Pts',(2.69054340320877,6.59554085666034,16.8572501372535));
#3572=CARTESIAN_POINT('Ctrl Pts',(10.8391645336511,14.7441619871027,16.8572501372535));
#3573=CARTESIAN_POINT('Ctrl Pts',(2.69364480588891,6.5924394539802,17.0298453579176));
#3574=CARTESIAN_POINT('Ctrl Pts',(10.8422659363312,14.7410605844225,17.0298453579176));
#3575=CARTESIAN_POINT('Ctrl Pts',(2.69690656973594,6.58917769013317,17.2026261129461));
#3576=CARTESIAN_POINT('Ctrl Pts',(10.8455277001783,14.7377988205755,17.2026261129461));
#3577=CARTESIAN_POINT('Ctrl Pts',(2.70032688314543,6.58575737672368,17.375586692488));
#3578=CARTESIAN_POINT('Ctrl Pts',(10.8489480135878,14.734378507166,17.375586692488));
#3579=CARTESIAN_POINT('Ctrl Pts',(2.70390396466133,6.58218029520778,17.5487214246485));
#3580=CARTESIAN_POINT('Ctrl Pts',(10.8525250951037,14.7308014256501,17.5487214246485));
#3581=CARTESIAN_POINT('Ctrl Pts',(2.70763605716173,6.57844820270738,17.722024673486));
#3582=CARTESIAN_POINT('Ctrl Pts',(10.856257187604,14.7270693331497,17.722024673486));
#3583=CARTESIAN_POINT('Ctrl Pts',(2.7115214233684,6.5745628365007,17.8954908373981));
#3584=CARTESIAN_POINT('Ctrl Pts',(10.8601425538107,14.723183966943,17.8954908373981));
#3585=CARTESIAN_POINT('Ctrl Pts',(2.71555834087382,6.57052591899528,18.0691143473596));
#3586=CARTESIAN_POINT('Ctrl Pts',(10.8641794713161,14.7191470494376,18.0691143473596));
#3587=CARTESIAN_POINT('Ctrl Pts',(2.71974509730228,6.56633916256683,18.2428896652196));
#3588=CARTESIAN_POINT('Ctrl Pts',(10.8683662277446,14.7149602930092,18.2428896652196));
#3589=CARTESIAN_POINT('Ctrl Pts',(2.72407998558154,6.56200427428757,18.4168112819839));
#3590=CARTESIAN_POINT('Ctrl Pts',(10.8727011160239,14.7106254047299,18.4168112819839));
#3591=CARTESIAN_POINT('Ctrl Pts',(2.72856129871845,6.55752296115065,18.5908737160751));
#3592=CARTESIAN_POINT('Ctrl Pts',(10.8771824291608,14.706144091593,18.5908737160751));
#3593=CARTESIAN_POINT('Ctrl Pts',(2.73318733030384,6.55289692956527,18.7650715119577));
#3594=CARTESIAN_POINT('Ctrl Pts',(10.8818084607462,14.7015180600076,18.7650715119577));
#3595=CARTESIAN_POINT('Ctrl Pts',(2.73795637573502,6.54812788413409,18.9393992388076));
#3596=CARTESIAN_POINT('Ctrl Pts',(10.8865775061773,14.6967490145764,18.9393992388076));
#3597=CARTESIAN_POINT('Ctrl Pts',(2.74286673319598,6.54321752667313,19.1138514891749));
#3598=CARTESIAN_POINT('Ctrl Pts',(10.8914878636383,14.6918386571155,19.1138514891749));
#3599=CARTESIAN_POINT('Ctrl Pts',(2.74791670471024,6.53816755515887,19.288422877627));
#3600=CARTESIAN_POINT('Ctrl Pts',(10.8965378351526,14.6867886856012,19.288422877627));
#3601=CARTESIAN_POINT('Ctrl Pts',(2.75310459723075,6.53297966263836,19.4631080394539));
#3602=CARTESIAN_POINT('Ctrl Pts',(10.9017257276731,14.6816007930807,19.4631080394539));
#3603=CARTESIAN_POINT('Ctrl Pts',(2.75842872354378,6.52765553632533,19.637901629216));
#3604=CARTESIAN_POINT('Ctrl Pts',(10.9070498539861,14.6762766667677,19.637901629216));
#3605=CARTESIAN_POINT('Ctrl Pts',(2.76388740397034,6.52219685589878,19.8127983199063));
#3606=CARTESIAN_POINT('Ctrl Pts',(10.9125085344127,14.6708179863411,19.8127983199063));
#3607=CARTESIAN_POINT('Ctrl Pts',(2.76947896875254,6.51660529111657,19.987792802622));
#3608=CARTESIAN_POINT('Ctrl Pts',(10.9181000991949,14.6652264215589,19.987792802622));
#3609=CARTESIAN_POINT('Ctrl Pts',(2.77520176022375,6.51088249964536,20.1628797860911));
#3610=CARTESIAN_POINT('Ctrl Pts',(10.9238228906661,14.6595036300877,20.1628797860911));
#3611=CARTESIAN_POINT('Ctrl Pts',(2.78105413511345,6.50503012475566,20.3380539962569));
#3612=CARTESIAN_POINT('Ctrl Pts',(10.9296752655558,14.653651255198,20.3380539962569));
#3613=CARTESIAN_POINT('Ctrl Pts',(2.7870344666886,6.4990497931805,20.5133101758446));
#3614=CARTESIAN_POINT('Ctrl Pts',(10.9356555971309,14.6476709236228,20.5133101758446));
#3615=CARTESIAN_POINT('Ctrl Pts',(2.79314114721868,6.49294311265042,20.6886430839189));
#3616=CARTESIAN_POINT('Ctrl Pts',(10.941762277661,14.6415642430927,20.6886430839189));
#3617=CARTESIAN_POINT('Ctrl Pts',(2.79937258953937,6.48671167032973,20.8640474954954));
#3618=CARTESIAN_POINT('Ctrl Pts',(10.9479937199817,14.6353328007721,20.8640474954954));
#3619=CARTESIAN_POINT('Ctrl Pts',(2.80572722433697,6.48035703553213,21.0395182014117));
#3620=CARTESIAN_POINT('Ctrl Pts',(10.9543483547793,14.6289781659745,21.0395182014117));
#3621=CARTESIAN_POINT('Ctrl Pts',(2.81220349799175,6.47388076187735,21.2150500081771));
#3622=CARTESIAN_POINT('Ctrl Pts',(10.9608246284341,14.6225018923197,21.2150500081771));
#3623=CARTESIAN_POINT('Ctrl Pts',(2.81879987022626,6.46728438964284,21.3906377378042));
#3624=CARTESIAN_POINT('Ctrl Pts',(10.9674210006686,14.6159055200852,21.3906377378042));
#3625=CARTESIAN_POINT('Ctrl Pts',(2.82551481178658,6.46056944808253,21.5662762277082));
#3626=CARTESIAN_POINT('Ctrl Pts',(10.9741359422289,14.6091905785249,21.5662762277082));
#3627=CARTESIAN_POINT('Ctrl Pts',(2.83234680222749,6.45373745764162,21.7419603304367));
#3628=CARTESIAN_POINT('Ctrl Pts',(10.9809679326698,14.6023585880839,21.7419603304367));
#3629=CARTESIAN_POINT('Ctrl Pts',(2.83929432734477,6.44678993252433,21.9176849138411));
#3630=CARTESIAN_POINT('Ctrl Pts',(10.9879154577871,14.5954110629667,21.9176849138411));
#3631=CARTESIAN_POINT('Ctrl Pts',(2.84635587916824,6.43972838070087,22.0934448581474));
#3632=CARTESIAN_POINT('Ctrl Pts',(10.9949770096106,14.5883495111432,22.0934448581474));
#3633=CARTESIAN_POINT('Ctrl Pts',(2.85352995655801,6.4325543033111,22.2692350522654));
#3634=CARTESIAN_POINT('Ctrl Pts',(11.0021510870003,14.5811754337534,22.2692350522654));
#3635=CARTESIAN_POINT('Ctrl Pts',(2.86081506560435,6.42526919426476,22.4450503904126));
#3636=CARTESIAN_POINT('Ctrl Pts',(11.0094361960467,14.5738903247071,22.4450503904126));
#3637=CARTESIAN_POINT('Ctrl Pts',(2.86820972008747,6.41787453978164,22.6208857684843));
#3638=CARTESIAN_POINT('Ctrl Pts',(11.0168308505298,14.566495670224,22.6208857684843));
#3639=CARTESIAN_POINT('Ctrl Pts',(2.8757124419637,6.41037181790541,22.796736080816));
#3640=CARTESIAN_POINT('Ctrl Pts',(11.024333572406,14.5589929483477,22.796736080816));
#3641=CARTESIAN_POINT('Ctrl Pts',(2.88332176171321,6.40276249815591,22.9725962160857));
#3642=CARTESIAN_POINT('Ctrl Pts',(11.0319428921555,14.5513836285982,22.9725962160857));
#3643=CARTESIAN_POINT('Ctrl Pts',(2.8910362191998,6.39504804066931,23.1484610560458));
#3644=CARTESIAN_POINT('Ctrl Pts',(11.0396573496421,14.5436691711116,23.1484610560458));
#3645=CARTESIAN_POINT('Ctrl Pts',(2.89885436531136,6.38722989455775,23.3243254784753));
#3646=CARTESIAN_POINT('Ctrl Pts',(11.0474754957537,14.5358510250001,23.3243254784753));
#3647=CARTESIAN_POINT('Ctrl Pts',(2.9067747634124,6.37930949645671,23.5001843591241));
#3648=CARTESIAN_POINT('Ctrl Pts',(11.0553958938547,14.527930626899,23.5001843591241));
#3649=CARTESIAN_POINT('Ctrl Pts',(2.91479599087462,6.37128826899449,23.6760325740648));
#3650=CARTESIAN_POINT('Ctrl Pts',(11.0634171213169,14.5199093994368,23.6760325740648));
#3651=CARTESIAN_POINT('Ctrl Pts',(2.92291664056964,6.36316761929947,23.8518650018695));
#3652=CARTESIAN_POINT('Ctrl Pts',(11.071537771012,14.5117887497418,23.8518650018695));
#3653=CARTESIAN_POINT('Ctrl Pts',(2.93113532238898,6.35494893748013,24.027676525864));
#3654=CARTESIAN_POINT('Ctrl Pts',(11.0797564528313,14.5035700679225,24.027676525864));
#3655=CARTESIAN_POINT('Ctrl Pts',(2.93945066472352,6.34663359514559,24.2034620363422));
#3656=CARTESIAN_POINT('Ctrl Pts',(11.0880717951658,14.4952547255879,24.2034620363422));
#3657=CARTESIAN_POINT('Ctrl Pts',(2.94786131110414,6.33822294876497,24.3792164302143));
#3658=CARTESIAN_POINT('Ctrl Pts',(11.0964824415465,14.4868440792073,24.3792164302143));
#3659=CARTESIAN_POINT('Ctrl Pts',(2.95636591682462,6.32971834304449,24.5549346107025));
#3660=CARTESIAN_POINT('Ctrl Pts',(11.1049870472669,14.4783394734868,24.5549346107025));
#3661=CARTESIAN_POINT('Ctrl Pts',(2.96496314565539,6.32112111421372,24.7306114869425));
#3662=CARTESIAN_POINT('Ctrl Pts',(11.1135842760977,14.469742244656,24.7306114869425));
#3663=CARTESIAN_POINT('Ctrl Pts',(2.97365166632879,6.31243259354032,24.9062419737985));
#3664=CARTESIAN_POINT('Ctrl Pts',(11.1222727967711,14.4610537239826,24.9062419737985));
#3665=CARTESIAN_POINT('Ctrl Pts',(2.98243014956618,6.30365411030293,25.0818209911817));
#3666=CARTESIAN_POINT('Ctrl Pts',(11.1310512800085,14.4522752407453,25.0818209911817));
#3667=CARTESIAN_POINT('Ctrl Pts',(2.99129726375635,6.29478699611276,25.2573434646015));
#3668=CARTESIAN_POINT('Ctrl Pts',(11.1399183941987,14.4434081265551,25.2573434646015));
#3669=CARTESIAN_POINT('Ctrl Pts',(3.00025167643189,6.28583258343722,25.4328043204117));
#3670=CARTESIAN_POINT('Ctrl Pts',(11.1488728068742,14.4344537138795,25.4328043204117));
#3671=CARTESIAN_POINT('Ctrl Pts',(3.00929205940726,6.27679220046186,25.6081984776713));
#3672=CARTESIAN_POINT('Ctrl Pts',(11.1579131898496,14.4254133309042,25.6081984776713));
#3673=CARTESIAN_POINT('Ctrl Pts',(3.01841709276614,6.26766716710297,25.7835208411278));
#3674=CARTESIAN_POINT('Ctrl Pts',(11.1670382232085,14.4162882975453,25.7835208411278));
#3675=CARTESIAN_POINT('Ctrl Pts',(3.02762546942561,6.2584587904435,25.9587662935124));
#3676=CARTESIAN_POINT('Ctrl Pts',(11.1762465998679,14.4070799208858,25.9587662935124));
#3677=CARTESIAN_POINT('Ctrl Pts',(3.0369158992194,6.24916836064971,26.1339296886492));
#3678=CARTESIAN_POINT('Ctrl Pts',(11.1855370296617,14.397789491092,26.1339296886492));
#3679=CARTESIAN_POINT('Ctrl Pts',(3.04628711374866,6.23979714612045,26.3090058429674));
#3680=CARTESIAN_POINT('Ctrl Pts',(11.194908244191,14.3884182765628,26.3090058429674));
#3681=CARTESIAN_POINT('Ctrl Pts',(3.05573786917369,6.23034639069542,26.4839895315459));
#3682=CARTESIAN_POINT('Ctrl Pts',(11.204358999616,14.3789675211377,26.4839895315459));
#3683=CARTESIAN_POINT('Ctrl Pts',(3.06526694158612,6.22081731828299,26.6588755006428));
#3684=CARTESIAN_POINT('Ctrl Pts',(11.2138880720284,14.3694384487253,26.6588755006428));
#3685=CARTESIAN_POINT('Ctrl Pts',(3.07487312352333,6.21121113634578,26.8336584777181));
#3686=CARTESIAN_POINT('Ctrl Pts',(11.2234942539657,14.3598322667881,26.8336584777181));
#3687=CARTESIAN_POINT('Ctrl Pts',(3.08455522006769,6.20152903980142,27.0083331822897));
#3688=CARTESIAN_POINT('Ctrl Pts',(11.23317635051,14.3501501702437,27.0083331822897));
#3689=CARTESIAN_POINT('Ctrl Pts',(3.09431204505011,6.191772214819,27.1828943367742));
#3690=CARTESIAN_POINT('Ctrl Pts',(11.2429331754924,14.3403933452613,27.1828943367742));
#3691=CARTESIAN_POINT('Ctrl Pts',(3.10414241737999,6.18194184248911,27.3573366765343));
#3692=CARTESIAN_POINT('Ctrl Pts',(11.2527635478223,14.3305629729314,27.3573366765343));
#3693=CARTESIAN_POINT('Ctrl Pts',(3.11404515686734,6.17203910300177,27.5316549623897));
#3694=CARTESIAN_POINT('Ctrl Pts',(11.2626662873097,14.3206602334441,27.5316549623897));
#3695=CARTESIAN_POINT('Ctrl Pts',(3.12401908492828,6.16206517494082,27.7058439701167));
#3696=CARTESIAN_POINT('Ctrl Pts',(11.2726402153706,14.3106863053831,27.7058439701167));
#3697=CARTESIAN_POINT('Ctrl Pts',(3.13406302608117,6.15202123378793,27.8798984761365));
#3698=CARTESIAN_POINT('Ctrl Pts',(11.2826841565235,14.3006423642303,27.8798984761365));
#3699=CARTESIAN_POINT('Ctrl Pts',(3.14417580915474,6.14190845071436,28.0538132447886));
#3700=CARTESIAN_POINT('Ctrl Pts',(11.2927969395971,14.2905295811567,28.0538132447886));
#3701=CARTESIAN_POINT('Ctrl Pts',(3.15435626863986,6.13172799122924,28.2275830143847));
#3702=CARTESIAN_POINT('Ctrl Pts',(11.3029773990822,14.2803491216716,28.2275830143847));
#3703=CARTESIAN_POINT('Ctrl Pts',(3.16460324592758,6.12148101394153,28.4012024850709));
#3704=CARTESIAN_POINT('Ctrl Pts',(11.3132243763699,14.2701021443839,28.4012024850709));
#3705=CARTESIAN_POINT('Ctrl Pts',(3.17491559072477,6.11116866914434,28.5746663027327));
#3706=CARTESIAN_POINT('Ctrl Pts',(11.3235367211671,14.2597897995867,28.5746663027327));
#3707=CARTESIAN_POINT('Ctrl Pts',(3.18529216188028,6.10079209798883,28.7479690573469));
#3708=CARTESIAN_POINT('Ctrl Pts',(11.3339132923226,14.2494132284311,28.7479690573469));
#3709=CARTESIAN_POINT('Ctrl Pts',(3.19573182766985,6.09035243219926,28.9211052952055));
#3710=CARTESIAN_POINT('Ctrl Pts',(11.3443529581122,14.2389735626416,28.9211052952055));
#3711=CARTESIAN_POINT('Ctrl Pts',(3.20623346621182,6.0798507936573,29.0940695272419));
#3712=CARTESIAN_POINT('Ctrl Pts',(11.3548545966541,14.2284719240996,29.0940695272419));
#3713=CARTESIAN_POINT('Ctrl Pts',(3.21679596586625,6.06928829400287,29.2668562391676));
#3714=CARTESIAN_POINT('Ctrl Pts',(11.3654170963086,14.2179094244452,29.2668562391676));
#3715=CARTESIAN_POINT('Ctrl Pts',(3.22741822555643,6.05866603431269,29.4394599003345));
#3716=CARTESIAN_POINT('Ctrl Pts',(11.3760393559988,14.207287164755,29.4394599003345));
#3717=CARTESIAN_POINT('Ctrl Pts',(3.23809915532694,6.04798510454217,29.6118749743363));
#3718=CARTESIAN_POINT('Ctrl Pts',(11.3867202857693,14.1966062349845,29.6118749743363));
#3719=CARTESIAN_POINT('Ctrl Pts',(3.24883767618328,6.03724658368584,29.7840959252459));
#3720=CARTESIAN_POINT('Ctrl Pts',(11.3974588066256,14.1858677141282,29.7840959252459));
#3721=CARTESIAN_POINT('Ctrl Pts',(3.25963271682816,6.02645154304095,29.9561172056641));
#3722=CARTESIAN_POINT('Ctrl Pts',(11.4082538472705,14.1750726734833,29.9561172056641));
#3723=CARTESIAN_POINT('Ctrl Pts',(3.27048321082619,6.01560104904292,30.127933247315));
#3724=CARTESIAN_POINT('Ctrl Pts',(11.4191043412685,14.1642221794852,30.127933247315));
#3725=CARTESIAN_POINT('Ctrl Pts',(3.28138809363163,6.00469616623748,30.2995384507098));
#3726=CARTESIAN_POINT('Ctrl Pts',(11.430009224074,14.1533172966798,30.2995384507098));
#3727=CARTESIAN_POINT('Ctrl Pts',(3.29234629960574,5.99373796026337,30.4709271750703));
#3728=CARTESIAN_POINT('Ctrl Pts',(11.4409674300481,14.1423590907057,30.4709271750703));
#3729=CARTESIAN_POINT('Ctrl Pts',(3.30335675920069,5.98272750066841,30.6420937284625));
#3730=CARTESIAN_POINT('Ctrl Pts',(11.451977889643,14.1313486311107,30.6420937284625));
#3731=CARTESIAN_POINT('Ctrl Pts',(3.31441839563113,5.97166586423797,30.8130323569656));
#3732=CARTESIAN_POINT('Ctrl Pts',(11.4630395260735,14.1202869946803,30.8130323569656));
#3733=CARTESIAN_POINT('Ctrl Pts',(3.32553013032836,5.96055412954074,30.9837372510882));
#3734=CARTESIAN_POINT('Ctrl Pts',(11.4741512607707,14.1091752599831,30.9837372510882));
#3735=CARTESIAN_POINT('Ctrl Pts',(3.33669088912464,5.94939337074447,31.1542025535668));
#3736=CARTESIAN_POINT('Ctrl Pts',(11.485312019567,14.0980145011868,31.1542025535668));
#3737=CARTESIAN_POINT('Ctrl Pts',(3.34789960801806,5.93818465185104,31.3244223664793));
#3738=CARTESIAN_POINT('Ctrl Pts',(11.4965207384604,14.0868057822934,31.3244223664793));
#3739=CARTESIAN_POINT('Ctrl Pts',(3.35915523946498,5.92692902040412,31.4943907590615));
#3740=CARTESIAN_POINT('Ctrl Pts',(11.5077763699073,14.0755501508464,31.4943907590615));
#3741=CARTESIAN_POINT('Ctrl Pts',(3.37045675762709,5.91562750224202,31.6641017742527));
#3742=CARTESIAN_POINT('Ctrl Pts',(11.5190778880694,14.0642486326843,31.6641017742527));
#3743=CARTESIAN_POINT('Ctrl Pts',(3.38180316616293,5.90428109370617,31.8335494382652));
#3744=CARTESIAN_POINT('Ctrl Pts',(11.5304242966053,14.0529022241485,31.8335494382652));
#3745=CARTESIAN_POINT('Ctrl Pts',(3.39319349297831,5.8928907668908,32.0027277547337));
#3746=CARTESIAN_POINT('Ctrl Pts',(11.5418146234206,14.0415118973331,32.0027277547337));
#3747=CARTESIAN_POINT('Ctrl Pts',(3.40462677952036,5.88145748034875,32.1716306924317));
#3748=CARTESIAN_POINT('Ctrl Pts',(11.5532479099627,14.0300786107911,32.1716306924317));
#3749=CARTESIAN_POINT('Ctrl Pts',(3.41610207203531,5.8699821878338,32.3402521752826));
#3750=CARTESIAN_POINT('Ctrl Pts',(11.5647232024776,14.0186033182761,32.3402521752826));
#3751=CARTESIAN_POINT('Ctrl Pts',(3.42761841155944,5.85846584830967,32.5085860709281));
#3752=CARTESIAN_POINT('Ctrl Pts',(11.5762395420018,14.007086978752,32.5085860709281));
#3753=CARTESIAN_POINT('Ctrl Pts',(3.43917482549651,5.8469094343726,32.6766261810457));
#3754=CARTESIAN_POINT('Ctrl Pts',(11.5877959559388,13.9955305648149,32.6766261810457));
#3755=CARTESIAN_POINT('Ctrl Pts',(3.45077031592293,5.83531394394618,32.8443662281049));
#3756=CARTESIAN_POINT('Ctrl Pts',(11.5993914463653,13.9839350743885,32.8443662281049));
#3757=CARTESIAN_POINT('Ctrl Pts',(3.46240386000031,5.8236803998688,33.01179985527));
#3758=CARTESIAN_POINT('Ctrl Pts',(11.6110249904426,13.9723015303111,33.01179985527));
#3759=CARTESIAN_POINT('Ctrl Pts',(3.47407442105392,5.81200983881519,33.1789206379285));
#3760=CARTESIAN_POINT('Ctrl Pts',(11.6226955514962,13.9606309692575,33.1789206379285));
#3761=CARTESIAN_POINT('Ctrl Pts',(3.48578095649019,5.80030330337892,33.345722091701));
#3762=CARTESIAN_POINT('Ctrl Pts',(11.6344020869325,13.9489244338212,33.345722091701));
#3763=CARTESIAN_POINT('Ctrl Pts',(3.49752242738942,5.78856183247969,33.5121976824638));
#3764=CARTESIAN_POINT('Ctrl Pts',(11.6461435578317,13.937182962922,33.5121976824638));
#3765=CARTESIAN_POINT('Ctrl Pts',(3.50929780650343,5.77678645336569,33.67834083419));
#3766=CARTESIAN_POINT('Ctrl Pts',(11.6579189369457,13.925407583808,33.67834083419));
#3767=CARTESIAN_POINT('Ctrl Pts',(3.52110608908606,5.76497817078306,33.844144940956));
#3768=CARTESIAN_POINT('Ctrl Pts',(11.6697272195284,13.9135993012254,33.844144940956));
#3769=CARTESIAN_POINT('Ctrl Pts',(3.53294629471082,5.75313796515829,34.0096033654207));
#3770=CARTESIAN_POINT('Ctrl Pts',(11.6815674251531,13.9017590956006,34.0096033654207));
#3771=CARTESIAN_POINT('Ctrl Pts',(3.54481745674383,5.74126680312528,34.1747094185967));
#3772=CARTESIAN_POINT('Ctrl Pts',(11.6934385871862,13.8898879335676,34.1747094185967));
#3773=CARTESIAN_POINT('Ctrl Pts',(3.55671861495348,5.72936564491564,34.3394563445121));
#3774=CARTESIAN_POINT('Ctrl Pts',(11.7053397453958,13.877986775358,34.3394563445121));
#3775=CARTESIAN_POINT('Ctrl Pts',(3.56864880660854,5.71743545326057,34.5038373022392));
#3776=CARTESIAN_POINT('Ctrl Pts',(11.7172699370509,13.8660565837029,34.5038373022392));
#3777=CARTESIAN_POINT('Ctrl Pts',(3.58060705878191,5.7054772010872,34.6678453505556));
#3778=CARTESIAN_POINT('Ctrl Pts',(11.7292281892242,13.8540983315295,34.6678453505556));
#3779=CARTESIAN_POINT('Ctrl Pts',(3.5925923787744,5.69349188109471,34.8314734277985));
#3780=CARTESIAN_POINT('Ctrl Pts',(11.7412135092167,13.842113011537,34.8314734277985));
#3781=CARTESIAN_POINT('Ctrl Pts',(3.60460375010751,5.6814805097616,34.9947143466717));
#3782=CARTESIAN_POINT('Ctrl Pts',(11.7532248805498,13.8301016402039,34.9947143466717));
#3783=CARTESIAN_POINT('Ctrl Pts',(3.61664013731311,5.66944412255599,35.1575608132476));
#3784=CARTESIAN_POINT('Ctrl Pts',(11.7652612677554,13.8180652529983,35.1575608132476));
#3785=CARTESIAN_POINT('Ctrl Pts',(3.628700488708,5.65738377116111,35.3200054399963));
#3786=CARTESIAN_POINT('Ctrl Pts',(11.7773216191503,13.8060049016034,35.3200054399963));
#3787=CARTESIAN_POINT('Ctrl Pts',(3.64078373994332,5.64530051992578,35.4820407620158));
#3788=CARTESIAN_POINT('Ctrl Pts',(11.7894048703856,13.7939216503681,35.4820407620158));
#3789=CARTESIAN_POINT('Ctrl Pts',(3.65288881730515,5.63319544256395,35.643659250054));
#3790=CARTESIAN_POINT('Ctrl Pts',(11.8015099477475,13.7818165730063,35.643659250054));
#3791=CARTESIAN_POINT('Ctrl Pts',(3.6650146409186,5.62106961895051,35.8048533294093));
#3792=CARTESIAN_POINT('Ctrl Pts',(11.8136357713609,13.7696907493928,35.8048533294093));
#3793=CARTESIAN_POINT('Ctrl Pts',(3.67716012876056,5.60892413110855,35.9656153798657));
#3794=CARTESIAN_POINT('Ctrl Pts',(11.8257812592029,13.7575452615509,35.9656153798657));
#3795=CARTESIAN_POINT('Ctrl Pts',(3.68932420208435,5.59676005778476,36.1259377100877));
#3796=CARTESIAN_POINT('Ctrl Pts',(11.8379453325267,13.7453811882271,36.1259377100877));
#3797=CARTESIAN_POINT('Ctrl Pts',(3.70150579022035,5.58457846964876,36.2858125386706));
#3798=CARTESIAN_POINT('Ctrl Pts',(11.8501269206627,13.7331996000911,36.2858125386706));
#3799=CARTESIAN_POINT('Ctrl Pts',(3.71370383620874,5.57238042366037,36.4452319717419));
#3800=CARTESIAN_POINT('Ctrl Pts',(11.8623249666511,13.7210015541027,36.4452319717419));
#3801=CARTESIAN_POINT('Ctrl Pts',(3.72591730073783,5.56016695913127,36.6041879837773));
#3802=CARTESIAN_POINT('Ctrl Pts',(11.8745384311802,13.7087880895736,36.6041879837773));
#3803=CARTESIAN_POINT('Ctrl Pts',(3.73814517014668,5.54793908972243,36.762672392697));
#3804=CARTESIAN_POINT('Ctrl Pts',(11.886766300589,13.6965602201648,36.762672392697));
#3805=CARTESIAN_POINT('Ctrl Pts',(3.7503864483404,5.53569781152871,36.920676856018));
#3806=CARTESIAN_POINT('Ctrl Pts',(11.8990075787827,13.684318941971,36.920676856018));
#3807=CARTESIAN_POINT('Ctrl Pts',(3.76264013585586,5.52344412401325,37.0781928834202));
#3808=CARTESIAN_POINT('Ctrl Pts',(11.9112612662982,13.6720652544556,37.0781928834202));
#3809=CARTESIAN_POINT('Ctrl Pts',(3.77490521298163,5.51117904688748,37.2352118443974));
#3810=CARTESIAN_POINT('Ctrl Pts',(11.923526343424,13.6598001773298,37.2352118443974));
#3811=CARTESIAN_POINT('Ctrl Pts',(3.78718062043212,5.498903639437,37.3917249783663));
#3812=CARTESIAN_POINT('Ctrl Pts',(11.9358017508744,13.6475247698793,37.3917249783663));
#3813=CARTESIAN_POINT('Ctrl Pts',(3.7994652428825,5.48661901698661,37.5477234026966));
#3814=CARTESIAN_POINT('Ctrl Pts',(11.9480863733248,13.6352401474289,37.5477234026966));
#3815=CARTESIAN_POINT('Ctrl Pts',(3.81175788656271,5.47432637330641,37.7031981242946));
#3816=CARTESIAN_POINT('Ctrl Pts',(11.960379017005,13.6229475037487,37.7031981242946));
#3817=CARTESIAN_POINT('Ctrl Pts',(3.82405729347995,5.46202696638916,37.8581400303666));
#3818=CARTESIAN_POINT('Ctrl Pts',(11.9726784239223,13.6106480968315,37.8581400303666));
#3819=CARTESIAN_POINT('Ctrl Pts',(3.83636216516896,5.44972209470016,38.0125398737677));
#3820=CARTESIAN_POINT('Ctrl Pts',(11.9849832956113,13.5983432251425,38.0125398737677));
#3821=CARTESIAN_POINT('Ctrl Pts',(3.8486711834567,5.43741307641242,38.1663882601424));
#3822=CARTESIAN_POINT('Ctrl Pts',(11.997292313899,13.5860342068547,38.1663882601424));
#3823=CARTESIAN_POINT('Ctrl Pts',(3.86098303195389,5.42510122791522,38.3196756343876));
#3824=CARTESIAN_POINT('Ctrl Pts',(12.0096041623962,13.5737223583575,38.3196756343876));
#3825=CARTESIAN_POINT('Ctrl Pts',(3.87329641847432,5.4127878413948,38.4723922672275));
#3826=CARTESIAN_POINT('Ctrl Pts',(12.0219175489166,13.5614089718371,38.4723922672275));
#3827=CARTESIAN_POINT('Ctrl Pts',(3.88561009344995,5.40047416641916,38.6245282422496));
#3828=CARTESIAN_POINT('Ctrl Pts',(12.0342312238923,13.5490952968615,38.6245282422496));
#3829=CARTESIAN_POINT('Ctrl Pts',(3.89792282857138,5.38816143129773,38.7760734485085));
#3830=CARTESIAN_POINT('Ctrl Pts',(12.0465439590137,13.5367825617401,38.7760734485085));
#3831=CARTESIAN_POINT('Ctrl Pts',(3.91023339917777,5.37585086069134,38.9270175726382));
#3832=CARTESIAN_POINT('Ctrl Pts',(12.0588545296201,13.5244719911337,38.9270175726382));
#3833=CARTESIAN_POINT('Ctrl Pts',(3.92254056450076,5.36354369536836,39.0773500911496));
#3834=CARTESIAN_POINT('Ctrl Pts',(12.0711616949431,13.5121648258107,39.0773500911496));
#3835=CARTESIAN_POINT('Ctrl Pts',(3.93484305044938,5.35124120941974,39.2270602626482));
#3836=CARTESIAN_POINT('Ctrl Pts',(12.0834641808917,13.4998623398621,39.2270602626482));
#3837=CARTESIAN_POINT('Ctrl Pts',(3.9471395272605,5.33894473260861,39.3761371200789));
#3838=CARTESIAN_POINT('Ctrl Pts',(12.0957606577028,13.4875658630509,39.3761371200789));
#3839=CARTESIAN_POINT('Ctrl Pts',(3.95942860630136,5.32665565356776,39.5245694629685));
#3840=CARTESIAN_POINT('Ctrl Pts',(12.1080497367437,13.4752767840101,39.5245694629685));
#3841=CARTESIAN_POINT('Ctrl Pts',(3.97170885259275,5.31437540727636,39.672345849658));
#3842=CARTESIAN_POINT('Ctrl Pts',(12.1203299830351,13.4629965377187,39.672345849658));
#3843=CARTESIAN_POINT('Ctrl Pts',(3.98397879300493,5.30210546686419,39.8194545895692));
#3844=CARTESIAN_POINT('Ctrl Pts',(12.1325999234472,13.4507265973065,39.8194545895692));
#3845=CARTESIAN_POINT('Ctrl Pts',(3.99623692594315,5.28984733392596,39.9658837353799));
#3846=CARTESIAN_POINT('Ctrl Pts',(12.1448580563855,13.4384684643683,39.9658837353799));
#3847=CARTESIAN_POINT('Ctrl Pts',(4.00848173107002,5.2776025287991,40.1116210754086));
#3848=CARTESIAN_POINT('Ctrl Pts',(12.1571028615123,13.4262236592414,40.1116210754086));
#3849=CARTESIAN_POINT('Ctrl Pts',(4.02071167704718,5.26537258282193,40.2566541254112));
#3850=CARTESIAN_POINT('Ctrl Pts',(12.1693328074895,13.4139937132643,40.2566541254112));
#3851=CARTESIAN_POINT('Ctrl Pts',(4.03292520610618,5.25315905376293,40.4009701152692));
#3852=CARTESIAN_POINT('Ctrl Pts',(12.1815463365485,13.4017801842053,40.4009701152692));
#3853=CARTESIAN_POINT('Ctrl Pts',(4.04512072088514,5.24096353898397,40.5445559758607));
#3854=CARTESIAN_POINT('Ctrl Pts',(12.1937418513275,13.3895846694263,40.5445559758607));
#3855=CARTESIAN_POINT('Ctrl Pts',(4.05729656972786,5.22878769014125,40.6873983263208));
#3856=CARTESIAN_POINT('Ctrl Pts',(12.2059177001702,13.3774088205836,40.6873983263208));
#3857=CARTESIAN_POINT('Ctrl Pts',(4.0694510341743,5.21663322569481,40.829483460069));
#3858=CARTESIAN_POINT('Ctrl Pts',(12.2180721646166,13.3652543561371,40.829483460069));
#3859=CARTESIAN_POINT('Ctrl Pts',(4.08158231152391,5.2045019483452,40.9707973341123));
#3860=CARTESIAN_POINT('Ctrl Pts',(12.2302034419662,13.3531230787875,40.9707973341123));
#3861=CARTESIAN_POINT('Ctrl Pts',(4.09368852878552,5.1923957310836,41.1113255368086));
#3862=CARTESIAN_POINT('Ctrl Pts',(12.2423096592278,13.3410168615259,41.1113255368086));
#3863=CARTESIAN_POINT('Ctrl Pts',(4.10576776357572,5.18031649629339,41.2510532509329));
#3864=CARTESIAN_POINT('Ctrl Pts',(12.254388894018,13.3289376267357,41.2510532509329));
#3865=CARTESIAN_POINT('Ctrl Pts',(4.11781806428675,5.16826619558236,41.3899652170203));
#3866=CARTESIAN_POINT('Ctrl Pts',(12.2664391947291,13.3168873260247,41.3899652170203));
#3867=CARTESIAN_POINT('Ctrl Pts',(4.12983746689491,5.1562467929742,41.5280456995423));
#3868=CARTESIAN_POINT('Ctrl Pts',(12.2784585973372,13.3048679234165,41.5280456995423));
#3869=CARTESIAN_POINT('Ctrl Pts',(4.14182402236866,5.14426023750046,41.6652784444901));
#3870=CARTESIAN_POINT('Ctrl Pts',(12.290445152811,13.2928813679428,41.6652784444901));
#3871=CARTESIAN_POINT('Ctrl Pts',(4.15377577675868,5.13230848311043,41.8016466746209));
#3872=CARTESIAN_POINT('Ctrl Pts',(12.302396907201,13.2809296135528,41.8016466746209));
#3873=CARTESIAN_POINT('Ctrl Pts',(4.16569072402715,5.12039353584196,41.9371331048391));
#3874=CARTESIAN_POINT('Ctrl Pts',(12.3143118544695,13.2690146662843,41.9371331048391));
#3875=CARTESIAN_POINT('Ctrl Pts',(4.17756676435569,5.10851749551342,42.0717199561481));
#3876=CARTESIAN_POINT('Ctrl Pts',(12.326187894798,13.2571386259557,42.0717199561481));
#3877=CARTESIAN_POINT('Ctrl Pts',(4.18940166638163,5.09668259348747,42.205388959805));
#3878=CARTESIAN_POINT('Ctrl Pts',(12.338022796824,13.2453037239298,42.205388959805));
#3879=CARTESIAN_POINT('Ctrl Pts',(4.20119301236404,5.08489124750507,42.3381213914356));
#3880=CARTESIAN_POINT('Ctrl Pts',(12.3498141428064,13.2335123779474,42.3381213914356));
#3881=CARTESIAN_POINT('Ctrl Pts',(4.21293821962659,5.07314604024252,42.4698979770259));
#3882=CARTESIAN_POINT('Ctrl Pts',(12.3615593500689,13.2217671706848,42.4698979770259));
#3883=CARTESIAN_POINT('Ctrl Pts',(4.22463461151575,5.06144964835336,42.6006987172844));
#3884=CARTESIAN_POINT('Ctrl Pts',(12.3732557419581,13.2100707787957,42.6006987172844));
#3885=CARTESIAN_POINT('Ctrl Pts',(4.23627947793979,5.04980478192932,42.7305027276086));
#3886=CARTESIAN_POINT('Ctrl Pts',(12.3849006083821,13.1984259123716,42.7305027276086));
#3887=CARTESIAN_POINT('Ctrl Pts',(4.24787013060503,5.03821412926408,42.8592880908118));
#3888=CARTESIAN_POINT('Ctrl Pts',(12.3964912610474,13.1868352597064,42.8592880908118));
#3889=CARTESIAN_POINT('Ctrl Pts',(4.25940398502431,5.0266802748448,42.9870316553285));
#3890=CARTESIAN_POINT('Ctrl Pts',(12.4080251154666,13.1753014052871,42.9870316553285));
#3891=CARTESIAN_POINT('Ctrl Pts',(4.27087848071081,5.0152057791583,43.1137091584647));
#3892=CARTESIAN_POINT('Ctrl Pts',(12.4194996111531,13.1638269096006,43.1137091584647));
#3893=CARTESIAN_POINT('Ctrl Pts',(4.28229094169224,5.00379331817686,43.2392954707592));
#3894=CARTESIAN_POINT('Ctrl Pts',(12.4309120721346,13.1524144486192,43.2392954707592));
#3895=CARTESIAN_POINT('Ctrl Pts',(4.29363845858266,4.99244580128645,43.3637647939435));
#3896=CARTESIAN_POINT('Ctrl Pts',(12.442259589025,13.1410669317288,43.3637647939435));
#3897=CARTESIAN_POINT('Ctrl Pts',(4.30491775734991,4.98116650251919,43.4870908929638));
#3898=CARTESIAN_POINT('Ctrl Pts',(12.4535388877922,13.1297876329615,43.4870908929638));
#3899=CARTESIAN_POINT('Ctrl Pts',(4.31612508525118,4.96995917461792,43.6092472744521));
#3900=CARTESIAN_POINT('Ctrl Pts',(12.4647462156935,13.1185803050602,43.6092472744521));
#3901=CARTESIAN_POINT('Ctrl Pts',(4.32725640445344,4.95882785541567,43.7302063688245));
#3902=CARTESIAN_POINT('Ctrl Pts',(12.4758775348958,13.107448985858,43.7302063688245));
#3903=CARTESIAN_POINT('Ctrl Pts',(4.33830759388528,4.94777666598383,43.8499386752132));
#3904=CARTESIAN_POINT('Ctrl Pts',(12.4869287243276,13.0963977964262,43.8499386752132));
#3905=CARTESIAN_POINT('Ctrl Pts',(4.34927461415578,4.93680964571333,43.9684120521792));
#3906=CARTESIAN_POINT('Ctrl Pts',(12.4978957445981,13.0854307761557,43.9684120521792));
#3907=CARTESIAN_POINT('Ctrl Pts',(4.36015377007578,4.92593048979333,44.0855906268858));
#3908=CARTESIAN_POINT('Ctrl Pts',(12.5087749005181,13.0745516202357,44.0855906268858));
#3909=CARTESIAN_POINT('Ctrl Pts',(4.3709415925322,4.91514266733691,44.2014351959234));
#3910=CARTESIAN_POINT('Ctrl Pts',(12.5195627229745,13.0637637977792,44.2014351959234));
#3911=CARTESIAN_POINT('Ctrl Pts',(4.38163435498847,4.90444990488064,44.3159050897279));
#3912=CARTESIAN_POINT('Ctrl Pts',(12.5302554854308,13.053071035323,44.3159050897279));
#3913=CARTESIAN_POINT('Ctrl Pts',(4.39222772553209,4.89385653433702,44.4289594492578));
#3914=CARTESIAN_POINT('Ctrl Pts',(12.5408488559744,13.0424776647793,44.4289594492578));
#3915=CARTESIAN_POINT('Ctrl Pts',(4.40271628769175,4.88336797217736,44.5405591472626));
#3916=CARTESIAN_POINT('Ctrl Pts',(12.5513374181341,13.0319891026197,44.5405591472626));
#3917=CARTESIAN_POINT('Ctrl Pts',(4.41309334926179,4.87299091060732,44.6506671964865));
#3918=CARTESIAN_POINT('Ctrl Pts',(12.5617144797041,13.0216120410496,44.6506671964865));
#3919=CARTESIAN_POINT('Ctrl Pts',(4.42335185661666,4.86273240325246,44.7592432440067));
#3920=CARTESIAN_POINT('Ctrl Pts',(12.571972987059,13.0113535336948,44.7592432440067));
#3921=CARTESIAN_POINT('Ctrl Pts',(4.43348510624335,4.85259915362576,44.8662391564289));
#3922=CARTESIAN_POINT('Ctrl Pts',(12.5821062366857,13.0012202840681,44.8662391564289));
#3923=CARTESIAN_POINT('Ctrl Pts',(4.44348761680363,4.84259664306548,44.9715937365038));
#3924=CARTESIAN_POINT('Ctrl Pts',(12.592108747246,12.9912177735078,44.9715937365038));
#3925=CARTESIAN_POINT('Ctrl Pts',(4.45335569282493,4.83272856704418,45.0752291211208));
#3926=CARTESIAN_POINT('Ctrl Pts',(12.6019768232673,12.9813496974865,45.0752291211208));
#3927=CARTESIAN_POINT('Ctrl Pts',(4.46308510401542,4.82299915585369,45.1770632712132));
#3928=CARTESIAN_POINT('Ctrl Pts',(12.6117062344577,12.971620286296,45.1770632712132));
#3929=CARTESIAN_POINT('Ctrl Pts',(4.47266921658018,4.81341504328894,45.2770198030101));
#3930=CARTESIAN_POINT('Ctrl Pts',(12.6212903470225,12.9620361737313,45.2770198030101));
#3931=CARTESIAN_POINT('Ctrl Pts',(4.48209652230269,4.80398773756643,45.3750415166659));
#3932=CARTESIAN_POINT('Ctrl Pts',(12.630717652745,12.9526088680088,45.3750415166659));
#3933=CARTESIAN_POINT('Ctrl Pts',(4.49134981695567,4.79473444291345,45.4710936762376));
#3934=CARTESIAN_POINT('Ctrl Pts',(12.639970947398,12.9433555733558,45.4710936762376));
#3935=CARTESIAN_POINT('Ctrl Pts',(4.50041265051682,4.7856716093523,45.5651224009532));
#3936=CARTESIAN_POINT('Ctrl Pts',(12.6490337809591,12.9342927397946,45.5651224009532));
#3937=CARTESIAN_POINT('Ctrl Pts',(4.50927303281794,4.77681122705117,45.6570297177911));
#3938=CARTESIAN_POINT('Ctrl Pts',(12.6578941632603,12.9254323574935,45.6570297177911));
#3939=CARTESIAN_POINT('Ctrl Pts',(4.51793168657824,4.76815257329087,45.7466212935768));
#3940=CARTESIAN_POINT('Ctrl Pts',(12.6665528170206,12.9167737037332,45.7466212935768));
#3941=CARTESIAN_POINT('Ctrl Pts',(4.52639351171416,4.75969074815495,45.833654431909));
#3942=CARTESIAN_POINT('Ctrl Pts',(12.6750146421565,12.9083118785973,45.833654431909));
#3943=CARTESIAN_POINT('Ctrl Pts',(4.5346523296248,4.7514319302443,45.9179249820437));
#3944=CARTESIAN_POINT('Ctrl Pts',(12.6832734600671,12.9000530606866,45.9179249820437));
#3945=CARTESIAN_POINT('Ctrl Pts',(4.54267160789219,4.74341265197691,45.9993805510196));
#3946=CARTESIAN_POINT('Ctrl Pts',(12.6912927383345,12.8920337824192,45.9993805510196));
#3947=CARTESIAN_POINT('Ctrl Pts',(4.55038373241883,4.73570052745028,46.0781165052427));
#3948=CARTESIAN_POINT('Ctrl Pts',(12.6990048628612,12.8843216578926,46.0781165052427));
#3949=CARTESIAN_POINT('Ctrl Pts',(4.55773352056957,4.72835073929955,46.154091652204));
#3950=CARTESIAN_POINT('Ctrl Pts',(12.7063546510119,12.8769718697419,46.154091652204));
#3951=CARTESIAN_POINT('Ctrl Pts',(4.56473167380581,4.72135258606331,46.2267834765772));
#3952=CARTESIAN_POINT('Ctrl Pts',(12.7133528042481,12.8699737165056,46.2267834765772));
#3953=CARTESIAN_POINT('Ctrl Pts',(4.571460353644,4.71462390622512,46.2951371945393));
#3954=CARTESIAN_POINT('Ctrl Pts',(12.7200814840863,12.8632450366674,46.2951371945393));
#3955=CARTESIAN_POINT('Ctrl Pts',(4.57794051140479,4.70814374846432,46.3583025011159));
#3956=CARTESIAN_POINT('Ctrl Pts',(12.7265616418471,12.8567648789066,46.3583025011159));
#3957=CARTESIAN_POINT('Ctrl Pts',(4.58393966975629,4.70214459011282,46.4167934806866));
#3958=CARTESIAN_POINT('Ctrl Pts',(12.7325608001986,12.8507657205551,46.4167934806866));
#3959=CARTESIAN_POINT('Ctrl Pts',(4.58907091502569,4.69701334484342,46.4716641280734));
#3960=CARTESIAN_POINT('Ctrl Pts',(12.737692045468,12.8456344752857,46.4716641280734));
#3961=CARTESIAN_POINT('Ctrl Pts',(4.59329973950743,4.69278452036167,46.5208751081018));
#3962=CARTESIAN_POINT('Ctrl Pts',(12.7419208699498,12.841405650804,46.5208751081018));
#3963=CARTESIAN_POINT('Ctrl Pts',(4.5964706184541,4.68961364141501,46.5498061180882));
#3964=CARTESIAN_POINT('Ctrl Pts',(12.7450917488964,12.8382347718573,46.5498061180882));
#3965=CARTESIAN_POINT('Ctrl Pts',(4.59896821163906,4.68711604823004,46.5631224094972));
#3966=CARTESIAN_POINT('Ctrl Pts',(12.7475893420814,12.8357371786724,46.5631224094972));
#3967=CARTESIAN_POINT('Ctrl Pts',(4.60068153355286,4.68540272631625,46.5683221371145));
#3968=CARTESIAN_POINT('Ctrl Pts',(12.7493026639952,12.8340238567586,46.5683221371145));
#3969=CARTESIAN_POINT('Ctrl Pts',(4.60155051822808,4.68453374164103,46.57));
#3970=CARTESIAN_POINT('Ctrl Pts',(12.7501716486704,12.8331548720834,46.57));
#3971=CARTESIAN_POINT('Origin',(0.,0.,0.));
#3972=CARTESIAN_POINT('Ctrl Pts',(9.58743315772485,9.50444993431194,46.57));
#3973=CARTESIAN_POINT('Ctrl Pts',(9.58705960087879,9.50482349115799,46.5682267399312));
#3974=CARTESIAN_POINT('Ctrl Pts',(9.58665724174442,9.50522585029237,46.5628491708166));
#3975=CARTESIAN_POINT('Ctrl Pts',(9.5870841359389,9.50479895609788,46.5493044058062));
#3976=CARTESIAN_POINT('Ctrl Pts',(9.58974994426618,9.50213314777061,46.5201503871055));
#3977=CARTESIAN_POINT('Ctrl Pts',(9.5951465076369,9.49673658439989,46.4708283449659));
#3978=CARTESIAN_POINT('Ctrl Pts',(9.60080370850193,9.49107938353486,46.4159106668663));
#3979=CARTESIAN_POINT('Ctrl Pts',(9.6064050944292,9.48547799760759,46.3573469964091));
#3980=CARTESIAN_POINT('Ctrl Pts',(9.61244169503581,9.47944139700097,46.2940884312891));
#3981=CARTESIAN_POINT('Ctrl Pts',(9.61917589137912,9.47270720065767,46.22565799188));
#3982=CARTESIAN_POINT('Ctrl Pts',(9.62643376365115,9.46544932838564,46.1529121292527));
#3983=CARTESIAN_POINT('Ctrl Pts',(9.63396137071623,9.45792172132056,46.0768952333179));
#3984=CARTESIAN_POINT('Ctrl Pts',(9.64165825620929,9.45022483582749,45.9981159339819));
#3985=CARTESIAN_POINT('Ctrl Pts',(9.64955893476588,9.4423241572709,45.9166138358915));
#3986=CARTESIAN_POINT('Ctrl Pts',(9.65773107865254,9.43415201338425,45.8322963845715));
#3987=CARTESIAN_POINT('Ctrl Pts',(9.66619066886989,9.4256924231669,45.7452209318889));
#3988=CARTESIAN_POINT('Ctrl Pts',(9.67490386961762,9.41697922241917,45.6555919374067));
#3989=CARTESIAN_POINT('Ctrl Pts',(9.68382153665581,9.40806155538098,45.5636510894664));
#3990=CARTESIAN_POINT('Ctrl Pts',(9.69290688319739,9.3989762088394,45.4695901842783));
#3991=CARTESIAN_POINT('Ctrl Pts',(9.70214990544713,9.38973318658966,45.3735062273566));
#3992=CARTESIAN_POINT('Ctrl Pts',(9.71155185932015,9.38033123271664,45.2754529697419));
#3993=CARTESIAN_POINT('Ctrl Pts',(9.72111800430532,9.37076508773147,45.1754657267698));
#3994=CARTESIAN_POINT('Ctrl Pts',(9.73084539584424,9.36103769619255,45.0736023575993));
#3995=CARTESIAN_POINT('Ctrl Pts',(9.74072420746628,9.35115888457051,44.9699393168847));
#3996=CARTESIAN_POINT('Ctrl Pts',(9.75074180160684,9.34114129042995,44.8645584874571));
#3997=CARTESIAN_POINT('Ctrl Pts',(9.76088581040259,9.3309972816342,44.7575373396991));
#3998=CARTESIAN_POINT('Ctrl Pts',(9.77114791830084,9.32073517373594,44.6489367351904));
#3999=CARTESIAN_POINT('Ctrl Pts',(9.78152289005761,9.31036020197917,44.5388046916394));
#4000=CARTESIAN_POINT('Ctrl Pts',(9.79200718651957,9.29987590551722,44.4271815476895));
#4001=CARTESIAN_POINT('Ctrl Pts',(9.80259779431831,9.28928529771848,44.3141043721571));
#4002=CARTESIAN_POINT('Ctrl Pts',(9.81329078602004,9.27859230601675,44.1996123745206));
#4003=CARTESIAN_POINT('Ctrl Pts',(9.82408143143631,9.26780166060048,44.0837464103577));
#4004=CARTESIAN_POINT('Ctrl Pts',(9.83496466552516,9.25691842651163,43.96654710687));
#4005=CARTESIAN_POINT('Ctrl Pts',(9.84593540698573,9.24594768505106,43.8480535928327));
#4006=CARTESIAN_POINT('Ctrl Pts',(9.85698900604904,9.23489408598774,43.7283016551618));
#4007=CARTESIAN_POINT('Ctrl Pts',(9.86812137787885,9.22376171415793,43.6073233852721));
#4008=CARTESIAN_POINT('Ctrl Pts',(9.87932883942016,9.21255425261662,43.4851482578444));
#4009=CARTESIAN_POINT('Ctrl Pts',(9.89060802398119,9.20127506805559,43.3618038336635));
#4010=CARTESIAN_POINT('Ctrl Pts',(9.90195576473312,9.18992732730367,43.2373166106252));
#4011=CARTESIAN_POINT('Ctrl Pts',(9.91336899002249,9.1785141020143,43.1117128248733));
#4012=CARTESIAN_POINT('Ctrl Pts',(9.92484471201318,9.16703838002361,42.9850182631903));
#4013=CARTESIAN_POINT('Ctrl Pts',(9.93638001914428,9.1555030728925,42.8572580375724));
#4014=CARTESIAN_POINT('Ctrl Pts',(9.94797206797026,9.14391102406653,42.7284563887379));
#4015=CARTESIAN_POINT('Ctrl Pts',(9.9596180730611,9.13226501897569,42.5986364439127));
#4016=CARTESIAN_POINT('Ctrl Pts',(9.97131530477506,9.12056778726173,42.4678201013513));
#4017=CARTESIAN_POINT('Ctrl Pts',(9.9830611073835,9.10882198465329,42.336028231779));
#4018=CARTESIAN_POINT('Ctrl Pts',(9.99485291429345,9.09703017774333,42.2032808243153));
#4019=CARTESIAN_POINT('Ctrl Pts',(10.0066882623569,9.08519482967992,42.0695971454643));
#4020=CARTESIAN_POINT('Ctrl Pts',(10.0185648115498,9.07331828048697,41.9349959140007));
#4021=CARTESIAN_POINT('Ctrl Pts',(10.0304803444062,9.06140274763059,41.7994953913692));
#4022=CARTESIAN_POINT('Ctrl Pts',(10.0424327375849,9.04945035445193,41.6631133482326));
#4023=CARTESIAN_POINT('Ctrl Pts',(10.0544199394656,9.03746315257123,41.5258670606526));
#4024=CARTESIAN_POINT('Ctrl Pts',(10.0664399471016,9.02544314493517,41.3877732966235));
#4025=CARTESIAN_POINT('Ctrl Pts',(10.0784907791145,9.0133923129223,41.2488483009978));
#4026=CARTESIAN_POINT('Ctrl Pts',(10.0905704656306,9.00131262640624,41.1091078013241));
#4027=CARTESIAN_POINT('Ctrl Pts',(10.1026770651027,8.98920602693406,40.9685670500199));
#4028=CARTESIAN_POINT('Ctrl Pts',(10.1148086750475,8.97707441698928,40.8272408580615));
#4029=CARTESIAN_POINT('Ctrl Pts',(10.1269634445555,8.96491964748125,40.6851436314307));
#4030=CARTESIAN_POINT('Ctrl Pts',(10.1391395876676,8.95274350436924,40.5422894079709));
#4031=CARTESIAN_POINT('Ctrl Pts',(10.1513353913594,8.9405477006774,40.3986918891344));
#4032=CARTESIAN_POINT('Ctrl Pts',(10.1635492020259,8.92833389001091,40.2543644506711));
#4033=CARTESIAN_POINT('Ctrl Pts',(10.1757794155177,8.91610367651904,40.1093201567023));
#4034=CARTESIAN_POINT('Ctrl Pts',(10.1880244655963,8.90385862644045,39.9635717725088));
#4035=CARTESIAN_POINT('Ctrl Pts',(10.2002828134959,8.89160027854085,39.8171317777478));
#4036=CARTESIAN_POINT('Ctrl Pts',(10.2125529358556,8.87933015618123,39.6700123797919));
#4037=CARTESIAN_POINT('Ctrl Pts',(10.2248333318191,8.86704976021768,39.5222255218437));
#4038=CARTESIAN_POINT('Ctrl Pts',(10.2371225313943,8.85476056064252,39.3737828905436));
#4039=CARTESIAN_POINT('Ctrl Pts',(10.2494191040004,8.84246398803642,39.2246959237577));
#4040=CARTESIAN_POINT('Ctrl Pts',(10.2617216654936,8.83016142654323,39.0749758182905));
#4041=CARTESIAN_POINT('Ctrl Pts',(10.2740288893889,8.81785420264791,38.9246335376175));
#4042=CARTESIAN_POINT('Ctrl Pts',(10.2863395027191,8.8055435893177,38.7736798196348));
#4043=CARTESIAN_POINT('Ctrl Pts',(10.2986522644255,8.79323082761131,38.6221251844302));
#4044=CARTESIAN_POINT('Ctrl Pts',(10.3109659485102,8.78091714352656,38.4699799420724));
#4045=CARTESIAN_POINT('Ctrl Pts',(10.3232793248613,8.76860376717548,38.317254200332));
#4046=CARTESIAN_POINT('Ctrl Pts',(10.3355911419799,8.75629195005687,38.1639578725641));
#4047=CARTESIAN_POINT('Ctrl Pts',(10.3479001064596,8.74398298557718,38.0101006851583));
#4048=CARTESIAN_POINT('Ctrl Pts',(10.3602049017807,8.73167819025605,37.8556921905775));
#4049=CARTESIAN_POINT('Ctrl Pts',(10.3725042103341,8.7193788817027,37.7007417807458));
#4050=CARTESIAN_POINT('Ctrl Pts',(10.3847967348176,8.7070863572192,37.5452587006081));
#4051=CARTESIAN_POINT('Ctrl Pts',(10.3970812187061,8.69480187333065,37.3892520609414));
#4052=CARTESIAN_POINT('Ctrl Pts',(10.4093564699726,8.68252662206423,37.2327308531));
#4053=CARTESIAN_POINT('Ctrl Pts',(10.421621374525,8.67026171751182,37.0757039578872));
#4054=CARTESIAN_POINT('Ctrl Pts',(10.4338748737505,8.65800821828625,36.9181801338813));
#4055=CARTESIAN_POINT('Ctrl Pts',(10.4461159481912,8.64576714384556,36.7601680094497));
#4056=CARTESIAN_POINT('Ctrl Pts',(10.4583435982685,8.63353949376824,36.6016760726149));
#4057=CARTESIAN_POINT('Ctrl Pts',(10.4705568275128,8.62132626452394,36.4427126634401));
#4058=CARTESIAN_POINT('Ctrl Pts',(10.4827546216582,8.60912847037859,36.2832859613821));
#4059=CARTESIAN_POINT('Ctrl Pts',(10.4949359410235,8.59694715101331,36.1234039897045));
#4060=CARTESIAN_POINT('Ctrl Pts',(10.5070997284417,8.58478336359514,35.9630746403457));
#4061=CARTESIAN_POINT('Ctrl Pts',(10.5192449131772,8.5726381788596,35.8023056931128));
#4062=CARTESIAN_POINT('Ctrl Pts',(10.5313704165188,8.56051267551799,35.6411048380761));
#4063=CARTESIAN_POINT('Ctrl Pts',(10.5434751565508,8.54840793548601,35.4794796945179));
#4064=CARTESIAN_POINT('Ctrl Pts',(10.5555580535376,8.53632503849916,35.3174378365525));
#4065=CARTESIAN_POINT('Ctrl Pts',(10.5676180338996,8.52426505813716,35.1549867925285));
#4066=CARTESIAN_POINT('Ctrl Pts',(10.579654033441,8.51222905859578,34.992134026237));
#4067=CARTESIAN_POINT('Ctrl Pts',(10.5916650006611,8.50021809137573,34.828886923847));
#4068=CARTESIAN_POINT('Ctrl Pts',(10.6036499003182,8.48823319171856,34.6652527776979));
#4069=CARTESIAN_POINT('Ctrl Pts',(10.6156077162204,8.47627537581639,34.5012387732537));
#4070=CARTESIAN_POINT('Ctrl Pts',(10.627537456027,8.46434563600979,34.3368519701171));
#4071=CARTESIAN_POINT('Ctrl Pts',(10.6394381470306,8.45244494500615,34.1720993077974));
#4072=CARTESIAN_POINT('Ctrl Pts',(10.6513088266136,8.44057426542317,34.0069876257475));
#4073=CARTESIAN_POINT('Ctrl Pts',(10.663148534531,8.42873455750574,33.8415236787433));
#4074=CARTESIAN_POINT('Ctrl Pts',(10.6749563040093,8.41692678802751,33.6757141548376));
#4075=CARTESIAN_POINT('Ctrl Pts',(10.6867311543475,8.40515193768928,33.5095656907061));
#4076=CARTESIAN_POINT('Ctrl Pts',(10.6984720803788,8.39341101165801,33.3430848918817));
#4077=CARTESIAN_POINT('Ctrl Pts',(10.7101780546038,8.38170503743302,33.1762783337974));
#4078=CARTESIAN_POINT('Ctrl Pts',(10.7218480379731,8.3700350540637,33.0091525498589));
#4079=CARTESIAN_POINT('Ctrl Pts',(10.7334809879043,8.35840210413253,32.841714023576));
#4080=CARTESIAN_POINT('Ctrl Pts',(10.7450758678747,8.34680722416209,32.6739691785468));
#4081=CARTESIAN_POINT('Ctrl Pts',(10.7566316553307,8.33525143670614,32.5059243704573));
#4082=CARTESIAN_POINT('Ctrl Pts',(10.7681473528079,8.32373573922892,32.3375858755111));
#4083=CARTESIAN_POINT('Ctrl Pts',(10.7796219880042,8.31226110403264,32.1689598908957));
#4084=CARTESIAN_POINT('Ctrl Pts',(10.7910546021084,8.30082848992834,32.0000525480002));
#4085=CARTESIAN_POINT('Ctrl Pts',(10.8024442413733,8.28943885066347,31.8308699221013));
#4086=CARTESIAN_POINT('Ctrl Pts',(10.8137899470979,8.27809314493889,31.6614180438032));
#4087=CARTESIAN_POINT('Ctrl Pts',(10.8250907469076,8.26679234512915,31.4917029089992));
#4088=CARTESIAN_POINT('Ctrl Pts',(10.8363456439862,8.25553744805062,31.3217304912278));
#4089=CARTESIAN_POINT('Ctrl Pts',(10.8475536120907,8.24432947994607,31.1515067472084));
#4090=CARTESIAN_POINT('Ctrl Pts',(10.8587136033775,8.23316948865926,30.9810376072334));
#4091=CARTESIAN_POINT('Ctrl Pts',(10.8698245536315,8.22205853840526,30.8103289686456));
#4092=CARTESIAN_POINT('Ctrl Pts',(10.8808853885724,8.2109977034644,30.6393866880009));
#4093=CARTESIAN_POINT('Ctrl Pts',(10.8918950296014,8.19998806243537,30.4682165739887));
#4094=CARTESIAN_POINT('Ctrl Pts',(10.9028524000248,8.18903069201197,30.2968243795592));
#4095=CARTESIAN_POINT('Ctrl Pts',(10.9137564303941,8.17812666164266,30.125215795729));
#4096=CARTESIAN_POINT('Ctrl Pts',(10.9246060551046,8.1672770369322,29.9533964625573));
#4097=CARTESIAN_POINT('Ctrl Pts',(10.9354002096067,8.15648288243007,29.7813719789546));
#4098=CARTESIAN_POINT('Ctrl Pts',(10.9461378274106,8.14574526462615,29.6091479127903));
#4099=CARTESIAN_POINT('Ctrl Pts',(10.9568178371216,8.13506525491521,29.4367298112012));
#4100=CARTESIAN_POINT('Ctrl Pts',(10.9674391595953,8.12444393244151,29.2641232100415));
#4101=CARTESIAN_POINT('Ctrl Pts',(10.9780007046921,8.11388238734466,29.0913336457318));
#4102=CARTESIAN_POINT('Ctrl Pts',(10.9885013711674,8.10338172086938,28.9183666487238));
#4103=CARTESIAN_POINT('Ctrl Pts',(10.9989400472149,8.09294304482187,28.7452277329837));
#4104=CARTESIAN_POINT('Ctrl Pts',(11.0093156107946,8.08256748124222,28.5719223870969));
#4105=CARTESIAN_POINT('Ctrl Pts',(11.0196269300288,8.07225616200795,28.3984560641401));
#4106=CARTESIAN_POINT('Ctrl Pts',(11.0298728636202,8.06201022841662,28.2248341733638));
#4107=CARTESIAN_POINT('Ctrl Pts',(11.0400522611339,8.05183083090291,28.0510620679271));
#4108=CARTESIAN_POINT('Ctrl Pts',(11.0501639638413,8.04171912819552,27.8771450469693));
#4109=CARTESIAN_POINT('Ctrl Pts',(11.0602068061341,8.03167628590266,27.7030883716676));
#4110=CARTESIAN_POINT('Ctrl Pts',(11.0701796167617,8.02170347527505,27.5288972773807));
#4111=CARTESIAN_POINT('Ctrl Pts',(11.0800812201862,8.01180187185058,27.3545769876076));
#4112=CARTESIAN_POINT('Ctrl Pts',(11.0899104377816,8.00197265425521,27.1801327266737));
#4113=CARTESIAN_POINT('Ctrl Pts',(11.0996660893521,7.99221700268473,27.0055697341459));
#4114=CARTESIAN_POINT('Ctrl Pts',(11.109346993764,7.98253609827283,26.8308932749862));
#4115=CARTESIAN_POINT('Ctrl Pts',(11.118951964736,7.97293112730077,26.6561086268921));
#4116=CARTESIAN_POINT('Ctrl Pts',(11.1284798071829,7.96340328485386,26.4812210703095));
#4117=CARTESIAN_POINT('Ctrl Pts',(11.1379293134108,7.95395377862596,26.3062358775615));
#4118=CARTESIAN_POINT('Ctrl Pts',(11.1472992592253,7.94458383281151,26.1311583020171));
#4119=CARTESIAN_POINT('Ctrl Pts',(11.1565884004297,7.93529469160713,25.9559935680304));
#4120=CARTESIAN_POINT('Ctrl Pts',(11.1657954682341,7.92608762380267,25.7807468584949));
#4121=CARTESIAN_POINT('Ctrl Pts',(11.1749191721753,7.91696391986149,25.6054233190816));
#4122=CARTESIAN_POINT('Ctrl Pts',(11.1839582049323,7.90792488710448,25.43002806665));
#4123=CARTESIAN_POINT('Ctrl Pts',(11.1929112464227,7.89897184561404,25.2545661961685));
#4124=CARTESIAN_POINT('Ctrl Pts',(11.2017769683646,7.89010612367218,25.0790427884097));
#4125=CARTESIAN_POINT('Ctrl Pts',(11.2105540382569,7.88132905377993,24.9034629169634));
#4126=CARTESIAN_POINT('Ctrl Pts',(11.2192411245413,7.87264196749543,24.7278316563969));
#4127=CARTESIAN_POINT('Ctrl Pts',(11.227836897939,7.86404619409776,24.5521540868801));
#4128=CARTESIAN_POINT('Ctrl Pts',(11.2363400271275,7.85554306490931,24.3764352936351));
#4129=CARTESIAN_POINT('Ctrl Pts',(11.2447491757707,7.84713391626609,24.2006803676182));
#4130=CARTESIAN_POINT('Ctrl Pts',(11.2530629990005,7.83882009303632,24.0248944057052));
#4131=CARTESIAN_POINT('Ctrl Pts',(11.261280140138,7.8306029518988,23.849082511087));
#4132=CARTESIAN_POINT('Ctrl Pts',(11.2693992272985,7.82248386473824,23.6732497935817));
#4133=CARTESIAN_POINT('Ctrl Pts',(11.2774188700837,7.8144642219531,23.49740136996));
#4134=CARTESIAN_POINT('Ctrl Pts',(11.2853376611115,7.80654543092523,23.3215423617042));
#4135=CARTESIAN_POINT('Ctrl Pts',(11.293154177519,7.79872891451778,23.1456778927638));
#4136=CARTESIAN_POINT('Ctrl Pts',(11.3008669824618,7.79101610957496,22.9698130873752));
#4137=CARTESIAN_POINT('Ctrl Pts',(11.308474626642,7.78340846539479,22.7939530677115));
#4138=CARTESIAN_POINT('Ctrl Pts',(11.3159756497618,7.77590744227495,22.6181029519366));
#4139=CARTESIAN_POINT('Ctrl Pts',(11.3233685821637,7.76851450987306,22.4422678512532));
#4140=CARTESIAN_POINT('Ctrl Pts',(11.3306519456708,7.76123114636599,22.2664528712746));
#4141=CARTESIAN_POINT('Ctrl Pts',(11.3378242539384,7.75405883809837,22.0906631161051));
#4142=CARTESIAN_POINT('Ctrl Pts',(11.3448840129381,7.74699907909866,21.914903691583));
#4143=CARTESIAN_POINT('Ctrl Pts',(11.3518297214201,7.74005337061667,21.7391797089103));
#4144=CARTESIAN_POINT('Ctrl Pts',(11.3586598713079,7.73322322072885,21.5634962880245));
#4145=CARTESIAN_POINT('Ctrl Pts',(11.3653729483069,7.72651014372987,21.3878585613033));
#4146=CARTESIAN_POINT('Ctrl Pts',(11.3719674318541,7.71991566018267,21.2122716764416));
#4147=CARTESIAN_POINT('Ctrl Pts',(11.3784417925375,7.71344129949932,21.0367407962648));
#4148=CARTESIAN_POINT('Ctrl Pts',(11.384794489887,7.70708860214974,20.8612710990051));
#4149=CARTESIAN_POINT('Ctrl Pts',(11.3910239700522,7.70085912198459,20.6858677783996));
#4150=CARTESIAN_POINT('Ctrl Pts',(11.3971286634552,7.69475442858154,20.5105360438609));
#4151=CARTESIAN_POINT('Ctrl Pts',(11.4031069826241,7.68877610941271,20.3352811206251));
#4152=CARTESIAN_POINT('Ctrl Pts',(11.4089573195023,7.68292577253447,20.1601082498822));
#4153=CARTESIAN_POINT('Ctrl Pts',(11.4146780470807,7.67720504495606,19.9850226891695));
#4154=CARTESIAN_POINT('Ctrl Pts',(11.4202675218424,7.67161557019439,19.8100297128121));
#4155=CARTESIAN_POINT('Ctrl Pts',(11.4257240859121,7.66615900612472,19.6351346123578));
#4156=CARTESIAN_POINT('Ctrl Pts',(11.431046069358,7.66083702267878,19.460342696992));
#4157=CARTESIAN_POINT('Ctrl Pts',(11.4362317923625,7.65565129967431,19.285659294011));
#4158=CARTESIAN_POINT('Ctrl Pts',(11.4412795676106,7.65060352442616,19.1110897491497));
#4159=CARTESIAN_POINT('Ctrl Pts',(11.4461877019694,7.64569539006739,18.9366394274362));
#4160=CARTESIAN_POINT('Ctrl Pts',(11.4509544973938,7.64092859464301,18.7623137146411));
#4161=CARTESIAN_POINT('Ctrl Pts',(11.4555782520142,7.63630484002257,18.5881180185739));
#4162=CARTESIAN_POINT('Ctrl Pts',(11.4600572611943,7.63182583084252,18.4140577704391));
#4163=CARTESIAN_POINT('Ctrl Pts',(11.4643898185002,7.62749327353658,18.2401384261736));
#4164=CARTESIAN_POINT('Ctrl Pts',(11.4685742169489,7.62330887508787,18.0663654677767));
#4165=CARTESIAN_POINT('Ctrl Pts',(11.4726087494315,7.61927434260531,17.8927444046903));
#4166=CARTESIAN_POINT('Ctrl Pts',(11.4764917034472,7.61539138858954,17.7192807755412));
#4167=CARTESIAN_POINT('Ctrl Pts',(11.4802213563931,7.6116617356437,17.5459801498571));
#4168=CARTESIAN_POINT('Ctrl Pts',(11.4837959707134,7.60808712132342,17.3728481297704));
#4169=CARTESIAN_POINT('Ctrl Pts',(11.48721378894,7.60466930309673,17.1998903517783));
#4170=CARTESIAN_POINT('Ctrl Pts',(11.4904730291771,7.60141006285966,17.0271124883626));
#4171=CARTESIAN_POINT('Ctrl Pts',(11.4935718793462,7.59831121269056,16.8545202499762));
#4172=CARTESIAN_POINT('Ctrl Pts',(11.4965085015778,7.59537459045901,16.6821193840453));
#4173=CARTESIAN_POINT('Ctrl Pts',(11.4992810385773,7.59260205345948,16.509915673365));
#4174=CARTESIAN_POINT('Ctrl Pts',(11.5018876191867,7.58999547285013,16.3379149347931));
#4175=CARTESIAN_POINT('Ctrl Pts',(11.5043263645486,7.58755672748817,16.1661230176228));
#4176=CARTESIAN_POINT('Ctrl Pts',(11.5065953933948,7.58528769864203,15.9945458025512));
#4177=CARTESIAN_POINT('Ctrl Pts',(11.508692829254,7.58319026278279,15.823189199248));
#4178=CARTESIAN_POINT('Ctrl Pts',(11.5106168000607,7.58126629197607,15.6520591495509));
#4179=CARTESIAN_POINT('Ctrl Pts',(11.5123654321224,7.5795176599144,15.4811616348642));
#4180=CARTESIAN_POINT('Ctrl Pts',(11.5139368458178,7.57794624621903,15.3105026822419));
#4181=CARTESIAN_POINT('Ctrl Pts',(11.5153291503945,7.5765539416423,15.1400883712092));
#4182=CARTESIAN_POINT('Ctrl Pts',(11.516540439588,7.57534265244881,14.9699248398175));
#4183=CARTESIAN_POINT('Ctrl Pts',(11.5175687858293,7.57431430620753,14.800018292122));
#4184=CARTESIAN_POINT('Ctrl Pts',(11.5184122386745,7.57347085336231,14.630375001318));
#4185=CARTESIAN_POINT('Ctrl Pts',(11.5190688309006,7.5728142611362,14.4610013049763));
#4186=CARTESIAN_POINT('Ctrl Pts',(11.5195365828467,7.5723465091901,14.2919036020678));
#4187=CARTESIAN_POINT('Ctrl Pts',(11.5198135075978,7.57206958443901,14.123088349173));
#4188=CARTESIAN_POINT('Ctrl Pts',(11.5198976154891,7.57198547654773,13.9545620572653));
#4189=CARTESIAN_POINT('Ctrl Pts',(11.5197869196673,7.57209617236949,13.78633128771));
#4190=CARTESIAN_POINT('Ctrl Pts',(11.5194794388627,7.57240365317406,13.6184026502432));
#4191=CARTESIAN_POINT('Ctrl Pts',(11.5189731887579,7.57290990327884,13.450782808931));
#4192=CARTESIAN_POINT('Ctrl Pts',(11.5182661750596,7.57361691697717,13.2834784869614));
#4193=CARTESIAN_POINT('Ctrl Pts',(11.5173563858102,7.57452670622654,13.1164964719158));
#4194=CARTESIAN_POINT('Ctrl Pts',(11.5162417842425,7.57564130779424,12.9498436207811));
#4195=CARTESIAN_POINT('Ctrl Pts',(11.5149203008799,7.57696279115691,12.7835268652068));
#4196=CARTESIAN_POINT('Ctrl Pts',(11.5133898274738,7.57849326456294,12.617553216271));
#4197=CARTESIAN_POINT('Ctrl Pts',(11.511648226494,7.58023486554279,12.4519297652722));
#4198=CARTESIAN_POINT('Ctrl Pts',(11.50969333922,7.58218975281683,12.2866636848763));
#4199=CARTESIAN_POINT('Ctrl Pts',(11.5075229944444,7.58436009759241,12.1217622301076));
#4200=CARTESIAN_POINT('Ctrl Pts',(11.5051350167406,7.58674807529623,11.9572327394556));
#4201=CARTESIAN_POINT('Ctrl Pts',(11.5025272353343,7.58935585670251,11.7930826358199));
#4202=CARTESIAN_POINT('Ctrl Pts',(11.4996974915158,7.59218560052094,11.6293194278491));
#4203=CARTESIAN_POINT('Ctrl Pts',(11.4966436302414,7.59523946179536,11.4659507155675));
#4204=CARTESIAN_POINT('Ctrl Pts',(11.493363492906,7.59851959913076,11.3029841956763));
#4205=CARTESIAN_POINT('Ctrl Pts',(11.4898549096065,7.60202818243024,11.1404276670126));
#4206=CARTESIAN_POINT('Ctrl Pts',(11.4861156917694,7.60576740026735,10.9782890358671));
#4207=CARTESIAN_POINT('Ctrl Pts',(11.4821436242695,7.60973946776726,10.8165763215428));
#4208=CARTESIAN_POINT('Ctrl Pts',(11.4779364588066,7.61394663323023,10.6552976612798));
#4209=CARTESIAN_POINT('Ctrl Pts',(11.4734919149269,7.61839117710986,10.4944613111752));
#4210=CARTESIAN_POINT('Ctrl Pts',(11.4688076802248,7.62307541181203,10.3340756475915));
#4211=CARTESIAN_POINT('Ctrl Pts',(11.4638814108089,7.62800168122787,10.1741491682898));
#4212=CARTESIAN_POINT('Ctrl Pts',(11.4587107317705,7.63317236026628,10.0146904938848));
#4213=CARTESIAN_POINT('Ctrl Pts',(11.4532932373751,7.63858985466169,9.85570836867285));
#4214=CARTESIAN_POINT('Ctrl Pts',(11.4476264922671,7.64425659976963,9.69721166331069));
#4215=CARTESIAN_POINT('Ctrl Pts',(11.4417080354857,7.65017505655109,9.53920938223972));
#4216=CARTESIAN_POINT('Ctrl Pts',(11.4355353838153,7.6563477082215,9.38171067018621));
#4217=CARTESIAN_POINT('Ctrl Pts',(11.4291060356712,7.66277705636554,9.22472481908756));
#4218=CARTESIAN_POINT('Ctrl Pts',(11.4224174741338,7.66946561790297,9.06826127470432));
#4219=CARTESIAN_POINT('Ctrl Pts',(11.4154671718913,7.67641592014553,8.9123296437024));
#4220=CARTESIAN_POINT('Ctrl Pts',(11.4082525890589,7.68363050297791,8.75693969916426));
#4221=CARTESIAN_POINT('Ctrl Pts',(11.4007711645807,7.69111192745607,8.60210138466793));
#4222=CARTESIAN_POINT('Ctrl Pts',(11.3930203094257,7.69886278261111,8.44782481883993));
#4223=CARTESIAN_POINT('Ctrl Pts',(11.3849973990276,7.70688569300919,8.29412029955325));
#4224=CARTESIAN_POINT('Ctrl Pts',(11.3766997660975,7.71518332593929,8.14099830866171));
#4225=CARTESIAN_POINT('Ctrl Pts',(11.3681246931426,7.72375839889421,7.98846951549557));
#4226=CARTESIAN_POINT('Ctrl Pts',(11.3592694067501,7.73261368528666,7.836544791576));
#4227=CARTESIAN_POINT('Ctrl Pts',(11.3501310722794,7.74175201975739,7.68523522685988));
#4228=CARTESIAN_POINT('Ctrl Pts',(11.3407067880816,7.7511763039552,7.53455214571213));
#4229=CARTESIAN_POINT('Ctrl Pts',(11.3309935806593,7.7608895113775,7.38450712240454));
#4230=CARTESIAN_POINT('Ctrl Pts',(11.3209883976351,7.77089469440166,7.23511199824608));
#4231=CARTESIAN_POINT('Ctrl Pts',(11.3106881075262,7.78119498451054,7.08637889334384));
#4232=CARTESIAN_POINT('Ctrl Pts',(11.3000895158098,7.79179357622703,6.93832020545587));
#4233=CARTESIAN_POINT('Ctrl Pts',(11.2891893773931,7.80269371464365,6.79094861160558));
#4234=CARTESIAN_POINT('Ctrl Pts',(11.2779844112836,7.81389868075319,6.64427706819142));
#4235=CARTESIAN_POINT('Ctrl Pts',(11.2664713125334,7.82541177950339,6.49831881269421));
#4236=CARTESIAN_POINT('Ctrl Pts',(11.2546467700708,7.83723632196597,6.35308736218327));
#4237=CARTESIAN_POINT('Ctrl Pts',(11.2425074300419,7.84937566199493,6.2085965413505));
#4238=CARTESIAN_POINT('Ctrl Pts',(11.2300498529126,7.86183323912423,6.0648605142297));
#4239=CARTESIAN_POINT('Ctrl Pts',(11.2172704704288,7.874612621608,5.92189381530235));
#4240=CARTESIAN_POINT('Ctrl Pts',(11.2041655479254,7.8877175441114,5.77971137932884));
#4241=CARTESIAN_POINT('Ctrl Pts',(11.1907311312193,7.90115196081751,5.63832857554281));
#4242=CARTESIAN_POINT('Ctrl Pts',(11.1769630558731,7.91492003616371,5.4977612238556));
#4243=CARTESIAN_POINT('Ctrl Pts',(11.1628570037265,7.92902608831031,5.3580255977106));
#4244=CARTESIAN_POINT('Ctrl Pts',(11.1484085487541,7.94347454328265,5.21913842941687));
#4245=CARTESIAN_POINT('Ctrl Pts',(11.1336132008521,7.95826989118464,5.08111691748673));
#4246=CARTESIAN_POINT('Ctrl Pts',(11.1184664660912,7.97341662594563,4.94397872584338));
#4247=CARTESIAN_POINT('Ctrl Pts',(11.1029638461509,7.98891924588586,4.80774201163404));
#4248=CARTESIAN_POINT('Ctrl Pts',(11.0871007356527,8.0047823563841,4.67242550066173));
#4249=CARTESIAN_POINT('Ctrl Pts',(11.0708723396574,8.0210107523794,4.53804855343645));
#4250=CARTESIAN_POINT('Ctrl Pts',(11.054273589963,8.03760950207383,4.40463123178195));
#4251=CARTESIAN_POINT('Ctrl Pts',(11.0372990453651,8.05458404667168,4.27219437292942));
#4252=CARTESIAN_POINT('Ctrl Pts',(11.0199428539071,8.07194023812968,4.14075963486708));
#4253=CARTESIAN_POINT('Ctrl Pts',(11.0021988389157,8.08968425312107,4.01034948611475));
#4254=CARTESIAN_POINT('Ctrl Pts',(10.9840605636825,8.10782252835424,3.88098720293817));
#4255=CARTESIAN_POINT('Ctrl Pts',(10.9655213937001,8.12636169833672,3.75269687312548));
#4256=CARTESIAN_POINT('Ctrl Pts',(10.9465745865416,8.14530850549514,3.62550337390606));
#4257=CARTESIAN_POINT('Ctrl Pts',(10.9272132710393,8.16466982099746,3.49943244669238));
#4258=CARTESIAN_POINT('Ctrl Pts',(10.9074302920017,8.18445280003509,3.37451088818802));
#4259=CARTESIAN_POINT('Ctrl Pts',(10.8872180842263,8.2046650078105,3.25076671607868));
#4260=CARTESIAN_POINT('Ctrl Pts',(10.8665685459692,8.22531454606758,3.12822933552436));
#4261=CARTESIAN_POINT('Ctrl Pts',(10.8454728836832,8.24641020835355,3.00692972968084));
#4262=CARTESIAN_POINT('Ctrl Pts',(10.8239216464479,8.26796144558889,2.88690048920863));
#4263=CARTESIAN_POINT('Ctrl Pts',(10.8019048362438,8.28997825579303,2.76817577421889));
#4264=CARTESIAN_POINT('Ctrl Pts',(10.7794119849586,8.31247110707819,2.65079131099084));
#4265=CARTESIAN_POINT('Ctrl Pts',(10.756432264185,8.33545082785174,2.53478434567279));
#4266=CARTESIAN_POINT('Ctrl Pts',(10.7329545253862,8.35892856665054,2.42019370023275));
#4267=CARTESIAN_POINT('Ctrl Pts',(10.7089670020901,8.38291608994667,2.30706033800875));
#4268=CARTESIAN_POINT('Ctrl Pts',(10.6844570415438,8.40742605049295,2.19542788530622));
#4269=CARTESIAN_POINT('Ctrl Pts',(10.6594108485065,8.4324722435303,2.08534313283677));
#4270=CARTESIAN_POINT('Ctrl Pts',(10.6338131632378,8.45806992879895,1.97685664212222));
#4271=CARTESIAN_POINT('Ctrl Pts',(10.6076474351722,8.48423565686463,1.87002254340615));
#4272=CARTESIAN_POINT('Ctrl Pts',(10.5808961708546,8.51098692118217,1.76489802057811));
#4273=CARTESIAN_POINT('Ctrl Pts',(10.553541149255,8.53834194278178,1.6615430742147));
#4274=CARTESIAN_POINT('Ctrl Pts',(10.5255638702481,8.56631922178868,1.56001975286584));
#4275=CARTESIAN_POINT('Ctrl Pts',(10.4969450843566,8.59493800768017,1.46039352109299));
#4276=CARTESIAN_POINT('Ctrl Pts',(10.467663573701,8.62421951833578,1.36273635430222));
#4277=CARTESIAN_POINT('Ctrl Pts',(10.4376953349908,8.65418775704598,1.26712893571009));
#4278=CARTESIAN_POINT('Ctrl Pts',(10.4070121661673,8.68487092586945,1.17366414732956));
#4279=CARTESIAN_POINT('Ctrl Pts',(10.3755824794476,8.71630061258921,1.08244575292498));
#4280=CARTESIAN_POINT('Ctrl Pts',(10.3433739105251,8.74850918151168,0.993583110309962));
#4281=CARTESIAN_POINT('Ctrl Pts',(10.3103549786502,8.78152811338662,0.907188115014));
#4282=CARTESIAN_POINT('Ctrl Pts',(10.2764981613763,8.81538493066051,0.823368634985818));
#4283=CARTESIAN_POINT('Ctrl Pts',(10.2417753094845,8.85010778255226,0.742241422844892));
#4284=CARTESIAN_POINT('Ctrl Pts',(10.2061517666365,8.88573132540029,0.663948538605372));
#4285=CARTESIAN_POINT('Ctrl Pts',(10.1695797544783,8.92230333755849,0.588675205530766));
#4286=CARTESIAN_POINT('Ctrl Pts',(10.1319956521776,8.95988743985919,0.516659004011512));
#4287=CARTESIAN_POINT('Ctrl Pts',(10.0933403045831,8.99854278745365,0.448146163638974));
#4288=CARTESIAN_POINT('Ctrl Pts',(10.0535724738,9.03831061823676,0.383364305432562));
#4289=CARTESIAN_POINT('Ctrl Pts',(10.0126930046108,9.07919008742595,0.322468728427243));
#4290=CARTESIAN_POINT('Ctrl Pts',(9.97071008337501,9.12117300866178,0.265636341634086));
#4291=CARTESIAN_POINT('Ctrl Pts',(9.92760701712367,9.16427607491312,0.213154640071926));
#4292=CARTESIAN_POINT('Ctrl Pts',(9.88328075545686,9.20860233657993,0.165581054671478));
#4293=CARTESIAN_POINT('Ctrl Pts',(9.83761748451261,9.25426560752418,0.123570226114061));
#4294=CARTESIAN_POINT('Ctrl Pts',(9.79060992414692,9.30127316788987,0.087597847689002));
#4295=CARTESIAN_POINT('Ctrl Pts',(9.74252149211297,9.34936159992382,0.0575757103855423));
#4296=CARTESIAN_POINT('Ctrl Pts',(9.69375642040719,9.3981266716296,0.0331579433806297));
#4297=CARTESIAN_POINT('Ctrl Pts',(9.64460656988733,9.44727652214946,0.0143349154736427));
#4298=CARTESIAN_POINT('Ctrl Pts',(9.59496692710282,9.49691616493397,0.00210662793560038));
#4299=CARTESIAN_POINT('Ctrl Pts',(9.54459388585963,9.54728920617716,-0.00215930476575399));
#4300=CARTESIAN_POINT('Ctrl Pts',(9.49352024269806,9.59836284933873,0.00225465656069583));
#4301=CARTESIAN_POINT('Ctrl Pts',(9.44238702627717,9.64949606575962,0.0145921995506778));
#4302=CARTESIAN_POINT('Ctrl Pts',(9.39202957318644,9.69985351885034,0.0334988643863256));
#4303=CARTESIAN_POINT('Ctrl Pts',(9.34301362291169,9.7488694691251,0.0580002938841712));
#4304=CARTESIAN_POINT('Ctrl Pts',(9.29534674698163,9.79653634505516,0.0881172742607632));
#4305=CARTESIAN_POINT('Ctrl Pts',(9.24881393236188,9.84306915967491,0.124190627257985));
#4306=CARTESIAN_POINT('Ctrl Pts',(9.20326845380373,9.88861463823306,0.166295038793802));
#4307=CARTESIAN_POINT('Ctrl Pts',(9.15878468449986,9.93309840753692,0.213949931329905));
#4308=CARTESIAN_POINT('Ctrl Pts',(9.11549417371828,9.9763889183185,0.266502029877765));
#4309=CARTESIAN_POINT('Ctrl Pts',(9.07347458582001,10.0184085062168,0.323399984626905));
#4310=CARTESIAN_POINT('Ctrl Pts',(9.03268381800182,10.059199274035,0.384358897005295));
#4311=CARTESIAN_POINT('Ctrl Pts',(8.99303452222499,10.0988485698118,0.449202142804948));
#4312=CARTESIAN_POINT('Ctrl Pts',(8.95443860693866,10.1374444850981,0.517772734303771));
#4313=CARTESIAN_POINT('Ctrl Pts',(8.91685149991402,10.1750315921228,0.589842222592224));
#4314=CARTESIAN_POINT('Ctrl Pts',(8.88024714212251,10.2116359499143,0.665164650340001));
#4315=CARTESIAN_POINT('Ctrl Pts',(8.84460570645355,10.2472773855832,0.743503359191372));
#4316=CARTESIAN_POINT('Ctrl Pts',(8.80989378918039,10.2819893028564,0.824674180651124));
#4317=CARTESIAN_POINT('Ctrl Pts',(8.77606825789955,10.3158148341372,0.908535444511115));
#4318=CARTESIAN_POINT('Ctrl Pts',(8.74308334346376,10.348799748573,0.994970542901449));
#4319=CARTESIAN_POINT('Ctrl Pts',(8.71089733792907,10.3809857541077,1.08387143641669));
#4320=CARTESIAN_POINT('Ctrl Pts',(8.67947749122766,10.4124056008091,1.17512619997861));
#4321=CARTESIAN_POINT('Ctrl Pts',(8.64879646321326,10.4430866288235,1.2686255943836));
#4322=CARTESIAN_POINT('Ctrl Pts',(8.61883037721653,10.4730527148203,1.36426605300534));
#4323=CARTESIAN_POINT('Ctrl Pts',(8.58955583301287,10.5023272590239,1.46195494748923));
#4324=CARTESIAN_POINT('Ctrl Pts',(8.56094883999697,10.5309342520398,1.5616117562246));
#4325=CARTESIAN_POINT('Ctrl Pts',(8.53298593105734,10.5588971609794,1.66316460215291));
#4326=CARTESIAN_POINT('Ctrl Pts',(8.50564469072492,10.5862384013119,1.76654807055194));
#4327=CARTESIAN_POINT('Ctrl Pts',(8.47890465953264,10.6129784325041,1.87170012628811));
#4328=CARTESIAN_POINT('Ctrl Pts',(8.45274757083626,10.6391355212005,1.97856080799626));
#4329=CARTESIAN_POINT('Ctrl Pts',(8.42715684433805,10.6647262476987,2.08707298684914));
#4330=CARTESIAN_POINT('Ctrl Pts',(8.40211726912617,10.6897658229106,2.19718259695622));
#4331=CARTESIAN_POINT('Ctrl Pts',(8.37761458380959,10.7142685082272,2.30883914699887));
#4332=CARTESIAN_POINT('Ctrl Pts',(8.35363518229147,10.7382479097453,2.42199590320261));
#4333=CARTESIAN_POINT('Ctrl Pts',(8.33016613414411,10.7617169578927,2.53660928216238));
#4334=CARTESIAN_POINT('Ctrl Pts',(8.30719515722303,10.7846879348138,2.65263835375564));
#4335=CARTESIAN_POINT('Ctrl Pts',(8.28471060889092,10.8071724831459,2.77004432003399));
#4336=CARTESIAN_POINT('Ctrl Pts',(8.26270146914371,10.8291816228931,2.88878995598151));
#4337=CARTESIAN_POINT('Ctrl Pts',(8.24115733107845,10.8507257609583,3.00883956077647));
#4338=CARTESIAN_POINT('Ctrl Pts',(8.2200683923591,10.8718146996777,3.13015900077207));
#4339=CARTESIAN_POINT('Ctrl Pts',(8.19942544309976,10.892457648937,3.25271571256559));
#4340=CARTESIAN_POINT('Ctrl Pts',(8.17921986306839,10.9126632289684,3.37647874034479));
#4341=CARTESIAN_POINT('Ctrl Pts',(8.15944359003264,10.9324395020041,3.50141870272051));
#4342=CARTESIAN_POINT('Ctrl Pts',(8.14008901872456,10.9517940733122,3.62750760215627));
#4343=CARTESIAN_POINT('Ctrl Pts',(8.12114890897083,10.970734183066,3.75471865904886));
#4344=CARTESIAN_POINT('Ctrl Pts',(8.10261629885932,10.9892667931775,3.88302614634229));
#4345=CARTESIAN_POINT('Ctrl Pts',(8.08448439449034,11.0073986975464,4.01240519874042));
#4346=CARTESIAN_POINT('Ctrl Pts',(8.06674656104727,11.0251365309895,4.14283174124787));
#4347=CARTESIAN_POINT('Ctrl Pts',(8.04939639047771,11.0424867015591,4.27428251059218));
#4348=CARTESIAN_POINT('Ctrl Pts',(8.03242775037675,11.05945534166,4.40673505146434));
#4349=CARTESIAN_POINT('Ctrl Pts',(8.01583483305463,11.0760482589821,4.54016771913519));
#4350=CARTESIAN_POINT('Ctrl Pts',(7.9996122235601,11.0922708684767,4.67455968943718));
#4351=CARTESIAN_POINT('Ctrl Pts',(7.98375485876022,11.1081282332766,4.80989091214694));
#4352=CARTESIAN_POINT('Ctrl Pts',(7.96825793631175,11.123625155725,4.94614203724434));
#4353=CARTESIAN_POINT('Ctrl Pts',(7.95311683634297,11.1387662556938,5.0832943482601));
#4354=CARTESIAN_POINT('Ctrl Pts',(7.93832704514511,11.1535560468917,5.22132969630689));
#4355=CARTESIAN_POINT('Ctrl Pts',(7.92388405971491,11.1679990323219,5.36023042473281));
#4356=CARTESIAN_POINT('Ctrl Pts',(7.90978339015319,11.1820997018836,5.49997934245801));
#4357=CARTESIAN_POINT('Ctrl Pts',(7.89602061608802,11.1958624759488,5.64055972450402));
#4358=CARTESIAN_POINT('Ctrl Pts',(7.8825914284672,11.2092916635696,5.78195530473356));
#4359=CARTESIAN_POINT('Ctrl Pts',(7.86949167275927,11.2223914192775,5.92415027043045));
#4360=CARTESIAN_POINT('Ctrl Pts',(7.8567174029205,11.2351656891163,6.06712925950371));
#4361=CARTESIAN_POINT('Ctrl Pts',(7.84426488802713,11.2476182040097,6.21087734378398));
#4362=CARTESIAN_POINT('Ctrl Pts',(7.83213056073981,11.259752531297,6.35537999488206));
#4363=CARTESIAN_POINT('Ctrl Pts',(7.82031098038348,11.2715721116533,6.50062305433433));
#4364=CARTESIAN_POINT('Ctrl Pts',(7.80880279108315,11.2830803009536,6.64659270256538));
#4365=CARTESIAN_POINT('Ctrl Pts',(7.79760267965041,11.2942804123864,6.79327542704543));
#4366=CARTESIAN_POINT('Ctrl Pts',(7.78670734057421,11.3051757514626,6.94065799469251));
#4367=CARTESIAN_POINT('Ctrl Pts',(7.77611349368617,11.3157695983506,7.08872745355901));
#4368=CARTESIAN_POINT('Ctrl Pts',(7.76581789560507,11.3260651964317,7.23747113104641));
#4369=CARTESIAN_POINT('Ctrl Pts',(7.75581735401805,11.3360657380187,7.3868766338178));
#4370=CARTESIAN_POINT('Ctrl Pts',(7.74610873976874,11.345774352268,7.5369318461809));
#4371=CARTESIAN_POINT('Ctrl Pts',(7.73668900240823,11.3551940896286,7.6876249312026));
#4372=CARTESIAN_POINT('Ctrl Pts',(7.72755516965423,11.3643279223826,7.83894431868248));
#4373=CARTESIAN_POINT('Ctrl Pts',(7.71870434065046,11.3731787513863,7.99087868809157));
#4374=CARTESIAN_POINT('Ctrl Pts',(7.71013368124643,11.3817494107904,8.1434169530412));
#4375=CARTESIAN_POINT('Ctrl Pts',(7.70184041839939,11.3900426736374,8.29654824534406));
#4376=CARTESIAN_POINT('Ctrl Pts',(7.6938218350419,11.3980612569949,8.4502618987159));
#4377=CARTESIAN_POINT('Ctrl Pts',(7.68607526448229,11.4058078275545,8.60454743422957));
#4378=CARTESIAN_POINT('Ctrl Pts',(7.67859808282125,11.4132850092155,8.75939455689094));
#4379=CARTESIAN_POINT('Ctrl Pts',(7.67138770171024,11.4204953903265,8.91479315087538));
#4380=CARTESIAN_POINT('Ctrl Pts',(7.66444156071203,11.4274415313248,9.0707332753425));
#4381=CARTESIAN_POINT('Ctrl Pts',(7.65775712044323,11.4341259715936,9.22720515987525));
#4382=CARTESIAN_POINT('Ctrl Pts',(7.65133185387125,11.4405512381655,9.38419920040764));
#4383=CARTESIAN_POINT('Ctrl Pts',(7.64516324431678,11.44671984772,9.54170595366738));
#4384=CARTESIAN_POINT('Ctrl Pts',(7.63924879041882,11.452634301618,9.69971613009856));
#4385=CARTESIAN_POINT('Ctrl Pts',(7.63358600919873,11.4582970828381,9.85822058724758));
#4386=CARTESIAN_POINT('Ctrl Pts',(7.62817243997231,11.4637106520645,10.0172103228404));
#4387=CARTESIAN_POINT('Ctrl Pts',(7.62300564773155,11.4688774443052,10.1766764682762));
#4388=CARTESIAN_POINT('Ctrl Pts',(7.61808322718411,11.4737998648527,10.3366102812176));
#4389=CARTESIAN_POINT('Ctrl Pts',(7.61340280390244,11.4784802881344,10.4970031430068));
#4390=CARTESIAN_POINT('Ctrl Pts',(7.60896203451307,11.4829210575237,10.6578465578125));
#4391=CARTESIAN_POINT('Ctrl Pts',(7.60475860715214,11.4871244848846,10.8191321511862));
#4392=CARTESIAN_POINT('Ctrl Pts',(7.60079024191353,11.4910928501233,10.980851668921));
#4393=CARTESIAN_POINT('Ctrl Pts',(7.59705469105818,11.4948284009786,11.142996975655));
#4394=CARTESIAN_POINT('Ctrl Pts',(7.59354973997134,11.4983333520655,11.3055600539237));
#4395=CARTESIAN_POINT('Ctrl Pts',(7.59027320042793,11.5016098916089,11.4685329991762));
#4396=CARTESIAN_POINT('Ctrl Pts',(7.58722290275553,11.5046601892813,11.6319080142357));
#4397=CARTESIAN_POINT('Ctrl Pts',(7.58439668844321,11.5074864035936,11.7956774039711));
#4398=CARTESIAN_POINT('Ctrl Pts',(7.58179240243674,11.5100906896001,11.9598335698478));
#4399=CARTESIAN_POINT('Ctrl Pts',(7.5794078858644,11.5124752061724,12.1243690046115));
#4400=CARTESIAN_POINT('Ctrl Pts',(7.57724096777577,11.514642124261,12.2892762866984));
#4401=CARTESIAN_POINT('Ctrl Pts',(7.57528947275735,11.5165936192794,12.4545480789514));
#4402=CARTESIAN_POINT('Ctrl Pts',(7.57355122973184,11.5183318623049,12.6201771276562));
#4403=CARTESIAN_POINT('Ctrl Pts',(7.57202408026007,11.5198590117767,12.7861562614445));
#4404=CARTESIAN_POINT('Ctrl Pts',(7.57070588721038,11.5211772048264,12.9524783902939));
#4405=CARTESIAN_POINT('Ctrl Pts',(7.56959454289984,11.5222885491369,13.1191365043946));
#4406=CARTESIAN_POINT('Ctrl Pts',(7.56868797845917,11.5231951135776,13.2861236733257));
#4407=CARTESIAN_POINT('Ctrl Pts',(7.56798415755981,11.523898934477,13.4534330412358));
#4408=CARTESIAN_POINT('Ctrl Pts',(7.56748106858464,11.5244020234521,13.6210578216035));
#4409=CARTESIAN_POINT('Ctrl Pts',(7.56717671745062,11.5247063745862,13.7889912922155));
#4410=CARTESIAN_POINT('Ctrl Pts',(7.56706911994403,11.5248139720928,13.9572267899055));
#4411=CARTESIAN_POINT('Ctrl Pts',(7.56715629476297,11.5247267972738,14.1257577057436));
#4412=CARTESIAN_POINT('Ctrl Pts',(7.56743625495045,11.5244468370863,14.2945774791207));
#4413=CARTESIAN_POINT('Ctrl Pts',(7.56790701085457,11.5239760811822,14.4636795999028));
#4414=CARTESIAN_POINT('Ctrl Pts',(7.56856657563537,11.5233165164014,14.6330576123925));
#4415=CARTESIAN_POINT('Ctrl Pts',(7.56941296979191,11.5224701222449,14.8027051185629));
#4416=CARTESIAN_POINT('Ctrl Pts',(7.57044422633372,11.5214388657031,14.9726157818382));
#4417=CARTESIAN_POINT('Ctrl Pts',(7.57165839513142,11.5202246969054,15.1427833300784));
#4418=CARTESIAN_POINT('Ctrl Pts',(7.57305354900014,11.5188295430366,15.3132015603319));
#4419=CARTESIAN_POINT('Ctrl Pts',(7.57462778195652,11.5172553100803,15.4838643355214));
#4420=CARTESIAN_POINT('Ctrl Pts',(7.57637920346153,11.5155038885753,15.6547655770031));
#4421=CARTESIAN_POINT('Ctrl Pts',(7.57830593402769,11.5135771580091,15.8258992584975));
#4422=CARTESIAN_POINT('Ctrl Pts',(7.58040610001794,11.5114769920189,15.9972593992721));
#4423=CARTESIAN_POINT('Ctrl Pts',(7.58267782935259,11.5092052626842,16.1688400580632));
#4424=CARTESIAN_POINT('Ctrl Pts',(7.58511924544831,11.5067638465885,16.3406353256557));
#4425=CARTESIAN_POINT('Ctrl Pts',(7.58772846702363,11.5041546250132,16.5126393218346));
#4426=CARTESIAN_POINT('Ctrl Pts',(7.59050361530099,11.5013794767358,16.684846197811));
#4427=CARTESIAN_POINT('Ctrl Pts',(7.59344281929261,11.4984402727442,16.8572501372535));
#4428=CARTESIAN_POINT('Ctrl Pts',(7.59654422197274,11.495338870064,17.0298453579176));
#4429=CARTESIAN_POINT('Ctrl Pts',(7.59980598581978,11.492077106217,17.2026261129461));
#4430=CARTESIAN_POINT('Ctrl Pts',(7.60322629922927,11.4886567928075,17.375586692488));
#4431=CARTESIAN_POINT('Ctrl Pts',(7.60680338074517,11.4850797112916,17.5487214246485));
#4432=CARTESIAN_POINT('Ctrl Pts',(7.61053547324556,11.4813476187912,17.722024673486));
#4433=CARTESIAN_POINT('Ctrl Pts',(7.61442083945224,11.4774622525845,17.8954908373981));
#4434=CARTESIAN_POINT('Ctrl Pts',(7.61845775695766,11.4734253350791,18.0691143473596));
#4435=CARTESIAN_POINT('Ctrl Pts',(7.62264451338612,11.4692385786507,18.2428896652196));
#4436=CARTESIAN_POINT('Ctrl Pts',(7.62697940166538,11.4649036903714,18.4168112819839));
#4437=CARTESIAN_POINT('Ctrl Pts',(7.63146071480229,11.4604223772345,18.5908737160751));
#4438=CARTESIAN_POINT('Ctrl Pts',(7.63608674638768,11.4557963456491,18.7650715119577));
#4439=CARTESIAN_POINT('Ctrl Pts',(7.64085579181886,11.4510273002179,18.9393992388076));
#4440=CARTESIAN_POINT('Ctrl Pts',(7.64576614927982,11.446116942757,19.1138514891749));
#4441=CARTESIAN_POINT('Ctrl Pts',(7.65081612079408,11.4410669712427,19.288422877627));
#4442=CARTESIAN_POINT('Ctrl Pts',(7.65600401331459,11.4358790787222,19.4631080394539));
#4443=CARTESIAN_POINT('Ctrl Pts',(7.66132813962762,11.4305549524092,19.637901629216));
#4444=CARTESIAN_POINT('Ctrl Pts',(7.66678682005417,11.4250962719826,19.8127983199063));
#4445=CARTESIAN_POINT('Ctrl Pts',(7.67237838483638,11.4195047072004,19.987792802622));
#4446=CARTESIAN_POINT('Ctrl Pts',(7.67810117630759,11.4137819157292,20.1628797860911));
#4447=CARTESIAN_POINT('Ctrl Pts',(7.68395355119729,11.4079295408395,20.3380539962569));
#4448=CARTESIAN_POINT('Ctrl Pts',(7.68993388277244,11.4019492092643,20.5133101758446));
#4449=CARTESIAN_POINT('Ctrl Pts',(7.69604056330252,11.3958425287343,20.6886430839189));
#4450=CARTESIAN_POINT('Ctrl Pts',(7.70227200562321,11.3896110864136,20.8640474954954));
#4451=CARTESIAN_POINT('Ctrl Pts',(7.70862664042081,11.383256451616,21.0395182014117));
#4452=CARTESIAN_POINT('Ctrl Pts',(7.71510291407559,11.3767801779612,21.2150500081771));
#4453=CARTESIAN_POINT('Ctrl Pts',(7.7216992863101,11.3701838057267,21.3906377378042));
#4454=CARTESIAN_POINT('Ctrl Pts',(7.72841422787041,11.3634688641664,21.5662762277082));
#4455=CARTESIAN_POINT('Ctrl Pts',(7.73524621831133,11.3566368737255,21.7419603304367));
#4456=CARTESIAN_POINT('Ctrl Pts',(7.74219374342861,11.3496893486082,21.9176849138411));
#4457=CARTESIAN_POINT('Ctrl Pts',(7.74925529525208,11.3426277967847,22.0934448581474));
#4458=CARTESIAN_POINT('Ctrl Pts',(7.75642937264185,11.3354537193949,22.2692350522654));
#4459=CARTESIAN_POINT('Ctrl Pts',(7.76371448168818,11.3281686103486,22.4450503904126));
#4460=CARTESIAN_POINT('Ctrl Pts',(7.77110913617131,11.3207739558655,22.6208857684843));
#4461=CARTESIAN_POINT('Ctrl Pts',(7.77861185804754,11.3132712339892,22.796736080816));
#4462=CARTESIAN_POINT('Ctrl Pts',(7.78622117779704,11.3056619142397,22.9725962160857));
#4463=CARTESIAN_POINT('Ctrl Pts',(7.79393563528364,11.2979474567531,23.1484610560458));
#4464=CARTESIAN_POINT('Ctrl Pts',(7.8017537813952,11.2901293106416,23.3243254784753));
#4465=CARTESIAN_POINT('Ctrl Pts',(7.80967417949623,11.2822089125406,23.5001843591241));
#4466=CARTESIAN_POINT('Ctrl Pts',(7.81769540695846,11.2741876850783,23.6760325740648));
#4467=CARTESIAN_POINT('Ctrl Pts',(7.82581605665348,11.2660670353833,23.8518650018695));
#4468=CARTESIAN_POINT('Ctrl Pts',(7.83403473847281,11.257848353564,24.027676525864));
#4469=CARTESIAN_POINT('Ctrl Pts',(7.84235008080736,11.2495330112294,24.2034620363422));
#4470=CARTESIAN_POINT('Ctrl Pts',(7.85076072718798,11.2411223648488,24.3792164302143));
#4471=CARTESIAN_POINT('Ctrl Pts',(7.85926533290846,11.2326177591283,24.5549346107025));
#4472=CARTESIAN_POINT('Ctrl Pts',(7.86786256173923,11.2240205302976,24.7306114869425));
#4473=CARTESIAN_POINT('Ctrl Pts',(7.87655108241263,11.2153320096242,24.9062419737985));
#4474=CARTESIAN_POINT('Ctrl Pts',(7.88532956565002,11.2065535263868,25.0818209911817));
#4475=CARTESIAN_POINT('Ctrl Pts',(7.89419667984019,11.1976864121966,25.2573434646015));
#4476=CARTESIAN_POINT('Ctrl Pts',(7.90315109251573,11.1887319995211,25.4328043204117));
#4477=CARTESIAN_POINT('Ctrl Pts',(7.91219147549109,11.1796916165457,25.6081984776713));
#4478=CARTESIAN_POINT('Ctrl Pts',(7.92131650884998,11.1705665831868,25.7835208411278));
#4479=CARTESIAN_POINT('Ctrl Pts',(7.93052488550945,11.1613582065273,25.9587662935124));
#4480=CARTESIAN_POINT('Ctrl Pts',(7.93981531530324,11.1520677767336,26.1339296886492));
#4481=CARTESIAN_POINT('Ctrl Pts',(7.9491865298325,11.1426965622043,26.3090058429674));
#4482=CARTESIAN_POINT('Ctrl Pts',(7.95863728525753,11.1332458067793,26.4839895315459));
#4483=CARTESIAN_POINT('Ctrl Pts',(7.96816635766996,11.1237167343668,26.6588755006428));
#4484=CARTESIAN_POINT('Ctrl Pts',(7.97777253960717,11.1141105524296,26.8336584777181));
#4485=CARTESIAN_POINT('Ctrl Pts',(7.98745463615153,11.1044284558853,27.0083331822897));
#4486=CARTESIAN_POINT('Ctrl Pts',(7.99721146113395,11.0946716309028,27.1828943367742));
#4487=CARTESIAN_POINT('Ctrl Pts',(8.00704183346383,11.084841258573,27.3573366765343));
#4488=CARTESIAN_POINT('Ctrl Pts',(8.01694457295118,11.0749385190856,27.5316549623897));
#4489=CARTESIAN_POINT('Ctrl Pts',(8.02691850101212,11.0649645910247,27.7058439701167));
#4490=CARTESIAN_POINT('Ctrl Pts',(8.036962442165,11.0549206498718,27.8798984761365));
#4491=CARTESIAN_POINT('Ctrl Pts',(8.04707522523858,11.0448078667982,28.0538132447886));
#4492=CARTESIAN_POINT('Ctrl Pts',(8.0572556847237,11.0346274073131,28.2275830143847));
#4493=CARTESIAN_POINT('Ctrl Pts',(8.06750266201141,11.0243804300254,28.4012024850709));
#4494=CARTESIAN_POINT('Ctrl Pts',(8.07781500680861,11.0140680852282,28.5746663027327));
#4495=CARTESIAN_POINT('Ctrl Pts',(8.08819157796412,11.0036915140727,28.7479690573469));
#4496=CARTESIAN_POINT('Ctrl Pts',(8.09863124375369,10.9932518482831,28.9211052952055));
#4497=CARTESIAN_POINT('Ctrl Pts',(8.10913288229565,10.9827502097411,29.0940695272419));
#4498=CARTESIAN_POINT('Ctrl Pts',(8.11969538195009,10.9721877100867,29.2668562391676));
#4499=CARTESIAN_POINT('Ctrl Pts',(8.13031764164027,10.9615654503965,29.4394599003345));
#4500=CARTESIAN_POINT('Ctrl Pts',(8.14099857141078,10.950884520626,29.6118749743363));
#4501=CARTESIAN_POINT('Ctrl Pts',(8.15173709226712,10.9401459997697,29.7840959252459));
#4502=CARTESIAN_POINT('Ctrl Pts',(8.162532132912,10.9293509591248,29.9561172056641));
#4503=CARTESIAN_POINT('Ctrl Pts',(8.17338262691003,10.9185004651268,30.127933247315));
#4504=CARTESIAN_POINT('Ctrl Pts',(8.18428750971547,10.9075955823213,30.2995384507098));
#4505=CARTESIAN_POINT('Ctrl Pts',(8.19524571568958,10.8966373763472,30.4709271750703));
#4506=CARTESIAN_POINT('Ctrl Pts',(8.20625617528453,10.8856269167523,30.6420937284625));
#4507=CARTESIAN_POINT('Ctrl Pts',(8.21731781171497,10.8745652803218,30.8130323569656));
#4508=CARTESIAN_POINT('Ctrl Pts',(8.2284295464122,10.8634535456246,30.9837372510882));
#4509=CARTESIAN_POINT('Ctrl Pts',(8.23959030520848,10.8522927868283,31.1542025535668));
#4510=CARTESIAN_POINT('Ctrl Pts',(8.2507990241019,10.8410840679349,31.3244223664793));
#4511=CARTESIAN_POINT('Ctrl Pts',(8.26205465554882,10.829828436488,31.4943907590615));
#4512=CARTESIAN_POINT('Ctrl Pts',(8.27335617371093,10.8185269183259,31.6641017742527));
#4513=CARTESIAN_POINT('Ctrl Pts',(8.28470258224677,10.80718050979,31.8335494382652));
#4514=CARTESIAN_POINT('Ctrl Pts',(8.29609290906215,10.7957901829746,32.0027277547337));
#4515=CARTESIAN_POINT('Ctrl Pts',(8.3075261956042,10.7843568964326,32.1716306924317));
#4516=CARTESIAN_POINT('Ctrl Pts',(8.31900148811915,10.7728816039176,32.3402521752826));
#4517=CARTESIAN_POINT('Ctrl Pts',(8.33051782764328,10.7613652643935,32.5085860709281));
#4518=CARTESIAN_POINT('Ctrl Pts',(8.34207424158035,10.7498088504564,32.6766261810457));
#4519=CARTESIAN_POINT('Ctrl Pts',(8.35366973200677,10.73821336003,32.8443662281049));
#4520=CARTESIAN_POINT('Ctrl Pts',(8.36530327608415,10.7265798159526,33.01179985527));
#4521=CARTESIAN_POINT('Ctrl Pts',(8.37697383713776,10.714909254899,33.1789206379285));
#4522=CARTESIAN_POINT('Ctrl Pts',(8.38868037257403,10.7032027194628,33.345722091701));
#4523=CARTESIAN_POINT('Ctrl Pts',(8.40042184347326,10.6914612485635,33.5121976824638));
#4524=CARTESIAN_POINT('Ctrl Pts',(8.41219722258726,10.6796858694495,33.67834083419));
#4525=CARTESIAN_POINT('Ctrl Pts',(8.42400550516989,10.6678775868669,33.844144940956));
#4526=CARTESIAN_POINT('Ctrl Pts',(8.43584571079466,10.6560373812421,34.0096033654207));
#4527=CARTESIAN_POINT('Ctrl Pts',(8.44771687282767,10.6441662192091,34.1747094185967));
#4528=CARTESIAN_POINT('Ctrl Pts',(8.45961803103732,10.6322650609995,34.3394563445121));
#4529=CARTESIAN_POINT('Ctrl Pts',(8.47154822269238,10.6203348693444,34.5038373022392));
#4530=CARTESIAN_POINT('Ctrl Pts',(8.48350647486575,10.608376617171,34.6678453505556));
#4531=CARTESIAN_POINT('Ctrl Pts',(8.49549179485824,10.5963912971785,34.8314734277985));
#4532=CARTESIAN_POINT('Ctrl Pts',(8.50750316619134,10.5843799258454,34.9947143466717));
#4533=CARTESIAN_POINT('Ctrl Pts',(8.51953955339695,10.5723435386398,35.1575608132476));
#4534=CARTESIAN_POINT('Ctrl Pts',(8.53159990479184,10.5602831872449,35.3200054399963));
#4535=CARTESIAN_POINT('Ctrl Pts',(8.54368315602716,10.5481999360096,35.4820407620158));
#4536=CARTESIAN_POINT('Ctrl Pts',(8.55578823338899,10.5360948586478,35.643659250054));
#4537=CARTESIAN_POINT('Ctrl Pts',(8.56791405700244,10.5239690350343,35.8048533294093));
#4538=CARTESIAN_POINT('Ctrl Pts',(8.5800595448444,10.5118235471924,35.9656153798657));
#4539=CARTESIAN_POINT('Ctrl Pts',(8.59222361816819,10.4996594738686,36.1259377100877));
#4540=CARTESIAN_POINT('Ctrl Pts',(8.60440520630419,10.4874778857326,36.2858125386706));
#4541=CARTESIAN_POINT('Ctrl Pts',(8.61660325229258,10.4752798397442,36.4452319717419));
#4542=CARTESIAN_POINT('Ctrl Pts',(8.62881671682167,10.4630663752151,36.6041879837773));
#4543=CARTESIAN_POINT('Ctrl Pts',(8.64104458623052,10.4508385058063,36.762672392697));
#4544=CARTESIAN_POINT('Ctrl Pts',(8.65328586442424,10.4385972276125,36.920676856018));
#4545=CARTESIAN_POINT('Ctrl Pts',(8.6655395519397,10.4263435400971,37.0781928834202));
#4546=CARTESIAN_POINT('Ctrl Pts',(8.67780462906547,10.4140784629713,37.2352118443974));
#4547=CARTESIAN_POINT('Ctrl Pts',(8.69008003651595,10.4018030555208,37.3917249783663));
#4548=CARTESIAN_POINT('Ctrl Pts',(8.70236465896634,10.3895184330704,37.5477234026966));
#4549=CARTESIAN_POINT('Ctrl Pts',(8.71465730264655,10.3772257893902,37.7031981242946));
#4550=CARTESIAN_POINT('Ctrl Pts',(8.72695670956379,10.364926382473,37.8581400303666));
#4551=CARTESIAN_POINT('Ctrl Pts',(8.7392615812528,10.352621510784,38.0125398737677));
#4552=CARTESIAN_POINT('Ctrl Pts',(8.75157059954054,10.3403124924963,38.1663882601424));
#4553=CARTESIAN_POINT('Ctrl Pts',(8.76388244803773,10.3280006439991,38.3196756343876));
#4554=CARTESIAN_POINT('Ctrl Pts',(8.77619583455816,10.3156872574786,38.4723922672275));
#4555=CARTESIAN_POINT('Ctrl Pts',(8.78850950953379,10.303373582503,38.6245282422496));
#4556=CARTESIAN_POINT('Ctrl Pts',(8.80082224465522,10.2910608473816,38.7760734485085));
#4557=CARTESIAN_POINT('Ctrl Pts',(8.81313281526161,10.2787502767752,38.9270175726382));
#4558=CARTESIAN_POINT('Ctrl Pts',(8.82543998058459,10.2664431114522,39.0773500911496));
#4559=CARTESIAN_POINT('Ctrl Pts',(8.83774246653321,10.2541406255036,39.2270602626482));
#4560=CARTESIAN_POINT('Ctrl Pts',(8.85003894334434,10.2418441486925,39.3761371200789));
#4561=CARTESIAN_POINT('Ctrl Pts',(8.8623280223852,10.2295550696516,39.5245694629685));
#4562=CARTESIAN_POINT('Ctrl Pts',(8.87460826867659,10.2172748233602,39.672345849658));
#4563=CARTESIAN_POINT('Ctrl Pts',(8.88687820908877,10.205004882948,39.8194545895692));
#4564=CARTESIAN_POINT('Ctrl Pts',(8.89913634202699,10.1927467500098,39.9658837353799));
#4565=CARTESIAN_POINT('Ctrl Pts',(8.91138114715386,10.1805019448829,40.1116210754086));
#4566=CARTESIAN_POINT('Ctrl Pts',(8.92361109313102,10.1682719989058,40.2566541254112));
#4567=CARTESIAN_POINT('Ctrl Pts',(8.93582462219002,10.1560584698468,40.4009701152692));
#4568=CARTESIAN_POINT('Ctrl Pts',(8.94802013696898,10.1438629550678,40.5445559758607));
#4569=CARTESIAN_POINT('Ctrl Pts',(8.9601959858117,10.1316871062251,40.6873983263208));
#4570=CARTESIAN_POINT('Ctrl Pts',(8.97235045025814,10.1195326417787,40.829483460069));
#4571=CARTESIAN_POINT('Ctrl Pts',(8.98448172760775,10.107401364429,40.9707973341123));
#4572=CARTESIAN_POINT('Ctrl Pts',(8.99658794486936,10.0952951471674,41.1113255368086));
#4573=CARTESIAN_POINT('Ctrl Pts',(9.00866717965956,10.0832159123772,41.2510532509329));
#4574=CARTESIAN_POINT('Ctrl Pts',(9.02071748037059,10.0711656116662,41.3899652170203));
#4575=CARTESIAN_POINT('Ctrl Pts',(9.03273688297875,10.059146209058,41.5280456995423));
#4576=CARTESIAN_POINT('Ctrl Pts',(9.0447234384525,10.0471596535843,41.6652784444901));
#4577=CARTESIAN_POINT('Ctrl Pts',(9.05667519284252,10.0352078991943,41.8016466746209));
#4578=CARTESIAN_POINT('Ctrl Pts',(9.06859014011099,10.0232929519258,41.9371331048391));
#4579=CARTESIAN_POINT('Ctrl Pts',(9.08046618043953,10.0114169115973,42.0717199561481));
#4580=CARTESIAN_POINT('Ctrl Pts',(9.09230108246547,9.99958200957131,42.205388959805));
#4581=CARTESIAN_POINT('Ctrl Pts',(9.10409242844788,9.98779066358891,42.3381213914356));
#4582=CARTESIAN_POINT('Ctrl Pts',(9.11583763571043,9.97604545632635,42.4698979770259));
#4583=CARTESIAN_POINT('Ctrl Pts',(9.12753402759959,9.9643490644372,42.6006987172844));
#4584=CARTESIAN_POINT('Ctrl Pts',(9.13917889402363,9.95270419801316,42.7305027276086));
#4585=CARTESIAN_POINT('Ctrl Pts',(9.15076954668887,9.94111354534792,42.8592880908118));
#4586=CARTESIAN_POINT('Ctrl Pts',(9.16230340110815,9.92957969092864,42.9870316553285));
#4587=CARTESIAN_POINT('Ctrl Pts',(9.17377789679465,9.91810519524213,43.1137091584647));
#4588=CARTESIAN_POINT('Ctrl Pts',(9.18519035777608,9.9066927342607,43.2392954707592));
#4589=CARTESIAN_POINT('Ctrl Pts',(9.19653787466649,9.89534521737029,43.3637647939435));
#4590=CARTESIAN_POINT('Ctrl Pts',(9.20781717343375,9.88406591860303,43.4870908929638));
#4591=CARTESIAN_POINT('Ctrl Pts',(9.21902450133502,9.87285859070176,43.6092472744521));
#4592=CARTESIAN_POINT('Ctrl Pts',(9.23015582053728,9.86172727149951,43.7302063688245));
#4593=CARTESIAN_POINT('Ctrl Pts',(9.24120700996912,9.85067608206766,43.8499386752132));
#4594=CARTESIAN_POINT('Ctrl Pts',(9.25217403023962,9.83970906179717,43.9684120521792));
#4595=CARTESIAN_POINT('Ctrl Pts',(9.26305318615962,9.82882990587717,44.0855906268858));
#4596=CARTESIAN_POINT('Ctrl Pts',(9.27384100861604,9.81804208342075,44.2014351959234));
#4597=CARTESIAN_POINT('Ctrl Pts',(9.28453377107231,9.80734932096448,44.3159050897279));
#4598=CARTESIAN_POINT('Ctrl Pts',(9.29512714161593,9.79675595042086,44.4289594492578));
#4599=CARTESIAN_POINT('Ctrl Pts',(9.30561570377559,9.78626738826119,44.5405591472626));
#4600=CARTESIAN_POINT('Ctrl Pts',(9.31599276534563,9.77589032669116,44.6506671964865));
#4601=CARTESIAN_POINT('Ctrl Pts',(9.32625127270049,9.76563181933629,44.7592432440067));
#4602=CARTESIAN_POINT('Ctrl Pts',(9.33638452232719,9.7554985697096,44.8662391564289));
#4603=CARTESIAN_POINT('Ctrl Pts',(9.34638703288747,9.74549605914932,44.9715937365038));
#4604=CARTESIAN_POINT('Ctrl Pts',(9.35625510890877,9.73562798312802,45.0752291211208));
#4605=CARTESIAN_POINT('Ctrl Pts',(9.36598452009926,9.72589857193753,45.1770632712132));
#4606=CARTESIAN_POINT('Ctrl Pts',(9.37556863266402,9.71631445937277,45.2770198030101));
#4607=CARTESIAN_POINT('Ctrl Pts',(9.38499593838653,9.70688715365027,45.3750415166659));
#4608=CARTESIAN_POINT('Ctrl Pts',(9.3942492330395,9.69763385899729,45.4710936762376));
#4609=CARTESIAN_POINT('Ctrl Pts',(9.40331206660066,9.68857102543613,45.5651224009532));
#4610=CARTESIAN_POINT('Ctrl Pts',(9.41217244890178,9.67971064313501,45.6570297177911));
#4611=CARTESIAN_POINT('Ctrl Pts',(9.42083110266207,9.67105198937471,45.7466212935768));
#4612=CARTESIAN_POINT('Ctrl Pts',(9.429292927798,9.66259016423879,45.833654431909));
#4613=CARTESIAN_POINT('Ctrl Pts',(9.43755174570864,9.65433134632814,45.9179249820437));
#4614=CARTESIAN_POINT('Ctrl Pts',(9.44557102397603,9.64631206806075,45.9993805510196));
#4615=CARTESIAN_POINT('Ctrl Pts',(9.45328314850267,9.63859994353412,46.0781165052427));
#4616=CARTESIAN_POINT('Ctrl Pts',(9.4606329366534,9.63125015538339,46.154091652204));
#4617=CARTESIAN_POINT('Ctrl Pts',(9.46763108988965,9.62425200214714,46.2267834765772));
#4618=CARTESIAN_POINT('Ctrl Pts',(9.47435976972784,9.61752332230896,46.2951371945393));
#4619=CARTESIAN_POINT('Ctrl Pts',(9.48083992748863,9.61104316454816,46.3583025011159));
#4620=CARTESIAN_POINT('Ctrl Pts',(9.48683908584013,9.60504400619666,46.4167934806866));
#4621=CARTESIAN_POINT('Ctrl Pts',(9.49197033110953,9.59991276092726,46.4716641280734));
#4622=CARTESIAN_POINT('Ctrl Pts',(9.49619915559127,9.59568393644551,46.5208751081018));
#4623=CARTESIAN_POINT('Ctrl Pts',(9.49937003453794,9.59251305749885,46.5498061180882));
#4624=CARTESIAN_POINT('Ctrl Pts',(9.5018676277229,9.59001546431388,46.5631224094972));
#4625=CARTESIAN_POINT('Ctrl Pts',(9.5035809496367,9.58830214240009,46.5683221371145));
#4626=CARTESIAN_POINT('Ctrl Pts',(9.50444993431192,9.58743315772487,46.57));
#4627=CARTESIAN_POINT('Origin',(9.54348336771654,9.54839972432024,23.2839203476171));
#4628=CARTESIAN_POINT('Origin',(0.,0.,0.));
#4629=CARTESIAN_POINT('',(-7.5,-9.18485099360515E-16,50.));
#4630=CARTESIAN_POINT('Origin',(0.,0.,50.));
#4631=CARTESIAN_POINT('',(-7.5,-9.18485099360515E-16,0.));
#4632=CARTESIAN_POINT('',(-7.5,-9.18485099360515E-16,0.));
#4633=CARTESIAN_POINT('Origin',(0.,0.,0.));
#4634=CARTESIAN_POINT('Origin',(0.,0.,50.));
#4635=CARTESIAN_POINT('Origin',(0.,0.,0.));
#4636=UNCERTAINTY_MEASURE_WITH_UNIT(LENGTH_MEASURE(0.01),#4640,
'DISTANCE_ACCURACY_VALUE',
'Maximum model space distance between geometric entities at asserted c
onnectivities');
#4637=UNCERTAINTY_MEASURE_WITH_UNIT(LENGTH_MEASURE(0.01),#4640,
'DISTANCE_ACCURACY_VALUE',
'Maximum model space distance between geometric entities at asserted c
onnectivities');
#4638=(
GEOMETRIC_REPRESENTATION_CONTEXT(3)
GLOBAL_UNCERTAINTY_ASSIGNED_CONTEXT((#4636))
GLOBAL_UNIT_ASSIGNED_CONTEXT((#4640,#4642,#4643))
REPRESENTATION_CONTEXT('','3D')
);
#4639=(
GEOMETRIC_REPRESENTATION_CONTEXT(3)
GLOBAL_UNCERTAINTY_ASSIGNED_CONTEXT((#4637))
GLOBAL_UNIT_ASSIGNED_CONTEXT((#4640,#4642,#4643))
REPRESENTATION_CONTEXT('','3D')
);
#4640=(
LENGTH_UNIT()
NAMED_UNIT(*)
SI_UNIT(.MILLI.,.METRE.)
);
#4641=(
LENGTH_UNIT()
NAMED_UNIT(*)
SI_UNIT($,.METRE.)
);
#4642=(
NAMED_UNIT(*)
PLANE_ANGLE_UNIT()
SI_UNIT($,.RADIAN.)
);
#4643=(
NAMED_UNIT(*)
SI_UNIT($,.STERADIAN.)
SOLID_ANGLE_UNIT()
);
#4644=SHAPE_DEFINITION_REPRESENTATION(#4645,#4646);
#4645=PRODUCT_DEFINITION_SHAPE('',$,#4648);
#4646=SHAPE_REPRESENTATION('',(#279),#4638);
#4647=PRODUCT_DEFINITION_CONTEXT('part definition',#4652,'design');
#4648=PRODUCT_DEFINITION('2025-11-22-14-18-42-749','Tail box',#4649,#4647);
#4649=PRODUCT_DEFINITION_FORMATION('',$,#4654);
#4650=PRODUCT_RELATED_PRODUCT_CATEGORY('Tail box','Tail box',(#4654));
#4651=APPLICATION_PROTOCOL_DEFINITION('international standard',
'automotive_design',2009,#4652);
#4652=APPLICATION_CONTEXT(
'Core Data for Automotive Mechanical Design Process');
#4653=PRODUCT_CONTEXT('part definition',#4652,'mechanical');
#4654=PRODUCT('2025-11-22-14-18-42-749','Tail box',$,(#4653));
#4655=PRESENTATION_STYLE_ASSIGNMENT((#4656));
#4656=SURFACE_STYLE_USAGE(.BOTH.,#4657);
#4657=SURFACE_SIDE_STYLE('',(#4658));
#4658=SURFACE_STYLE_FILL_AREA(#4659);
#4659=FILL_AREA_STYLE('Steel - Satin',(#4660));
#4660=FILL_AREA_STYLE_COLOUR('Steel - Satin',#4661);
#4661=COLOUR_RGB('Steel - Satin',0.627450980392157,0.627450980392157,0.627450980392157);
ENDSEC;
END-ISO-10303-21;
