ISO-10303-21;
HEADER;
/* Generated by software containing ST-Developer
 * from STEP Tools, Inc. (www.steptools.com) 
 */

FILE_DESCRIPTION(
/* description */ (''),
/* implementation_level */ '2;1');

FILE_NAME(
/* name */ 'Fuselage.step',
/* time_stamp */ '2025-12-06T21:58:07-08:00',
/* author */ (''),
/* organization */ (''),
/* preprocessor_version */ 'ST-DEVELOPER v20.1',
/* originating_system */ 'Autodesk Translation Framework v14.21.0.0',
/* authorisation */ '');

FILE_SCHEMA (('AUTOMOTIVE_DESIGN { 1 0 10303 214 3 1 1 }'));
ENDSEC;

DATA;
#10=MECHANICAL_DESIGN_GEOMETRIC_PRESENTATION_REPRESENTATION('',(#13,#14),
#6967);
#11=SHAPE_REPRESENTATION_RELATIONSHIP('SRR','None',#6974,#12);
#12=ADVANCED_BREP_SHAPE_REPRESENTATION('',(#15,#16),#6966);
#13=STYLED_ITEM('',(#6983),#15);
#14=STYLED_ITEM('',(#6983),#16);
#15=MANIFOLD_SOLID_BREP('Main fusleage',#3900);
#16=MANIFOLD_SOLID_BREP('Motor ring',#3901);
#17=CYLINDRICAL_SURFACE('',#4127,7.7765);
#18=CYLINDRICAL_SURFACE('',#4133,7.7765);
#19=CYLINDRICAL_SURFACE('',#4387,32.5);
#20=CYLINDRICAL_SURFACE('',#4390,35.);
#21=CYLINDRICAL_SURFACE('',#4399,32.5);
#22=CYLINDRICAL_SURFACE('',#4403,35.);
#23=CYLINDRICAL_SURFACE('',#4416,32.5);
#24=CYLINDRICAL_SURFACE('',#4420,32.5);
#25=CYLINDRICAL_SURFACE('',#4421,37.5);
#26=FACE_BOUND('',#573,.T.);
#27=FACE_BOUND('',#574,.T.);
#28=FACE_BOUND('',#729,.T.);
#29=FACE_BOUND('',#730,.T.);
#30=FACE_BOUND('',#764,.T.);
#31=FACE_BOUND('',#778,.T.);
#32=CIRCLE('',#3924,47.5);
#33=CIRCLE('',#3927,47.5);
#34=CIRCLE('',#3935,35.);
#35=CIRCLE('',#3940,35.);
#36=CIRCLE('',#4047,35.);
#37=CIRCLE('',#4054,47.5);
#38=CIRCLE('',#4057,47.5);
#39=CIRCLE('',#4073,35.);
#40=CIRCLE('',#4128,7.7765);
#41=CIRCLE('',#4129,7.7765);
#42=CIRCLE('',#4134,7.7765);
#43=CIRCLE('',#4135,7.7765);
#44=CIRCLE('',#4225,35.);
#45=CIRCLE('',#4229,47.5);
#46=CIRCLE('',#4230,47.5);
#47=CIRCLE('',#4235,35.);
#48=CIRCLE('',#4340,35.);
#49=CIRCLE('',#4341,35.);
#50=CIRCLE('',#4342,47.5);
#51=CIRCLE('',#4343,47.5);
#52=CIRCLE('',#4351,50.);
#53=CIRCLE('',#4352,50.);
#54=CIRCLE('',#4353,50.);
#55=CIRCLE('',#4354,50.);
#56=CIRCLE('',#4355,50.);
#57=CIRCLE('',#4356,50.);
#58=CIRCLE('',#4357,50.);
#59=CIRCLE('',#4358,50.);
#60=CIRCLE('',#4359,50.);
#61=CIRCLE('',#4365,37.5);
#62=CIRCLE('',#4367,37.5);
#63=CIRCLE('',#4371,37.5);
#64=CIRCLE('',#4373,37.5);
#65=CIRCLE('',#4375,37.5);
#66=CIRCLE('',#4388,32.5);
#67=CIRCLE('',#4389,32.5);
#68=CIRCLE('',#4391,35.);
#69=CIRCLE('',#4392,35.);
#70=CIRCLE('',#4395,37.5);
#71=CIRCLE('',#4396,35.);
#72=CIRCLE('',#4398,32.5);
#73=CIRCLE('',#4400,32.5);
#74=CIRCLE('',#4402,35.);
#75=CIRCLE('',#4413,37.5);
#76=CIRCLE('',#4414,32.5);
#77=CIRCLE('',#4415,32.5);
#78=CIRCLE('',#4417,32.5);
#79=CIRCLE('',#4419,32.5);
#80=ELLIPSE('',#3922,67.5516481391061,47.6017364828088);
#81=ELLIPSE('',#3923,67.5349495799453,47.5899694803046);
#82=ELLIPSE('',#3925,67.5516481391062,47.6017364828088);
#83=ELLIPSE('',#3926,67.5516481391061,47.6017364828088);
#84=ELLIPSE('',#3928,67.5349495799453,47.5899694803046);
#85=ELLIPSE('',#3929,67.5516481391062,47.6017364828088);
#86=ELLIPSE('',#3930,61.6311173706195,43.429705847827);
#87=ELLIPSE('',#3931,61.6478159297803,43.4414728503312);
#88=ELLIPSE('',#3932,55.7272851612936,39.2694422153494);
#89=ELLIPSE('',#3933,55.7439837204545,39.2812092178536);
#90=ELLIPSE('',#3934,49.8234529519678,35.1091785828718);
#91=ELLIPSE('',#3936,49.8401515111286,35.120945585376);
#92=ELLIPSE('',#3937,55.7272851612937,39.2694422153494);
#93=ELLIPSE('',#3938,55.7272851612936,39.2694422153494);
#94=ELLIPSE('',#3939,49.8401515111287,35.120945585376);
#95=ELLIPSE('',#3941,49.8234529519678,35.1091785828718);
#96=ELLIPSE('',#3942,55.7439837204545,39.2812092178536);
#97=ELLIPSE('',#3943,55.7272851612937,39.2694422153494);
#98=ELLIPSE('',#3944,61.6478159297803,43.4414728503312);
#99=ELLIPSE('',#3945,61.6311173706194,43.429705847827);
#100=ELLIPSE('',#3946,55.7439837204545,39.2812092178536);
#101=ELLIPSE('',#3947,55.7439837204545,39.2812092178536);
#102=ELLIPSE('',#3948,61.6311173706195,43.429705847827);
#103=ELLIPSE('',#3949,61.6311173706195,43.429705847827);
#104=ELLIPSE('',#3950,61.6478159297803,43.4414728503312);
#105=ELLIPSE('',#3951,61.6478159297803,43.4414728503312);
#106=ELLIPSE('',#3952,67.5349495799453,47.5899694803046);
#107=ELLIPSE('',#3953,67.5349495799453,47.5899694803046);
#108=ELLIPSE('',#3955,71.1116589613296,50.1103754531928);
#109=ELLIPSE('',#3957,71.0949604021688,50.0986084506886);
#110=ELLIPSE('',#3959,71.1116589613297,50.1103754531928);
#111=ELLIPSE('',#3961,71.1116589613296,50.1103754531928);
#112=ELLIPSE('',#3963,71.0949604021688,50.0986084506886);
#113=ELLIPSE('',#3965,71.1116589613297,50.1103754531928);
#114=ELLIPSE('',#3967,65.2078267520037,45.9501118207152);
#115=ELLIPSE('',#3969,71.0949604021688,50.0986084506886);
#116=ELLIPSE('',#3971,71.0949604021687,50.0986084506886);
#117=ELLIPSE('',#3973,65.2078267520038,45.9501118207152);
#118=ELLIPSE('',#3975,59.3039945426779,41.7898481882376);
#119=ELLIPSE('',#3977,65.191128192843,45.938344818211);
#120=ELLIPSE('',#3979,65.1911281928429,45.938344818211);
#121=ELLIPSE('',#3981,59.303994542678,41.7898481882376);
#122=ELLIPSE('',#3983,53.3834637741913,37.6178175532558);
#123=ELLIPSE('',#3985,53.3834637741913,37.6178175532558);
#124=ELLIPSE('',#3987,53.4001623333521,37.62958455576);
#125=ELLIPSE('',#3989,59.2872959835171,41.7780811857334);
#126=ELLIPSE('',#3991,53.4001623333521,37.62958455576);
#127=ELLIPSE('',#3993,59.2872959835171,41.7780811857334);
#128=ELLIPSE('',#3995,65.1911281928429,45.938344818211);
#129=ELLIPSE('',#3997,65.2078267520037,45.9501118207152);
#130=ELLIPSE('',#3999,65.2078267520038,45.9501118207152);
#131=ELLIPSE('',#4001,65.1911281928429,45.938344818211);
#132=ELLIPSE('',#4003,59.2872959835171,41.7780811857334);
#133=ELLIPSE('',#4005,59.3039945426779,41.7898481882376);
#134=ELLIPSE('',#4007,59.303994542678,41.7898481882376);
#135=ELLIPSE('',#4009,59.2872959835171,41.7780811857334);
#136=ELLIPSE('',#4020,61.6227680910391,43.4238223465749);
#137=ELLIPSE('',#4021,65.1827789132626,45.9324613169589);
#138=ELLIPSE('',#4023,59.3123438222583,41.7957316894897);
#139=ELLIPSE('',#4024,55.7523330000348,39.2870927191057);
#140=ELLIPSE('',#4026,53.3751144946109,37.6119340520037);
#141=ELLIPSE('',#4027,49.8151036723874,35.1032950816197);
#142=ELLIPSE('',#4029,59.2789467039368,41.7721976844813);
#143=ELLIPSE('',#4030,55.7189358817133,39.2635587140973);
#144=ELLIPSE('',#4032,55.7189358817133,39.2635587140973);
#145=ELLIPSE('',#4033,59.2789467039368,41.7721976844813);
#146=ELLIPSE('',#4035,53.4085116129325,37.6354680570121);
#147=ELLIPSE('',#4036,49.848500790709,35.1268290866281);
#148=ELLIPSE('',#4038,67.5266003003649,47.5840859790525);
#149=ELLIPSE('',#4039,71.0866111225885,50.0927249494365);
#150=ELLIPSE('',#4041,65.2161760315841,45.9559953219673);
#151=ELLIPSE('',#4042,61.6561652093606,43.4473563515833);
#152=ELLIPSE('',#4044,65.1827789132626,45.9324613169589);
#153=ELLIPSE('',#4045,61.6227680910391,43.4238223465749);
#154=ELLIPSE('',#4048,49.8318022315483,35.1150620841239);
#155=ELLIPSE('',#4050,61.6394666502,43.4355893490791);
#156=ELLIPSE('',#4051,61.6394666502,43.4355893490791);
#157=ELLIPSE('',#4052,67.5432988595258,47.5958529815567);
#158=ELLIPSE('',#4053,67.5432988595258,47.5958529815567);
#159=ELLIPSE('',#4055,67.5599974186865,47.6076199840609);
#160=ELLIPSE('',#4056,67.5432988595258,47.5958529815567);
#161=ELLIPSE('',#4058,67.5266003003649,47.5840859790525);
#162=ELLIPSE('',#4059,67.5599974186865,47.6076199840609);
#163=ELLIPSE('',#4060,67.5432988595258,47.5958529815567);
#164=ELLIPSE('',#4061,67.5266003003649,47.5840859790525);
#165=ELLIPSE('',#4062,61.6561652093607,43.4473563515833);
#166=ELLIPSE('',#4063,61.6394666502,43.4355893490791);
#167=ELLIPSE('',#4064,61.6561652093607,43.4473563515833);
#168=ELLIPSE('',#4065,61.6394666501999,43.4355893490791);
#169=ELLIPSE('',#4066,61.6227680910391,43.4238223465749);
#170=ELLIPSE('',#4067,55.7523330000348,39.2870927191057);
#171=ELLIPSE('',#4068,55.7356344408742,39.2753257166015);
#172=ELLIPSE('',#4069,55.7523330000348,39.2870927191057);
#173=ELLIPSE('',#4070,55.7356344408741,39.2753257166015);
#174=ELLIPSE('',#4071,55.7189358817133,39.2635587140973);
#175=ELLIPSE('',#4072,49.848500790709,35.1268290866281);
#176=ELLIPSE('',#4074,49.8318022315483,35.1150620841239);
#177=ELLIPSE('',#4075,55.7356344408742,39.2753257166015);
#178=ELLIPSE('',#4076,55.7356344408741,39.2753257166015);
#179=ELLIPSE('',#4078,65.1994774724235,45.9442283194631);
#180=ELLIPSE('',#4080,65.2161760315841,45.9559953219673);
#181=ELLIPSE('',#4082,71.1033096817493,50.1044919519407);
#182=ELLIPSE('',#4084,71.0866111225884,50.0927249494365);
#183=ELLIPSE('',#4086,59.2956452630976,41.7839646869855);
#184=ELLIPSE('',#4088,65.1994774724234,45.9442283194631);
#185=ELLIPSE('',#4090,65.1994774724235,45.9442283194631);
#186=ELLIPSE('',#4092,65.1994774724234,45.9442283194631);
#187=ELLIPSE('',#4094,59.3123438222583,41.7957316894897);
#188=ELLIPSE('',#4096,59.2956452630976,41.7839646869855);
#189=ELLIPSE('',#4098,59.2956452630976,41.7839646869855);
#190=ELLIPSE('',#4100,59.2789467039367,41.7721976844813);
#191=ELLIPSE('',#4102,53.4085116129325,37.6354680570121);
#192=ELLIPSE('',#4104,53.3918130537717,37.6237010545079);
#193=ELLIPSE('',#4106,71.1033096817493,50.1044919519407);
#194=ELLIPSE('',#4108,71.1200082409099,50.1162589544449);
#195=ELLIPSE('',#4110,71.12000824091,50.1162589544449);
#196=ELLIPSE('',#4112,71.0866111225884,50.0927249494365);
#197=ELLIPSE('',#4114,71.1033096817493,50.1044919519407);
#198=ELLIPSE('',#4116,71.1033096817493,50.1044919519407);
#199=ELLIPSE('',#4118,65.2161760315841,45.9559953219673);
#200=ELLIPSE('',#4120,65.1827789132626,45.9324613169589);
#201=ELLIPSE('',#4122,59.3123438222583,41.7957316894897);
#202=ELLIPSE('',#4124,59.2956452630976,41.7839646869855);
#203=ELLIPSE('',#4126,53.3918130537718,37.6237010545079);
#204=ELLIPSE('',#4139,49.8318022315483,35.1150620841239);
#205=ELLIPSE('',#4140,53.3918130537717,37.6237010545079);
#206=ELLIPSE('',#4142,49.8151036723874,35.1032950816197);
#207=ELLIPSE('',#4143,53.3751144946109,37.6119340520037);
#208=ELLIPSE('',#4145,55.7356344408741,39.2753257166015);
#209=ELLIPSE('',#4146,59.2956452630976,41.7839646869855);
#210=ELLIPSE('',#4148,55.7356344408742,39.2753257166015);
#211=ELLIPSE('',#4149,59.2956452630976,41.7839646869855);
#212=ELLIPSE('',#4151,49.848500790709,35.1268290866281);
#213=ELLIPSE('',#4152,53.4085116129325,37.6354680570121);
#214=ELLIPSE('',#4154,55.7189358817133,39.2635587140973);
#215=ELLIPSE('',#4155,59.2789467039368,41.7721976844813);
#216=ELLIPSE('',#4157,61.6394666502,43.4355893490791);
#217=ELLIPSE('',#4158,65.1994774724234,45.9442283194631);
#218=ELLIPSE('',#4160,61.6394666502,43.4355893490791);
#219=ELLIPSE('',#4161,65.1994774724235,45.9442283194631);
#220=ELLIPSE('',#4163,61.6561652093606,43.4473563515833);
#221=ELLIPSE('',#4164,65.2161760315841,45.9559953219673);
#222=ELLIPSE('',#4166,67.5432988595258,47.5958529815567);
#223=ELLIPSE('',#4167,71.1033096817493,50.1044919519407);
#224=ELLIPSE('',#4169,67.5266003003649,47.5840859790525);
#225=ELLIPSE('',#4170,71.0866111225884,50.0927249494365);
#226=ELLIPSE('',#4172,49.8318022315483,35.1150620841239);
#227=ELLIPSE('',#4173,53.3918130537718,37.6237010545079);
#228=ELLIPSE('',#4175,55.7356344408741,39.2753257166015);
#229=ELLIPSE('',#4176,59.2956452630976,41.7839646869855);
#230=ELLIPSE('',#4178,55.7189358817133,39.2635587140973);
#231=ELLIPSE('',#4179,59.2789467039367,41.7721976844813);
#232=ELLIPSE('',#4181,49.848500790709,35.1268290866281);
#233=ELLIPSE('',#4182,53.4085116129325,37.6354680570121);
#234=ELLIPSE('',#4184,55.7523330000348,39.2870927191057);
#235=ELLIPSE('',#4185,59.3123438222583,41.7957316894897);
#236=ELLIPSE('',#4187,61.6227680910391,43.4238223465749);
#237=ELLIPSE('',#4188,65.1827789132626,45.9324613169589);
#238=ELLIPSE('',#4190,55.7523330000348,39.2870927191057);
#239=ELLIPSE('',#4191,59.3123438222583,41.7957316894897);
#240=ELLIPSE('',#4193,61.6394666501999,43.4355893490791);
#241=ELLIPSE('',#4194,65.1994774724234,45.9442283194631);
#242=ELLIPSE('',#4196,55.7356344408742,39.2753257166015);
#243=ELLIPSE('',#4197,59.2956452630976,41.7839646869855);
#244=ELLIPSE('',#4199,61.6227680910391,43.4238223465749);
#245=ELLIPSE('',#4200,65.1827789132626,45.9324613169589);
#246=ELLIPSE('',#4202,67.5432988595258,47.5958529815567);
#247=ELLIPSE('',#4203,71.1033096817493,50.1044919519407);
#248=ELLIPSE('',#4205,67.5432988595258,47.5958529815567);
#249=ELLIPSE('',#4206,71.1033096817493,50.1044919519407);
#250=ELLIPSE('',#4208,67.5599974186865,47.6076199840609);
#251=ELLIPSE('',#4209,71.1200082409099,50.1162589544449);
#252=ELLIPSE('',#4211,67.5432988595258,47.5958529815567);
#253=ELLIPSE('',#4212,71.1033096817493,50.1044919519407);
#254=ELLIPSE('',#4214,67.5266003003649,47.5840859790525);
#255=ELLIPSE('',#4215,71.0866111225884,50.0927249494365);
#256=ELLIPSE('',#4217,61.6561652093607,43.4473563515833);
#257=ELLIPSE('',#4218,65.2161760315841,45.9559953219673);
#258=ELLIPSE('',#4220,61.6394666502,43.4355893490791);
#259=ELLIPSE('',#4221,65.1994774724235,45.9442283194631);
#260=ELLIPSE('',#4223,61.6227680910391,43.4238223465749);
#261=ELLIPSE('',#4224,55.7189358817133,39.2635587140973);
#262=ELLIPSE('',#4226,55.7523330000348,39.2870927191057);
#263=ELLIPSE('',#4227,61.6561652093607,43.4473563515833);
#264=ELLIPSE('',#4228,67.5599974186865,47.6076199840609);
#265=ELLIPSE('',#4231,67.5266003003649,47.5840859790525);
#266=ELLIPSE('',#4233,71.12000824091,50.1162589544449);
#267=ELLIPSE('',#4237,71.0866111225885,50.0927249494365);
#268=ELLIPSE('',#4239,59.2789467039368,41.7721976844813);
#269=ELLIPSE('',#4241,65.2161760315841,45.9559953219673);
#270=ELLIPSE('',#4243,59.3123438222583,41.7957316894897);
#271=ELLIPSE('',#4245,65.1827789132626,45.9324613169589);
#272=ELLIPSE('',#4256,49.8401515111287,35.120945585376);
#273=ELLIPSE('',#4257,53.4001623333521,37.62958455576);
#274=ELLIPSE('',#4259,55.7272851612936,39.2694422153494);
#275=ELLIPSE('',#4260,59.2872959835171,41.7780811857334);
#276=ELLIPSE('',#4262,49.8234529519678,35.1091785828718);
#277=ELLIPSE('',#4263,53.3834637741913,37.6178175532558);
#278=ELLIPSE('',#4265,61.6311173706195,43.429705847827);
#279=ELLIPSE('',#4266,65.1911281928429,45.938344818211);
#280=ELLIPSE('',#4268,55.7439837204545,39.2812092178536);
#281=ELLIPSE('',#4269,59.303994542678,41.7898481882376);
#282=ELLIPSE('',#4271,67.5349495799453,47.5899694803046);
#283=ELLIPSE('',#4272,71.0949604021687,50.0986084506886);
#284=ELLIPSE('',#4274,61.6478159297803,43.4414728503312);
#285=ELLIPSE('',#4275,65.2078267520038,45.9501118207152);
#286=ELLIPSE('',#4277,67.5516481391061,47.6017364828088);
#287=ELLIPSE('',#4278,71.1116589613296,50.1103754531928);
#288=ELLIPSE('',#4280,67.5516481391062,47.6017364828088);
#289=ELLIPSE('',#4281,71.1116589613297,50.1103754531928);
#290=ELLIPSE('',#4283,67.5516481391062,47.6017364828088);
#291=ELLIPSE('',#4284,71.1116589613297,50.1103754531928);
#292=ELLIPSE('',#4286,67.5349495799453,47.5899694803046);
#293=ELLIPSE('',#4287,71.0949604021688,50.0986084506886);
#294=ELLIPSE('',#4289,67.5349495799453,47.5899694803046);
#295=ELLIPSE('',#4290,71.0949604021688,50.0986084506886);
#296=ELLIPSE('',#4292,67.5516481391061,47.6017364828088);
#297=ELLIPSE('',#4293,71.1116589613296,50.1103754531928);
#298=ELLIPSE('',#4295,55.7272851612937,39.2694422153494);
#299=ELLIPSE('',#4296,59.2872959835171,41.7780811857334);
#300=ELLIPSE('',#4298,49.8401515111286,35.120945585376);
#301=ELLIPSE('',#4299,53.4001623333521,37.62958455576);
#302=ELLIPSE('',#4301,49.8234529519678,35.1091785828718);
#303=ELLIPSE('',#4302,53.3834637741913,37.6178175532558);
#304=ELLIPSE('',#4304,61.6311173706195,43.429705847827);
#305=ELLIPSE('',#4305,65.191128192843,45.938344818211);
#306=ELLIPSE('',#4307,55.7439837204545,39.2812092178536);
#307=ELLIPSE('',#4308,59.3039945426779,41.7898481882376);
#308=ELLIPSE('',#4310,55.7272851612936,39.2694422153494);
#309=ELLIPSE('',#4311,59.2872959835171,41.7780811857334);
#310=ELLIPSE('',#4313,55.7439837204545,39.2812092178536);
#311=ELLIPSE('',#4314,59.303994542678,41.7898481882376);
#312=ELLIPSE('',#4316,55.7439837204545,39.2812092178536);
#313=ELLIPSE('',#4317,59.3039945426779,41.7898481882376);
#314=ELLIPSE('',#4319,55.7272851612937,39.2694422153494);
#315=ELLIPSE('',#4320,59.2872959835171,41.7780811857334);
#316=ELLIPSE('',#4322,67.5349495799453,47.5899694803046);
#317=ELLIPSE('',#4323,71.0949604021688,50.0986084506886);
#318=ELLIPSE('',#4325,61.6478159297803,43.4414728503312);
#319=ELLIPSE('',#4326,65.2078267520037,45.9501118207152);
#320=ELLIPSE('',#4328,61.6311173706195,43.429705847827);
#321=ELLIPSE('',#4329,65.1911281928429,45.938344818211);
#322=ELLIPSE('',#4331,61.6478159297803,43.4414728503312);
#323=ELLIPSE('',#4332,65.2078267520038,45.9501118207152);
#324=ELLIPSE('',#4334,61.6478159297803,43.4414728503312);
#325=ELLIPSE('',#4335,65.2078267520037,45.9501118207152);
#326=ELLIPSE('',#4337,61.6311173706194,43.429705847827);
#327=ELLIPSE('',#4338,65.1911281928429,45.938344818211);
#328=CONICAL_SURFACE('',#3921,47.5,0.08272948335283);
#329=CONICAL_SURFACE('',#4046,47.5,0.08272948335283);
#330=CONICAL_SURFACE('',#4049,47.5,0.08272948335283);
#331=CONICAL_SURFACE('',#4222,47.5,0.08272948335283);
#332=CONICAL_SURFACE('',#4234,47.5,0.08272948335283);
#333=CONICAL_SURFACE('',#4339,47.5,0.08272948335283);
#334=CONICAL_SURFACE('',#4360,50.,0.08272948335283);
#335=CONICAL_SURFACE('',#4361,50.,0.08272948335283);
#336=CONICAL_SURFACE('',#4362,50.,0.08272948335283);
#337=CONICAL_SURFACE('',#4363,50.,0.08272948335283);
#338=CONICAL_SURFACE('',#4364,50.,0.08272948335283);
#339=CONICAL_SURFACE('',#4366,50.,0.08272948335283);
#340=CONICAL_SURFACE('',#4368,50.,0.08272948335283);
#341=CONICAL_SURFACE('',#4369,50.,0.08272948335283);
#342=CONICAL_SURFACE('',#4370,50.,0.08272948335283);
#343=CONICAL_SURFACE('',#4372,50.,0.08272948335283);
#344=CONICAL_SURFACE('',#4374,50.,0.08272948335283);
#345=CONICAL_SURFACE('',#4376,50.,0.08272948335283);
#346=CONICAL_SURFACE('',#4377,50.,0.08272948335283);
#347=CONICAL_SURFACE('',#4378,50.,0.08272948335283);
#348=CONICAL_SURFACE('',#4379,50.,0.08272948335283);
#349=CONICAL_SURFACE('',#4380,50.,0.08272948335283);
#350=CONICAL_SURFACE('',#4381,50.,0.08272948335283);
#351=CONICAL_SURFACE('',#4382,50.,0.08272948335283);
#352=CONICAL_SURFACE('',#4383,50.,0.08272948335283);
#353=CONICAL_SURFACE('',#4384,50.,0.08272948335283);
#354=CONICAL_SURFACE('',#4386,50.,0.08272948335283);
#355=FACE_OUTER_BOUND('',#566,.T.);
#356=FACE_OUTER_BOUND('',#567,.T.);
#357=FACE_OUTER_BOUND('',#568,.T.);
#358=FACE_OUTER_BOUND('',#569,.T.);
#359=FACE_OUTER_BOUND('',#570,.T.);
#360=FACE_OUTER_BOUND('',#571,.T.);
#361=FACE_OUTER_BOUND('',#572,.T.);
#362=FACE_OUTER_BOUND('',#575,.T.);
#363=FACE_OUTER_BOUND('',#576,.T.);
#364=FACE_OUTER_BOUND('',#577,.T.);
#365=FACE_OUTER_BOUND('',#578,.T.);
#366=FACE_OUTER_BOUND('',#579,.T.);
#367=FACE_OUTER_BOUND('',#580,.T.);
#368=FACE_OUTER_BOUND('',#581,.T.);
#369=FACE_OUTER_BOUND('',#582,.T.);
#370=FACE_OUTER_BOUND('',#583,.T.);
#371=FACE_OUTER_BOUND('',#584,.T.);
#372=FACE_OUTER_BOUND('',#585,.T.);
#373=FACE_OUTER_BOUND('',#586,.T.);
#374=FACE_OUTER_BOUND('',#587,.T.);
#375=FACE_OUTER_BOUND('',#588,.T.);
#376=FACE_OUTER_BOUND('',#589,.T.);
#377=FACE_OUTER_BOUND('',#590,.T.);
#378=FACE_OUTER_BOUND('',#591,.T.);
#379=FACE_OUTER_BOUND('',#592,.T.);
#380=FACE_OUTER_BOUND('',#593,.T.);
#381=FACE_OUTER_BOUND('',#594,.T.);
#382=FACE_OUTER_BOUND('',#595,.T.);
#383=FACE_OUTER_BOUND('',#596,.T.);
#384=FACE_OUTER_BOUND('',#597,.T.);
#385=FACE_OUTER_BOUND('',#598,.T.);
#386=FACE_OUTER_BOUND('',#599,.T.);
#387=FACE_OUTER_BOUND('',#600,.T.);
#388=FACE_OUTER_BOUND('',#601,.T.);
#389=FACE_OUTER_BOUND('',#602,.T.);
#390=FACE_OUTER_BOUND('',#603,.T.);
#391=FACE_OUTER_BOUND('',#604,.T.);
#392=FACE_OUTER_BOUND('',#605,.T.);
#393=FACE_OUTER_BOUND('',#606,.T.);
#394=FACE_OUTER_BOUND('',#607,.T.);
#395=FACE_OUTER_BOUND('',#608,.T.);
#396=FACE_OUTER_BOUND('',#609,.T.);
#397=FACE_OUTER_BOUND('',#610,.T.);
#398=FACE_OUTER_BOUND('',#611,.T.);
#399=FACE_OUTER_BOUND('',#612,.T.);
#400=FACE_OUTER_BOUND('',#613,.T.);
#401=FACE_OUTER_BOUND('',#614,.T.);
#402=FACE_OUTER_BOUND('',#615,.T.);
#403=FACE_OUTER_BOUND('',#616,.T.);
#404=FACE_OUTER_BOUND('',#617,.T.);
#405=FACE_OUTER_BOUND('',#618,.T.);
#406=FACE_OUTER_BOUND('',#619,.T.);
#407=FACE_OUTER_BOUND('',#620,.T.);
#408=FACE_OUTER_BOUND('',#621,.T.);
#409=FACE_OUTER_BOUND('',#622,.T.);
#410=FACE_OUTER_BOUND('',#623,.T.);
#411=FACE_OUTER_BOUND('',#624,.T.);
#412=FACE_OUTER_BOUND('',#625,.T.);
#413=FACE_OUTER_BOUND('',#626,.T.);
#414=FACE_OUTER_BOUND('',#627,.T.);
#415=FACE_OUTER_BOUND('',#628,.T.);
#416=FACE_OUTER_BOUND('',#629,.T.);
#417=FACE_OUTER_BOUND('',#630,.T.);
#418=FACE_OUTER_BOUND('',#631,.T.);
#419=FACE_OUTER_BOUND('',#632,.T.);
#420=FACE_OUTER_BOUND('',#633,.T.);
#421=FACE_OUTER_BOUND('',#634,.T.);
#422=FACE_OUTER_BOUND('',#635,.T.);
#423=FACE_OUTER_BOUND('',#636,.T.);
#424=FACE_OUTER_BOUND('',#637,.T.);
#425=FACE_OUTER_BOUND('',#638,.T.);
#426=FACE_OUTER_BOUND('',#639,.T.);
#427=FACE_OUTER_BOUND('',#640,.T.);
#428=FACE_OUTER_BOUND('',#641,.T.);
#429=FACE_OUTER_BOUND('',#642,.T.);
#430=FACE_OUTER_BOUND('',#643,.T.);
#431=FACE_OUTER_BOUND('',#644,.T.);
#432=FACE_OUTER_BOUND('',#645,.T.);
#433=FACE_OUTER_BOUND('',#646,.T.);
#434=FACE_OUTER_BOUND('',#647,.T.);
#435=FACE_OUTER_BOUND('',#648,.T.);
#436=FACE_OUTER_BOUND('',#649,.T.);
#437=FACE_OUTER_BOUND('',#650,.T.);
#438=FACE_OUTER_BOUND('',#651,.T.);
#439=FACE_OUTER_BOUND('',#652,.T.);
#440=FACE_OUTER_BOUND('',#653,.T.);
#441=FACE_OUTER_BOUND('',#654,.T.);
#442=FACE_OUTER_BOUND('',#655,.T.);
#443=FACE_OUTER_BOUND('',#656,.T.);
#444=FACE_OUTER_BOUND('',#657,.T.);
#445=FACE_OUTER_BOUND('',#658,.T.);
#446=FACE_OUTER_BOUND('',#659,.T.);
#447=FACE_OUTER_BOUND('',#660,.T.);
#448=FACE_OUTER_BOUND('',#661,.T.);
#449=FACE_OUTER_BOUND('',#662,.T.);
#450=FACE_OUTER_BOUND('',#663,.T.);
#451=FACE_OUTER_BOUND('',#664,.T.);
#452=FACE_OUTER_BOUND('',#665,.T.);
#453=FACE_OUTER_BOUND('',#666,.T.);
#454=FACE_OUTER_BOUND('',#667,.T.);
#455=FACE_OUTER_BOUND('',#668,.T.);
#456=FACE_OUTER_BOUND('',#669,.T.);
#457=FACE_OUTER_BOUND('',#670,.T.);
#458=FACE_OUTER_BOUND('',#671,.T.);
#459=FACE_OUTER_BOUND('',#672,.T.);
#460=FACE_OUTER_BOUND('',#673,.T.);
#461=FACE_OUTER_BOUND('',#674,.T.);
#462=FACE_OUTER_BOUND('',#675,.T.);
#463=FACE_OUTER_BOUND('',#676,.T.);
#464=FACE_OUTER_BOUND('',#677,.T.);
#465=FACE_OUTER_BOUND('',#678,.T.);
#466=FACE_OUTER_BOUND('',#679,.T.);
#467=FACE_OUTER_BOUND('',#680,.T.);
#468=FACE_OUTER_BOUND('',#681,.T.);
#469=FACE_OUTER_BOUND('',#682,.T.);
#470=FACE_OUTER_BOUND('',#683,.T.);
#471=FACE_OUTER_BOUND('',#684,.T.);
#472=FACE_OUTER_BOUND('',#685,.T.);
#473=FACE_OUTER_BOUND('',#686,.T.);
#474=FACE_OUTER_BOUND('',#687,.T.);
#475=FACE_OUTER_BOUND('',#688,.T.);
#476=FACE_OUTER_BOUND('',#689,.T.);
#477=FACE_OUTER_BOUND('',#690,.T.);
#478=FACE_OUTER_BOUND('',#691,.T.);
#479=FACE_OUTER_BOUND('',#692,.T.);
#480=FACE_OUTER_BOUND('',#693,.T.);
#481=FACE_OUTER_BOUND('',#694,.T.);
#482=FACE_OUTER_BOUND('',#695,.T.);
#483=FACE_OUTER_BOUND('',#696,.T.);
#484=FACE_OUTER_BOUND('',#697,.T.);
#485=FACE_OUTER_BOUND('',#698,.T.);
#486=FACE_OUTER_BOUND('',#699,.T.);
#487=FACE_OUTER_BOUND('',#700,.T.);
#488=FACE_OUTER_BOUND('',#701,.T.);
#489=FACE_OUTER_BOUND('',#702,.T.);
#490=FACE_OUTER_BOUND('',#703,.T.);
#491=FACE_OUTER_BOUND('',#704,.T.);
#492=FACE_OUTER_BOUND('',#705,.T.);
#493=FACE_OUTER_BOUND('',#706,.T.);
#494=FACE_OUTER_BOUND('',#707,.T.);
#495=FACE_OUTER_BOUND('',#708,.T.);
#496=FACE_OUTER_BOUND('',#709,.T.);
#497=FACE_OUTER_BOUND('',#710,.T.);
#498=FACE_OUTER_BOUND('',#711,.T.);
#499=FACE_OUTER_BOUND('',#712,.T.);
#500=FACE_OUTER_BOUND('',#713,.T.);
#501=FACE_OUTER_BOUND('',#714,.T.);
#502=FACE_OUTER_BOUND('',#715,.T.);
#503=FACE_OUTER_BOUND('',#716,.T.);
#504=FACE_OUTER_BOUND('',#717,.T.);
#505=FACE_OUTER_BOUND('',#718,.T.);
#506=FACE_OUTER_BOUND('',#719,.T.);
#507=FACE_OUTER_BOUND('',#720,.T.);
#508=FACE_OUTER_BOUND('',#721,.T.);
#509=FACE_OUTER_BOUND('',#722,.T.);
#510=FACE_OUTER_BOUND('',#723,.T.);
#511=FACE_OUTER_BOUND('',#724,.T.);
#512=FACE_OUTER_BOUND('',#725,.T.);
#513=FACE_OUTER_BOUND('',#726,.T.);
#514=FACE_OUTER_BOUND('',#727,.T.);
#515=FACE_OUTER_BOUND('',#728,.T.);
#516=FACE_OUTER_BOUND('',#731,.T.);
#517=FACE_OUTER_BOUND('',#732,.T.);
#518=FACE_OUTER_BOUND('',#733,.T.);
#519=FACE_OUTER_BOUND('',#734,.T.);
#520=FACE_OUTER_BOUND('',#735,.T.);
#521=FACE_OUTER_BOUND('',#736,.T.);
#522=FACE_OUTER_BOUND('',#737,.T.);
#523=FACE_OUTER_BOUND('',#738,.T.);
#524=FACE_OUTER_BOUND('',#739,.T.);
#525=FACE_OUTER_BOUND('',#740,.T.);
#526=FACE_OUTER_BOUND('',#741,.T.);
#527=FACE_OUTER_BOUND('',#742,.T.);
#528=FACE_OUTER_BOUND('',#743,.T.);
#529=FACE_OUTER_BOUND('',#744,.T.);
#530=FACE_OUTER_BOUND('',#745,.T.);
#531=FACE_OUTER_BOUND('',#746,.T.);
#532=FACE_OUTER_BOUND('',#747,.T.);
#533=FACE_OUTER_BOUND('',#748,.T.);
#534=FACE_OUTER_BOUND('',#749,.T.);
#535=FACE_OUTER_BOUND('',#750,.T.);
#536=FACE_OUTER_BOUND('',#751,.T.);
#537=FACE_OUTER_BOUND('',#752,.T.);
#538=FACE_OUTER_BOUND('',#753,.T.);
#539=FACE_OUTER_BOUND('',#754,.T.);
#540=FACE_OUTER_BOUND('',#755,.T.);
#541=FACE_OUTER_BOUND('',#756,.T.);
#542=FACE_OUTER_BOUND('',#757,.T.);
#543=FACE_OUTER_BOUND('',#758,.T.);
#544=FACE_OUTER_BOUND('',#759,.T.);
#545=FACE_OUTER_BOUND('',#760,.T.);
#546=FACE_OUTER_BOUND('',#761,.T.);
#547=FACE_OUTER_BOUND('',#762,.T.);
#548=FACE_OUTER_BOUND('',#763,.T.);
#549=FACE_OUTER_BOUND('',#765,.T.);
#550=FACE_OUTER_BOUND('',#766,.T.);
#551=FACE_OUTER_BOUND('',#767,.T.);
#552=FACE_OUTER_BOUND('',#768,.T.);
#553=FACE_OUTER_BOUND('',#769,.T.);
#554=FACE_OUTER_BOUND('',#770,.T.);
#555=FACE_OUTER_BOUND('',#771,.T.);
#556=FACE_OUTER_BOUND('',#772,.T.);
#557=FACE_OUTER_BOUND('',#773,.T.);
#558=FACE_OUTER_BOUND('',#774,.T.);
#559=FACE_OUTER_BOUND('',#775,.T.);
#560=FACE_OUTER_BOUND('',#776,.T.);
#561=FACE_OUTER_BOUND('',#777,.T.);
#562=FACE_OUTER_BOUND('',#779,.T.);
#563=FACE_OUTER_BOUND('',#780,.T.);
#564=FACE_OUTER_BOUND('',#781,.T.);
#565=FACE_OUTER_BOUND('',#782,.T.);
#566=EDGE_LOOP('',(#2324,#2325,#2326,#2327));
#567=EDGE_LOOP('',(#2328,#2329,#2330,#2331));
#568=EDGE_LOOP('',(#2332,#2333,#2334,#2335));
#569=EDGE_LOOP('',(#2336,#2337,#2338,#2339));
#570=EDGE_LOOP('',(#2340,#2341,#2342,#2343));
#571=EDGE_LOOP('',(#2344,#2345,#2346,#2347));
#572=EDGE_LOOP('',(#2348,#2349,#2350,#2351,#2352,#2353,#2354,#2355,#2356,
#2357,#2358,#2359,#2360,#2361,#2362,#2363,#2364,#2365,#2366,#2367,#2368,
#2369,#2370,#2371,#2372,#2373,#2374,#2375,#2376,#2377));
#573=EDGE_LOOP('',(#2378,#2379,#2380,#2381));
#574=EDGE_LOOP('',(#2382,#2383,#2384,#2385));
#575=EDGE_LOOP('',(#2386,#2387,#2388,#2389));
#576=EDGE_LOOP('',(#2390,#2391,#2392,#2393));
#577=EDGE_LOOP('',(#2394,#2395,#2396,#2397));
#578=EDGE_LOOP('',(#2398,#2399,#2400,#2401));
#579=EDGE_LOOP('',(#2402,#2403,#2404,#2405));
#580=EDGE_LOOP('',(#2406,#2407,#2408,#2409));
#581=EDGE_LOOP('',(#2410,#2411,#2412,#2413));
#582=EDGE_LOOP('',(#2414,#2415,#2416,#2417));
#583=EDGE_LOOP('',(#2418,#2419,#2420,#2421));
#584=EDGE_LOOP('',(#2422,#2423,#2424,#2425));
#585=EDGE_LOOP('',(#2426,#2427,#2428,#2429));
#586=EDGE_LOOP('',(#2430,#2431,#2432,#2433));
#587=EDGE_LOOP('',(#2434,#2435,#2436,#2437));
#588=EDGE_LOOP('',(#2438,#2439,#2440,#2441));
#589=EDGE_LOOP('',(#2442,#2443,#2444,#2445));
#590=EDGE_LOOP('',(#2446,#2447,#2448,#2449));
#591=EDGE_LOOP('',(#2450,#2451,#2452,#2453));
#592=EDGE_LOOP('',(#2454,#2455,#2456,#2457));
#593=EDGE_LOOP('',(#2458,#2459,#2460,#2461));
#594=EDGE_LOOP('',(#2462,#2463,#2464,#2465));
#595=EDGE_LOOP('',(#2466,#2467,#2468,#2469));
#596=EDGE_LOOP('',(#2470,#2471,#2472,#2473));
#597=EDGE_LOOP('',(#2474,#2475,#2476,#2477));
#598=EDGE_LOOP('',(#2478,#2479,#2480,#2481));
#599=EDGE_LOOP('',(#2482,#2483,#2484,#2485));
#600=EDGE_LOOP('',(#2486,#2487,#2488,#2489));
#601=EDGE_LOOP('',(#2490,#2491,#2492,#2493));
#602=EDGE_LOOP('',(#2494,#2495,#2496,#2497));
#603=EDGE_LOOP('',(#2498,#2499,#2500,#2501,#2502));
#604=EDGE_LOOP('',(#2503,#2504,#2505,#2506));
#605=EDGE_LOOP('',(#2507,#2508,#2509,#2510));
#606=EDGE_LOOP('',(#2511,#2512,#2513,#2514));
#607=EDGE_LOOP('',(#2515,#2516,#2517,#2518));
#608=EDGE_LOOP('',(#2519,#2520,#2521,#2522,#2523));
#609=EDGE_LOOP('',(#2524,#2525,#2526,#2527,#2528));
#610=EDGE_LOOP('',(#2529,#2530,#2531,#2532));
#611=EDGE_LOOP('',(#2533,#2534,#2535,#2536));
#612=EDGE_LOOP('',(#2537,#2538,#2539,#2540));
#613=EDGE_LOOP('',(#2541,#2542,#2543,#2544));
#614=EDGE_LOOP('',(#2545,#2546,#2547,#2548));
#615=EDGE_LOOP('',(#2549,#2550,#2551,#2552));
#616=EDGE_LOOP('',(#2553,#2554,#2555,#2556));
#617=EDGE_LOOP('',(#2557,#2558,#2559,#2560));
#618=EDGE_LOOP('',(#2561,#2562,#2563,#2564));
#619=EDGE_LOOP('',(#2565,#2566,#2567,#2568));
#620=EDGE_LOOP('',(#2569,#2570,#2571,#2572));
#621=EDGE_LOOP('',(#2573,#2574,#2575,#2576));
#622=EDGE_LOOP('',(#2577,#2578,#2579,#2580,#2581,#2582,#2583,#2584,#2585,
#2586,#2587,#2588,#2589,#2590,#2591,#2592,#2593,#2594,#2595,#2596,#2597,
#2598,#2599,#2600,#2601,#2602,#2603,#2604,#2605,#2606,#2607,#2608,#2609,
#2610,#2611,#2612,#2613,#2614,#2615,#2616,#2617,#2618,#2619,#2620,#2621,
#2622));
#623=EDGE_LOOP('',(#2623,#2624,#2625,#2626));
#624=EDGE_LOOP('',(#2627,#2628,#2629,#2630));
#625=EDGE_LOOP('',(#2631,#2632,#2633,#2634));
#626=EDGE_LOOP('',(#2635,#2636,#2637,#2638));
#627=EDGE_LOOP('',(#2639,#2640,#2641,#2642));
#628=EDGE_LOOP('',(#2643,#2644,#2645,#2646));
#629=EDGE_LOOP('',(#2647,#2648,#2649,#2650));
#630=EDGE_LOOP('',(#2651,#2652,#2653,#2654));
#631=EDGE_LOOP('',(#2655,#2656,#2657,#2658));
#632=EDGE_LOOP('',(#2659,#2660,#2661,#2662));
#633=EDGE_LOOP('',(#2663,#2664,#2665,#2666));
#634=EDGE_LOOP('',(#2667,#2668,#2669,#2670));
#635=EDGE_LOOP('',(#2671,#2672,#2673,#2674));
#636=EDGE_LOOP('',(#2675,#2676,#2677,#2678));
#637=EDGE_LOOP('',(#2679,#2680,#2681,#2682));
#638=EDGE_LOOP('',(#2683,#2684,#2685,#2686));
#639=EDGE_LOOP('',(#2687,#2688,#2689,#2690));
#640=EDGE_LOOP('',(#2691,#2692,#2693,#2694));
#641=EDGE_LOOP('',(#2695,#2696,#2697,#2698));
#642=EDGE_LOOP('',(#2699,#2700,#2701,#2702));
#643=EDGE_LOOP('',(#2703,#2704,#2705,#2706));
#644=EDGE_LOOP('',(#2707,#2708,#2709,#2710));
#645=EDGE_LOOP('',(#2711,#2712,#2713,#2714));
#646=EDGE_LOOP('',(#2715,#2716,#2717,#2718));
#647=EDGE_LOOP('',(#2719,#2720,#2721,#2722));
#648=EDGE_LOOP('',(#2723,#2724,#2725,#2726));
#649=EDGE_LOOP('',(#2727,#2728,#2729,#2730));
#650=EDGE_LOOP('',(#2731,#2732,#2733,#2734));
#651=EDGE_LOOP('',(#2735,#2736,#2737,#2738));
#652=EDGE_LOOP('',(#2739,#2740,#2741,#2742));
#653=EDGE_LOOP('',(#2743,#2744,#2745,#2746));
#654=EDGE_LOOP('',(#2747,#2748,#2749,#2750));
#655=EDGE_LOOP('',(#2751,#2752,#2753,#2754));
#656=EDGE_LOOP('',(#2755,#2756,#2757,#2758));
#657=EDGE_LOOP('',(#2759,#2760,#2761,#2762));
#658=EDGE_LOOP('',(#2763,#2764,#2765,#2766));
#659=EDGE_LOOP('',(#2767,#2768,#2769,#2770));
#660=EDGE_LOOP('',(#2771,#2772,#2773,#2774));
#661=EDGE_LOOP('',(#2775,#2776,#2777,#2778));
#662=EDGE_LOOP('',(#2779,#2780,#2781,#2782));
#663=EDGE_LOOP('',(#2783,#2784,#2785,#2786));
#664=EDGE_LOOP('',(#2787,#2788,#2789,#2790));
#665=EDGE_LOOP('',(#2791,#2792,#2793,#2794));
#666=EDGE_LOOP('',(#2795,#2796,#2797,#2798));
#667=EDGE_LOOP('',(#2799,#2800,#2801,#2802));
#668=EDGE_LOOP('',(#2803,#2804,#2805,#2806));
#669=EDGE_LOOP('',(#2807,#2808,#2809,#2810));
#670=EDGE_LOOP('',(#2811,#2812,#2813,#2814));
#671=EDGE_LOOP('',(#2815,#2816,#2817,#2818));
#672=EDGE_LOOP('',(#2819,#2820,#2821,#2822));
#673=EDGE_LOOP('',(#2823,#2824,#2825,#2826));
#674=EDGE_LOOP('',(#2827,#2828,#2829,#2830));
#675=EDGE_LOOP('',(#2831,#2832,#2833,#2834));
#676=EDGE_LOOP('',(#2835,#2836,#2837,#2838));
#677=EDGE_LOOP('',(#2839,#2840,#2841,#2842));
#678=EDGE_LOOP('',(#2843,#2844,#2845,#2846));
#679=EDGE_LOOP('',(#2847,#2848,#2849,#2850));
#680=EDGE_LOOP('',(#2851,#2852,#2853,#2854));
#681=EDGE_LOOP('',(#2855,#2856,#2857,#2858));
#682=EDGE_LOOP('',(#2859,#2860,#2861,#2862));
#683=EDGE_LOOP('',(#2863,#2864,#2865,#2866,#2867,#2868,#2869,#2870,#2871,
#2872,#2873,#2874,#2875,#2876,#2877,#2878,#2879,#2880,#2881,#2882,#2883,
#2884,#2885,#2886,#2887,#2888,#2889,#2890,#2891,#2892,#2893,#2894,#2895,
#2896,#2897,#2898,#2899,#2900,#2901,#2902,#2903,#2904,#2905,#2906,#2907,
#2908));
#684=EDGE_LOOP('',(#2909,#2910,#2911,#2912));
#685=EDGE_LOOP('',(#2913,#2914,#2915,#2916));
#686=EDGE_LOOP('',(#2917,#2918,#2919,#2920));
#687=EDGE_LOOP('',(#2921,#2922,#2923,#2924));
#688=EDGE_LOOP('',(#2925,#2926,#2927,#2928));
#689=EDGE_LOOP('',(#2929,#2930,#2931,#2932));
#690=EDGE_LOOP('',(#2933,#2934,#2935,#2936));
#691=EDGE_LOOP('',(#2937,#2938,#2939,#2940));
#692=EDGE_LOOP('',(#2941,#2942,#2943,#2944));
#693=EDGE_LOOP('',(#2945,#2946,#2947,#2948,#2949));
#694=EDGE_LOOP('',(#2950,#2951,#2952,#2953,#2954));
#695=EDGE_LOOP('',(#2955,#2956,#2957,#2958));
#696=EDGE_LOOP('',(#2959,#2960,#2961,#2962));
#697=EDGE_LOOP('',(#2963,#2964,#2965,#2966));
#698=EDGE_LOOP('',(#2967,#2968,#2969,#2970));
#699=EDGE_LOOP('',(#2971,#2972,#2973,#2974,#2975));
#700=EDGE_LOOP('',(#2976,#2977,#2978,#2979));
#701=EDGE_LOOP('',(#2980,#2981,#2982,#2983));
#702=EDGE_LOOP('',(#2984,#2985,#2986,#2987));
#703=EDGE_LOOP('',(#2988,#2989,#2990,#2991));
#704=EDGE_LOOP('',(#2992,#2993,#2994,#2995));
#705=EDGE_LOOP('',(#2996,#2997,#2998,#2999));
#706=EDGE_LOOP('',(#3000,#3001,#3002,#3003));
#707=EDGE_LOOP('',(#3004,#3005,#3006,#3007));
#708=EDGE_LOOP('',(#3008,#3009,#3010,#3011));
#709=EDGE_LOOP('',(#3012,#3013,#3014,#3015));
#710=EDGE_LOOP('',(#3016,#3017,#3018,#3019));
#711=EDGE_LOOP('',(#3020,#3021,#3022,#3023));
#712=EDGE_LOOP('',(#3024,#3025,#3026,#3027));
#713=EDGE_LOOP('',(#3028,#3029,#3030,#3031));
#714=EDGE_LOOP('',(#3032,#3033,#3034,#3035));
#715=EDGE_LOOP('',(#3036,#3037,#3038,#3039));
#716=EDGE_LOOP('',(#3040,#3041,#3042,#3043));
#717=EDGE_LOOP('',(#3044,#3045,#3046,#3047));
#718=EDGE_LOOP('',(#3048,#3049,#3050,#3051));
#719=EDGE_LOOP('',(#3052,#3053,#3054,#3055));
#720=EDGE_LOOP('',(#3056,#3057,#3058,#3059));
#721=EDGE_LOOP('',(#3060,#3061,#3062,#3063));
#722=EDGE_LOOP('',(#3064,#3065,#3066,#3067));
#723=EDGE_LOOP('',(#3068,#3069,#3070,#3071));
#724=EDGE_LOOP('',(#3072,#3073,#3074,#3075));
#725=EDGE_LOOP('',(#3076,#3077,#3078,#3079));
#726=EDGE_LOOP('',(#3080,#3081,#3082,#3083));
#727=EDGE_LOOP('',(#3084,#3085,#3086,#3087));
#728=EDGE_LOOP('',(#3088,#3089,#3090,#3091,#3092,#3093,#3094,#3095,#3096,
#3097,#3098,#3099,#3100,#3101,#3102,#3103,#3104,#3105,#3106,#3107,#3108,
#3109,#3110,#3111,#3112,#3113,#3114,#3115,#3116,#3117));
#729=EDGE_LOOP('',(#3118,#3119,#3120,#3121));
#730=EDGE_LOOP('',(#3122,#3123,#3124,#3125));
#731=EDGE_LOOP('',(#3126,#3127,#3128,#3129));
#732=EDGE_LOOP('',(#3130,#3131,#3132,#3133));
#733=EDGE_LOOP('',(#3134,#3135,#3136,#3137));
#734=EDGE_LOOP('',(#3138,#3139,#3140,#3141));
#735=EDGE_LOOP('',(#3142,#3143,#3144,#3145));
#736=EDGE_LOOP('',(#3146,#3147,#3148,#3149));
#737=EDGE_LOOP('',(#3150,#3151,#3152,#3153,#3154,#3155,#3156,#3157,#3158,
#3159,#3160,#3161,#3162,#3163,#3164,#3165,#3166,#3167,#3168,#3169,#3170,
#3171,#3172,#3173,#3174,#3175,#3176,#3177,#3178,#3179,#3180,#3181,#3182,
#3183,#3184,#3185,#3186,#3187,#3188,#3189));
#738=EDGE_LOOP('',(#3190,#3191,#3192,#3193));
#739=EDGE_LOOP('',(#3194,#3195,#3196,#3197));
#740=EDGE_LOOP('',(#3198,#3199,#3200));
#741=EDGE_LOOP('',(#3201,#3202,#3203));
#742=EDGE_LOOP('',(#3204,#3205,#3206,#3207,#3208,#3209,#3210,#3211,#3212,
#3213,#3214,#3215,#3216,#3217,#3218,#3219,#3220,#3221,#3222,#3223,#3224,
#3225,#3226,#3227,#3228,#3229,#3230,#3231));
#743=EDGE_LOOP('',(#3232,#3233,#3234,#3235,#3236,#3237,#3238,#3239,#3240,
#3241,#3242,#3243,#3244,#3245,#3246,#3247));
#744=EDGE_LOOP('',(#3248,#3249,#3250));
#745=EDGE_LOOP('',(#3251,#3252,#3253));
#746=EDGE_LOOP('',(#3254,#3255,#3256,#3257,#3258,#3259,#3260,#3261,#3262,
#3263,#3264,#3265,#3266,#3267,#3268,#3269,#3270,#3271,#3272,#3273,#3274,
#3275,#3276,#3277,#3278,#3279,#3280,#3281));
#747=EDGE_LOOP('',(#3282,#3283,#3284,#3285,#3286,#3287,#3288,#3289,#3290,
#3291,#3292,#3293,#3294));
#748=EDGE_LOOP('',(#3295,#3296,#3297,#3298,#3299,#3300,#3301,#3302,#3303,
#3304,#3305,#3306,#3307,#3308,#3309,#3310,#3311,#3312,#3313,#3314,#3315,
#3316,#3317,#3318,#3319));
#749=EDGE_LOOP('',(#3320,#3321,#3322,#3323));
#750=EDGE_LOOP('',(#3324,#3325,#3326,#3327));
#751=EDGE_LOOP('',(#3328,#3329,#3330,#3331));
#752=EDGE_LOOP('',(#3332,#3333,#3334,#3335));
#753=EDGE_LOOP('',(#3336,#3337,#3338,#3339));
#754=EDGE_LOOP('',(#3340,#3341,#3342,#3343));
#755=EDGE_LOOP('',(#3344,#3345,#3346,#3347));
#756=EDGE_LOOP('',(#3348,#3349,#3350,#3351));
#757=EDGE_LOOP('',(#3352,#3353,#3354,#3355));
#758=EDGE_LOOP('',(#3356,#3357,#3358,#3359,#3360,#3361,#3362,#3363,#3364,
#3365,#3366,#3367,#3368,#3369,#3370,#3371,#3372,#3373,#3374,#3375,#3376,
#3377,#3378,#3379,#3380,#3381,#3382,#3383));
#759=EDGE_LOOP('',(#3384,#3385,#3386,#3387));
#760=EDGE_LOOP('',(#3388,#3389,#3390,#3391));
#761=EDGE_LOOP('',(#3392,#3393,#3394,#3395));
#762=EDGE_LOOP('',(#3396,#3397,#3398,#3399));
#763=EDGE_LOOP('',(#3400));
#764=EDGE_LOOP('',(#3401,#3402,#3403,#3404,#3405,#3406,#3407,#3408));
#765=EDGE_LOOP('',(#3409,#3410,#3411,#3412,#3413,#3414,#3415,#3416));
#766=EDGE_LOOP('',(#3417,#3418,#3419,#3420));
#767=EDGE_LOOP('',(#3421,#3422,#3423,#3424));
#768=EDGE_LOOP('',(#3425,#3426,#3427,#3428));
#769=EDGE_LOOP('',(#3429,#3430,#3431,#3432,#3433,#3434,#3435,#3436,#3437,
#3438));
#770=EDGE_LOOP('',(#3439,#3440,#3441,#3442));
#771=EDGE_LOOP('',(#3443,#3444,#3445,#3446));
#772=EDGE_LOOP('',(#3447,#3448,#3449,#3450,#3451,#3452,#3453,#3454,#3455,
#3456));
#773=EDGE_LOOP('',(#3457,#3458,#3459,#3460));
#774=EDGE_LOOP('',(#3461,#3462,#3463,#3464,#3465,#3466,#3467,#3468,#3469,
#3470));
#775=EDGE_LOOP('',(#3471,#3472,#3473,#3474));
#776=EDGE_LOOP('',(#3475,#3476,#3477,#3478,#3479,#3480,#3481,#3482,#3483,
#3484));
#777=EDGE_LOOP('',(#3485));
#778=EDGE_LOOP('',(#3486,#3487,#3488,#3489,#3490,#3491,#3492,#3493));
#779=EDGE_LOOP('',(#3494,#3495,#3496,#3497));
#780=EDGE_LOOP('',(#3498,#3499,#3500,#3501,#3502,#3503,#3504,#3505));
#781=EDGE_LOOP('',(#3506,#3507,#3508,#3509));
#782=EDGE_LOOP('',(#3510,#3511,#3512,#3513));
#783=LINE('',#5709,#1046);
#784=LINE('',#5711,#1047);
#785=LINE('',#5712,#1048);
#786=LINE('',#5720,#1049);
#787=LINE('',#5722,#1050);
#788=LINE('',#5723,#1051);
#789=LINE('',#5731,#1052);
#790=LINE('',#5733,#1053);
#791=LINE('',#5734,#1054);
#792=LINE('',#5742,#1055);
#793=LINE('',#5744,#1056);
#794=LINE('',#5745,#1057);
#795=LINE('',#5753,#1058);
#796=LINE('',#5755,#1059);
#797=LINE('',#5756,#1060);
#798=LINE('',#5764,#1061);
#799=LINE('',#5766,#1062);
#800=LINE('',#5767,#1063);
#801=LINE('',#5829,#1064);
#802=LINE('',#5833,#1065);
#803=LINE('',#5836,#1066);
#804=LINE('',#5839,#1067);
#805=LINE('',#5843,#1068);
#806=LINE('',#5846,#1069);
#807=LINE('',#5849,#1070);
#808=LINE('',#5854,#1071);
#809=LINE('',#5857,#1072);
#810=LINE('',#5861,#1073);
#811=LINE('',#5865,#1074);
#812=LINE('',#5870,#1075);
#813=LINE('',#5873,#1076);
#814=LINE('',#5877,#1077);
#815=LINE('',#5881,#1078);
#816=LINE('',#5886,#1079);
#817=LINE('',#5891,#1080);
#818=LINE('',#5894,#1081);
#819=LINE('',#5897,#1082);
#820=LINE('',#5900,#1083);
#821=LINE('',#5905,#1084);
#822=LINE('',#5910,#1085);
#823=LINE('',#5916,#1086);
#824=LINE('',#5922,#1087);
#825=LINE('',#5928,#1088);
#826=LINE('',#5939,#1089);
#827=LINE('',#5941,#1090);
#828=LINE('',#5943,#1091);
#829=LINE('',#5954,#1092);
#830=LINE('',#5956,#1093);
#831=LINE('',#5957,#1094);
#832=LINE('',#5964,#1095);
#833=LINE('',#5965,#1096);
#834=LINE('',#5973,#1097);
#835=LINE('',#5975,#1098);
#836=LINE('',#5976,#1099);
#837=LINE('',#5983,#1100);
#838=LINE('',#5984,#1101);
#839=LINE('',#5992,#1102);
#840=LINE('',#5994,#1103);
#841=LINE('',#5996,#1104);
#842=LINE('',#6007,#1105);
#843=LINE('',#6009,#1106);
#844=LINE('',#6011,#1107);
#845=LINE('',#6022,#1108);
#846=LINE('',#6024,#1109);
#847=LINE('',#6025,#1110);
#848=LINE('',#6032,#1111);
#849=LINE('',#6033,#1112);
#850=LINE('',#6038,#1113);
#851=LINE('',#6044,#1114);
#852=LINE('',#6050,#1115);
#853=LINE('',#6056,#1116);
#854=LINE('',#6062,#1117);
#855=LINE('',#6068,#1118);
#856=LINE('',#6074,#1119);
#857=LINE('',#6080,#1120);
#858=LINE('',#6086,#1121);
#859=LINE('',#6140,#1122);
#860=LINE('',#6142,#1123);
#861=LINE('',#6145,#1124);
#862=LINE('',#6150,#1125);
#863=LINE('',#6155,#1126);
#864=LINE('',#6157,#1127);
#865=LINE('',#6161,#1128);
#866=LINE('',#6165,#1129);
#867=LINE('',#6173,#1130);
#868=LINE('',#6178,#1131);
#869=LINE('',#6181,#1132);
#870=LINE('',#6185,#1133);
#871=LINE('',#6188,#1134);
#872=LINE('',#6192,#1135);
#873=LINE('',#6195,#1136);
#874=LINE('',#6198,#1137);
#875=LINE('',#6202,#1138);
#876=LINE('',#6206,#1139);
#877=LINE('',#6210,#1140);
#878=LINE('',#6213,#1141);
#879=LINE('',#6221,#1142);
#880=LINE('',#6225,#1143);
#881=LINE('',#6234,#1144);
#882=LINE('',#6237,#1145);
#883=LINE('',#6240,#1146);
#884=LINE('',#6242,#1147);
#885=LINE('',#6243,#1148);
#886=LINE('',#6247,#1149);
#887=LINE('',#6249,#1150);
#888=LINE('',#6251,#1151);
#889=LINE('',#6252,#1152);
#890=LINE('',#6255,#1153);
#891=LINE('',#6257,#1154);
#892=LINE('',#6258,#1155);
#893=LINE('',#6264,#1156);
#894=LINE('',#6267,#1157);
#895=LINE('',#6269,#1158);
#896=LINE('',#6270,#1159);
#897=LINE('',#6272,#1160);
#898=LINE('',#6273,#1161);
#899=LINE('',#6279,#1162);
#900=LINE('',#6282,#1163);
#901=LINE('',#6286,#1164);
#902=LINE('',#6290,#1165);
#903=LINE('',#6297,#1166);
#904=LINE('',#6300,#1167);
#905=LINE('',#6306,#1168);
#906=LINE('',#6312,#1169);
#907=LINE('',#6315,#1170);
#908=LINE('',#6319,#1171);
#909=LINE('',#6323,#1172);
#910=LINE('',#6330,#1173);
#911=LINE('',#6333,#1174);
#912=LINE('',#6339,#1175);
#913=LINE('',#6343,#1176);
#914=LINE('',#6347,#1177);
#915=LINE('',#6354,#1178);
#916=LINE('',#6357,#1179);
#917=LINE('',#6362,#1180);
#918=LINE('',#6368,#1181);
#919=LINE('',#6374,#1182);
#920=LINE('',#6382,#1183);
#921=LINE('',#6388,#1184);
#922=LINE('',#6396,#1185);
#923=LINE('',#6399,#1186);
#924=LINE('',#6404,#1187);
#925=LINE('',#6411,#1188);
#926=LINE('',#6418,#1189);
#927=LINE('',#6422,#1190);
#928=LINE('',#6428,#1191);
#929=LINE('',#6434,#1192);
#930=LINE('',#6441,#1193);
#931=LINE('',#6444,#1194);
#932=LINE('',#6449,#1195);
#933=LINE('',#6456,#1196);
#934=LINE('',#6459,#1197);
#935=LINE('',#6464,#1198);
#936=LINE('',#6523,#1199);
#937=LINE('',#6532,#1200);
#938=LINE('',#6536,#1201);
#939=LINE('',#6540,#1202);
#940=LINE('',#6544,#1203);
#941=LINE('',#6548,#1204);
#942=LINE('',#6551,#1205);
#943=LINE('',#6552,#1206);
#944=LINE('',#6554,#1207);
#945=LINE('',#6556,#1208);
#946=LINE('',#6558,#1209);
#947=LINE('',#6560,#1210);
#948=LINE('',#6561,#1211);
#949=LINE('',#6563,#1212);
#950=LINE('',#6565,#1213);
#951=LINE('',#6566,#1214);
#952=LINE('',#6568,#1215);
#953=LINE('',#6570,#1216);
#954=LINE('',#6576,#1217);
#955=LINE('',#6579,#1218);
#956=LINE('',#6585,#1219);
#957=LINE('',#6591,#1220);
#958=LINE('',#6594,#1221);
#959=LINE('',#6600,#1222);
#960=LINE('',#6603,#1223);
#961=LINE('',#6608,#1224);
#962=LINE('',#6615,#1225);
#963=LINE('',#6618,#1226);
#964=LINE('',#6623,#1227);
#965=LINE('',#6630,#1228);
#966=LINE('',#6633,#1229);
#967=LINE('',#6639,#1230);
#968=LINE('',#6645,#1231);
#969=LINE('',#6648,#1232);
#970=LINE('',#6654,#1233);
#971=LINE('',#6660,#1234);
#972=LINE('',#6663,#1235);
#973=LINE('',#6669,#1236);
#974=LINE('',#6675,#1237);
#975=LINE('',#6684,#1238);
#976=LINE('',#6687,#1239);
#977=LINE('',#6693,#1240);
#978=LINE('',#6702,#1241);
#979=LINE('',#6705,#1242);
#980=LINE('',#6710,#1243);
#981=LINE('',#6717,#1244);
#982=LINE('',#6720,#1245);
#983=LINE('',#6725,#1246);
#984=LINE('',#6732,#1247);
#985=LINE('',#6741,#1248);
#986=LINE('',#6744,#1249);
#987=LINE('',#6749,#1250);
#988=LINE('',#6756,#1251);
#989=LINE('',#6759,#1252);
#990=LINE('',#6764,#1253);
#991=LINE('',#6790,#1254);
#992=LINE('',#6792,#1255);
#993=LINE('',#6794,#1256);
#994=LINE('',#6796,#1257);
#995=LINE('',#6798,#1258);
#996=LINE('',#6800,#1259);
#997=LINE('',#6841,#1260);
#998=LINE('',#6845,#1261);
#999=LINE('',#6850,#1262);
#1000=LINE('',#6854,#1263);
#1001=LINE('',#6857,#1264);
#1002=LINE('',#6858,#1265);
#1003=LINE('',#6863,#1266);
#1004=LINE('',#6865,#1267);
#1005=LINE('',#6867,#1268);
#1006=LINE('',#6871,#1269);
#1007=LINE('',#6873,#1270);
#1008=LINE('',#6874,#1271);
#1009=LINE('',#6877,#1272);
#1010=LINE('',#6879,#1273);
#1011=LINE('',#6881,#1274);
#1012=LINE('',#6885,#1275);
#1013=LINE('',#6887,#1276);
#1014=LINE('',#6888,#1277);
#1015=LINE('',#6891,#1278);
#1016=LINE('',#6893,#1279);
#1017=LINE('',#6897,#1280);
#1018=LINE('',#6899,#1281);
#1019=LINE('',#6902,#1282);
#1020=LINE('',#6903,#1283);
#1021=LINE('',#6906,#1284);
#1022=LINE('',#6908,#1285);
#1023=LINE('',#6910,#1286);
#1024=LINE('',#6912,#1287);
#1025=LINE('',#6913,#1288);
#1026=LINE('',#6916,#1289);
#1027=LINE('',#6917,#1290);
#1028=LINE('',#6920,#1291);
#1029=LINE('',#6921,#1292);
#1030=LINE('',#6924,#1293);
#1031=LINE('',#6926,#1294);
#1032=LINE('',#6927,#1295);
#1033=LINE('',#6931,#1296);
#1034=LINE('',#6932,#1297);
#1035=LINE('',#6933,#1298);
#1036=LINE('',#6936,#1299);
#1037=LINE('',#6938,#1300);
#1038=LINE('',#6940,#1301);
#1039=LINE('',#6941,#1302);
#1040=LINE('',#6944,#1303);
#1041=LINE('',#6945,#1304);
#1042=LINE('',#6948,#1305);
#1043=LINE('',#6950,#1306);
#1044=LINE('',#6951,#1307);
#1045=LINE('',#6963,#1308);
#1046=VECTOR('',#4426,10.);
#1047=VECTOR('',#4427,10.);
#1048=VECTOR('',#4428,10.);
#1049=VECTOR('',#4431,10.);
#1050=VECTOR('',#4432,10.);
#1051=VECTOR('',#4433,10.);
#1052=VECTOR('',#4436,10.);
#1053=VECTOR('',#4437,10.);
#1054=VECTOR('',#4438,10.);
#1055=VECTOR('',#4441,10.);
#1056=VECTOR('',#4442,10.);
#1057=VECTOR('',#4443,10.);
#1058=VECTOR('',#4446,10.);
#1059=VECTOR('',#4447,10.);
#1060=VECTOR('',#4448,10.);
#1061=VECTOR('',#4451,10.);
#1062=VECTOR('',#4452,10.);
#1063=VECTOR('',#4453,10.);
#1064=VECTOR('',#4524,10.);
#1065=VECTOR('',#4529,10.);
#1066=VECTOR('',#4532,10.);
#1067=VECTOR('',#4535,10.);
#1068=VECTOR('',#4540,10.);
#1069=VECTOR('',#4543,10.);
#1070=VECTOR('',#4546,10.);
#1071=VECTOR('',#4553,10.);
#1072=VECTOR('',#4556,10.);
#1073=VECTOR('',#4561,10.);
#1074=VECTOR('',#4566,10.);
#1075=VECTOR('',#4573,10.);
#1076=VECTOR('',#4576,10.);
#1077=VECTOR('',#4581,10.);
#1078=VECTOR('',#4586,10.);
#1079=VECTOR('',#4593,10.);
#1080=VECTOR('',#4600,10.);
#1081=VECTOR('',#4603,10.);
#1082=VECTOR('',#4606,10.);
#1083=VECTOR('',#4609,10.);
#1084=VECTOR('',#4616,10.);
#1085=VECTOR('',#4623,10.);
#1086=VECTOR('',#4632,10.);
#1087=VECTOR('',#4641,10.);
#1088=VECTOR('',#4650,10.);
#1089=VECTOR('',#4659,10.);
#1090=VECTOR('',#4660,10.);
#1091=VECTOR('',#4661,10.);
#1092=VECTOR('',#4664,10.);
#1093=VECTOR('',#4665,10.);
#1094=VECTOR('',#4666,10.);
#1095=VECTOR('',#4669,10.);
#1096=VECTOR('',#4670,10.);
#1097=VECTOR('',#4673,10.);
#1098=VECTOR('',#4674,10.);
#1099=VECTOR('',#4675,10.);
#1100=VECTOR('',#4678,10.);
#1101=VECTOR('',#4679,10.);
#1102=VECTOR('',#4682,10.);
#1103=VECTOR('',#4683,10.);
#1104=VECTOR('',#4684,10.);
#1105=VECTOR('',#4687,10.);
#1106=VECTOR('',#4688,10.);
#1107=VECTOR('',#4689,10.);
#1108=VECTOR('',#4692,10.);
#1109=VECTOR('',#4693,10.);
#1110=VECTOR('',#4694,10.);
#1111=VECTOR('',#4697,10.);
#1112=VECTOR('',#4698,10.);
#1113=VECTOR('',#4703,10.);
#1114=VECTOR('',#4710,10.);
#1115=VECTOR('',#4717,10.);
#1116=VECTOR('',#4724,10.);
#1117=VECTOR('',#4731,10.);
#1118=VECTOR('',#4738,10.);
#1119=VECTOR('',#4745,10.);
#1120=VECTOR('',#4752,10.);
#1121=VECTOR('',#4759,10.);
#1122=VECTOR('',#4826,10.);
#1123=VECTOR('',#4829,10.);
#1124=VECTOR('',#4832,10.);
#1125=VECTOR('',#4839,10.);
#1126=VECTOR('',#4846,10.);
#1127=VECTOR('',#4849,10.);
#1128=VECTOR('',#4854,10.);
#1129=VECTOR('',#4859,10.);
#1130=VECTOR('',#4872,10.);
#1131=VECTOR('',#4879,10.);
#1132=VECTOR('',#4882,10.);
#1133=VECTOR('',#4887,10.);
#1134=VECTOR('',#4890,10.);
#1135=VECTOR('',#4895,10.);
#1136=VECTOR('',#4898,10.);
#1137=VECTOR('',#4901,10.);
#1138=VECTOR('',#4906,10.);
#1139=VECTOR('',#4911,10.);
#1140=VECTOR('',#4916,10.);
#1141=VECTOR('',#4919,10.);
#1142=VECTOR('',#4932,10.);
#1143=VECTOR('',#4939,10.);
#1144=VECTOR('',#4950,10.);
#1145=VECTOR('',#4953,10.);
#1146=VECTOR('',#4956,10.);
#1147=VECTOR('',#4957,10.);
#1148=VECTOR('',#4958,10.);
#1149=VECTOR('',#4961,10.);
#1150=VECTOR('',#4962,10.);
#1151=VECTOR('',#4963,10.);
#1152=VECTOR('',#4964,10.);
#1153=VECTOR('',#4967,10.);
#1154=VECTOR('',#4968,10.);
#1155=VECTOR('',#4969,10.);
#1156=VECTOR('',#4976,10.);
#1157=VECTOR('',#4979,10.);
#1158=VECTOR('',#4980,10.);
#1159=VECTOR('',#4981,10.);
#1160=VECTOR('',#4984,10.);
#1161=VECTOR('',#4985,10.);
#1162=VECTOR('',#4990,10.);
#1163=VECTOR('',#4993,10.);
#1164=VECTOR('',#4996,10.);
#1165=VECTOR('',#4999,10.);
#1166=VECTOR('',#5006,10.);
#1167=VECTOR('',#5009,10.);
#1168=VECTOR('',#5016,10.);
#1169=VECTOR('',#5021,10.);
#1170=VECTOR('',#5024,10.);
#1171=VECTOR('',#5027,10.);
#1172=VECTOR('',#5030,10.);
#1173=VECTOR('',#5037,10.);
#1174=VECTOR('',#5040,10.);
#1175=VECTOR('',#5047,10.);
#1176=VECTOR('',#5050,10.);
#1177=VECTOR('',#5053,10.);
#1178=VECTOR('',#5060,10.);
#1179=VECTOR('',#5063,10.);
#1180=VECTOR('',#5068,10.);
#1181=VECTOR('',#5075,10.);
#1182=VECTOR('',#5082,10.);
#1183=VECTOR('',#5093,10.);
#1184=VECTOR('',#5100,10.);
#1185=VECTOR('',#5109,10.);
#1186=VECTOR('',#5112,10.);
#1187=VECTOR('',#5117,10.);
#1188=VECTOR('',#5126,10.);
#1189=VECTOR('',#5135,10.);
#1190=VECTOR('',#5138,10.);
#1191=VECTOR('',#5145,10.);
#1192=VECTOR('',#5152,10.);
#1193=VECTOR('',#5159,10.);
#1194=VECTOR('',#5162,10.);
#1195=VECTOR('',#5167,10.);
#1196=VECTOR('',#5174,10.);
#1197=VECTOR('',#5177,10.);
#1198=VECTOR('',#5182,10.);
#1199=VECTOR('',#5213,10.);
#1200=VECTOR('',#5222,10.);
#1201=VECTOR('',#5227,10.);
#1202=VECTOR('',#5232,10.);
#1203=VECTOR('',#5237,10.);
#1204=VECTOR('',#5242,10.);
#1205=VECTOR('',#5247,10.);
#1206=VECTOR('',#5248,10.);
#1207=VECTOR('',#5251,10.);
#1208=VECTOR('',#5254,10.);
#1209=VECTOR('',#5257,10.);
#1210=VECTOR('',#5260,10.);
#1211=VECTOR('',#5261,10.);
#1212=VECTOR('',#5264,10.);
#1213=VECTOR('',#5267,10.);
#1214=VECTOR('',#5268,10.);
#1215=VECTOR('',#5271,10.);
#1216=VECTOR('',#5274,10.);
#1217=VECTOR('',#5279,10.);
#1218=VECTOR('',#5282,10.);
#1219=VECTOR('',#5289,10.);
#1220=VECTOR('',#5294,10.);
#1221=VECTOR('',#5297,10.);
#1222=VECTOR('',#5302,10.);
#1223=VECTOR('',#5305,10.);
#1224=VECTOR('',#5310,10.);
#1225=VECTOR('',#5317,10.);
#1226=VECTOR('',#5320,10.);
#1227=VECTOR('',#5325,10.);
#1228=VECTOR('',#5332,10.);
#1229=VECTOR('',#5335,10.);
#1230=VECTOR('',#5342,10.);
#1231=VECTOR('',#5347,10.);
#1232=VECTOR('',#5350,10.);
#1233=VECTOR('',#5357,10.);
#1234=VECTOR('',#5362,10.);
#1235=VECTOR('',#5365,10.);
#1236=VECTOR('',#5372,10.);
#1237=VECTOR('',#5379,10.);
#1238=VECTOR('',#5390,10.);
#1239=VECTOR('',#5393,10.);
#1240=VECTOR('',#5400,10.);
#1241=VECTOR('',#5411,10.);
#1242=VECTOR('',#5414,10.);
#1243=VECTOR('',#5419,10.);
#1244=VECTOR('',#5426,10.);
#1245=VECTOR('',#5429,10.);
#1246=VECTOR('',#5434,10.);
#1247=VECTOR('',#5443,10.);
#1248=VECTOR('',#5454,10.);
#1249=VECTOR('',#5457,10.);
#1250=VECTOR('',#5462,10.);
#1251=VECTOR('',#5469,10.);
#1252=VECTOR('',#5472,10.);
#1253=VECTOR('',#5477,10.);
#1254=VECTOR('',#5492,10.);
#1255=VECTOR('',#5495,10.);
#1256=VECTOR('',#5498,10.);
#1257=VECTOR('',#5501,10.);
#1258=VECTOR('',#5504,10.);
#1259=VECTOR('',#5507,10.);
#1260=VECTOR('',#5584,10.);
#1261=VECTOR('',#5587,10.);
#1262=VECTOR('',#5592,10.);
#1263=VECTOR('',#5595,10.);
#1264=VECTOR('',#5600,10.);
#1265=VECTOR('',#5601,10.);
#1266=VECTOR('',#5606,10.);
#1267=VECTOR('',#5607,10.);
#1268=VECTOR('',#5608,10.);
#1269=VECTOR('',#5611,10.);
#1270=VECTOR('',#5612,10.);
#1271=VECTOR('',#5613,10.);
#1272=VECTOR('',#5616,10.);
#1273=VECTOR('',#5617,10.);
#1274=VECTOR('',#5618,10.);
#1275=VECTOR('',#5621,10.);
#1276=VECTOR('',#5622,10.);
#1277=VECTOR('',#5623,10.);
#1278=VECTOR('',#5626,10.);
#1279=VECTOR('',#5627,10.);
#1280=VECTOR('',#5632,10.);
#1281=VECTOR('',#5633,10.);
#1282=VECTOR('',#5638,10.);
#1283=VECTOR('',#5639,10.);
#1284=VECTOR('',#5642,10.);
#1285=VECTOR('',#5643,10.);
#1286=VECTOR('',#5644,10.);
#1287=VECTOR('',#5645,10.);
#1288=VECTOR('',#5646,10.);
#1289=VECTOR('',#5649,10.);
#1290=VECTOR('',#5650,10.);
#1291=VECTOR('',#5653,10.);
#1292=VECTOR('',#5654,10.);
#1293=VECTOR('',#5657,10.);
#1294=VECTOR('',#5658,10.);
#1295=VECTOR('',#5659,10.);
#1296=VECTOR('',#5662,10.);
#1297=VECTOR('',#5663,10.);
#1298=VECTOR('',#5664,10.);
#1299=VECTOR('',#5667,10.);
#1300=VECTOR('',#5668,10.);
#1301=VECTOR('',#5669,10.);
#1302=VECTOR('',#5670,10.);
#1303=VECTOR('',#5673,10.);
#1304=VECTOR('',#5674,10.);
#1305=VECTOR('',#5677,10.);
#1306=VECTOR('',#5678,10.);
#1307=VECTOR('',#5679,10.);
#1308=VECTOR('',#5700,37.5);
#1309=(
BOUNDED_CURVE()
B_SPLINE_CURVE(2,(#5705,#5706,#5707),.UNSPECIFIED.,.F.,.F.)
B_SPLINE_CURVE_WITH_KNOTS((3,3),(12.0610246388626,12.0776688523341),
 .UNSPECIFIED.)
CURVE()
GEOMETRIC_REPRESENTATION_ITEM()
RATIONAL_B_SPLINE_CURVE((1.00620796160601,1.0061955672232,1.00618312680946))
REPRESENTATION_ITEM('')
);
#1310=(
BOUNDED_CURVE()
B_SPLINE_CURVE(2,(#5716,#5717,#5718),.UNSPECIFIED.,.F.,.F.)
B_SPLINE_CURVE_WITH_KNOTS((3,3),(6.68457848171537,6.69852541128447),
 .UNSPECIFIED.)
CURVE()
GEOMETRIC_REPRESENTATION_ITEM()
RATIONAL_B_SPLINE_CURVE((1.00941226272066,1.00941433631506,1.00941637758878))
REPRESENTATION_ITEM('')
);
#1311=(
BOUNDED_CURVE()
B_SPLINE_CURVE(2,(#5727,#5728,#5729),.UNSPECIFIED.,.F.,.F.)
B_SPLINE_CURVE_WITH_KNOTS((3,3),(2.1125747596488,2.12459088447287),
 .UNSPECIFIED.)
CURVE()
GEOMETRIC_REPRESENTATION_ITEM()
RATIONAL_B_SPLINE_CURVE((1.0045795017805,1.00459041669936,1.00460130762701))
REPRESENTATION_ITEM('')
);
#1312=(
BOUNDED_CURVE()
B_SPLINE_CURVE(2,(#5738,#5739,#5740),.UNSPECIFIED.,.F.,.F.)
B_SPLINE_CURVE_WITH_KNOTS((3,3),(13.0341494678057,13.0461655926298),
 .UNSPECIFIED.)
CURVE()
GEOMETRIC_REPRESENTATION_ITEM()
RATIONAL_B_SPLINE_CURVE((1.00460130762701,1.00459041669936,1.0045795017805))
REPRESENTATION_ITEM('')
);
#1313=(
BOUNDED_CURVE()
B_SPLINE_CURVE(2,(#5749,#5750,#5751),.UNSPECIFIED.,.F.,.F.)
B_SPLINE_CURVE_WITH_KNOTS((3,3),(8.46021494099412,8.47416187056323),
 .UNSPECIFIED.)
CURVE()
GEOMETRIC_REPRESENTATION_ITEM()
RATIONAL_B_SPLINE_CURVE((1.00941637758878,1.00941433631506,1.00941226272066))
REPRESENTATION_ITEM('')
);
#1314=(
BOUNDED_CURVE()
B_SPLINE_CURVE(2,(#5760,#5761,#5762),.UNSPECIFIED.,.F.,.F.)
B_SPLINE_CURVE_WITH_KNOTS((3,3),(3.08107149994451,3.09771571341595),
 .UNSPECIFIED.)
CURVE()
GEOMETRIC_REPRESENTATION_ITEM()
RATIONAL_B_SPLINE_CURVE((1.00618312680946,1.0061955672232,1.00620796160601))
REPRESENTATION_ITEM('')
);
#1315=(
BOUNDED_CURVE()
B_SPLINE_CURVE(2,(#5935,#5936,#5937),.UNSPECIFIED.,.F.,.F.)
B_SPLINE_CURVE_WITH_KNOTS((3,3),(2.51714682524258,2.53149382924353),
 .UNSPECIFIED.)
CURVE()
GEOMETRIC_REPRESENTATION_ITEM()
RATIONAL_B_SPLINE_CURVE((1.00078697376579,1.00078640386817,1.00078580190788))
REPRESENTATION_ITEM('')
);
#1316=(
BOUNDED_CURVE()
B_SPLINE_CURVE(2,(#5944,#5945,#5946),.UNSPECIFIED.,.F.,.F.)
B_SPLINE_CURVE_WITH_KNOTS((3,3),(2.50280626231466,2.51714682524258),
 .UNSPECIFIED.)
CURVE()
GEOMETRIC_REPRESENTATION_ITEM()
RATIONAL_B_SPLINE_CURVE((1.00078808101544,1.00078754340756,1.00078697376579))
REPRESENTATION_ITEM('')
);
#1317=(
BOUNDED_CURVE()
B_SPLINE_CURVE(2,(#5950,#5951,#5952),.UNSPECIFIED.,.F.,.F.)
B_SPLINE_CURVE_WITH_KNOTS((3,3),(1.85968722188678,1.87403909428688),
 .UNSPECIFIED.)
CURVE()
GEOMETRIC_REPRESENTATION_ITEM()
RATIONAL_B_SPLINE_CURVE((1.00093237447572,1.00093299739934,1.00093357440762))
REPRESENTATION_ITEM('')
);
#1318=(
BOUNDED_CURVE()
B_SPLINE_CURVE(2,(#5960,#5961,#5962),.UNSPECIFIED.,.F.,.F.)
B_SPLINE_CURVE_WITH_KNOTS((3,3),(1.84532702816062,1.85968722188678),
 .UNSPECIFIED.)
CURVE()
GEOMETRIC_REPRESENTATION_ITEM()
RATIONAL_B_SPLINE_CURVE((1.0009310819375,1.00093175119091,1.00093237447572))
REPRESENTATION_ITEM('')
);
#1319=(
BOUNDED_CURVE()
B_SPLINE_CURVE(2,(#5969,#5970,#5971),.UNSPECIFIED.,.F.,.F.)
B_SPLINE_CURVE_WITH_KNOTS((3,3),(2.00712539968471,2.02146596261263),
 .UNSPECIFIED.)
CURVE()
GEOMETRIC_REPRESENTATION_ITEM()
RATIONAL_B_SPLINE_CURVE((1.00078697376579,1.00078754340756,1.00078808101544))
REPRESENTATION_ITEM('')
);
#1320=(
BOUNDED_CURVE()
B_SPLINE_CURVE(2,(#5979,#5980,#5981),.UNSPECIFIED.,.F.,.F.)
B_SPLINE_CURVE_WITH_KNOTS((3,3),(1.99277839568377,2.00712539968471),
 .UNSPECIFIED.)
CURVE()
GEOMETRIC_REPRESENTATION_ITEM()
RATIONAL_B_SPLINE_CURVE((1.00078580190788,1.00078640386817,1.00078697376579))
REPRESENTATION_ITEM('')
);
#1321=(
BOUNDED_CURVE()
B_SPLINE_CURVE(2,(#5988,#5989,#5990),.UNSPECIFIED.,.F.,.F.)
B_SPLINE_CURVE_WITH_KNOTS((3,3),(2.24910469879418,2.26346496819705),
 .UNSPECIFIED.)
CURVE()
GEOMETRIC_REPRESENTATION_ITEM()
RATIONAL_B_SPLINE_CURVE((1.00093237447572,1.00093175118763,1.00093108193044))
REPRESENTATION_ITEM('')
);
#1322=(
BOUNDED_CURVE()
B_SPLINE_CURVE(2,(#5997,#5998,#5999),.UNSPECIFIED.,.F.,.F.)
B_SPLINE_CURVE_WITH_KNOTS((3,3),(2.23475275080496,2.24910469879418),
 .UNSPECIFIED.)
CURVE()
GEOMETRIC_REPRESENTATION_ITEM()
RATIONAL_B_SPLINE_CURVE((1.00093357441369,1.00093299740262,1.00093237447572))
REPRESENTATION_ITEM('')
);
#1323=(
BOUNDED_CURVE()
B_SPLINE_CURVE(2,(#6003,#6004,#6005),.UNSPECIFIED.,.F.,.F.)
B_SPLINE_CURVE_WITH_KNOTS((3,3),(2.51907357258423,2.53333606150244),
 .UNSPECIFIED.)
CURVE()
GEOMETRIC_REPRESENTATION_ITEM()
RATIONAL_B_SPLINE_CURVE((1.00068785119541,1.00068767677886,1.00068747833754))
REPRESENTATION_ITEM('')
);
#1324=(
BOUNDED_CURVE()
B_SPLINE_CURVE(2,(#6012,#6013,#6014),.UNSPECIFIED.,.F.,.F.)
B_SPLINE_CURVE_WITH_KNOTS((3,3),(2.504816373748,2.51907357258423),
 .UNSPECIFIED.)
CURVE()
GEOMETRIC_REPRESENTATION_ITEM()
RATIONAL_B_SPLINE_CURVE((1.00068817589219,1.00068802554727,1.00068785119541))
REPRESENTATION_ITEM('')
);
#1325=(
BOUNDED_CURVE()
B_SPLINE_CURVE(2,(#6018,#6019,#6020),.UNSPECIFIED.,.F.,.F.)
B_SPLINE_CURVE_WITH_KNOTS((3,3),(2.31198604662413,2.32624324546035),
 .UNSPECIFIED.)
CURVE()
GEOMETRIC_REPRESENTATION_ITEM()
RATIONAL_B_SPLINE_CURVE((1.00068785119541,1.00068802554727,1.00068817589219))
REPRESENTATION_ITEM('')
);
#1326=(
BOUNDED_CURVE()
B_SPLINE_CURVE(2,(#6028,#6029,#6030),.UNSPECIFIED.,.F.,.F.)
B_SPLINE_CURVE_WITH_KNOTS((3,3),(2.29772355770592,2.31198604662413),
 .UNSPECIFIED.)
CURVE()
GEOMETRIC_REPRESENTATION_ITEM()
RATIONAL_B_SPLINE_CURVE((1.00068747833754,1.00068767677886,1.00068785119541))
REPRESENTATION_ITEM('')
);
#1327=(
BOUNDED_CURVE()
B_SPLINE_CURVE(2,(#6471,#6472,#6473),.UNSPECIFIED.,.F.,.F.)
B_SPLINE_CURVE_WITH_KNOTS((3,3),(2.0071253996847,2.02146596261263),
 .UNSPECIFIED.)
CURVE()
GEOMETRIC_REPRESENTATION_ITEM()
RATIONAL_B_SPLINE_CURVE((1.00078697376579,1.00078754340756,1.00078808101544))
REPRESENTATION_ITEM('')
);
#1328=(
BOUNDED_CURVE()
B_SPLINE_CURVE(2,(#6475,#6476,#6477),.UNSPECIFIED.,.F.,.F.)
B_SPLINE_CURVE_WITH_KNOTS((3,3),(1.99277839568375,2.0071253996847),
 .UNSPECIFIED.)
CURVE()
GEOMETRIC_REPRESENTATION_ITEM()
RATIONAL_B_SPLINE_CURVE((1.00078580190788,1.00078640386817,1.00078697376579))
REPRESENTATION_ITEM('')
);
#1329=(
BOUNDED_CURVE()
B_SPLINE_CURVE(2,(#6480,#6481,#6482),.UNSPECIFIED.,.F.,.F.)
B_SPLINE_CURVE_WITH_KNOTS((3,3),(1.85968722188677,1.87403916987599),
 .UNSPECIFIED.)
CURVE()
GEOMETRIC_REPRESENTATION_ITEM()
RATIONAL_B_SPLINE_CURVE((1.00093237447572,1.00093299740262,1.00093357441369))
REPRESENTATION_ITEM('')
);
#1330=(
BOUNDED_CURVE()
B_SPLINE_CURVE(2,(#6484,#6485,#6486),.UNSPECIFIED.,.F.,.F.)
B_SPLINE_CURVE_WITH_KNOTS((3,3),(1.8453269524839,1.85968722188677),
 .UNSPECIFIED.)
CURVE()
GEOMETRIC_REPRESENTATION_ITEM()
RATIONAL_B_SPLINE_CURVE((1.00093108193044,1.00093175118763,1.00093237447572))
REPRESENTATION_ITEM('')
);
#1331=(
BOUNDED_CURVE()
B_SPLINE_CURVE(2,(#6490,#6491,#6492),.UNSPECIFIED.,.F.,.F.)
B_SPLINE_CURVE_WITH_KNOTS((3,3),(2.23475282639407,2.24910469879417),
 .UNSPECIFIED.)
CURVE()
GEOMETRIC_REPRESENTATION_ITEM()
RATIONAL_B_SPLINE_CURVE((1.00093357440762,1.00093299739934,1.00093237447572))
REPRESENTATION_ITEM('')
);
#1332=(
BOUNDED_CURVE()
B_SPLINE_CURVE(2,(#6494,#6495,#6496),.UNSPECIFIED.,.F.,.F.)
B_SPLINE_CURVE_WITH_KNOTS((3,3),(2.51714682524258,2.53149382924352),
 .UNSPECIFIED.)
CURVE()
GEOMETRIC_REPRESENTATION_ITEM()
RATIONAL_B_SPLINE_CURVE((1.00078697376579,1.00078640386817,1.00078580190788))
REPRESENTATION_ITEM('')
);
#1333=(
BOUNDED_CURVE()
B_SPLINE_CURVE(2,(#6498,#6499,#6500),.UNSPECIFIED.,.F.,.F.)
B_SPLINE_CURVE_WITH_KNOTS((3,3),(2.50280626231465,2.51714682524258),
 .UNSPECIFIED.)
CURVE()
GEOMETRIC_REPRESENTATION_ITEM()
RATIONAL_B_SPLINE_CURVE((1.00078808101544,1.00078754340756,1.00078697376579))
REPRESENTATION_ITEM('')
);
#1334=(
BOUNDED_CURVE()
B_SPLINE_CURVE(2,(#6502,#6503,#6504),.UNSPECIFIED.,.F.,.F.)
B_SPLINE_CURVE_WITH_KNOTS((3,3),(2.51907357258423,2.53333606150243),
 .UNSPECIFIED.)
CURVE()
GEOMETRIC_REPRESENTATION_ITEM()
RATIONAL_B_SPLINE_CURVE((1.00068785119541,1.00068767677886,1.00068747833754))
REPRESENTATION_ITEM('')
);
#1335=(
BOUNDED_CURVE()
B_SPLINE_CURVE(2,(#6506,#6507,#6508),.UNSPECIFIED.,.F.,.F.)
B_SPLINE_CURVE_WITH_KNOTS((3,3),(2.504816373748,2.51907357258423),
 .UNSPECIFIED.)
CURVE()
GEOMETRIC_REPRESENTATION_ITEM()
RATIONAL_B_SPLINE_CURVE((1.00068817589219,1.00068802554727,1.00068785119541))
REPRESENTATION_ITEM('')
);
#1336=(
BOUNDED_CURVE()
B_SPLINE_CURVE(2,(#6513,#6514,#6515),.UNSPECIFIED.,.F.,.F.)
B_SPLINE_CURVE_WITH_KNOTS((3,3),(2.31198604662412,2.32624324546035),
 .UNSPECIFIED.)
CURVE()
GEOMETRIC_REPRESENTATION_ITEM()
RATIONAL_B_SPLINE_CURVE((1.00068785119541,1.00068802554727,1.00068817589219))
REPRESENTATION_ITEM('')
);
#1337=(
BOUNDED_CURVE()
B_SPLINE_CURVE(2,(#6517,#6518,#6519),.UNSPECIFIED.,.F.,.F.)
B_SPLINE_CURVE_WITH_KNOTS((3,3),(2.29772355770591,2.31198604662412),
 .UNSPECIFIED.)
CURVE()
GEOMETRIC_REPRESENTATION_ITEM()
RATIONAL_B_SPLINE_CURVE((1.00068747833754,1.00068767677886,1.00068785119541))
REPRESENTATION_ITEM('')
);
#1338=(
BOUNDED_CURVE()
B_SPLINE_CURVE(2,(#6526,#6527,#6528),.UNSPECIFIED.,.F.,.F.)
B_SPLINE_CURVE_WITH_KNOTS((3,3),(2.24910469879417,2.26346489252033),
 .UNSPECIFIED.)
CURVE()
GEOMETRIC_REPRESENTATION_ITEM()
RATIONAL_B_SPLINE_CURVE((1.00093237447572,1.00093175119091,1.0009310819375))
REPRESENTATION_ITEM('')
);
#1339=(
BOUNDED_CURVE()
B_SPLINE_CURVE(2,(#6767,#6768,#6769),.UNSPECIFIED.,.F.,.F.)
B_SPLINE_CURVE_WITH_KNOTS((3,3),(3.08107149994451,3.09771571341596),
 .UNSPECIFIED.)
CURVE()
GEOMETRIC_REPRESENTATION_ITEM()
RATIONAL_B_SPLINE_CURVE((1.00618312680946,1.0061955672232,1.00620796160601))
REPRESENTATION_ITEM('')
);
#1340=(
BOUNDED_CURVE()
B_SPLINE_CURVE(2,(#6772,#6773,#6774),.UNSPECIFIED.,.F.,.F.)
B_SPLINE_CURVE_WITH_KNOTS((3,3),(12.0610246388626,12.0776688523341),
 .UNSPECIFIED.)
CURVE()
GEOMETRIC_REPRESENTATION_ITEM()
RATIONAL_B_SPLINE_CURVE((1.00620796160601,1.0061955672232,1.00618312680946))
REPRESENTATION_ITEM('')
);
#1341=(
BOUNDED_CURVE()
B_SPLINE_CURVE(2,(#6775,#6776,#6777),.UNSPECIFIED.,.F.,.F.)
B_SPLINE_CURVE_WITH_KNOTS((3,3),(6.68457848171536,6.69852541128447),
 .UNSPECIFIED.)
CURVE()
GEOMETRIC_REPRESENTATION_ITEM()
RATIONAL_B_SPLINE_CURVE((1.00941226272066,1.00941433631506,1.00941637758878))
REPRESENTATION_ITEM('')
);
#1342=(
BOUNDED_CURVE()
B_SPLINE_CURVE(2,(#6778,#6779,#6780),.UNSPECIFIED.,.F.,.F.)
B_SPLINE_CURVE_WITH_KNOTS((3,3),(2.1125747596488,2.12459088447287),
 .UNSPECIFIED.)
CURVE()
GEOMETRIC_REPRESENTATION_ITEM()
RATIONAL_B_SPLINE_CURVE((1.0045795017805,1.00459041669936,1.00460130762701))
REPRESENTATION_ITEM('')
);
#1343=(
BOUNDED_CURVE()
B_SPLINE_CURVE(2,(#6783,#6784,#6785),.UNSPECIFIED.,.F.,.F.)
B_SPLINE_CURVE_WITH_KNOTS((3,3),(13.0341494678057,13.0461655926298),
 .UNSPECIFIED.)
CURVE()
GEOMETRIC_REPRESENTATION_ITEM()
RATIONAL_B_SPLINE_CURVE((1.00460130762701,1.00459041669936,1.0045795017805))
REPRESENTATION_ITEM('')
);
#1344=(
BOUNDED_CURVE()
B_SPLINE_CURVE(2,(#6786,#6787,#6788),.UNSPECIFIED.,.F.,.F.)
B_SPLINE_CURVE_WITH_KNOTS((3,3),(8.46021494099412,8.47416187056323),
 .UNSPECIFIED.)
CURVE()
GEOMETRIC_REPRESENTATION_ITEM()
RATIONAL_B_SPLINE_CURVE((1.00941637758878,1.00941433631506,1.00941226272066))
REPRESENTATION_ITEM('')
);
#1345=VERTEX_POINT('',#5703);
#1346=VERTEX_POINT('',#5704);
#1347=VERTEX_POINT('',#5708);
#1348=VERTEX_POINT('',#5710);
#1349=VERTEX_POINT('',#5714);
#1350=VERTEX_POINT('',#5715);
#1351=VERTEX_POINT('',#5719);
#1352=VERTEX_POINT('',#5721);
#1353=VERTEX_POINT('',#5725);
#1354=VERTEX_POINT('',#5726);
#1355=VERTEX_POINT('',#5730);
#1356=VERTEX_POINT('',#5732);
#1357=VERTEX_POINT('',#5736);
#1358=VERTEX_POINT('',#5737);
#1359=VERTEX_POINT('',#5741);
#1360=VERTEX_POINT('',#5743);
#1361=VERTEX_POINT('',#5747);
#1362=VERTEX_POINT('',#5748);
#1363=VERTEX_POINT('',#5752);
#1364=VERTEX_POINT('',#5754);
#1365=VERTEX_POINT('',#5758);
#1366=VERTEX_POINT('',#5759);
#1367=VERTEX_POINT('',#5763);
#1368=VERTEX_POINT('',#5765);
#1369=VERTEX_POINT('',#5769);
#1370=VERTEX_POINT('',#5771);
#1371=VERTEX_POINT('',#5773);
#1372=VERTEX_POINT('',#5775);
#1373=VERTEX_POINT('',#5777);
#1374=VERTEX_POINT('',#5779);
#1375=VERTEX_POINT('',#5781);
#1376=VERTEX_POINT('',#5784);
#1377=VERTEX_POINT('',#5787);
#1378=VERTEX_POINT('',#5790);
#1379=VERTEX_POINT('',#5792);
#1380=VERTEX_POINT('',#5794);
#1381=VERTEX_POINT('',#5796);
#1382=VERTEX_POINT('',#5798);
#1383=VERTEX_POINT('',#5801);
#1384=VERTEX_POINT('',#5804);
#1385=VERTEX_POINT('',#5807);
#1386=VERTEX_POINT('',#5810);
#1387=VERTEX_POINT('',#5811);
#1388=VERTEX_POINT('',#5813);
#1389=VERTEX_POINT('',#5815);
#1390=VERTEX_POINT('',#5818);
#1391=VERTEX_POINT('',#5819);
#1392=VERTEX_POINT('',#5821);
#1393=VERTEX_POINT('',#5823);
#1394=VERTEX_POINT('',#5827);
#1395=VERTEX_POINT('',#5831);
#1396=VERTEX_POINT('',#5835);
#1397=VERTEX_POINT('',#5837);
#1398=VERTEX_POINT('',#5841);
#1399=VERTEX_POINT('',#5845);
#1400=VERTEX_POINT('',#5847);
#1401=VERTEX_POINT('',#5853);
#1402=VERTEX_POINT('',#5855);
#1403=VERTEX_POINT('',#5859);
#1404=VERTEX_POINT('',#5863);
#1405=VERTEX_POINT('',#5869);
#1406=VERTEX_POINT('',#5871);
#1407=VERTEX_POINT('',#5875);
#1408=VERTEX_POINT('',#5879);
#1409=VERTEX_POINT('',#5885);
#1410=VERTEX_POINT('',#5889);
#1411=VERTEX_POINT('',#5893);
#1412=VERTEX_POINT('',#5895);
#1413=VERTEX_POINT('',#5899);
#1414=VERTEX_POINT('',#5903);
#1415=VERTEX_POINT('',#5909);
#1416=VERTEX_POINT('',#5915);
#1417=VERTEX_POINT('',#5921);
#1418=VERTEX_POINT('',#5927);
#1419=VERTEX_POINT('',#5933);
#1420=VERTEX_POINT('',#5934);
#1421=VERTEX_POINT('',#5938);
#1422=VERTEX_POINT('',#5940);
#1423=VERTEX_POINT('',#5942);
#1424=VERTEX_POINT('',#5948);
#1425=VERTEX_POINT('',#5949);
#1426=VERTEX_POINT('',#5953);
#1427=VERTEX_POINT('',#5955);
#1428=VERTEX_POINT('',#5959);
#1429=VERTEX_POINT('',#5963);
#1430=VERTEX_POINT('',#5967);
#1431=VERTEX_POINT('',#5968);
#1432=VERTEX_POINT('',#5972);
#1433=VERTEX_POINT('',#5974);
#1434=VERTEX_POINT('',#5978);
#1435=VERTEX_POINT('',#5982);
#1436=VERTEX_POINT('',#5986);
#1437=VERTEX_POINT('',#5987);
#1438=VERTEX_POINT('',#5991);
#1439=VERTEX_POINT('',#5993);
#1440=VERTEX_POINT('',#5995);
#1441=VERTEX_POINT('',#6001);
#1442=VERTEX_POINT('',#6002);
#1443=VERTEX_POINT('',#6006);
#1444=VERTEX_POINT('',#6008);
#1445=VERTEX_POINT('',#6010);
#1446=VERTEX_POINT('',#6016);
#1447=VERTEX_POINT('',#6017);
#1448=VERTEX_POINT('',#6021);
#1449=VERTEX_POINT('',#6023);
#1450=VERTEX_POINT('',#6027);
#1451=VERTEX_POINT('',#6031);
#1452=VERTEX_POINT('',#6035);
#1453=VERTEX_POINT('',#6037);
#1454=VERTEX_POINT('',#6041);
#1455=VERTEX_POINT('',#6043);
#1456=VERTEX_POINT('',#6047);
#1457=VERTEX_POINT('',#6049);
#1458=VERTEX_POINT('',#6053);
#1459=VERTEX_POINT('',#6055);
#1460=VERTEX_POINT('',#6059);
#1461=VERTEX_POINT('',#6061);
#1462=VERTEX_POINT('',#6065);
#1463=VERTEX_POINT('',#6067);
#1464=VERTEX_POINT('',#6071);
#1465=VERTEX_POINT('',#6073);
#1466=VERTEX_POINT('',#6077);
#1467=VERTEX_POINT('',#6079);
#1468=VERTEX_POINT('',#6083);
#1469=VERTEX_POINT('',#6085);
#1470=VERTEX_POINT('',#6089);
#1471=VERTEX_POINT('',#6093);
#1472=VERTEX_POINT('',#6096);
#1473=VERTEX_POINT('',#6098);
#1474=VERTEX_POINT('',#6100);
#1475=VERTEX_POINT('',#6102);
#1476=VERTEX_POINT('',#6104);
#1477=VERTEX_POINT('',#6106);
#1478=VERTEX_POINT('',#6108);
#1479=VERTEX_POINT('',#6111);
#1480=VERTEX_POINT('',#6113);
#1481=VERTEX_POINT('',#6115);
#1482=VERTEX_POINT('',#6119);
#1483=VERTEX_POINT('',#6121);
#1484=VERTEX_POINT('',#6123);
#1485=VERTEX_POINT('',#6127);
#1486=VERTEX_POINT('',#6129);
#1487=VERTEX_POINT('',#6132);
#1488=VERTEX_POINT('',#6135);
#1489=VERTEX_POINT('',#6139);
#1490=VERTEX_POINT('',#6144);
#1491=VERTEX_POINT('',#6148);
#1492=VERTEX_POINT('',#6154);
#1493=VERTEX_POINT('',#6159);
#1494=VERTEX_POINT('',#6163);
#1495=VERTEX_POINT('',#6171);
#1496=VERTEX_POINT('',#6177);
#1497=VERTEX_POINT('',#6179);
#1498=VERTEX_POINT('',#6183);
#1499=VERTEX_POINT('',#6187);
#1500=VERTEX_POINT('',#6191);
#1501=VERTEX_POINT('',#6193);
#1502=VERTEX_POINT('',#6197);
#1503=VERTEX_POINT('',#6201);
#1504=VERTEX_POINT('',#6205);
#1505=VERTEX_POINT('',#6209);
#1506=VERTEX_POINT('',#6211);
#1507=VERTEX_POINT('',#6219);
#1508=VERTEX_POINT('',#6230);
#1509=VERTEX_POINT('',#6231);
#1510=VERTEX_POINT('',#6233);
#1511=VERTEX_POINT('',#6235);
#1512=VERTEX_POINT('',#6239);
#1513=VERTEX_POINT('',#6241);
#1514=VERTEX_POINT('',#6245);
#1515=VERTEX_POINT('',#6246);
#1516=VERTEX_POINT('',#6248);
#1517=VERTEX_POINT('',#6250);
#1518=VERTEX_POINT('',#6254);
#1519=VERTEX_POINT('',#6256);
#1520=VERTEX_POINT('',#6260);
#1521=VERTEX_POINT('',#6262);
#1522=VERTEX_POINT('',#6266);
#1523=VERTEX_POINT('',#6268);
#1524=VERTEX_POINT('',#6275);
#1525=VERTEX_POINT('',#6276);
#1526=VERTEX_POINT('',#6278);
#1527=VERTEX_POINT('',#6280);
#1528=VERTEX_POINT('',#6284);
#1529=VERTEX_POINT('',#6285);
#1530=VERTEX_POINT('',#6287);
#1531=VERTEX_POINT('',#6289);
#1532=VERTEX_POINT('',#6293);
#1533=VERTEX_POINT('',#6294);
#1534=VERTEX_POINT('',#6296);
#1535=VERTEX_POINT('',#6298);
#1536=VERTEX_POINT('',#6302);
#1537=VERTEX_POINT('',#6304);
#1538=VERTEX_POINT('',#6308);
#1539=VERTEX_POINT('',#6309);
#1540=VERTEX_POINT('',#6311);
#1541=VERTEX_POINT('',#6313);
#1542=VERTEX_POINT('',#6317);
#1543=VERTEX_POINT('',#6318);
#1544=VERTEX_POINT('',#6320);
#1545=VERTEX_POINT('',#6322);
#1546=VERTEX_POINT('',#6326);
#1547=VERTEX_POINT('',#6327);
#1548=VERTEX_POINT('',#6329);
#1549=VERTEX_POINT('',#6331);
#1550=VERTEX_POINT('',#6335);
#1551=VERTEX_POINT('',#6337);
#1552=VERTEX_POINT('',#6341);
#1553=VERTEX_POINT('',#6342);
#1554=VERTEX_POINT('',#6344);
#1555=VERTEX_POINT('',#6346);
#1556=VERTEX_POINT('',#6350);
#1557=VERTEX_POINT('',#6351);
#1558=VERTEX_POINT('',#6353);
#1559=VERTEX_POINT('',#6355);
#1560=VERTEX_POINT('',#6359);
#1561=VERTEX_POINT('',#6361);
#1562=VERTEX_POINT('',#6365);
#1563=VERTEX_POINT('',#6367);
#1564=VERTEX_POINT('',#6371);
#1565=VERTEX_POINT('',#6373);
#1566=VERTEX_POINT('',#6380);
#1567=VERTEX_POINT('',#6381);
#1568=VERTEX_POINT('',#6386);
#1569=VERTEX_POINT('',#6387);
#1570=VERTEX_POINT('',#6392);
#1571=VERTEX_POINT('',#6393);
#1572=VERTEX_POINT('',#6395);
#1573=VERTEX_POINT('',#6397);
#1574=VERTEX_POINT('',#6401);
#1575=VERTEX_POINT('',#6403);
#1576=VERTEX_POINT('',#6407);
#1577=VERTEX_POINT('',#6409);
#1578=VERTEX_POINT('',#6416);
#1579=VERTEX_POINT('',#6417);
#1580=VERTEX_POINT('',#6419);
#1581=VERTEX_POINT('',#6421);
#1582=VERTEX_POINT('',#6425);
#1583=VERTEX_POINT('',#6427);
#1584=VERTEX_POINT('',#6431);
#1585=VERTEX_POINT('',#6433);
#1586=VERTEX_POINT('',#6437);
#1587=VERTEX_POINT('',#6438);
#1588=VERTEX_POINT('',#6440);
#1589=VERTEX_POINT('',#6442);
#1590=VERTEX_POINT('',#6446);
#1591=VERTEX_POINT('',#6448);
#1592=VERTEX_POINT('',#6452);
#1593=VERTEX_POINT('',#6453);
#1594=VERTEX_POINT('',#6455);
#1595=VERTEX_POINT('',#6457);
#1596=VERTEX_POINT('',#6461);
#1597=VERTEX_POINT('',#6463);
#1598=VERTEX_POINT('',#6470);
#1599=VERTEX_POINT('',#6474);
#1600=VERTEX_POINT('',#6479);
#1601=VERTEX_POINT('',#6483);
#1602=VERTEX_POINT('',#6489);
#1603=VERTEX_POINT('',#6497);
#1604=VERTEX_POINT('',#6505);
#1605=VERTEX_POINT('',#6512);
#1606=VERTEX_POINT('',#6516);
#1607=VERTEX_POINT('',#6522);
#1608=VERTEX_POINT('',#6531);
#1609=VERTEX_POINT('',#6535);
#1610=VERTEX_POINT('',#6539);
#1611=VERTEX_POINT('',#6543);
#1612=VERTEX_POINT('',#6547);
#1613=VERTEX_POINT('',#6572);
#1614=VERTEX_POINT('',#6573);
#1615=VERTEX_POINT('',#6575);
#1616=VERTEX_POINT('',#6577);
#1617=VERTEX_POINT('',#6581);
#1618=VERTEX_POINT('',#6583);
#1619=VERTEX_POINT('',#6587);
#1620=VERTEX_POINT('',#6588);
#1621=VERTEX_POINT('',#6590);
#1622=VERTEX_POINT('',#6592);
#1623=VERTEX_POINT('',#6596);
#1624=VERTEX_POINT('',#6597);
#1625=VERTEX_POINT('',#6599);
#1626=VERTEX_POINT('',#6601);
#1627=VERTEX_POINT('',#6605);
#1628=VERTEX_POINT('',#6607);
#1629=VERTEX_POINT('',#6611);
#1630=VERTEX_POINT('',#6612);
#1631=VERTEX_POINT('',#6614);
#1632=VERTEX_POINT('',#6616);
#1633=VERTEX_POINT('',#6620);
#1634=VERTEX_POINT('',#6622);
#1635=VERTEX_POINT('',#6626);
#1636=VERTEX_POINT('',#6627);
#1637=VERTEX_POINT('',#6629);
#1638=VERTEX_POINT('',#6631);
#1639=VERTEX_POINT('',#6635);
#1640=VERTEX_POINT('',#6637);
#1641=VERTEX_POINT('',#6641);
#1642=VERTEX_POINT('',#6642);
#1643=VERTEX_POINT('',#6644);
#1644=VERTEX_POINT('',#6646);
#1645=VERTEX_POINT('',#6650);
#1646=VERTEX_POINT('',#6652);
#1647=VERTEX_POINT('',#6656);
#1648=VERTEX_POINT('',#6657);
#1649=VERTEX_POINT('',#6659);
#1650=VERTEX_POINT('',#6661);
#1651=VERTEX_POINT('',#6665);
#1652=VERTEX_POINT('',#6667);
#1653=VERTEX_POINT('',#6671);
#1654=VERTEX_POINT('',#6673);
#1655=VERTEX_POINT('',#6680);
#1656=VERTEX_POINT('',#6681);
#1657=VERTEX_POINT('',#6683);
#1658=VERTEX_POINT('',#6685);
#1659=VERTEX_POINT('',#6689);
#1660=VERTEX_POINT('',#6691);
#1661=VERTEX_POINT('',#6698);
#1662=VERTEX_POINT('',#6699);
#1663=VERTEX_POINT('',#6701);
#1664=VERTEX_POINT('',#6703);
#1665=VERTEX_POINT('',#6707);
#1666=VERTEX_POINT('',#6709);
#1667=VERTEX_POINT('',#6713);
#1668=VERTEX_POINT('',#6714);
#1669=VERTEX_POINT('',#6716);
#1670=VERTEX_POINT('',#6718);
#1671=VERTEX_POINT('',#6722);
#1672=VERTEX_POINT('',#6724);
#1673=VERTEX_POINT('',#6728);
#1674=VERTEX_POINT('',#6730);
#1675=VERTEX_POINT('',#6737);
#1676=VERTEX_POINT('',#6738);
#1677=VERTEX_POINT('',#6740);
#1678=VERTEX_POINT('',#6742);
#1679=VERTEX_POINT('',#6746);
#1680=VERTEX_POINT('',#6748);
#1681=VERTEX_POINT('',#6752);
#1682=VERTEX_POINT('',#6753);
#1683=VERTEX_POINT('',#6755);
#1684=VERTEX_POINT('',#6757);
#1685=VERTEX_POINT('',#6761);
#1686=VERTEX_POINT('',#6763);
#1687=VERTEX_POINT('',#6839);
#1688=VERTEX_POINT('',#6840);
#1689=VERTEX_POINT('',#6842);
#1690=VERTEX_POINT('',#6844);
#1691=VERTEX_POINT('',#6848);
#1692=VERTEX_POINT('',#6849);
#1693=VERTEX_POINT('',#6851);
#1694=VERTEX_POINT('',#6853);
#1695=VERTEX_POINT('',#6860);
#1696=VERTEX_POINT('',#6862);
#1697=VERTEX_POINT('',#6864);
#1698=VERTEX_POINT('',#6866);
#1699=VERTEX_POINT('',#6868);
#1700=VERTEX_POINT('',#6870);
#1701=VERTEX_POINT('',#6872);
#1702=VERTEX_POINT('',#6876);
#1703=VERTEX_POINT('',#6878);
#1704=VERTEX_POINT('',#6880);
#1705=VERTEX_POINT('',#6882);
#1706=VERTEX_POINT('',#6884);
#1707=VERTEX_POINT('',#6886);
#1708=VERTEX_POINT('',#6890);
#1709=VERTEX_POINT('',#6892);
#1710=VERTEX_POINT('',#6896);
#1711=VERTEX_POINT('',#6898);
#1712=VERTEX_POINT('',#6905);
#1713=VERTEX_POINT('',#6907);
#1714=VERTEX_POINT('',#6909);
#1715=VERTEX_POINT('',#6911);
#1716=VERTEX_POINT('',#6915);
#1717=VERTEX_POINT('',#6919);
#1718=VERTEX_POINT('',#6923);
#1719=VERTEX_POINT('',#6925);
#1720=VERTEX_POINT('',#6929);
#1721=VERTEX_POINT('',#6930);
#1722=VERTEX_POINT('',#6935);
#1723=VERTEX_POINT('',#6937);
#1724=VERTEX_POINT('',#6939);
#1725=VERTEX_POINT('',#6943);
#1726=VERTEX_POINT('',#6947);
#1727=VERTEX_POINT('',#6949);
#1728=VERTEX_POINT('',#6953);
#1729=EDGE_CURVE('',#1345,#1346,#1309,.T.);
#1730=EDGE_CURVE('',#1346,#1347,#783,.T.);
#1731=EDGE_CURVE('',#1348,#1347,#784,.T.);
#1732=EDGE_CURVE('',#1345,#1348,#785,.T.);
#1733=EDGE_CURVE('',#1349,#1350,#1310,.T.);
#1734=EDGE_CURVE('',#1350,#1351,#786,.T.);
#1735=EDGE_CURVE('',#1352,#1351,#787,.T.);
#1736=EDGE_CURVE('',#1349,#1352,#788,.T.);
#1737=EDGE_CURVE('',#1353,#1354,#1311,.T.);
#1738=EDGE_CURVE('',#1354,#1355,#789,.T.);
#1739=EDGE_CURVE('',#1356,#1355,#790,.T.);
#1740=EDGE_CURVE('',#1353,#1356,#791,.T.);
#1741=EDGE_CURVE('',#1357,#1358,#1312,.T.);
#1742=EDGE_CURVE('',#1358,#1359,#792,.T.);
#1743=EDGE_CURVE('',#1360,#1359,#793,.T.);
#1744=EDGE_CURVE('',#1357,#1360,#794,.T.);
#1745=EDGE_CURVE('',#1361,#1362,#1313,.T.);
#1746=EDGE_CURVE('',#1362,#1363,#795,.T.);
#1747=EDGE_CURVE('',#1364,#1363,#796,.T.);
#1748=EDGE_CURVE('',#1361,#1364,#797,.T.);
#1749=EDGE_CURVE('',#1365,#1366,#1314,.T.);
#1750=EDGE_CURVE('',#1366,#1367,#798,.T.);
#1751=EDGE_CURVE('',#1368,#1367,#799,.T.);
#1752=EDGE_CURVE('',#1365,#1368,#800,.T.);
#1753=EDGE_CURVE('',#1353,#1369,#80,.T.);
#1754=EDGE_CURVE('',#1369,#1370,#81,.T.);
#1755=EDGE_CURVE('',#1371,#1370,#32,.T.);
#1756=EDGE_CURVE('',#1371,#1372,#82,.T.);
#1757=EDGE_CURVE('',#1372,#1373,#83,.T.);
#1758=EDGE_CURVE('',#1374,#1373,#33,.T.);
#1759=EDGE_CURVE('',#1374,#1375,#84,.T.);
#1760=EDGE_CURVE('',#1375,#1358,#85,.T.);
#1761=EDGE_CURVE('',#1357,#1376,#86,.T.);
#1762=EDGE_CURVE('',#1376,#1362,#87,.T.);
#1763=EDGE_CURVE('',#1361,#1377,#88,.T.);
#1764=EDGE_CURVE('',#1377,#1366,#89,.T.);
#1765=EDGE_CURVE('',#1365,#1378,#90,.T.);
#1766=EDGE_CURVE('',#1379,#1378,#34,.T.);
#1767=EDGE_CURVE('',#1379,#1380,#91,.T.);
#1768=EDGE_CURVE('',#1380,#1381,#92,.T.);
#1769=EDGE_CURVE('',#1381,#1382,#93,.T.);
#1770=EDGE_CURVE('',#1382,#1379,#94,.T.);
#1771=EDGE_CURVE('',#1383,#1379,#35,.T.);
#1772=EDGE_CURVE('',#1383,#1346,#95,.T.);
#1773=EDGE_CURVE('',#1345,#1384,#96,.T.);
#1774=EDGE_CURVE('',#1384,#1350,#97,.T.);
#1775=EDGE_CURVE('',#1349,#1385,#98,.T.);
#1776=EDGE_CURVE('',#1385,#1354,#99,.T.);
#1777=EDGE_CURVE('',#1386,#1387,#100,.T.);
#1778=EDGE_CURVE('',#1387,#1388,#101,.T.);
#1779=EDGE_CURVE('',#1388,#1389,#102,.T.);
#1780=EDGE_CURVE('',#1389,#1386,#103,.T.);
#1781=EDGE_CURVE('',#1390,#1391,#104,.T.);
#1782=EDGE_CURVE('',#1391,#1392,#105,.T.);
#1783=EDGE_CURVE('',#1392,#1393,#106,.T.);
#1784=EDGE_CURVE('',#1393,#1390,#107,.T.);
#1785=EDGE_CURVE('',#1394,#1356,#108,.T.);
#1786=EDGE_CURVE('',#1394,#1369,#801,.T.);
#1787=EDGE_CURVE('',#1395,#1394,#109,.T.);
#1788=EDGE_CURVE('',#1370,#1395,#802,.T.);
#1789=EDGE_CURVE('',#1396,#1371,#803,.T.);
#1790=EDGE_CURVE('',#1397,#1396,#110,.T.);
#1791=EDGE_CURVE('',#1372,#1397,#804,.T.);
#1792=EDGE_CURVE('',#1398,#1397,#111,.T.);
#1793=EDGE_CURVE('',#1373,#1398,#805,.T.);
#1794=EDGE_CURVE('',#1399,#1374,#806,.T.);
#1795=EDGE_CURVE('',#1400,#1399,#112,.T.);
#1796=EDGE_CURVE('',#1400,#1375,#807,.T.);
#1797=EDGE_CURVE('',#1359,#1400,#113,.T.);
#1798=EDGE_CURVE('',#1391,#1401,#808,.T.);
#1799=EDGE_CURVE('',#1402,#1401,#114,.T.);
#1800=EDGE_CURVE('',#1402,#1392,#809,.T.);
#1801=EDGE_CURVE('',#1403,#1402,#115,.T.);
#1802=EDGE_CURVE('',#1393,#1403,#810,.T.);
#1803=EDGE_CURVE('',#1404,#1403,#116,.T.);
#1804=EDGE_CURVE('',#1390,#1404,#811,.T.);
#1805=EDGE_CURVE('',#1401,#1404,#117,.T.);
#1806=EDGE_CURVE('',#1387,#1405,#812,.T.);
#1807=EDGE_CURVE('',#1406,#1405,#118,.T.);
#1808=EDGE_CURVE('',#1406,#1388,#813,.T.);
#1809=EDGE_CURVE('',#1407,#1406,#119,.T.);
#1810=EDGE_CURVE('',#1389,#1407,#814,.T.);
#1811=EDGE_CURVE('',#1408,#1407,#120,.T.);
#1812=EDGE_CURVE('',#1386,#1408,#815,.T.);
#1813=EDGE_CURVE('',#1405,#1408,#121,.T.);
#1814=EDGE_CURVE('',#1409,#1383,#816,.T.);
#1815=EDGE_CURVE('',#1347,#1409,#122,.T.);
#1816=EDGE_CURVE('',#1410,#1368,#123,.T.);
#1817=EDGE_CURVE('',#1378,#1410,#817,.T.);
#1818=EDGE_CURVE('',#1382,#1411,#818,.T.);
#1819=EDGE_CURVE('',#1412,#1411,#124,.T.);
#1820=EDGE_CURVE('',#1379,#1412,#819,.T.);
#1821=EDGE_CURVE('',#1381,#1413,#820,.T.);
#1822=EDGE_CURVE('',#1411,#1413,#125,.T.);
#1823=EDGE_CURVE('',#1414,#1412,#126,.T.);
#1824=EDGE_CURVE('',#1414,#1380,#821,.T.);
#1825=EDGE_CURVE('',#1413,#1414,#127,.T.);
#1826=EDGE_CURVE('',#1415,#1385,#822,.T.);
#1827=EDGE_CURVE('',#1355,#1415,#128,.T.);
#1828=EDGE_CURVE('',#1415,#1352,#129,.T.);
#1829=EDGE_CURVE('',#1416,#1376,#823,.T.);
#1830=EDGE_CURVE('',#1363,#1416,#130,.T.);
#1831=EDGE_CURVE('',#1416,#1360,#131,.T.);
#1832=EDGE_CURVE('',#1417,#1384,#824,.T.);
#1833=EDGE_CURVE('',#1351,#1417,#132,.T.);
#1834=EDGE_CURVE('',#1417,#1348,#133,.T.);
#1835=EDGE_CURVE('',#1418,#1377,#825,.T.);
#1836=EDGE_CURVE('',#1367,#1418,#134,.T.);
#1837=EDGE_CURVE('',#1418,#1364,#135,.T.);
#1838=EDGE_CURVE('',#1419,#1420,#1315,.T.);
#1839=EDGE_CURVE('',#1420,#1421,#826,.T.);
#1840=EDGE_CURVE('',#1422,#1421,#827,.T.);
#1841=EDGE_CURVE('',#1422,#1423,#828,.T.);
#1842=EDGE_CURVE('',#1423,#1419,#1316,.T.);
#1843=EDGE_CURVE('',#1424,#1425,#1317,.T.);
#1844=EDGE_CURVE('',#1425,#1426,#829,.T.);
#1845=EDGE_CURVE('',#1427,#1426,#830,.T.);
#1846=EDGE_CURVE('',#1424,#1427,#831,.T.);
#1847=EDGE_CURVE('',#1428,#1424,#1318,.T.);
#1848=EDGE_CURVE('',#1429,#1427,#832,.T.);
#1849=EDGE_CURVE('',#1429,#1428,#833,.T.);
#1850=EDGE_CURVE('',#1430,#1431,#1319,.T.);
#1851=EDGE_CURVE('',#1431,#1432,#834,.T.);
#1852=EDGE_CURVE('',#1433,#1432,#835,.T.);
#1853=EDGE_CURVE('',#1430,#1433,#836,.T.);
#1854=EDGE_CURVE('',#1434,#1430,#1320,.T.);
#1855=EDGE_CURVE('',#1435,#1433,#837,.T.);
#1856=EDGE_CURVE('',#1435,#1434,#838,.T.);
#1857=EDGE_CURVE('',#1436,#1437,#1321,.T.);
#1858=EDGE_CURVE('',#1437,#1438,#839,.T.);
#1859=EDGE_CURVE('',#1439,#1438,#840,.T.);
#1860=EDGE_CURVE('',#1439,#1440,#841,.T.);
#1861=EDGE_CURVE('',#1440,#1436,#1322,.T.);
#1862=EDGE_CURVE('',#1441,#1442,#1323,.T.);
#1863=EDGE_CURVE('',#1442,#1443,#842,.T.);
#1864=EDGE_CURVE('',#1444,#1443,#843,.T.);
#1865=EDGE_CURVE('',#1444,#1445,#844,.T.);
#1866=EDGE_CURVE('',#1445,#1441,#1324,.T.);
#1867=EDGE_CURVE('',#1446,#1447,#1325,.T.);
#1868=EDGE_CURVE('',#1447,#1448,#845,.T.);
#1869=EDGE_CURVE('',#1449,#1448,#846,.T.);
#1870=EDGE_CURVE('',#1446,#1449,#847,.T.);
#1871=EDGE_CURVE('',#1450,#1446,#1326,.T.);
#1872=EDGE_CURVE('',#1451,#1449,#848,.T.);
#1873=EDGE_CURVE('',#1451,#1450,#849,.T.);
#1874=EDGE_CURVE('',#1452,#1420,#136,.T.);
#1875=EDGE_CURVE('',#1453,#1452,#850,.T.);
#1876=EDGE_CURVE('',#1421,#1453,#137,.T.);
#1877=EDGE_CURVE('',#1454,#1422,#138,.T.);
#1878=EDGE_CURVE('',#1454,#1455,#851,.T.);
#1879=EDGE_CURVE('',#1423,#1455,#139,.T.);
#1880=EDGE_CURVE('',#1456,#1429,#140,.T.);
#1881=EDGE_CURVE('',#1457,#1456,#852,.T.);
#1882=EDGE_CURVE('',#1428,#1457,#141,.T.);
#1883=EDGE_CURVE('',#1458,#1435,#142,.T.);
#1884=EDGE_CURVE('',#1458,#1459,#853,.T.);
#1885=EDGE_CURVE('',#1434,#1459,#143,.T.);
#1886=EDGE_CURVE('',#1460,#1437,#144,.T.);
#1887=EDGE_CURVE('',#1461,#1460,#854,.T.);
#1888=EDGE_CURVE('',#1438,#1461,#145,.T.);
#1889=EDGE_CURVE('',#1462,#1439,#146,.T.);
#1890=EDGE_CURVE('',#1462,#1463,#855,.T.);
#1891=EDGE_CURVE('',#1440,#1463,#147,.T.);
#1892=EDGE_CURVE('',#1464,#1442,#148,.T.);
#1893=EDGE_CURVE('',#1465,#1464,#856,.T.);
#1894=EDGE_CURVE('',#1443,#1465,#149,.T.);
#1895=EDGE_CURVE('',#1466,#1444,#150,.T.);
#1896=EDGE_CURVE('',#1466,#1467,#857,.T.);
#1897=EDGE_CURVE('',#1445,#1467,#151,.T.);
#1898=EDGE_CURVE('',#1468,#1451,#152,.T.);
#1899=EDGE_CURVE('',#1468,#1469,#858,.T.);
#1900=EDGE_CURVE('',#1450,#1469,#153,.T.);
#1901=EDGE_CURVE('',#1470,#1457,#36,.T.);
#1902=EDGE_CURVE('',#1470,#1424,#154,.T.);
#1903=EDGE_CURVE('',#1455,#1471,#155,.T.);
#1904=EDGE_CURVE('',#1471,#1464,#156,.T.);
#1905=EDGE_CURVE('',#1467,#1472,#157,.T.);
#1906=EDGE_CURVE('',#1472,#1473,#158,.T.);
#1907=EDGE_CURVE('',#1474,#1473,#37,.T.);
#1908=EDGE_CURVE('',#1474,#1475,#159,.T.);
#1909=EDGE_CURVE('',#1475,#1476,#160,.T.);
#1910=EDGE_CURVE('',#1477,#1476,#38,.T.);
#1911=EDGE_CURVE('',#1477,#1478,#161,.T.);
#1912=EDGE_CURVE('',#1478,#1447,#162,.T.);
#1913=EDGE_CURVE('',#1446,#1479,#163,.T.);
#1914=EDGE_CURVE('',#1479,#1480,#164,.T.);
#1915=EDGE_CURVE('',#1480,#1481,#165,.T.);
#1916=EDGE_CURVE('',#1481,#1446,#166,.T.);
#1917=EDGE_CURVE('',#1469,#1431,#167,.T.);
#1918=EDGE_CURVE('',#1430,#1482,#168,.T.);
#1919=EDGE_CURVE('',#1482,#1483,#169,.T.);
#1920=EDGE_CURVE('',#1483,#1484,#170,.T.);
#1921=EDGE_CURVE('',#1484,#1430,#171,.T.);
#1922=EDGE_CURVE('',#1459,#1425,#172,.T.);
#1923=EDGE_CURVE('',#1424,#1485,#173,.T.);
#1924=EDGE_CURVE('',#1485,#1486,#174,.T.);
#1925=EDGE_CURVE('',#1486,#1470,#175,.T.);
#1926=EDGE_CURVE('',#1487,#1470,#39,.T.);
#1927=EDGE_CURVE('',#1487,#1460,#176,.T.);
#1928=EDGE_CURVE('',#1463,#1488,#177,.T.);
#1929=EDGE_CURVE('',#1488,#1452,#178,.T.);
#1930=EDGE_CURVE('',#1489,#1481,#859,.T.);
#1931=EDGE_CURVE('',#1449,#1489,#179,.T.);
#1932=EDGE_CURVE('',#1446,#1449,#860,.T.);
#1933=EDGE_CURVE('',#1490,#1480,#861,.T.);
#1934=EDGE_CURVE('',#1489,#1490,#180,.T.);
#1935=EDGE_CURVE('',#1491,#1449,#181,.T.);
#1936=EDGE_CURVE('',#1491,#1479,#862,.T.);
#1937=EDGE_CURVE('',#1490,#1491,#182,.T.);
#1938=EDGE_CURVE('',#1492,#1484,#863,.T.);
#1939=EDGE_CURVE('',#1433,#1492,#183,.T.);
#1940=EDGE_CURVE('',#1430,#1433,#864,.T.);
#1941=EDGE_CURVE('',#1493,#1433,#184,.T.);
#1942=EDGE_CURVE('',#1493,#1482,#865,.T.);
#1943=EDGE_CURVE('',#1494,#1454,#185,.T.);
#1944=EDGE_CURVE('',#1471,#1494,#866,.T.);
#1945=EDGE_CURVE('',#1465,#1494,#186,.T.);
#1946=EDGE_CURVE('',#1426,#1458,#187,.T.);
#1947=EDGE_CURVE('',#1495,#1462,#188,.T.);
#1948=EDGE_CURVE('',#1488,#1495,#867,.T.);
#1949=EDGE_CURVE('',#1453,#1495,#189,.T.);
#1950=EDGE_CURVE('',#1496,#1485,#868,.T.);
#1951=EDGE_CURVE('',#1497,#1496,#190,.T.);
#1952=EDGE_CURVE('',#1497,#1486,#869,.T.);
#1953=EDGE_CURVE('',#1498,#1497,#191,.T.);
#1954=EDGE_CURVE('',#1470,#1498,#870,.T.);
#1955=EDGE_CURVE('',#1499,#1487,#871,.T.);
#1956=EDGE_CURVE('',#1461,#1499,#192,.T.);
#1957=EDGE_CURVE('',#1500,#1475,#872,.T.);
#1958=EDGE_CURVE('',#1501,#1500,#193,.T.);
#1959=EDGE_CURVE('',#1476,#1501,#873,.T.);
#1960=EDGE_CURVE('',#1502,#1474,#874,.T.);
#1961=EDGE_CURVE('',#1500,#1502,#194,.T.);
#1962=EDGE_CURVE('',#1503,#1478,#875,.T.);
#1963=EDGE_CURVE('',#1448,#1503,#195,.T.);
#1964=EDGE_CURVE('',#1504,#1477,#876,.T.);
#1965=EDGE_CURVE('',#1503,#1504,#196,.T.);
#1966=EDGE_CURVE('',#1472,#1505,#877,.T.);
#1967=EDGE_CURVE('',#1506,#1505,#197,.T.);
#1968=EDGE_CURVE('',#1473,#1506,#878,.T.);
#1969=EDGE_CURVE('',#1505,#1466,#198,.T.);
#1970=EDGE_CURVE('',#1432,#1468,#199,.T.);
#1971=EDGE_CURVE('',#1507,#1493,#200,.T.);
#1972=EDGE_CURVE('',#1507,#1483,#879,.T.);
#1973=EDGE_CURVE('',#1492,#1507,#201,.T.);
#1974=EDGE_CURVE('',#1424,#1427,#880,.T.);
#1975=EDGE_CURVE('',#1496,#1427,#202,.T.);
#1976=EDGE_CURVE('',#1427,#1498,#203,.T.);
#1977=EDGE_CURVE('',#1508,#1509,#40,.T.);
#1978=EDGE_CURVE('',#1510,#1508,#881,.T.);
#1979=EDGE_CURVE('',#1511,#1510,#41,.T.);
#1980=EDGE_CURVE('',#1511,#1509,#882,.T.);
#1981=EDGE_CURVE('',#1509,#1512,#883,.T.);
#1982=EDGE_CURVE('',#1513,#1511,#884,.T.);
#1983=EDGE_CURVE('',#1512,#1513,#885,.T.);
#1984=EDGE_CURVE('',#1514,#1515,#886,.T.);
#1985=EDGE_CURVE('',#1516,#1514,#887,.T.);
#1986=EDGE_CURVE('',#1516,#1517,#888,.T.);
#1987=EDGE_CURVE('',#1515,#1517,#889,.T.);
#1988=EDGE_CURVE('',#1518,#1508,#890,.T.);
#1989=EDGE_CURVE('',#1519,#1518,#891,.T.);
#1990=EDGE_CURVE('',#1510,#1519,#892,.T.);
#1991=EDGE_CURVE('',#1517,#1520,#42,.T.);
#1992=EDGE_CURVE('',#1521,#1516,#43,.T.);
#1993=EDGE_CURVE('',#1521,#1520,#893,.T.);
#1994=EDGE_CURVE('',#1520,#1522,#894,.T.);
#1995=EDGE_CURVE('',#1523,#1521,#895,.T.);
#1996=EDGE_CURVE('',#1523,#1522,#896,.T.);
#1997=EDGE_CURVE('',#1522,#1518,#897,.T.);
#1998=EDGE_CURVE('',#1519,#1523,#898,.T.);
#1999=EDGE_CURVE('',#1524,#1525,#204,.T.);
#2000=EDGE_CURVE('',#1524,#1526,#899,.T.);
#2001=EDGE_CURVE('',#1527,#1526,#205,.T.);
#2002=EDGE_CURVE('',#1525,#1527,#900,.T.);
#2003=EDGE_CURVE('',#1528,#1529,#901,.T.);
#2004=EDGE_CURVE('',#1530,#1528,#206,.T.);
#2005=EDGE_CURVE('',#1531,#1530,#902,.T.);
#2006=EDGE_CURVE('',#1529,#1531,#207,.T.);
#2007=EDGE_CURVE('',#1532,#1533,#208,.T.);
#2008=EDGE_CURVE('',#1532,#1534,#903,.T.);
#2009=EDGE_CURVE('',#1535,#1534,#209,.T.);
#2010=EDGE_CURVE('',#1535,#1533,#904,.T.);
#2011=EDGE_CURVE('',#1533,#1536,#210,.T.);
#2012=EDGE_CURVE('',#1537,#1535,#211,.T.);
#2013=EDGE_CURVE('',#1536,#1537,#905,.T.);
#2014=EDGE_CURVE('',#1538,#1539,#212,.T.);
#2015=EDGE_CURVE('',#1540,#1538,#906,.T.);
#2016=EDGE_CURVE('',#1541,#1540,#213,.T.);
#2017=EDGE_CURVE('',#1539,#1541,#907,.T.);
#2018=EDGE_CURVE('',#1542,#1543,#908,.T.);
#2019=EDGE_CURVE('',#1544,#1542,#214,.T.);
#2020=EDGE_CURVE('',#1544,#1545,#909,.T.);
#2021=EDGE_CURVE('',#1543,#1545,#215,.T.);
#2022=EDGE_CURVE('',#1546,#1547,#216,.T.);
#2023=EDGE_CURVE('',#1546,#1548,#910,.T.);
#2024=EDGE_CURVE('',#1549,#1548,#217,.T.);
#2025=EDGE_CURVE('',#1549,#1547,#911,.T.);
#2026=EDGE_CURVE('',#1547,#1550,#218,.T.);
#2027=EDGE_CURVE('',#1551,#1549,#219,.T.);
#2028=EDGE_CURVE('',#1550,#1551,#912,.T.);
#2029=EDGE_CURVE('',#1552,#1553,#913,.T.);
#2030=EDGE_CURVE('',#1554,#1552,#220,.T.);
#2031=EDGE_CURVE('',#1554,#1555,#914,.T.);
#2032=EDGE_CURVE('',#1553,#1555,#221,.T.);
#2033=EDGE_CURVE('',#1556,#1557,#222,.T.);
#2034=EDGE_CURVE('',#1556,#1558,#915,.T.);
#2035=EDGE_CURVE('',#1559,#1558,#223,.T.);
#2036=EDGE_CURVE('',#1559,#1557,#916,.T.);
#2037=EDGE_CURVE('',#1560,#1556,#224,.T.);
#2038=EDGE_CURVE('',#1560,#1561,#917,.T.);
#2039=EDGE_CURVE('',#1558,#1561,#225,.T.);
#2040=EDGE_CURVE('',#1562,#1538,#226,.T.);
#2041=EDGE_CURVE('',#1563,#1562,#918,.T.);
#2042=EDGE_CURVE('',#1540,#1563,#227,.T.);
#2043=EDGE_CURVE('',#1564,#1562,#228,.T.);
#2044=EDGE_CURVE('',#1564,#1565,#919,.T.);
#2045=EDGE_CURVE('',#1563,#1565,#229,.T.);
#2046=EDGE_CURVE('',#1539,#1564,#230,.T.);
#2047=EDGE_CURVE('',#1565,#1541,#231,.T.);
#2048=EDGE_CURVE('',#1566,#1567,#920,.T.);
#2049=EDGE_CURVE('',#1536,#1566,#232,.T.);
#2050=EDGE_CURVE('',#1567,#1537,#233,.T.);
#2051=EDGE_CURVE('',#1568,#1569,#921,.T.);
#2052=EDGE_CURVE('',#1550,#1568,#234,.T.);
#2053=EDGE_CURVE('',#1569,#1551,#235,.T.);
#2054=EDGE_CURVE('',#1570,#1571,#236,.T.);
#2055=EDGE_CURVE('',#1570,#1572,#922,.T.);
#2056=EDGE_CURVE('',#1573,#1572,#237,.T.);
#2057=EDGE_CURVE('',#1571,#1573,#923,.T.);
#2058=EDGE_CURVE('',#1574,#1570,#238,.T.);
#2059=EDGE_CURVE('',#1574,#1575,#924,.T.);
#2060=EDGE_CURVE('',#1572,#1575,#239,.T.);
#2061=EDGE_CURVE('',#1571,#1576,#240,.T.);
#2062=EDGE_CURVE('',#1577,#1573,#241,.T.);
#2063=EDGE_CURVE('',#1577,#1576,#925,.T.);
#2064=EDGE_CURVE('',#1576,#1574,#242,.T.);
#2065=EDGE_CURVE('',#1575,#1577,#243,.T.);
#2066=EDGE_CURVE('',#1578,#1579,#926,.T.);
#2067=EDGE_CURVE('',#1580,#1578,#244,.T.);
#2068=EDGE_CURVE('',#1580,#1581,#927,.T.);
#2069=EDGE_CURVE('',#1579,#1581,#245,.T.);
#2070=EDGE_CURVE('',#1582,#1554,#246,.T.);
#2071=EDGE_CURVE('',#1583,#1582,#928,.T.);
#2072=EDGE_CURVE('',#1555,#1583,#247,.T.);
#2073=EDGE_CURVE('',#1584,#1582,#248,.T.);
#2074=EDGE_CURVE('',#1585,#1584,#929,.T.);
#2075=EDGE_CURVE('',#1583,#1585,#249,.T.);
#2076=EDGE_CURVE('',#1586,#1587,#250,.T.);
#2077=EDGE_CURVE('',#1586,#1588,#930,.T.);
#2078=EDGE_CURVE('',#1589,#1588,#251,.T.);
#2079=EDGE_CURVE('',#1587,#1589,#931,.T.);
#2080=EDGE_CURVE('',#1590,#1586,#252,.T.);
#2081=EDGE_CURVE('',#1591,#1590,#932,.T.);
#2082=EDGE_CURVE('',#1588,#1591,#253,.T.);
#2083=EDGE_CURVE('',#1592,#1593,#254,.T.);
#2084=EDGE_CURVE('',#1592,#1594,#933,.T.);
#2085=EDGE_CURVE('',#1595,#1594,#255,.T.);
#2086=EDGE_CURVE('',#1593,#1595,#934,.T.);
#2087=EDGE_CURVE('',#1596,#1560,#256,.T.);
#2088=EDGE_CURVE('',#1596,#1597,#935,.T.);
#2089=EDGE_CURVE('',#1561,#1597,#257,.T.);
#2090=EDGE_CURVE('',#1557,#1596,#258,.T.);
#2091=EDGE_CURVE('',#1597,#1559,#259,.T.);
#2092=EDGE_CURVE('',#1598,#1568,#1327,.T.);
#2093=EDGE_CURVE('',#1599,#1598,#1328,.T.);
#2094=EDGE_CURVE('',#1599,#1532,#260,.T.);
#2095=EDGE_CURVE('',#1600,#1566,#1329,.T.);
#2096=EDGE_CURVE('',#1601,#1600,#1330,.T.);
#2097=EDGE_CURVE('',#1601,#1524,#261,.T.);
#2098=EDGE_CURVE('',#1538,#1525,#44,.T.);
#2099=EDGE_CURVE('',#1602,#1562,#1331,.T.);
#2100=EDGE_CURVE('',#1602,#1544,#262,.T.);
#2101=EDGE_CURVE('',#1576,#1542,#1332,.T.);
#2102=EDGE_CURVE('',#1603,#1576,#1333,.T.);
#2103=EDGE_CURVE('',#1603,#1580,#263,.T.);
#2104=EDGE_CURVE('',#1557,#1578,#1334,.T.);
#2105=EDGE_CURVE('',#1604,#1557,#1335,.T.);
#2106=EDGE_CURVE('',#1604,#1592,#264,.T.);
#2107=EDGE_CURVE('',#1590,#1593,#45,.T.);
#2108=EDGE_CURVE('',#1584,#1587,#46,.T.);
#2109=EDGE_CURVE('',#1605,#1552,#1336,.T.);
#2110=EDGE_CURVE('',#1606,#1605,#1337,.T.);
#2111=EDGE_CURVE('',#1606,#1546,#265,.T.);
#2112=EDGE_CURVE('',#1607,#1604,#936,.T.);
#2113=EDGE_CURVE('',#1594,#1607,#266,.T.);
#2114=EDGE_CURVE('',#1562,#1528,#1338,.T.);
#2115=EDGE_CURVE('',#1530,#1538,#47,.T.);
#2116=EDGE_CURVE('',#1608,#1606,#937,.T.);
#2117=EDGE_CURVE('',#1548,#1608,#267,.T.);
#2118=EDGE_CURVE('',#1609,#1601,#938,.T.);
#2119=EDGE_CURVE('',#1526,#1609,#268,.T.);
#2120=EDGE_CURVE('',#1610,#1603,#939,.T.);
#2121=EDGE_CURVE('',#1581,#1610,#269,.T.);
#2122=EDGE_CURVE('',#1611,#1602,#940,.T.);
#2123=EDGE_CURVE('',#1545,#1611,#270,.T.);
#2124=EDGE_CURVE('',#1612,#1599,#941,.T.);
#2125=EDGE_CURVE('',#1534,#1612,#271,.T.);
#2126=EDGE_CURVE('',#1559,#1557,#942,.T.);
#2127=EDGE_CURVE('',#1607,#1559,#943,.T.);
#2128=EDGE_CURVE('',#1559,#1579,#944,.T.);
#2129=EDGE_CURVE('',#1608,#1553,#945,.T.);
#2130=EDGE_CURVE('',#1609,#1567,#946,.T.);
#2131=EDGE_CURVE('',#1577,#1576,#947,.T.);
#2132=EDGE_CURVE('',#1610,#1577,#948,.T.);
#2133=EDGE_CURVE('',#1577,#1543,#949,.T.);
#2134=EDGE_CURVE('',#1563,#1562,#950,.T.);
#2135=EDGE_CURVE('',#1611,#1563,#951,.T.);
#2136=EDGE_CURVE('',#1563,#1529,#952,.T.);
#2137=EDGE_CURVE('',#1612,#1569,#953,.T.);
#2138=EDGE_CURVE('',#1613,#1614,#272,.T.);
#2139=EDGE_CURVE('',#1615,#1613,#954,.T.);
#2140=EDGE_CURVE('',#1616,#1615,#273,.T.);
#2141=EDGE_CURVE('',#1616,#1614,#955,.T.);
#2142=EDGE_CURVE('',#1614,#1617,#274,.T.);
#2143=EDGE_CURVE('',#1618,#1616,#275,.T.);
#2144=EDGE_CURVE('',#1618,#1617,#956,.T.);
#2145=EDGE_CURVE('',#1619,#1620,#276,.T.);
#2146=EDGE_CURVE('',#1621,#1619,#957,.T.);
#2147=EDGE_CURVE('',#1622,#1621,#277,.T.);
#2148=EDGE_CURVE('',#1622,#1620,#958,.T.);
#2149=EDGE_CURVE('',#1623,#1624,#278,.T.);
#2150=EDGE_CURVE('',#1625,#1623,#959,.T.);
#2151=EDGE_CURVE('',#1626,#1625,#279,.T.);
#2152=EDGE_CURVE('',#1626,#1624,#960,.T.);
#2153=EDGE_CURVE('',#1627,#1623,#280,.T.);
#2154=EDGE_CURVE('',#1628,#1627,#961,.T.);
#2155=EDGE_CURVE('',#1625,#1628,#281,.T.);
#2156=EDGE_CURVE('',#1629,#1630,#282,.T.);
#2157=EDGE_CURVE('',#1631,#1629,#962,.T.);
#2158=EDGE_CURVE('',#1632,#1631,#283,.T.);
#2159=EDGE_CURVE('',#1632,#1630,#963,.T.);
#2160=EDGE_CURVE('',#1633,#1629,#284,.T.);
#2161=EDGE_CURVE('',#1634,#1633,#964,.T.);
#2162=EDGE_CURVE('',#1631,#1634,#285,.T.);
#2163=EDGE_CURVE('',#1635,#1636,#286,.T.);
#2164=EDGE_CURVE('',#1637,#1635,#965,.T.);
#2165=EDGE_CURVE('',#1638,#1637,#287,.T.);
#2166=EDGE_CURVE('',#1638,#1636,#966,.T.);
#2167=EDGE_CURVE('',#1636,#1639,#288,.T.);
#2168=EDGE_CURVE('',#1640,#1638,#289,.T.);
#2169=EDGE_CURVE('',#1639,#1640,#967,.T.);
#2170=EDGE_CURVE('',#1641,#1642,#290,.T.);
#2171=EDGE_CURVE('',#1643,#1641,#968,.T.);
#2172=EDGE_CURVE('',#1644,#1643,#291,.T.);
#2173=EDGE_CURVE('',#1642,#1644,#969,.T.);
#2174=EDGE_CURVE('',#1642,#1645,#292,.T.);
#2175=EDGE_CURVE('',#1646,#1644,#293,.T.);
#2176=EDGE_CURVE('',#1645,#1646,#970,.T.);
#2177=EDGE_CURVE('',#1647,#1648,#294,.T.);
#2178=EDGE_CURVE('',#1649,#1647,#971,.T.);
#2179=EDGE_CURVE('',#1650,#1649,#295,.T.);
#2180=EDGE_CURVE('',#1648,#1650,#972,.T.);
#2181=EDGE_CURVE('',#1648,#1651,#296,.T.);
#2182=EDGE_CURVE('',#1652,#1650,#297,.T.);
#2183=EDGE_CURVE('',#1652,#1651,#973,.T.);
#2184=EDGE_CURVE('',#1617,#1653,#298,.T.);
#2185=EDGE_CURVE('',#1654,#1618,#299,.T.);
#2186=EDGE_CURVE('',#1653,#1654,#974,.T.);
#2187=EDGE_CURVE('',#1653,#1613,#300,.T.);
#2188=EDGE_CURVE('',#1615,#1654,#301,.T.);
#2189=EDGE_CURVE('',#1655,#1656,#302,.T.);
#2190=EDGE_CURVE('',#1657,#1655,#975,.T.);
#2191=EDGE_CURVE('',#1658,#1657,#303,.T.);
#2192=EDGE_CURVE('',#1656,#1658,#976,.T.);
#2193=EDGE_CURVE('',#1624,#1659,#304,.T.);
#2194=EDGE_CURVE('',#1660,#1626,#305,.T.);
#2195=EDGE_CURVE('',#1659,#1660,#977,.T.);
#2196=EDGE_CURVE('',#1659,#1627,#306,.T.);
#2197=EDGE_CURVE('',#1628,#1660,#307,.T.);
#2198=EDGE_CURVE('',#1661,#1662,#308,.T.);
#2199=EDGE_CURVE('',#1661,#1663,#978,.T.);
#2200=EDGE_CURVE('',#1664,#1663,#309,.T.);
#2201=EDGE_CURVE('',#1664,#1662,#979,.T.);
#2202=EDGE_CURVE('',#1665,#1661,#310,.T.);
#2203=EDGE_CURVE('',#1666,#1665,#980,.T.);
#2204=EDGE_CURVE('',#1663,#1666,#311,.T.);
#2205=EDGE_CURVE('',#1667,#1668,#312,.T.);
#2206=EDGE_CURVE('',#1667,#1669,#981,.T.);
#2207=EDGE_CURVE('',#1670,#1669,#313,.T.);
#2208=EDGE_CURVE('',#1670,#1668,#982,.T.);
#2209=EDGE_CURVE('',#1671,#1667,#314,.T.);
#2210=EDGE_CURVE('',#1672,#1671,#983,.T.);
#2211=EDGE_CURVE('',#1669,#1672,#315,.T.);
#2212=EDGE_CURVE('',#1630,#1673,#316,.T.);
#2213=EDGE_CURVE('',#1674,#1632,#317,.T.);
#2214=EDGE_CURVE('',#1673,#1674,#984,.T.);
#2215=EDGE_CURVE('',#1673,#1633,#318,.T.);
#2216=EDGE_CURVE('',#1634,#1674,#319,.T.);
#2217=EDGE_CURVE('',#1675,#1676,#320,.T.);
#2218=EDGE_CURVE('',#1675,#1677,#985,.T.);
#2219=EDGE_CURVE('',#1678,#1677,#321,.T.);
#2220=EDGE_CURVE('',#1678,#1676,#986,.T.);
#2221=EDGE_CURVE('',#1679,#1675,#322,.T.);
#2222=EDGE_CURVE('',#1680,#1679,#987,.T.);
#2223=EDGE_CURVE('',#1677,#1680,#323,.T.);
#2224=EDGE_CURVE('',#1681,#1682,#324,.T.);
#2225=EDGE_CURVE('',#1681,#1683,#988,.T.);
#2226=EDGE_CURVE('',#1684,#1683,#325,.T.);
#2227=EDGE_CURVE('',#1684,#1682,#989,.T.);
#2228=EDGE_CURVE('',#1685,#1681,#326,.T.);
#2229=EDGE_CURVE('',#1686,#1685,#990,.T.);
#2230=EDGE_CURVE('',#1683,#1686,#327,.T.);
#2231=EDGE_CURVE('',#1655,#1668,#1339,.T.);
#2232=EDGE_CURVE('',#1613,#1656,#48,.T.);
#2233=EDGE_CURVE('',#1619,#1613,#49,.T.);
#2234=EDGE_CURVE('',#1665,#1620,#1340,.T.);
#2235=EDGE_CURVE('',#1679,#1662,#1341,.T.);
#2236=EDGE_CURVE('',#1641,#1676,#1342,.T.);
#2237=EDGE_CURVE('',#1635,#1645,#50,.T.);
#2238=EDGE_CURVE('',#1647,#1639,#51,.T.);
#2239=EDGE_CURVE('',#1685,#1651,#1343,.T.);
#2240=EDGE_CURVE('',#1671,#1682,#1344,.T.);
#2241=EDGE_CURVE('',#1643,#1678,#991,.T.);
#2242=EDGE_CURVE('',#1680,#1664,#992,.T.);
#2243=EDGE_CURVE('',#1666,#1622,#993,.T.);
#2244=EDGE_CURVE('',#1657,#1670,#994,.T.);
#2245=EDGE_CURVE('',#1672,#1684,#995,.T.);
#2246=EDGE_CURVE('',#1686,#1652,#996,.T.);
#2247=EDGE_CURVE('',#1396,#1398,#52,.T.);
#2248=EDGE_CURVE('',#1504,#1395,#53,.T.);
#2249=EDGE_CURVE('',#1502,#1501,#54,.T.);
#2250=EDGE_CURVE('',#1649,#1506,#55,.T.);
#2251=EDGE_CURVE('',#1637,#1640,#56,.T.);
#2252=EDGE_CURVE('',#1585,#1646,#57,.T.);
#2253=EDGE_CURVE('',#1591,#1589,#58,.T.);
#2254=EDGE_CURVE('',#1513,#1595,#59,.T.);
#2255=EDGE_CURVE('',#1399,#1514,#60,.T.);
#2256=EDGE_CURVE('',#1621,#1527,#61,.T.);
#2257=EDGE_CURVE('',#1531,#1512,#62,.T.);
#2258=EDGE_CURVE('',#1499,#1658,#63,.T.);
#2259=EDGE_CURVE('',#1515,#1410,#64,.T.);
#2260=EDGE_CURVE('',#1409,#1456,#65,.T.);
#2261=EDGE_CURVE('',#1687,#1688,#997,.T.);
#2262=EDGE_CURVE('',#1688,#1689,#66,.T.);
#2263=EDGE_CURVE('',#1689,#1690,#998,.T.);
#2264=EDGE_CURVE('',#1687,#1690,#67,.T.);
#2265=EDGE_CURVE('',#1691,#1692,#999,.T.);
#2266=EDGE_CURVE('',#1693,#1692,#68,.T.);
#2267=EDGE_CURVE('',#1693,#1694,#1000,.T.);
#2268=EDGE_CURVE('',#1691,#1694,#69,.T.);
#2269=EDGE_CURVE('',#1688,#1691,#1001,.T.);
#2270=EDGE_CURVE('',#1694,#1689,#1002,.T.);
#2271=EDGE_CURVE('',#1695,#1695,#70,.T.);
#2272=EDGE_CURVE('',#1692,#1696,#1003,.T.);
#2273=EDGE_CURVE('',#1696,#1697,#1004,.T.);
#2274=EDGE_CURVE('',#1697,#1698,#1005,.T.);
#2275=EDGE_CURVE('',#1698,#1699,#71,.T.);
#2276=EDGE_CURVE('',#1699,#1700,#1006,.T.);
#2277=EDGE_CURVE('',#1700,#1701,#1007,.T.);
#2278=EDGE_CURVE('',#1701,#1693,#1008,.T.);
#2279=EDGE_CURVE('',#1690,#1702,#1009,.T.);
#2280=EDGE_CURVE('',#1702,#1703,#1010,.T.);
#2281=EDGE_CURVE('',#1703,#1704,#1011,.T.);
#2282=EDGE_CURVE('',#1704,#1705,#72,.T.);
#2283=EDGE_CURVE('',#1705,#1706,#1012,.T.);
#2284=EDGE_CURVE('',#1706,#1707,#1013,.T.);
#2285=EDGE_CURVE('',#1707,#1687,#1014,.T.);
#2286=EDGE_CURVE('',#1708,#1705,#1015,.T.);
#2287=EDGE_CURVE('',#1704,#1709,#1016,.T.);
#2288=EDGE_CURVE('',#1709,#1708,#73,.T.);
#2289=EDGE_CURVE('',#1710,#1708,#1017,.T.);
#2290=EDGE_CURVE('',#1709,#1711,#1018,.T.);
#2291=EDGE_CURVE('',#1711,#1710,#74,.T.);
#2292=EDGE_CURVE('',#1698,#1710,#1019,.T.);
#2293=EDGE_CURVE('',#1711,#1699,#1020,.T.);
#2294=EDGE_CURVE('',#1707,#1712,#1021,.T.);
#2295=EDGE_CURVE('',#1713,#1712,#1022,.T.);
#2296=EDGE_CURVE('',#1714,#1713,#1023,.T.);
#2297=EDGE_CURVE('',#1715,#1714,#1024,.T.);
#2298=EDGE_CURVE('',#1696,#1715,#1025,.T.);
#2299=EDGE_CURVE('',#1706,#1716,#1026,.T.);
#2300=EDGE_CURVE('',#1712,#1716,#1027,.T.);
#2301=EDGE_CURVE('',#1717,#1715,#1028,.T.);
#2302=EDGE_CURVE('',#1697,#1717,#1029,.T.);
#2303=EDGE_CURVE('',#1718,#1717,#1030,.T.);
#2304=EDGE_CURVE('',#1719,#1718,#1031,.T.);
#2305=EDGE_CURVE('',#1716,#1719,#1032,.T.);
#2306=EDGE_CURVE('',#1720,#1721,#1033,.T.);
#2307=EDGE_CURVE('',#1701,#1720,#1034,.T.);
#2308=EDGE_CURVE('',#1700,#1721,#1035,.T.);
#2309=EDGE_CURVE('',#1721,#1722,#1036,.T.);
#2310=EDGE_CURVE('',#1703,#1723,#1037,.T.);
#2311=EDGE_CURVE('',#1724,#1723,#1038,.T.);
#2312=EDGE_CURVE('',#1722,#1724,#1039,.T.);
#2313=EDGE_CURVE('',#1723,#1725,#1040,.T.);
#2314=EDGE_CURVE('',#1702,#1725,#1041,.T.);
#2315=EDGE_CURVE('',#1726,#1720,#1042,.T.);
#2316=EDGE_CURVE('',#1727,#1726,#1043,.T.);
#2317=EDGE_CURVE('',#1725,#1727,#1044,.T.);
#2318=EDGE_CURVE('',#1728,#1728,#75,.T.);
#2319=EDGE_CURVE('',#1714,#1726,#76,.T.);
#2320=EDGE_CURVE('',#1722,#1718,#77,.T.);
#2321=EDGE_CURVE('',#1713,#1727,#78,.T.);
#2322=EDGE_CURVE('',#1724,#1719,#79,.T.);
#2323=EDGE_CURVE('',#1728,#1695,#1045,.T.);
#2324=ORIENTED_EDGE('',*,*,#1729,.T.);
#2325=ORIENTED_EDGE('',*,*,#1730,.T.);
#2326=ORIENTED_EDGE('',*,*,#1731,.F.);
#2327=ORIENTED_EDGE('',*,*,#1732,.F.);
#2328=ORIENTED_EDGE('',*,*,#1733,.T.);
#2329=ORIENTED_EDGE('',*,*,#1734,.T.);
#2330=ORIENTED_EDGE('',*,*,#1735,.F.);
#2331=ORIENTED_EDGE('',*,*,#1736,.F.);
#2332=ORIENTED_EDGE('',*,*,#1737,.T.);
#2333=ORIENTED_EDGE('',*,*,#1738,.T.);
#2334=ORIENTED_EDGE('',*,*,#1739,.F.);
#2335=ORIENTED_EDGE('',*,*,#1740,.F.);
#2336=ORIENTED_EDGE('',*,*,#1741,.T.);
#2337=ORIENTED_EDGE('',*,*,#1742,.T.);
#2338=ORIENTED_EDGE('',*,*,#1743,.F.);
#2339=ORIENTED_EDGE('',*,*,#1744,.F.);
#2340=ORIENTED_EDGE('',*,*,#1745,.T.);
#2341=ORIENTED_EDGE('',*,*,#1746,.T.);
#2342=ORIENTED_EDGE('',*,*,#1747,.F.);
#2343=ORIENTED_EDGE('',*,*,#1748,.F.);
#2344=ORIENTED_EDGE('',*,*,#1749,.T.);
#2345=ORIENTED_EDGE('',*,*,#1750,.T.);
#2346=ORIENTED_EDGE('',*,*,#1751,.F.);
#2347=ORIENTED_EDGE('',*,*,#1752,.F.);
#2348=ORIENTED_EDGE('',*,*,#1737,.F.);
#2349=ORIENTED_EDGE('',*,*,#1753,.T.);
#2350=ORIENTED_EDGE('',*,*,#1754,.T.);
#2351=ORIENTED_EDGE('',*,*,#1755,.F.);
#2352=ORIENTED_EDGE('',*,*,#1756,.T.);
#2353=ORIENTED_EDGE('',*,*,#1757,.T.);
#2354=ORIENTED_EDGE('',*,*,#1758,.F.);
#2355=ORIENTED_EDGE('',*,*,#1759,.T.);
#2356=ORIENTED_EDGE('',*,*,#1760,.T.);
#2357=ORIENTED_EDGE('',*,*,#1741,.F.);
#2358=ORIENTED_EDGE('',*,*,#1761,.T.);
#2359=ORIENTED_EDGE('',*,*,#1762,.T.);
#2360=ORIENTED_EDGE('',*,*,#1745,.F.);
#2361=ORIENTED_EDGE('',*,*,#1763,.T.);
#2362=ORIENTED_EDGE('',*,*,#1764,.T.);
#2363=ORIENTED_EDGE('',*,*,#1749,.F.);
#2364=ORIENTED_EDGE('',*,*,#1765,.T.);
#2365=ORIENTED_EDGE('',*,*,#1766,.F.);
#2366=ORIENTED_EDGE('',*,*,#1767,.T.);
#2367=ORIENTED_EDGE('',*,*,#1768,.T.);
#2368=ORIENTED_EDGE('',*,*,#1769,.T.);
#2369=ORIENTED_EDGE('',*,*,#1770,.T.);
#2370=ORIENTED_EDGE('',*,*,#1771,.F.);
#2371=ORIENTED_EDGE('',*,*,#1772,.T.);
#2372=ORIENTED_EDGE('',*,*,#1729,.F.);
#2373=ORIENTED_EDGE('',*,*,#1773,.T.);
#2374=ORIENTED_EDGE('',*,*,#1774,.T.);
#2375=ORIENTED_EDGE('',*,*,#1733,.F.);
#2376=ORIENTED_EDGE('',*,*,#1775,.T.);
#2377=ORIENTED_EDGE('',*,*,#1776,.T.);
#2378=ORIENTED_EDGE('',*,*,#1777,.T.);
#2379=ORIENTED_EDGE('',*,*,#1778,.T.);
#2380=ORIENTED_EDGE('',*,*,#1779,.T.);
#2381=ORIENTED_EDGE('',*,*,#1780,.T.);
#2382=ORIENTED_EDGE('',*,*,#1781,.T.);
#2383=ORIENTED_EDGE('',*,*,#1782,.T.);
#2384=ORIENTED_EDGE('',*,*,#1783,.T.);
#2385=ORIENTED_EDGE('',*,*,#1784,.T.);
#2386=ORIENTED_EDGE('',*,*,#1753,.F.);
#2387=ORIENTED_EDGE('',*,*,#1740,.T.);
#2388=ORIENTED_EDGE('',*,*,#1785,.F.);
#2389=ORIENTED_EDGE('',*,*,#1786,.T.);
#2390=ORIENTED_EDGE('',*,*,#1754,.F.);
#2391=ORIENTED_EDGE('',*,*,#1786,.F.);
#2392=ORIENTED_EDGE('',*,*,#1787,.F.);
#2393=ORIENTED_EDGE('',*,*,#1788,.F.);
#2394=ORIENTED_EDGE('',*,*,#1756,.F.);
#2395=ORIENTED_EDGE('',*,*,#1789,.F.);
#2396=ORIENTED_EDGE('',*,*,#1790,.F.);
#2397=ORIENTED_EDGE('',*,*,#1791,.F.);
#2398=ORIENTED_EDGE('',*,*,#1757,.F.);
#2399=ORIENTED_EDGE('',*,*,#1791,.T.);
#2400=ORIENTED_EDGE('',*,*,#1792,.F.);
#2401=ORIENTED_EDGE('',*,*,#1793,.F.);
#2402=ORIENTED_EDGE('',*,*,#1759,.F.);
#2403=ORIENTED_EDGE('',*,*,#1794,.F.);
#2404=ORIENTED_EDGE('',*,*,#1795,.F.);
#2405=ORIENTED_EDGE('',*,*,#1796,.T.);
#2406=ORIENTED_EDGE('',*,*,#1760,.F.);
#2407=ORIENTED_EDGE('',*,*,#1796,.F.);
#2408=ORIENTED_EDGE('',*,*,#1797,.F.);
#2409=ORIENTED_EDGE('',*,*,#1742,.F.);
#2410=ORIENTED_EDGE('',*,*,#1782,.F.);
#2411=ORIENTED_EDGE('',*,*,#1798,.T.);
#2412=ORIENTED_EDGE('',*,*,#1799,.F.);
#2413=ORIENTED_EDGE('',*,*,#1800,.T.);
#2414=ORIENTED_EDGE('',*,*,#1783,.F.);
#2415=ORIENTED_EDGE('',*,*,#1800,.F.);
#2416=ORIENTED_EDGE('',*,*,#1801,.F.);
#2417=ORIENTED_EDGE('',*,*,#1802,.F.);
#2418=ORIENTED_EDGE('',*,*,#1784,.F.);
#2419=ORIENTED_EDGE('',*,*,#1802,.T.);
#2420=ORIENTED_EDGE('',*,*,#1803,.F.);
#2421=ORIENTED_EDGE('',*,*,#1804,.F.);
#2422=ORIENTED_EDGE('',*,*,#1781,.F.);
#2423=ORIENTED_EDGE('',*,*,#1804,.T.);
#2424=ORIENTED_EDGE('',*,*,#1805,.F.);
#2425=ORIENTED_EDGE('',*,*,#1798,.F.);
#2426=ORIENTED_EDGE('',*,*,#1778,.F.);
#2427=ORIENTED_EDGE('',*,*,#1806,.T.);
#2428=ORIENTED_EDGE('',*,*,#1807,.F.);
#2429=ORIENTED_EDGE('',*,*,#1808,.T.);
#2430=ORIENTED_EDGE('',*,*,#1779,.F.);
#2431=ORIENTED_EDGE('',*,*,#1808,.F.);
#2432=ORIENTED_EDGE('',*,*,#1809,.F.);
#2433=ORIENTED_EDGE('',*,*,#1810,.F.);
#2434=ORIENTED_EDGE('',*,*,#1780,.F.);
#2435=ORIENTED_EDGE('',*,*,#1810,.T.);
#2436=ORIENTED_EDGE('',*,*,#1811,.F.);
#2437=ORIENTED_EDGE('',*,*,#1812,.F.);
#2438=ORIENTED_EDGE('',*,*,#1777,.F.);
#2439=ORIENTED_EDGE('',*,*,#1812,.T.);
#2440=ORIENTED_EDGE('',*,*,#1813,.F.);
#2441=ORIENTED_EDGE('',*,*,#1806,.F.);
#2442=ORIENTED_EDGE('',*,*,#1772,.F.);
#2443=ORIENTED_EDGE('',*,*,#1814,.F.);
#2444=ORIENTED_EDGE('',*,*,#1815,.F.);
#2445=ORIENTED_EDGE('',*,*,#1730,.F.);
#2446=ORIENTED_EDGE('',*,*,#1765,.F.);
#2447=ORIENTED_EDGE('',*,*,#1752,.T.);
#2448=ORIENTED_EDGE('',*,*,#1816,.F.);
#2449=ORIENTED_EDGE('',*,*,#1817,.F.);
#2450=ORIENTED_EDGE('',*,*,#1770,.F.);
#2451=ORIENTED_EDGE('',*,*,#1818,.T.);
#2452=ORIENTED_EDGE('',*,*,#1819,.F.);
#2453=ORIENTED_EDGE('',*,*,#1820,.F.);
#2454=ORIENTED_EDGE('',*,*,#1769,.F.);
#2455=ORIENTED_EDGE('',*,*,#1821,.T.);
#2456=ORIENTED_EDGE('',*,*,#1822,.F.);
#2457=ORIENTED_EDGE('',*,*,#1818,.F.);
#2458=ORIENTED_EDGE('',*,*,#1767,.F.);
#2459=ORIENTED_EDGE('',*,*,#1820,.T.);
#2460=ORIENTED_EDGE('',*,*,#1823,.F.);
#2461=ORIENTED_EDGE('',*,*,#1824,.T.);
#2462=ORIENTED_EDGE('',*,*,#1768,.F.);
#2463=ORIENTED_EDGE('',*,*,#1824,.F.);
#2464=ORIENTED_EDGE('',*,*,#1825,.F.);
#2465=ORIENTED_EDGE('',*,*,#1821,.F.);
#2466=ORIENTED_EDGE('',*,*,#1776,.F.);
#2467=ORIENTED_EDGE('',*,*,#1826,.F.);
#2468=ORIENTED_EDGE('',*,*,#1827,.F.);
#2469=ORIENTED_EDGE('',*,*,#1738,.F.);
#2470=ORIENTED_EDGE('',*,*,#1775,.F.);
#2471=ORIENTED_EDGE('',*,*,#1736,.T.);
#2472=ORIENTED_EDGE('',*,*,#1828,.F.);
#2473=ORIENTED_EDGE('',*,*,#1826,.T.);
#2474=ORIENTED_EDGE('',*,*,#1762,.F.);
#2475=ORIENTED_EDGE('',*,*,#1829,.F.);
#2476=ORIENTED_EDGE('',*,*,#1830,.F.);
#2477=ORIENTED_EDGE('',*,*,#1746,.F.);
#2478=ORIENTED_EDGE('',*,*,#1761,.F.);
#2479=ORIENTED_EDGE('',*,*,#1744,.T.);
#2480=ORIENTED_EDGE('',*,*,#1831,.F.);
#2481=ORIENTED_EDGE('',*,*,#1829,.T.);
#2482=ORIENTED_EDGE('',*,*,#1774,.F.);
#2483=ORIENTED_EDGE('',*,*,#1832,.F.);
#2484=ORIENTED_EDGE('',*,*,#1833,.F.);
#2485=ORIENTED_EDGE('',*,*,#1734,.F.);
#2486=ORIENTED_EDGE('',*,*,#1773,.F.);
#2487=ORIENTED_EDGE('',*,*,#1732,.T.);
#2488=ORIENTED_EDGE('',*,*,#1834,.F.);
#2489=ORIENTED_EDGE('',*,*,#1832,.T.);
#2490=ORIENTED_EDGE('',*,*,#1764,.F.);
#2491=ORIENTED_EDGE('',*,*,#1835,.F.);
#2492=ORIENTED_EDGE('',*,*,#1836,.F.);
#2493=ORIENTED_EDGE('',*,*,#1750,.F.);
#2494=ORIENTED_EDGE('',*,*,#1763,.F.);
#2495=ORIENTED_EDGE('',*,*,#1748,.T.);
#2496=ORIENTED_EDGE('',*,*,#1837,.F.);
#2497=ORIENTED_EDGE('',*,*,#1835,.T.);
#2498=ORIENTED_EDGE('',*,*,#1838,.T.);
#2499=ORIENTED_EDGE('',*,*,#1839,.T.);
#2500=ORIENTED_EDGE('',*,*,#1840,.F.);
#2501=ORIENTED_EDGE('',*,*,#1841,.T.);
#2502=ORIENTED_EDGE('',*,*,#1842,.T.);
#2503=ORIENTED_EDGE('',*,*,#1843,.T.);
#2504=ORIENTED_EDGE('',*,*,#1844,.T.);
#2505=ORIENTED_EDGE('',*,*,#1845,.F.);
#2506=ORIENTED_EDGE('',*,*,#1846,.F.);
#2507=ORIENTED_EDGE('',*,*,#1847,.T.);
#2508=ORIENTED_EDGE('',*,*,#1846,.T.);
#2509=ORIENTED_EDGE('',*,*,#1848,.F.);
#2510=ORIENTED_EDGE('',*,*,#1849,.T.);
#2511=ORIENTED_EDGE('',*,*,#1850,.T.);
#2512=ORIENTED_EDGE('',*,*,#1851,.T.);
#2513=ORIENTED_EDGE('',*,*,#1852,.F.);
#2514=ORIENTED_EDGE('',*,*,#1853,.F.);
#2515=ORIENTED_EDGE('',*,*,#1854,.T.);
#2516=ORIENTED_EDGE('',*,*,#1853,.T.);
#2517=ORIENTED_EDGE('',*,*,#1855,.F.);
#2518=ORIENTED_EDGE('',*,*,#1856,.T.);
#2519=ORIENTED_EDGE('',*,*,#1857,.T.);
#2520=ORIENTED_EDGE('',*,*,#1858,.T.);
#2521=ORIENTED_EDGE('',*,*,#1859,.F.);
#2522=ORIENTED_EDGE('',*,*,#1860,.T.);
#2523=ORIENTED_EDGE('',*,*,#1861,.T.);
#2524=ORIENTED_EDGE('',*,*,#1862,.T.);
#2525=ORIENTED_EDGE('',*,*,#1863,.T.);
#2526=ORIENTED_EDGE('',*,*,#1864,.F.);
#2527=ORIENTED_EDGE('',*,*,#1865,.T.);
#2528=ORIENTED_EDGE('',*,*,#1866,.T.);
#2529=ORIENTED_EDGE('',*,*,#1867,.T.);
#2530=ORIENTED_EDGE('',*,*,#1868,.T.);
#2531=ORIENTED_EDGE('',*,*,#1869,.F.);
#2532=ORIENTED_EDGE('',*,*,#1870,.F.);
#2533=ORIENTED_EDGE('',*,*,#1871,.T.);
#2534=ORIENTED_EDGE('',*,*,#1870,.T.);
#2535=ORIENTED_EDGE('',*,*,#1872,.F.);
#2536=ORIENTED_EDGE('',*,*,#1873,.T.);
#2537=ORIENTED_EDGE('',*,*,#1839,.F.);
#2538=ORIENTED_EDGE('',*,*,#1874,.F.);
#2539=ORIENTED_EDGE('',*,*,#1875,.F.);
#2540=ORIENTED_EDGE('',*,*,#1876,.F.);
#2541=ORIENTED_EDGE('',*,*,#1841,.F.);
#2542=ORIENTED_EDGE('',*,*,#1877,.F.);
#2543=ORIENTED_EDGE('',*,*,#1878,.T.);
#2544=ORIENTED_EDGE('',*,*,#1879,.F.);
#2545=ORIENTED_EDGE('',*,*,#1849,.F.);
#2546=ORIENTED_EDGE('',*,*,#1880,.F.);
#2547=ORIENTED_EDGE('',*,*,#1881,.F.);
#2548=ORIENTED_EDGE('',*,*,#1882,.F.);
#2549=ORIENTED_EDGE('',*,*,#1856,.F.);
#2550=ORIENTED_EDGE('',*,*,#1883,.F.);
#2551=ORIENTED_EDGE('',*,*,#1884,.T.);
#2552=ORIENTED_EDGE('',*,*,#1885,.F.);
#2553=ORIENTED_EDGE('',*,*,#1858,.F.);
#2554=ORIENTED_EDGE('',*,*,#1886,.F.);
#2555=ORIENTED_EDGE('',*,*,#1887,.F.);
#2556=ORIENTED_EDGE('',*,*,#1888,.F.);
#2557=ORIENTED_EDGE('',*,*,#1860,.F.);
#2558=ORIENTED_EDGE('',*,*,#1889,.F.);
#2559=ORIENTED_EDGE('',*,*,#1890,.T.);
#2560=ORIENTED_EDGE('',*,*,#1891,.F.);
#2561=ORIENTED_EDGE('',*,*,#1863,.F.);
#2562=ORIENTED_EDGE('',*,*,#1892,.F.);
#2563=ORIENTED_EDGE('',*,*,#1893,.F.);
#2564=ORIENTED_EDGE('',*,*,#1894,.F.);
#2565=ORIENTED_EDGE('',*,*,#1865,.F.);
#2566=ORIENTED_EDGE('',*,*,#1895,.F.);
#2567=ORIENTED_EDGE('',*,*,#1896,.T.);
#2568=ORIENTED_EDGE('',*,*,#1897,.F.);
#2569=ORIENTED_EDGE('',*,*,#1873,.F.);
#2570=ORIENTED_EDGE('',*,*,#1898,.F.);
#2571=ORIENTED_EDGE('',*,*,#1899,.T.);
#2572=ORIENTED_EDGE('',*,*,#1900,.F.);
#2573=ORIENTED_EDGE('',*,*,#1847,.F.);
#2574=ORIENTED_EDGE('',*,*,#1882,.T.);
#2575=ORIENTED_EDGE('',*,*,#1901,.F.);
#2576=ORIENTED_EDGE('',*,*,#1902,.T.);
#2577=ORIENTED_EDGE('',*,*,#1838,.F.);
#2578=ORIENTED_EDGE('',*,*,#1842,.F.);
#2579=ORIENTED_EDGE('',*,*,#1879,.T.);
#2580=ORIENTED_EDGE('',*,*,#1903,.T.);
#2581=ORIENTED_EDGE('',*,*,#1904,.T.);
#2582=ORIENTED_EDGE('',*,*,#1892,.T.);
#2583=ORIENTED_EDGE('',*,*,#1862,.F.);
#2584=ORIENTED_EDGE('',*,*,#1866,.F.);
#2585=ORIENTED_EDGE('',*,*,#1897,.T.);
#2586=ORIENTED_EDGE('',*,*,#1905,.T.);
#2587=ORIENTED_EDGE('',*,*,#1906,.T.);
#2588=ORIENTED_EDGE('',*,*,#1907,.F.);
#2589=ORIENTED_EDGE('',*,*,#1908,.T.);
#2590=ORIENTED_EDGE('',*,*,#1909,.T.);
#2591=ORIENTED_EDGE('',*,*,#1910,.F.);
#2592=ORIENTED_EDGE('',*,*,#1911,.T.);
#2593=ORIENTED_EDGE('',*,*,#1912,.T.);
#2594=ORIENTED_EDGE('',*,*,#1867,.F.);
#2595=ORIENTED_EDGE('',*,*,#1913,.T.);
#2596=ORIENTED_EDGE('',*,*,#1914,.T.);
#2597=ORIENTED_EDGE('',*,*,#1915,.T.);
#2598=ORIENTED_EDGE('',*,*,#1916,.T.);
#2599=ORIENTED_EDGE('',*,*,#1871,.F.);
#2600=ORIENTED_EDGE('',*,*,#1900,.T.);
#2601=ORIENTED_EDGE('',*,*,#1917,.T.);
#2602=ORIENTED_EDGE('',*,*,#1850,.F.);
#2603=ORIENTED_EDGE('',*,*,#1918,.T.);
#2604=ORIENTED_EDGE('',*,*,#1919,.T.);
#2605=ORIENTED_EDGE('',*,*,#1920,.T.);
#2606=ORIENTED_EDGE('',*,*,#1921,.T.);
#2607=ORIENTED_EDGE('',*,*,#1854,.F.);
#2608=ORIENTED_EDGE('',*,*,#1885,.T.);
#2609=ORIENTED_EDGE('',*,*,#1922,.T.);
#2610=ORIENTED_EDGE('',*,*,#1843,.F.);
#2611=ORIENTED_EDGE('',*,*,#1923,.T.);
#2612=ORIENTED_EDGE('',*,*,#1924,.T.);
#2613=ORIENTED_EDGE('',*,*,#1925,.T.);
#2614=ORIENTED_EDGE('',*,*,#1926,.F.);
#2615=ORIENTED_EDGE('',*,*,#1927,.T.);
#2616=ORIENTED_EDGE('',*,*,#1886,.T.);
#2617=ORIENTED_EDGE('',*,*,#1857,.F.);
#2618=ORIENTED_EDGE('',*,*,#1861,.F.);
#2619=ORIENTED_EDGE('',*,*,#1891,.T.);
#2620=ORIENTED_EDGE('',*,*,#1928,.T.);
#2621=ORIENTED_EDGE('',*,*,#1929,.T.);
#2622=ORIENTED_EDGE('',*,*,#1874,.T.);
#2623=ORIENTED_EDGE('',*,*,#1916,.F.);
#2624=ORIENTED_EDGE('',*,*,#1930,.F.);
#2625=ORIENTED_EDGE('',*,*,#1931,.F.);
#2626=ORIENTED_EDGE('',*,*,#1932,.F.);
#2627=ORIENTED_EDGE('',*,*,#1915,.F.);
#2628=ORIENTED_EDGE('',*,*,#1933,.F.);
#2629=ORIENTED_EDGE('',*,*,#1934,.F.);
#2630=ORIENTED_EDGE('',*,*,#1930,.T.);
#2631=ORIENTED_EDGE('',*,*,#1913,.F.);
#2632=ORIENTED_EDGE('',*,*,#1932,.T.);
#2633=ORIENTED_EDGE('',*,*,#1935,.F.);
#2634=ORIENTED_EDGE('',*,*,#1936,.T.);
#2635=ORIENTED_EDGE('',*,*,#1914,.F.);
#2636=ORIENTED_EDGE('',*,*,#1936,.F.);
#2637=ORIENTED_EDGE('',*,*,#1937,.F.);
#2638=ORIENTED_EDGE('',*,*,#1933,.T.);
#2639=ORIENTED_EDGE('',*,*,#1921,.F.);
#2640=ORIENTED_EDGE('',*,*,#1938,.F.);
#2641=ORIENTED_EDGE('',*,*,#1939,.F.);
#2642=ORIENTED_EDGE('',*,*,#1940,.F.);
#2643=ORIENTED_EDGE('',*,*,#1918,.F.);
#2644=ORIENTED_EDGE('',*,*,#1940,.T.);
#2645=ORIENTED_EDGE('',*,*,#1941,.F.);
#2646=ORIENTED_EDGE('',*,*,#1942,.T.);
#2647=ORIENTED_EDGE('',*,*,#1903,.F.);
#2648=ORIENTED_EDGE('',*,*,#1878,.F.);
#2649=ORIENTED_EDGE('',*,*,#1943,.F.);
#2650=ORIENTED_EDGE('',*,*,#1944,.F.);
#2651=ORIENTED_EDGE('',*,*,#1904,.F.);
#2652=ORIENTED_EDGE('',*,*,#1944,.T.);
#2653=ORIENTED_EDGE('',*,*,#1945,.F.);
#2654=ORIENTED_EDGE('',*,*,#1893,.T.);
#2655=ORIENTED_EDGE('',*,*,#1844,.F.);
#2656=ORIENTED_EDGE('',*,*,#1922,.F.);
#2657=ORIENTED_EDGE('',*,*,#1884,.F.);
#2658=ORIENTED_EDGE('',*,*,#1946,.F.);
#2659=ORIENTED_EDGE('',*,*,#1928,.F.);
#2660=ORIENTED_EDGE('',*,*,#1890,.F.);
#2661=ORIENTED_EDGE('',*,*,#1947,.F.);
#2662=ORIENTED_EDGE('',*,*,#1948,.F.);
#2663=ORIENTED_EDGE('',*,*,#1929,.F.);
#2664=ORIENTED_EDGE('',*,*,#1948,.T.);
#2665=ORIENTED_EDGE('',*,*,#1949,.F.);
#2666=ORIENTED_EDGE('',*,*,#1875,.T.);
#2667=ORIENTED_EDGE('',*,*,#1924,.F.);
#2668=ORIENTED_EDGE('',*,*,#1950,.F.);
#2669=ORIENTED_EDGE('',*,*,#1951,.F.);
#2670=ORIENTED_EDGE('',*,*,#1952,.T.);
#2671=ORIENTED_EDGE('',*,*,#1925,.F.);
#2672=ORIENTED_EDGE('',*,*,#1952,.F.);
#2673=ORIENTED_EDGE('',*,*,#1953,.F.);
#2674=ORIENTED_EDGE('',*,*,#1954,.F.);
#2675=ORIENTED_EDGE('',*,*,#1927,.F.);
#2676=ORIENTED_EDGE('',*,*,#1955,.F.);
#2677=ORIENTED_EDGE('',*,*,#1956,.F.);
#2678=ORIENTED_EDGE('',*,*,#1887,.T.);
#2679=ORIENTED_EDGE('',*,*,#1909,.F.);
#2680=ORIENTED_EDGE('',*,*,#1957,.F.);
#2681=ORIENTED_EDGE('',*,*,#1958,.F.);
#2682=ORIENTED_EDGE('',*,*,#1959,.F.);
#2683=ORIENTED_EDGE('',*,*,#1908,.F.);
#2684=ORIENTED_EDGE('',*,*,#1960,.F.);
#2685=ORIENTED_EDGE('',*,*,#1961,.F.);
#2686=ORIENTED_EDGE('',*,*,#1957,.T.);
#2687=ORIENTED_EDGE('',*,*,#1868,.F.);
#2688=ORIENTED_EDGE('',*,*,#1912,.F.);
#2689=ORIENTED_EDGE('',*,*,#1962,.F.);
#2690=ORIENTED_EDGE('',*,*,#1963,.F.);
#2691=ORIENTED_EDGE('',*,*,#1911,.F.);
#2692=ORIENTED_EDGE('',*,*,#1964,.F.);
#2693=ORIENTED_EDGE('',*,*,#1965,.F.);
#2694=ORIENTED_EDGE('',*,*,#1962,.T.);
#2695=ORIENTED_EDGE('',*,*,#1906,.F.);
#2696=ORIENTED_EDGE('',*,*,#1966,.T.);
#2697=ORIENTED_EDGE('',*,*,#1967,.F.);
#2698=ORIENTED_EDGE('',*,*,#1968,.F.);
#2699=ORIENTED_EDGE('',*,*,#1905,.F.);
#2700=ORIENTED_EDGE('',*,*,#1896,.F.);
#2701=ORIENTED_EDGE('',*,*,#1969,.F.);
#2702=ORIENTED_EDGE('',*,*,#1966,.F.);
#2703=ORIENTED_EDGE('',*,*,#1851,.F.);
#2704=ORIENTED_EDGE('',*,*,#1917,.F.);
#2705=ORIENTED_EDGE('',*,*,#1899,.F.);
#2706=ORIENTED_EDGE('',*,*,#1970,.F.);
#2707=ORIENTED_EDGE('',*,*,#1919,.F.);
#2708=ORIENTED_EDGE('',*,*,#1942,.F.);
#2709=ORIENTED_EDGE('',*,*,#1971,.F.);
#2710=ORIENTED_EDGE('',*,*,#1972,.T.);
#2711=ORIENTED_EDGE('',*,*,#1920,.F.);
#2712=ORIENTED_EDGE('',*,*,#1972,.F.);
#2713=ORIENTED_EDGE('',*,*,#1973,.F.);
#2714=ORIENTED_EDGE('',*,*,#1938,.T.);
#2715=ORIENTED_EDGE('',*,*,#1923,.F.);
#2716=ORIENTED_EDGE('',*,*,#1974,.T.);
#2717=ORIENTED_EDGE('',*,*,#1975,.F.);
#2718=ORIENTED_EDGE('',*,*,#1950,.T.);
#2719=ORIENTED_EDGE('',*,*,#1902,.F.);
#2720=ORIENTED_EDGE('',*,*,#1954,.T.);
#2721=ORIENTED_EDGE('',*,*,#1976,.F.);
#2722=ORIENTED_EDGE('',*,*,#1974,.F.);
#2723=ORIENTED_EDGE('',*,*,#1977,.F.);
#2724=ORIENTED_EDGE('',*,*,#1978,.F.);
#2725=ORIENTED_EDGE('',*,*,#1979,.F.);
#2726=ORIENTED_EDGE('',*,*,#1980,.T.);
#2727=ORIENTED_EDGE('',*,*,#1981,.F.);
#2728=ORIENTED_EDGE('',*,*,#1980,.F.);
#2729=ORIENTED_EDGE('',*,*,#1982,.F.);
#2730=ORIENTED_EDGE('',*,*,#1983,.F.);
#2731=ORIENTED_EDGE('',*,*,#1984,.F.);
#2732=ORIENTED_EDGE('',*,*,#1985,.F.);
#2733=ORIENTED_EDGE('',*,*,#1986,.T.);
#2734=ORIENTED_EDGE('',*,*,#1987,.F.);
#2735=ORIENTED_EDGE('',*,*,#1988,.F.);
#2736=ORIENTED_EDGE('',*,*,#1989,.F.);
#2737=ORIENTED_EDGE('',*,*,#1990,.F.);
#2738=ORIENTED_EDGE('',*,*,#1978,.T.);
#2739=ORIENTED_EDGE('',*,*,#1991,.F.);
#2740=ORIENTED_EDGE('',*,*,#1986,.F.);
#2741=ORIENTED_EDGE('',*,*,#1992,.F.);
#2742=ORIENTED_EDGE('',*,*,#1993,.T.);
#2743=ORIENTED_EDGE('',*,*,#1994,.F.);
#2744=ORIENTED_EDGE('',*,*,#1993,.F.);
#2745=ORIENTED_EDGE('',*,*,#1995,.F.);
#2746=ORIENTED_EDGE('',*,*,#1996,.T.);
#2747=ORIENTED_EDGE('',*,*,#1997,.F.);
#2748=ORIENTED_EDGE('',*,*,#1996,.F.);
#2749=ORIENTED_EDGE('',*,*,#1998,.F.);
#2750=ORIENTED_EDGE('',*,*,#1989,.T.);
#2751=ORIENTED_EDGE('',*,*,#1999,.F.);
#2752=ORIENTED_EDGE('',*,*,#2000,.T.);
#2753=ORIENTED_EDGE('',*,*,#2001,.F.);
#2754=ORIENTED_EDGE('',*,*,#2002,.F.);
#2755=ORIENTED_EDGE('',*,*,#2003,.F.);
#2756=ORIENTED_EDGE('',*,*,#2004,.F.);
#2757=ORIENTED_EDGE('',*,*,#2005,.F.);
#2758=ORIENTED_EDGE('',*,*,#2006,.F.);
#2759=ORIENTED_EDGE('',*,*,#2007,.F.);
#2760=ORIENTED_EDGE('',*,*,#2008,.T.);
#2761=ORIENTED_EDGE('',*,*,#2009,.F.);
#2762=ORIENTED_EDGE('',*,*,#2010,.T.);
#2763=ORIENTED_EDGE('',*,*,#2011,.F.);
#2764=ORIENTED_EDGE('',*,*,#2010,.F.);
#2765=ORIENTED_EDGE('',*,*,#2012,.F.);
#2766=ORIENTED_EDGE('',*,*,#2013,.F.);
#2767=ORIENTED_EDGE('',*,*,#2014,.F.);
#2768=ORIENTED_EDGE('',*,*,#2015,.F.);
#2769=ORIENTED_EDGE('',*,*,#2016,.F.);
#2770=ORIENTED_EDGE('',*,*,#2017,.F.);
#2771=ORIENTED_EDGE('',*,*,#2018,.F.);
#2772=ORIENTED_EDGE('',*,*,#2019,.F.);
#2773=ORIENTED_EDGE('',*,*,#2020,.T.);
#2774=ORIENTED_EDGE('',*,*,#2021,.F.);
#2775=ORIENTED_EDGE('',*,*,#2022,.F.);
#2776=ORIENTED_EDGE('',*,*,#2023,.T.);
#2777=ORIENTED_EDGE('',*,*,#2024,.F.);
#2778=ORIENTED_EDGE('',*,*,#2025,.T.);
#2779=ORIENTED_EDGE('',*,*,#2026,.F.);
#2780=ORIENTED_EDGE('',*,*,#2025,.F.);
#2781=ORIENTED_EDGE('',*,*,#2027,.F.);
#2782=ORIENTED_EDGE('',*,*,#2028,.F.);
#2783=ORIENTED_EDGE('',*,*,#2029,.F.);
#2784=ORIENTED_EDGE('',*,*,#2030,.F.);
#2785=ORIENTED_EDGE('',*,*,#2031,.T.);
#2786=ORIENTED_EDGE('',*,*,#2032,.F.);
#2787=ORIENTED_EDGE('',*,*,#2033,.F.);
#2788=ORIENTED_EDGE('',*,*,#2034,.T.);
#2789=ORIENTED_EDGE('',*,*,#2035,.F.);
#2790=ORIENTED_EDGE('',*,*,#2036,.T.);
#2791=ORIENTED_EDGE('',*,*,#2037,.F.);
#2792=ORIENTED_EDGE('',*,*,#2038,.T.);
#2793=ORIENTED_EDGE('',*,*,#2039,.F.);
#2794=ORIENTED_EDGE('',*,*,#2034,.F.);
#2795=ORIENTED_EDGE('',*,*,#2040,.F.);
#2796=ORIENTED_EDGE('',*,*,#2041,.F.);
#2797=ORIENTED_EDGE('',*,*,#2042,.F.);
#2798=ORIENTED_EDGE('',*,*,#2015,.T.);
#2799=ORIENTED_EDGE('',*,*,#2043,.F.);
#2800=ORIENTED_EDGE('',*,*,#2044,.T.);
#2801=ORIENTED_EDGE('',*,*,#2045,.F.);
#2802=ORIENTED_EDGE('',*,*,#2041,.T.);
#2803=ORIENTED_EDGE('',*,*,#2046,.F.);
#2804=ORIENTED_EDGE('',*,*,#2017,.T.);
#2805=ORIENTED_EDGE('',*,*,#2047,.F.);
#2806=ORIENTED_EDGE('',*,*,#2044,.F.);
#2807=ORIENTED_EDGE('',*,*,#2048,.F.);
#2808=ORIENTED_EDGE('',*,*,#2049,.F.);
#2809=ORIENTED_EDGE('',*,*,#2013,.T.);
#2810=ORIENTED_EDGE('',*,*,#2050,.F.);
#2811=ORIENTED_EDGE('',*,*,#2051,.F.);
#2812=ORIENTED_EDGE('',*,*,#2052,.F.);
#2813=ORIENTED_EDGE('',*,*,#2028,.T.);
#2814=ORIENTED_EDGE('',*,*,#2053,.F.);
#2815=ORIENTED_EDGE('',*,*,#2054,.F.);
#2816=ORIENTED_EDGE('',*,*,#2055,.T.);
#2817=ORIENTED_EDGE('',*,*,#2056,.F.);
#2818=ORIENTED_EDGE('',*,*,#2057,.F.);
#2819=ORIENTED_EDGE('',*,*,#2058,.F.);
#2820=ORIENTED_EDGE('',*,*,#2059,.T.);
#2821=ORIENTED_EDGE('',*,*,#2060,.F.);
#2822=ORIENTED_EDGE('',*,*,#2055,.F.);
#2823=ORIENTED_EDGE('',*,*,#2061,.F.);
#2824=ORIENTED_EDGE('',*,*,#2057,.T.);
#2825=ORIENTED_EDGE('',*,*,#2062,.F.);
#2826=ORIENTED_EDGE('',*,*,#2063,.T.);
#2827=ORIENTED_EDGE('',*,*,#2064,.F.);
#2828=ORIENTED_EDGE('',*,*,#2063,.F.);
#2829=ORIENTED_EDGE('',*,*,#2065,.F.);
#2830=ORIENTED_EDGE('',*,*,#2059,.F.);
#2831=ORIENTED_EDGE('',*,*,#2066,.F.);
#2832=ORIENTED_EDGE('',*,*,#2067,.F.);
#2833=ORIENTED_EDGE('',*,*,#2068,.T.);
#2834=ORIENTED_EDGE('',*,*,#2069,.F.);
#2835=ORIENTED_EDGE('',*,*,#2070,.F.);
#2836=ORIENTED_EDGE('',*,*,#2071,.F.);
#2837=ORIENTED_EDGE('',*,*,#2072,.F.);
#2838=ORIENTED_EDGE('',*,*,#2031,.F.);
#2839=ORIENTED_EDGE('',*,*,#2073,.F.);
#2840=ORIENTED_EDGE('',*,*,#2074,.F.);
#2841=ORIENTED_EDGE('',*,*,#2075,.F.);
#2842=ORIENTED_EDGE('',*,*,#2071,.T.);
#2843=ORIENTED_EDGE('',*,*,#2076,.F.);
#2844=ORIENTED_EDGE('',*,*,#2077,.T.);
#2845=ORIENTED_EDGE('',*,*,#2078,.F.);
#2846=ORIENTED_EDGE('',*,*,#2079,.F.);
#2847=ORIENTED_EDGE('',*,*,#2080,.F.);
#2848=ORIENTED_EDGE('',*,*,#2081,.F.);
#2849=ORIENTED_EDGE('',*,*,#2082,.F.);
#2850=ORIENTED_EDGE('',*,*,#2077,.F.);
#2851=ORIENTED_EDGE('',*,*,#2083,.F.);
#2852=ORIENTED_EDGE('',*,*,#2084,.T.);
#2853=ORIENTED_EDGE('',*,*,#2085,.F.);
#2854=ORIENTED_EDGE('',*,*,#2086,.F.);
#2855=ORIENTED_EDGE('',*,*,#2087,.F.);
#2856=ORIENTED_EDGE('',*,*,#2088,.T.);
#2857=ORIENTED_EDGE('',*,*,#2089,.F.);
#2858=ORIENTED_EDGE('',*,*,#2038,.F.);
#2859=ORIENTED_EDGE('',*,*,#2090,.F.);
#2860=ORIENTED_EDGE('',*,*,#2036,.F.);
#2861=ORIENTED_EDGE('',*,*,#2091,.F.);
#2862=ORIENTED_EDGE('',*,*,#2088,.F.);
#2863=ORIENTED_EDGE('',*,*,#2092,.F.);
#2864=ORIENTED_EDGE('',*,*,#2093,.F.);
#2865=ORIENTED_EDGE('',*,*,#2094,.T.);
#2866=ORIENTED_EDGE('',*,*,#2007,.T.);
#2867=ORIENTED_EDGE('',*,*,#2011,.T.);
#2868=ORIENTED_EDGE('',*,*,#2049,.T.);
#2869=ORIENTED_EDGE('',*,*,#2095,.F.);
#2870=ORIENTED_EDGE('',*,*,#2096,.F.);
#2871=ORIENTED_EDGE('',*,*,#2097,.T.);
#2872=ORIENTED_EDGE('',*,*,#1999,.T.);
#2873=ORIENTED_EDGE('',*,*,#2098,.F.);
#2874=ORIENTED_EDGE('',*,*,#2014,.T.);
#2875=ORIENTED_EDGE('',*,*,#2046,.T.);
#2876=ORIENTED_EDGE('',*,*,#2043,.T.);
#2877=ORIENTED_EDGE('',*,*,#2099,.F.);
#2878=ORIENTED_EDGE('',*,*,#2100,.T.);
#2879=ORIENTED_EDGE('',*,*,#2019,.T.);
#2880=ORIENTED_EDGE('',*,*,#2101,.F.);
#2881=ORIENTED_EDGE('',*,*,#2064,.T.);
#2882=ORIENTED_EDGE('',*,*,#2058,.T.);
#2883=ORIENTED_EDGE('',*,*,#2054,.T.);
#2884=ORIENTED_EDGE('',*,*,#2061,.T.);
#2885=ORIENTED_EDGE('',*,*,#2102,.F.);
#2886=ORIENTED_EDGE('',*,*,#2103,.T.);
#2887=ORIENTED_EDGE('',*,*,#2067,.T.);
#2888=ORIENTED_EDGE('',*,*,#2104,.F.);
#2889=ORIENTED_EDGE('',*,*,#2090,.T.);
#2890=ORIENTED_EDGE('',*,*,#2087,.T.);
#2891=ORIENTED_EDGE('',*,*,#2037,.T.);
#2892=ORIENTED_EDGE('',*,*,#2033,.T.);
#2893=ORIENTED_EDGE('',*,*,#2105,.F.);
#2894=ORIENTED_EDGE('',*,*,#2106,.T.);
#2895=ORIENTED_EDGE('',*,*,#2083,.T.);
#2896=ORIENTED_EDGE('',*,*,#2107,.F.);
#2897=ORIENTED_EDGE('',*,*,#2080,.T.);
#2898=ORIENTED_EDGE('',*,*,#2076,.T.);
#2899=ORIENTED_EDGE('',*,*,#2108,.F.);
#2900=ORIENTED_EDGE('',*,*,#2073,.T.);
#2901=ORIENTED_EDGE('',*,*,#2070,.T.);
#2902=ORIENTED_EDGE('',*,*,#2030,.T.);
#2903=ORIENTED_EDGE('',*,*,#2109,.F.);
#2904=ORIENTED_EDGE('',*,*,#2110,.F.);
#2905=ORIENTED_EDGE('',*,*,#2111,.T.);
#2906=ORIENTED_EDGE('',*,*,#2022,.T.);
#2907=ORIENTED_EDGE('',*,*,#2026,.T.);
#2908=ORIENTED_EDGE('',*,*,#2052,.T.);
#2909=ORIENTED_EDGE('',*,*,#2112,.F.);
#2910=ORIENTED_EDGE('',*,*,#2113,.F.);
#2911=ORIENTED_EDGE('',*,*,#2084,.F.);
#2912=ORIENTED_EDGE('',*,*,#2106,.F.);
#2913=ORIENTED_EDGE('',*,*,#2114,.F.);
#2914=ORIENTED_EDGE('',*,*,#2040,.T.);
#2915=ORIENTED_EDGE('',*,*,#2115,.F.);
#2916=ORIENTED_EDGE('',*,*,#2004,.T.);
#2917=ORIENTED_EDGE('',*,*,#2116,.F.);
#2918=ORIENTED_EDGE('',*,*,#2117,.F.);
#2919=ORIENTED_EDGE('',*,*,#2023,.F.);
#2920=ORIENTED_EDGE('',*,*,#2111,.F.);
#2921=ORIENTED_EDGE('',*,*,#2118,.F.);
#2922=ORIENTED_EDGE('',*,*,#2119,.F.);
#2923=ORIENTED_EDGE('',*,*,#2000,.F.);
#2924=ORIENTED_EDGE('',*,*,#2097,.F.);
#2925=ORIENTED_EDGE('',*,*,#2120,.F.);
#2926=ORIENTED_EDGE('',*,*,#2121,.F.);
#2927=ORIENTED_EDGE('',*,*,#2068,.F.);
#2928=ORIENTED_EDGE('',*,*,#2103,.F.);
#2929=ORIENTED_EDGE('',*,*,#2122,.F.);
#2930=ORIENTED_EDGE('',*,*,#2123,.F.);
#2931=ORIENTED_EDGE('',*,*,#2020,.F.);
#2932=ORIENTED_EDGE('',*,*,#2100,.F.);
#2933=ORIENTED_EDGE('',*,*,#2124,.F.);
#2934=ORIENTED_EDGE('',*,*,#2125,.F.);
#2935=ORIENTED_EDGE('',*,*,#2008,.F.);
#2936=ORIENTED_EDGE('',*,*,#2094,.F.);
#2937=ORIENTED_EDGE('',*,*,#2105,.T.);
#2938=ORIENTED_EDGE('',*,*,#2126,.F.);
#2939=ORIENTED_EDGE('',*,*,#2127,.F.);
#2940=ORIENTED_EDGE('',*,*,#2112,.T.);
#2941=ORIENTED_EDGE('',*,*,#2104,.T.);
#2942=ORIENTED_EDGE('',*,*,#2066,.T.);
#2943=ORIENTED_EDGE('',*,*,#2128,.F.);
#2944=ORIENTED_EDGE('',*,*,#2126,.T.);
#2945=ORIENTED_EDGE('',*,*,#2110,.T.);
#2946=ORIENTED_EDGE('',*,*,#2109,.T.);
#2947=ORIENTED_EDGE('',*,*,#2029,.T.);
#2948=ORIENTED_EDGE('',*,*,#2129,.F.);
#2949=ORIENTED_EDGE('',*,*,#2116,.T.);
#2950=ORIENTED_EDGE('',*,*,#2096,.T.);
#2951=ORIENTED_EDGE('',*,*,#2095,.T.);
#2952=ORIENTED_EDGE('',*,*,#2048,.T.);
#2953=ORIENTED_EDGE('',*,*,#2130,.F.);
#2954=ORIENTED_EDGE('',*,*,#2118,.T.);
#2955=ORIENTED_EDGE('',*,*,#2102,.T.);
#2956=ORIENTED_EDGE('',*,*,#2131,.F.);
#2957=ORIENTED_EDGE('',*,*,#2132,.F.);
#2958=ORIENTED_EDGE('',*,*,#2120,.T.);
#2959=ORIENTED_EDGE('',*,*,#2101,.T.);
#2960=ORIENTED_EDGE('',*,*,#2018,.T.);
#2961=ORIENTED_EDGE('',*,*,#2133,.F.);
#2962=ORIENTED_EDGE('',*,*,#2131,.T.);
#2963=ORIENTED_EDGE('',*,*,#2099,.T.);
#2964=ORIENTED_EDGE('',*,*,#2134,.F.);
#2965=ORIENTED_EDGE('',*,*,#2135,.F.);
#2966=ORIENTED_EDGE('',*,*,#2122,.T.);
#2967=ORIENTED_EDGE('',*,*,#2114,.T.);
#2968=ORIENTED_EDGE('',*,*,#2003,.T.);
#2969=ORIENTED_EDGE('',*,*,#2136,.F.);
#2970=ORIENTED_EDGE('',*,*,#2134,.T.);
#2971=ORIENTED_EDGE('',*,*,#2093,.T.);
#2972=ORIENTED_EDGE('',*,*,#2092,.T.);
#2973=ORIENTED_EDGE('',*,*,#2051,.T.);
#2974=ORIENTED_EDGE('',*,*,#2137,.F.);
#2975=ORIENTED_EDGE('',*,*,#2124,.T.);
#2976=ORIENTED_EDGE('',*,*,#2138,.F.);
#2977=ORIENTED_EDGE('',*,*,#2139,.F.);
#2978=ORIENTED_EDGE('',*,*,#2140,.F.);
#2979=ORIENTED_EDGE('',*,*,#2141,.T.);
#2980=ORIENTED_EDGE('',*,*,#2142,.F.);
#2981=ORIENTED_EDGE('',*,*,#2141,.F.);
#2982=ORIENTED_EDGE('',*,*,#2143,.F.);
#2983=ORIENTED_EDGE('',*,*,#2144,.T.);
#2984=ORIENTED_EDGE('',*,*,#2145,.F.);
#2985=ORIENTED_EDGE('',*,*,#2146,.F.);
#2986=ORIENTED_EDGE('',*,*,#2147,.F.);
#2987=ORIENTED_EDGE('',*,*,#2148,.T.);
#2988=ORIENTED_EDGE('',*,*,#2149,.F.);
#2989=ORIENTED_EDGE('',*,*,#2150,.F.);
#2990=ORIENTED_EDGE('',*,*,#2151,.F.);
#2991=ORIENTED_EDGE('',*,*,#2152,.T.);
#2992=ORIENTED_EDGE('',*,*,#2153,.F.);
#2993=ORIENTED_EDGE('',*,*,#2154,.F.);
#2994=ORIENTED_EDGE('',*,*,#2155,.F.);
#2995=ORIENTED_EDGE('',*,*,#2150,.T.);
#2996=ORIENTED_EDGE('',*,*,#2156,.F.);
#2997=ORIENTED_EDGE('',*,*,#2157,.F.);
#2998=ORIENTED_EDGE('',*,*,#2158,.F.);
#2999=ORIENTED_EDGE('',*,*,#2159,.T.);
#3000=ORIENTED_EDGE('',*,*,#2160,.F.);
#3001=ORIENTED_EDGE('',*,*,#2161,.F.);
#3002=ORIENTED_EDGE('',*,*,#2162,.F.);
#3003=ORIENTED_EDGE('',*,*,#2157,.T.);
#3004=ORIENTED_EDGE('',*,*,#2163,.F.);
#3005=ORIENTED_EDGE('',*,*,#2164,.F.);
#3006=ORIENTED_EDGE('',*,*,#2165,.F.);
#3007=ORIENTED_EDGE('',*,*,#2166,.T.);
#3008=ORIENTED_EDGE('',*,*,#2167,.F.);
#3009=ORIENTED_EDGE('',*,*,#2166,.F.);
#3010=ORIENTED_EDGE('',*,*,#2168,.F.);
#3011=ORIENTED_EDGE('',*,*,#2169,.F.);
#3012=ORIENTED_EDGE('',*,*,#2170,.F.);
#3013=ORIENTED_EDGE('',*,*,#2171,.F.);
#3014=ORIENTED_EDGE('',*,*,#2172,.F.);
#3015=ORIENTED_EDGE('',*,*,#2173,.F.);
#3016=ORIENTED_EDGE('',*,*,#2174,.F.);
#3017=ORIENTED_EDGE('',*,*,#2173,.T.);
#3018=ORIENTED_EDGE('',*,*,#2175,.F.);
#3019=ORIENTED_EDGE('',*,*,#2176,.F.);
#3020=ORIENTED_EDGE('',*,*,#2177,.F.);
#3021=ORIENTED_EDGE('',*,*,#2178,.F.);
#3022=ORIENTED_EDGE('',*,*,#2179,.F.);
#3023=ORIENTED_EDGE('',*,*,#2180,.F.);
#3024=ORIENTED_EDGE('',*,*,#2181,.F.);
#3025=ORIENTED_EDGE('',*,*,#2180,.T.);
#3026=ORIENTED_EDGE('',*,*,#2182,.F.);
#3027=ORIENTED_EDGE('',*,*,#2183,.T.);
#3028=ORIENTED_EDGE('',*,*,#2184,.F.);
#3029=ORIENTED_EDGE('',*,*,#2144,.F.);
#3030=ORIENTED_EDGE('',*,*,#2185,.F.);
#3031=ORIENTED_EDGE('',*,*,#2186,.F.);
#3032=ORIENTED_EDGE('',*,*,#2187,.F.);
#3033=ORIENTED_EDGE('',*,*,#2186,.T.);
#3034=ORIENTED_EDGE('',*,*,#2188,.F.);
#3035=ORIENTED_EDGE('',*,*,#2139,.T.);
#3036=ORIENTED_EDGE('',*,*,#2189,.F.);
#3037=ORIENTED_EDGE('',*,*,#2190,.F.);
#3038=ORIENTED_EDGE('',*,*,#2191,.F.);
#3039=ORIENTED_EDGE('',*,*,#2192,.F.);
#3040=ORIENTED_EDGE('',*,*,#2193,.F.);
#3041=ORIENTED_EDGE('',*,*,#2152,.F.);
#3042=ORIENTED_EDGE('',*,*,#2194,.F.);
#3043=ORIENTED_EDGE('',*,*,#2195,.F.);
#3044=ORIENTED_EDGE('',*,*,#2196,.F.);
#3045=ORIENTED_EDGE('',*,*,#2195,.T.);
#3046=ORIENTED_EDGE('',*,*,#2197,.F.);
#3047=ORIENTED_EDGE('',*,*,#2154,.T.);
#3048=ORIENTED_EDGE('',*,*,#2198,.F.);
#3049=ORIENTED_EDGE('',*,*,#2199,.T.);
#3050=ORIENTED_EDGE('',*,*,#2200,.F.);
#3051=ORIENTED_EDGE('',*,*,#2201,.T.);
#3052=ORIENTED_EDGE('',*,*,#2202,.F.);
#3053=ORIENTED_EDGE('',*,*,#2203,.F.);
#3054=ORIENTED_EDGE('',*,*,#2204,.F.);
#3055=ORIENTED_EDGE('',*,*,#2199,.F.);
#3056=ORIENTED_EDGE('',*,*,#2205,.F.);
#3057=ORIENTED_EDGE('',*,*,#2206,.T.);
#3058=ORIENTED_EDGE('',*,*,#2207,.F.);
#3059=ORIENTED_EDGE('',*,*,#2208,.T.);
#3060=ORIENTED_EDGE('',*,*,#2209,.F.);
#3061=ORIENTED_EDGE('',*,*,#2210,.F.);
#3062=ORIENTED_EDGE('',*,*,#2211,.F.);
#3063=ORIENTED_EDGE('',*,*,#2206,.F.);
#3064=ORIENTED_EDGE('',*,*,#2212,.F.);
#3065=ORIENTED_EDGE('',*,*,#2159,.F.);
#3066=ORIENTED_EDGE('',*,*,#2213,.F.);
#3067=ORIENTED_EDGE('',*,*,#2214,.F.);
#3068=ORIENTED_EDGE('',*,*,#2215,.F.);
#3069=ORIENTED_EDGE('',*,*,#2214,.T.);
#3070=ORIENTED_EDGE('',*,*,#2216,.F.);
#3071=ORIENTED_EDGE('',*,*,#2161,.T.);
#3072=ORIENTED_EDGE('',*,*,#2217,.F.);
#3073=ORIENTED_EDGE('',*,*,#2218,.T.);
#3074=ORIENTED_EDGE('',*,*,#2219,.F.);
#3075=ORIENTED_EDGE('',*,*,#2220,.T.);
#3076=ORIENTED_EDGE('',*,*,#2221,.F.);
#3077=ORIENTED_EDGE('',*,*,#2222,.F.);
#3078=ORIENTED_EDGE('',*,*,#2223,.F.);
#3079=ORIENTED_EDGE('',*,*,#2218,.F.);
#3080=ORIENTED_EDGE('',*,*,#2224,.F.);
#3081=ORIENTED_EDGE('',*,*,#2225,.T.);
#3082=ORIENTED_EDGE('',*,*,#2226,.F.);
#3083=ORIENTED_EDGE('',*,*,#2227,.T.);
#3084=ORIENTED_EDGE('',*,*,#2228,.F.);
#3085=ORIENTED_EDGE('',*,*,#2229,.F.);
#3086=ORIENTED_EDGE('',*,*,#2230,.F.);
#3087=ORIENTED_EDGE('',*,*,#2225,.F.);
#3088=ORIENTED_EDGE('',*,*,#2231,.F.);
#3089=ORIENTED_EDGE('',*,*,#2189,.T.);
#3090=ORIENTED_EDGE('',*,*,#2232,.F.);
#3091=ORIENTED_EDGE('',*,*,#2138,.T.);
#3092=ORIENTED_EDGE('',*,*,#2142,.T.);
#3093=ORIENTED_EDGE('',*,*,#2184,.T.);
#3094=ORIENTED_EDGE('',*,*,#2187,.T.);
#3095=ORIENTED_EDGE('',*,*,#2233,.F.);
#3096=ORIENTED_EDGE('',*,*,#2145,.T.);
#3097=ORIENTED_EDGE('',*,*,#2234,.F.);
#3098=ORIENTED_EDGE('',*,*,#2202,.T.);
#3099=ORIENTED_EDGE('',*,*,#2198,.T.);
#3100=ORIENTED_EDGE('',*,*,#2235,.F.);
#3101=ORIENTED_EDGE('',*,*,#2221,.T.);
#3102=ORIENTED_EDGE('',*,*,#2217,.T.);
#3103=ORIENTED_EDGE('',*,*,#2236,.F.);
#3104=ORIENTED_EDGE('',*,*,#2170,.T.);
#3105=ORIENTED_EDGE('',*,*,#2174,.T.);
#3106=ORIENTED_EDGE('',*,*,#2237,.F.);
#3107=ORIENTED_EDGE('',*,*,#2163,.T.);
#3108=ORIENTED_EDGE('',*,*,#2167,.T.);
#3109=ORIENTED_EDGE('',*,*,#2238,.F.);
#3110=ORIENTED_EDGE('',*,*,#2177,.T.);
#3111=ORIENTED_EDGE('',*,*,#2181,.T.);
#3112=ORIENTED_EDGE('',*,*,#2239,.F.);
#3113=ORIENTED_EDGE('',*,*,#2228,.T.);
#3114=ORIENTED_EDGE('',*,*,#2224,.T.);
#3115=ORIENTED_EDGE('',*,*,#2240,.F.);
#3116=ORIENTED_EDGE('',*,*,#2209,.T.);
#3117=ORIENTED_EDGE('',*,*,#2205,.T.);
#3118=ORIENTED_EDGE('',*,*,#2160,.T.);
#3119=ORIENTED_EDGE('',*,*,#2156,.T.);
#3120=ORIENTED_EDGE('',*,*,#2212,.T.);
#3121=ORIENTED_EDGE('',*,*,#2215,.T.);
#3122=ORIENTED_EDGE('',*,*,#2153,.T.);
#3123=ORIENTED_EDGE('',*,*,#2149,.T.);
#3124=ORIENTED_EDGE('',*,*,#2193,.T.);
#3125=ORIENTED_EDGE('',*,*,#2196,.T.);
#3126=ORIENTED_EDGE('',*,*,#2236,.T.);
#3127=ORIENTED_EDGE('',*,*,#2220,.F.);
#3128=ORIENTED_EDGE('',*,*,#2241,.F.);
#3129=ORIENTED_EDGE('',*,*,#2171,.T.);
#3130=ORIENTED_EDGE('',*,*,#2235,.T.);
#3131=ORIENTED_EDGE('',*,*,#2201,.F.);
#3132=ORIENTED_EDGE('',*,*,#2242,.F.);
#3133=ORIENTED_EDGE('',*,*,#2222,.T.);
#3134=ORIENTED_EDGE('',*,*,#2234,.T.);
#3135=ORIENTED_EDGE('',*,*,#2148,.F.);
#3136=ORIENTED_EDGE('',*,*,#2243,.F.);
#3137=ORIENTED_EDGE('',*,*,#2203,.T.);
#3138=ORIENTED_EDGE('',*,*,#2231,.T.);
#3139=ORIENTED_EDGE('',*,*,#2208,.F.);
#3140=ORIENTED_EDGE('',*,*,#2244,.F.);
#3141=ORIENTED_EDGE('',*,*,#2190,.T.);
#3142=ORIENTED_EDGE('',*,*,#2240,.T.);
#3143=ORIENTED_EDGE('',*,*,#2227,.F.);
#3144=ORIENTED_EDGE('',*,*,#2245,.F.);
#3145=ORIENTED_EDGE('',*,*,#2210,.T.);
#3146=ORIENTED_EDGE('',*,*,#2239,.T.);
#3147=ORIENTED_EDGE('',*,*,#2183,.F.);
#3148=ORIENTED_EDGE('',*,*,#2246,.F.);
#3149=ORIENTED_EDGE('',*,*,#2229,.T.);
#3150=ORIENTED_EDGE('',*,*,#1794,.T.);
#3151=ORIENTED_EDGE('',*,*,#1758,.T.);
#3152=ORIENTED_EDGE('',*,*,#1793,.T.);
#3153=ORIENTED_EDGE('',*,*,#2247,.F.);
#3154=ORIENTED_EDGE('',*,*,#1789,.T.);
#3155=ORIENTED_EDGE('',*,*,#1755,.T.);
#3156=ORIENTED_EDGE('',*,*,#1788,.T.);
#3157=ORIENTED_EDGE('',*,*,#2248,.F.);
#3158=ORIENTED_EDGE('',*,*,#1964,.T.);
#3159=ORIENTED_EDGE('',*,*,#1910,.T.);
#3160=ORIENTED_EDGE('',*,*,#1959,.T.);
#3161=ORIENTED_EDGE('',*,*,#2249,.F.);
#3162=ORIENTED_EDGE('',*,*,#1960,.T.);
#3163=ORIENTED_EDGE('',*,*,#1907,.T.);
#3164=ORIENTED_EDGE('',*,*,#1968,.T.);
#3165=ORIENTED_EDGE('',*,*,#2250,.F.);
#3166=ORIENTED_EDGE('',*,*,#2178,.T.);
#3167=ORIENTED_EDGE('',*,*,#2238,.T.);
#3168=ORIENTED_EDGE('',*,*,#2169,.T.);
#3169=ORIENTED_EDGE('',*,*,#2251,.F.);
#3170=ORIENTED_EDGE('',*,*,#2164,.T.);
#3171=ORIENTED_EDGE('',*,*,#2237,.T.);
#3172=ORIENTED_EDGE('',*,*,#2176,.T.);
#3173=ORIENTED_EDGE('',*,*,#2252,.F.);
#3174=ORIENTED_EDGE('',*,*,#2074,.T.);
#3175=ORIENTED_EDGE('',*,*,#2108,.T.);
#3176=ORIENTED_EDGE('',*,*,#2079,.T.);
#3177=ORIENTED_EDGE('',*,*,#2253,.F.);
#3178=ORIENTED_EDGE('',*,*,#2081,.T.);
#3179=ORIENTED_EDGE('',*,*,#2107,.T.);
#3180=ORIENTED_EDGE('',*,*,#2086,.T.);
#3181=ORIENTED_EDGE('',*,*,#2254,.F.);
#3182=ORIENTED_EDGE('',*,*,#1982,.T.);
#3183=ORIENTED_EDGE('',*,*,#1979,.T.);
#3184=ORIENTED_EDGE('',*,*,#1990,.T.);
#3185=ORIENTED_EDGE('',*,*,#1998,.T.);
#3186=ORIENTED_EDGE('',*,*,#1995,.T.);
#3187=ORIENTED_EDGE('',*,*,#1992,.T.);
#3188=ORIENTED_EDGE('',*,*,#1985,.T.);
#3189=ORIENTED_EDGE('',*,*,#2255,.F.);
#3190=ORIENTED_EDGE('',*,*,#2158,.T.);
#3191=ORIENTED_EDGE('',*,*,#2162,.T.);
#3192=ORIENTED_EDGE('',*,*,#2216,.T.);
#3193=ORIENTED_EDGE('',*,*,#2213,.T.);
#3194=ORIENTED_EDGE('',*,*,#1807,.T.);
#3195=ORIENTED_EDGE('',*,*,#1813,.T.);
#3196=ORIENTED_EDGE('',*,*,#1811,.T.);
#3197=ORIENTED_EDGE('',*,*,#1809,.T.);
#3198=ORIENTED_EDGE('',*,*,#2078,.T.);
#3199=ORIENTED_EDGE('',*,*,#2082,.T.);
#3200=ORIENTED_EDGE('',*,*,#2253,.T.);
#3201=ORIENTED_EDGE('',*,*,#2165,.T.);
#3202=ORIENTED_EDGE('',*,*,#2251,.T.);
#3203=ORIENTED_EDGE('',*,*,#2168,.T.);
#3204=ORIENTED_EDGE('',*,*,#2001,.T.);
#3205=ORIENTED_EDGE('',*,*,#2119,.T.);
#3206=ORIENTED_EDGE('',*,*,#2130,.T.);
#3207=ORIENTED_EDGE('',*,*,#2050,.T.);
#3208=ORIENTED_EDGE('',*,*,#2012,.T.);
#3209=ORIENTED_EDGE('',*,*,#2009,.T.);
#3210=ORIENTED_EDGE('',*,*,#2125,.T.);
#3211=ORIENTED_EDGE('',*,*,#2137,.T.);
#3212=ORIENTED_EDGE('',*,*,#2053,.T.);
#3213=ORIENTED_EDGE('',*,*,#2027,.T.);
#3214=ORIENTED_EDGE('',*,*,#2024,.T.);
#3215=ORIENTED_EDGE('',*,*,#2117,.T.);
#3216=ORIENTED_EDGE('',*,*,#2129,.T.);
#3217=ORIENTED_EDGE('',*,*,#2032,.T.);
#3218=ORIENTED_EDGE('',*,*,#2072,.T.);
#3219=ORIENTED_EDGE('',*,*,#2075,.T.);
#3220=ORIENTED_EDGE('',*,*,#2252,.T.);
#3221=ORIENTED_EDGE('',*,*,#2175,.T.);
#3222=ORIENTED_EDGE('',*,*,#2172,.T.);
#3223=ORIENTED_EDGE('',*,*,#2241,.T.);
#3224=ORIENTED_EDGE('',*,*,#2219,.T.);
#3225=ORIENTED_EDGE('',*,*,#2223,.T.);
#3226=ORIENTED_EDGE('',*,*,#2242,.T.);
#3227=ORIENTED_EDGE('',*,*,#2200,.T.);
#3228=ORIENTED_EDGE('',*,*,#2204,.T.);
#3229=ORIENTED_EDGE('',*,*,#2243,.T.);
#3230=ORIENTED_EDGE('',*,*,#2147,.T.);
#3231=ORIENTED_EDGE('',*,*,#2256,.T.);
#3232=ORIENTED_EDGE('',*,*,#1983,.T.);
#3233=ORIENTED_EDGE('',*,*,#2254,.T.);
#3234=ORIENTED_EDGE('',*,*,#2085,.T.);
#3235=ORIENTED_EDGE('',*,*,#2113,.T.);
#3236=ORIENTED_EDGE('',*,*,#2127,.T.);
#3237=ORIENTED_EDGE('',*,*,#2128,.T.);
#3238=ORIENTED_EDGE('',*,*,#2069,.T.);
#3239=ORIENTED_EDGE('',*,*,#2121,.T.);
#3240=ORIENTED_EDGE('',*,*,#2132,.T.);
#3241=ORIENTED_EDGE('',*,*,#2133,.T.);
#3242=ORIENTED_EDGE('',*,*,#2021,.T.);
#3243=ORIENTED_EDGE('',*,*,#2123,.T.);
#3244=ORIENTED_EDGE('',*,*,#2135,.T.);
#3245=ORIENTED_EDGE('',*,*,#2136,.T.);
#3246=ORIENTED_EDGE('',*,*,#2006,.T.);
#3247=ORIENTED_EDGE('',*,*,#2257,.T.);
#3248=ORIENTED_EDGE('',*,*,#1961,.T.);
#3249=ORIENTED_EDGE('',*,*,#2249,.T.);
#3250=ORIENTED_EDGE('',*,*,#1958,.T.);
#3251=ORIENTED_EDGE('',*,*,#1792,.T.);
#3252=ORIENTED_EDGE('',*,*,#1790,.T.);
#3253=ORIENTED_EDGE('',*,*,#2247,.T.);
#3254=ORIENTED_EDGE('',*,*,#1967,.T.);
#3255=ORIENTED_EDGE('',*,*,#1969,.T.);
#3256=ORIENTED_EDGE('',*,*,#1895,.T.);
#3257=ORIENTED_EDGE('',*,*,#1864,.T.);
#3258=ORIENTED_EDGE('',*,*,#1894,.T.);
#3259=ORIENTED_EDGE('',*,*,#1945,.T.);
#3260=ORIENTED_EDGE('',*,*,#1943,.T.);
#3261=ORIENTED_EDGE('',*,*,#1877,.T.);
#3262=ORIENTED_EDGE('',*,*,#1840,.T.);
#3263=ORIENTED_EDGE('',*,*,#1876,.T.);
#3264=ORIENTED_EDGE('',*,*,#1949,.T.);
#3265=ORIENTED_EDGE('',*,*,#1947,.T.);
#3266=ORIENTED_EDGE('',*,*,#1889,.T.);
#3267=ORIENTED_EDGE('',*,*,#1859,.T.);
#3268=ORIENTED_EDGE('',*,*,#1888,.T.);
#3269=ORIENTED_EDGE('',*,*,#1956,.T.);
#3270=ORIENTED_EDGE('',*,*,#2258,.T.);
#3271=ORIENTED_EDGE('',*,*,#2191,.T.);
#3272=ORIENTED_EDGE('',*,*,#2244,.T.);
#3273=ORIENTED_EDGE('',*,*,#2207,.T.);
#3274=ORIENTED_EDGE('',*,*,#2211,.T.);
#3275=ORIENTED_EDGE('',*,*,#2245,.T.);
#3276=ORIENTED_EDGE('',*,*,#2226,.T.);
#3277=ORIENTED_EDGE('',*,*,#2230,.T.);
#3278=ORIENTED_EDGE('',*,*,#2246,.T.);
#3279=ORIENTED_EDGE('',*,*,#2182,.T.);
#3280=ORIENTED_EDGE('',*,*,#2179,.T.);
#3281=ORIENTED_EDGE('',*,*,#2250,.T.);
#3282=ORIENTED_EDGE('',*,*,#1816,.T.);
#3283=ORIENTED_EDGE('',*,*,#1751,.T.);
#3284=ORIENTED_EDGE('',*,*,#1836,.T.);
#3285=ORIENTED_EDGE('',*,*,#1837,.T.);
#3286=ORIENTED_EDGE('',*,*,#1747,.T.);
#3287=ORIENTED_EDGE('',*,*,#1830,.T.);
#3288=ORIENTED_EDGE('',*,*,#1831,.T.);
#3289=ORIENTED_EDGE('',*,*,#1743,.T.);
#3290=ORIENTED_EDGE('',*,*,#1797,.T.);
#3291=ORIENTED_EDGE('',*,*,#1795,.T.);
#3292=ORIENTED_EDGE('',*,*,#2255,.T.);
#3293=ORIENTED_EDGE('',*,*,#1984,.T.);
#3294=ORIENTED_EDGE('',*,*,#2259,.T.);
#3295=ORIENTED_EDGE('',*,*,#1815,.T.);
#3296=ORIENTED_EDGE('',*,*,#2260,.T.);
#3297=ORIENTED_EDGE('',*,*,#1880,.T.);
#3298=ORIENTED_EDGE('',*,*,#1848,.T.);
#3299=ORIENTED_EDGE('',*,*,#1845,.T.);
#3300=ORIENTED_EDGE('',*,*,#1946,.T.);
#3301=ORIENTED_EDGE('',*,*,#1883,.T.);
#3302=ORIENTED_EDGE('',*,*,#1855,.T.);
#3303=ORIENTED_EDGE('',*,*,#1852,.T.);
#3304=ORIENTED_EDGE('',*,*,#1970,.T.);
#3305=ORIENTED_EDGE('',*,*,#1898,.T.);
#3306=ORIENTED_EDGE('',*,*,#1872,.T.);
#3307=ORIENTED_EDGE('',*,*,#1869,.T.);
#3308=ORIENTED_EDGE('',*,*,#1963,.T.);
#3309=ORIENTED_EDGE('',*,*,#1965,.T.);
#3310=ORIENTED_EDGE('',*,*,#2248,.T.);
#3311=ORIENTED_EDGE('',*,*,#1787,.T.);
#3312=ORIENTED_EDGE('',*,*,#1785,.T.);
#3313=ORIENTED_EDGE('',*,*,#1739,.T.);
#3314=ORIENTED_EDGE('',*,*,#1827,.T.);
#3315=ORIENTED_EDGE('',*,*,#1828,.T.);
#3316=ORIENTED_EDGE('',*,*,#1735,.T.);
#3317=ORIENTED_EDGE('',*,*,#1833,.T.);
#3318=ORIENTED_EDGE('',*,*,#1834,.T.);
#3319=ORIENTED_EDGE('',*,*,#1731,.T.);
#3320=ORIENTED_EDGE('',*,*,#2151,.T.);
#3321=ORIENTED_EDGE('',*,*,#2155,.T.);
#3322=ORIENTED_EDGE('',*,*,#2197,.T.);
#3323=ORIENTED_EDGE('',*,*,#2194,.T.);
#3324=ORIENTED_EDGE('',*,*,#2188,.T.);
#3325=ORIENTED_EDGE('',*,*,#2185,.T.);
#3326=ORIENTED_EDGE('',*,*,#2143,.T.);
#3327=ORIENTED_EDGE('',*,*,#2140,.T.);
#3328=ORIENTED_EDGE('',*,*,#2042,.T.);
#3329=ORIENTED_EDGE('',*,*,#2045,.T.);
#3330=ORIENTED_EDGE('',*,*,#2047,.T.);
#3331=ORIENTED_EDGE('',*,*,#2016,.T.);
#3332=ORIENTED_EDGE('',*,*,#1953,.T.);
#3333=ORIENTED_EDGE('',*,*,#1951,.T.);
#3334=ORIENTED_EDGE('',*,*,#1975,.T.);
#3335=ORIENTED_EDGE('',*,*,#1976,.T.);
#3336=ORIENTED_EDGE('',*,*,#1799,.T.);
#3337=ORIENTED_EDGE('',*,*,#1805,.T.);
#3338=ORIENTED_EDGE('',*,*,#1803,.T.);
#3339=ORIENTED_EDGE('',*,*,#1801,.T.);
#3340=ORIENTED_EDGE('',*,*,#1819,.T.);
#3341=ORIENTED_EDGE('',*,*,#1822,.T.);
#3342=ORIENTED_EDGE('',*,*,#1825,.T.);
#3343=ORIENTED_EDGE('',*,*,#1823,.T.);
#3344=ORIENTED_EDGE('',*,*,#2035,.T.);
#3345=ORIENTED_EDGE('',*,*,#2039,.T.);
#3346=ORIENTED_EDGE('',*,*,#2089,.T.);
#3347=ORIENTED_EDGE('',*,*,#2091,.T.);
#3348=ORIENTED_EDGE('',*,*,#2062,.T.);
#3349=ORIENTED_EDGE('',*,*,#2056,.T.);
#3350=ORIENTED_EDGE('',*,*,#2060,.T.);
#3351=ORIENTED_EDGE('',*,*,#2065,.T.);
#3352=ORIENTED_EDGE('',*,*,#1939,.T.);
#3353=ORIENTED_EDGE('',*,*,#1973,.T.);
#3354=ORIENTED_EDGE('',*,*,#1971,.T.);
#3355=ORIENTED_EDGE('',*,*,#1941,.T.);
#3356=ORIENTED_EDGE('',*,*,#1817,.T.);
#3357=ORIENTED_EDGE('',*,*,#2259,.F.);
#3358=ORIENTED_EDGE('',*,*,#1987,.T.);
#3359=ORIENTED_EDGE('',*,*,#1991,.T.);
#3360=ORIENTED_EDGE('',*,*,#1994,.T.);
#3361=ORIENTED_EDGE('',*,*,#1997,.T.);
#3362=ORIENTED_EDGE('',*,*,#1988,.T.);
#3363=ORIENTED_EDGE('',*,*,#1977,.T.);
#3364=ORIENTED_EDGE('',*,*,#1981,.T.);
#3365=ORIENTED_EDGE('',*,*,#2257,.F.);
#3366=ORIENTED_EDGE('',*,*,#2005,.T.);
#3367=ORIENTED_EDGE('',*,*,#2115,.T.);
#3368=ORIENTED_EDGE('',*,*,#2098,.T.);
#3369=ORIENTED_EDGE('',*,*,#2002,.T.);
#3370=ORIENTED_EDGE('',*,*,#2256,.F.);
#3371=ORIENTED_EDGE('',*,*,#2146,.T.);
#3372=ORIENTED_EDGE('',*,*,#2233,.T.);
#3373=ORIENTED_EDGE('',*,*,#2232,.T.);
#3374=ORIENTED_EDGE('',*,*,#2192,.T.);
#3375=ORIENTED_EDGE('',*,*,#2258,.F.);
#3376=ORIENTED_EDGE('',*,*,#1955,.T.);
#3377=ORIENTED_EDGE('',*,*,#1926,.T.);
#3378=ORIENTED_EDGE('',*,*,#1901,.T.);
#3379=ORIENTED_EDGE('',*,*,#1881,.T.);
#3380=ORIENTED_EDGE('',*,*,#2260,.F.);
#3381=ORIENTED_EDGE('',*,*,#1814,.T.);
#3382=ORIENTED_EDGE('',*,*,#1771,.T.);
#3383=ORIENTED_EDGE('',*,*,#1766,.T.);
#3384=ORIENTED_EDGE('',*,*,#1931,.T.);
#3385=ORIENTED_EDGE('',*,*,#1934,.T.);
#3386=ORIENTED_EDGE('',*,*,#1937,.T.);
#3387=ORIENTED_EDGE('',*,*,#1935,.T.);
#3388=ORIENTED_EDGE('',*,*,#2261,.T.);
#3389=ORIENTED_EDGE('',*,*,#2262,.T.);
#3390=ORIENTED_EDGE('',*,*,#2263,.T.);
#3391=ORIENTED_EDGE('',*,*,#2264,.F.);
#3392=ORIENTED_EDGE('',*,*,#2265,.T.);
#3393=ORIENTED_EDGE('',*,*,#2266,.F.);
#3394=ORIENTED_EDGE('',*,*,#2267,.T.);
#3395=ORIENTED_EDGE('',*,*,#2268,.F.);
#3396=ORIENTED_EDGE('',*,*,#2269,.T.);
#3397=ORIENTED_EDGE('',*,*,#2268,.T.);
#3398=ORIENTED_EDGE('',*,*,#2270,.T.);
#3399=ORIENTED_EDGE('',*,*,#2262,.F.);
#3400=ORIENTED_EDGE('',*,*,#2271,.F.);
#3401=ORIENTED_EDGE('',*,*,#2266,.T.);
#3402=ORIENTED_EDGE('',*,*,#2272,.T.);
#3403=ORIENTED_EDGE('',*,*,#2273,.T.);
#3404=ORIENTED_EDGE('',*,*,#2274,.T.);
#3405=ORIENTED_EDGE('',*,*,#2275,.T.);
#3406=ORIENTED_EDGE('',*,*,#2276,.T.);
#3407=ORIENTED_EDGE('',*,*,#2277,.T.);
#3408=ORIENTED_EDGE('',*,*,#2278,.T.);
#3409=ORIENTED_EDGE('',*,*,#2264,.T.);
#3410=ORIENTED_EDGE('',*,*,#2279,.T.);
#3411=ORIENTED_EDGE('',*,*,#2280,.T.);
#3412=ORIENTED_EDGE('',*,*,#2281,.T.);
#3413=ORIENTED_EDGE('',*,*,#2282,.T.);
#3414=ORIENTED_EDGE('',*,*,#2283,.T.);
#3415=ORIENTED_EDGE('',*,*,#2284,.T.);
#3416=ORIENTED_EDGE('',*,*,#2285,.T.);
#3417=ORIENTED_EDGE('',*,*,#2286,.T.);
#3418=ORIENTED_EDGE('',*,*,#2282,.F.);
#3419=ORIENTED_EDGE('',*,*,#2287,.T.);
#3420=ORIENTED_EDGE('',*,*,#2288,.T.);
#3421=ORIENTED_EDGE('',*,*,#2289,.T.);
#3422=ORIENTED_EDGE('',*,*,#2288,.F.);
#3423=ORIENTED_EDGE('',*,*,#2290,.T.);
#3424=ORIENTED_EDGE('',*,*,#2291,.T.);
#3425=ORIENTED_EDGE('',*,*,#2292,.T.);
#3426=ORIENTED_EDGE('',*,*,#2291,.F.);
#3427=ORIENTED_EDGE('',*,*,#2293,.T.);
#3428=ORIENTED_EDGE('',*,*,#2275,.F.);
#3429=ORIENTED_EDGE('',*,*,#2285,.F.);
#3430=ORIENTED_EDGE('',*,*,#2294,.T.);
#3431=ORIENTED_EDGE('',*,*,#2295,.F.);
#3432=ORIENTED_EDGE('',*,*,#2296,.F.);
#3433=ORIENTED_EDGE('',*,*,#2297,.F.);
#3434=ORIENTED_EDGE('',*,*,#2298,.F.);
#3435=ORIENTED_EDGE('',*,*,#2272,.F.);
#3436=ORIENTED_EDGE('',*,*,#2265,.F.);
#3437=ORIENTED_EDGE('',*,*,#2269,.F.);
#3438=ORIENTED_EDGE('',*,*,#2261,.F.);
#3439=ORIENTED_EDGE('',*,*,#2284,.F.);
#3440=ORIENTED_EDGE('',*,*,#2299,.T.);
#3441=ORIENTED_EDGE('',*,*,#2300,.F.);
#3442=ORIENTED_EDGE('',*,*,#2294,.F.);
#3443=ORIENTED_EDGE('',*,*,#2273,.F.);
#3444=ORIENTED_EDGE('',*,*,#2298,.T.);
#3445=ORIENTED_EDGE('',*,*,#2301,.F.);
#3446=ORIENTED_EDGE('',*,*,#2302,.F.);
#3447=ORIENTED_EDGE('',*,*,#2274,.F.);
#3448=ORIENTED_EDGE('',*,*,#2302,.T.);
#3449=ORIENTED_EDGE('',*,*,#2303,.F.);
#3450=ORIENTED_EDGE('',*,*,#2304,.F.);
#3451=ORIENTED_EDGE('',*,*,#2305,.F.);
#3452=ORIENTED_EDGE('',*,*,#2299,.F.);
#3453=ORIENTED_EDGE('',*,*,#2283,.F.);
#3454=ORIENTED_EDGE('',*,*,#2286,.F.);
#3455=ORIENTED_EDGE('',*,*,#2289,.F.);
#3456=ORIENTED_EDGE('',*,*,#2292,.F.);
#3457=ORIENTED_EDGE('',*,*,#2306,.F.);
#3458=ORIENTED_EDGE('',*,*,#2307,.F.);
#3459=ORIENTED_EDGE('',*,*,#2277,.F.);
#3460=ORIENTED_EDGE('',*,*,#2308,.T.);
#3461=ORIENTED_EDGE('',*,*,#2309,.F.);
#3462=ORIENTED_EDGE('',*,*,#2308,.F.);
#3463=ORIENTED_EDGE('',*,*,#2276,.F.);
#3464=ORIENTED_EDGE('',*,*,#2293,.F.);
#3465=ORIENTED_EDGE('',*,*,#2290,.F.);
#3466=ORIENTED_EDGE('',*,*,#2287,.F.);
#3467=ORIENTED_EDGE('',*,*,#2281,.F.);
#3468=ORIENTED_EDGE('',*,*,#2310,.T.);
#3469=ORIENTED_EDGE('',*,*,#2311,.F.);
#3470=ORIENTED_EDGE('',*,*,#2312,.F.);
#3471=ORIENTED_EDGE('',*,*,#2313,.F.);
#3472=ORIENTED_EDGE('',*,*,#2310,.F.);
#3473=ORIENTED_EDGE('',*,*,#2280,.F.);
#3474=ORIENTED_EDGE('',*,*,#2314,.T.);
#3475=ORIENTED_EDGE('',*,*,#2315,.F.);
#3476=ORIENTED_EDGE('',*,*,#2316,.F.);
#3477=ORIENTED_EDGE('',*,*,#2317,.F.);
#3478=ORIENTED_EDGE('',*,*,#2314,.F.);
#3479=ORIENTED_EDGE('',*,*,#2279,.F.);
#3480=ORIENTED_EDGE('',*,*,#2263,.F.);
#3481=ORIENTED_EDGE('',*,*,#2270,.F.);
#3482=ORIENTED_EDGE('',*,*,#2267,.F.);
#3483=ORIENTED_EDGE('',*,*,#2278,.F.);
#3484=ORIENTED_EDGE('',*,*,#2307,.T.);
#3485=ORIENTED_EDGE('',*,*,#2318,.T.);
#3486=ORIENTED_EDGE('',*,*,#2303,.T.);
#3487=ORIENTED_EDGE('',*,*,#2301,.T.);
#3488=ORIENTED_EDGE('',*,*,#2297,.T.);
#3489=ORIENTED_EDGE('',*,*,#2319,.T.);
#3490=ORIENTED_EDGE('',*,*,#2315,.T.);
#3491=ORIENTED_EDGE('',*,*,#2306,.T.);
#3492=ORIENTED_EDGE('',*,*,#2309,.T.);
#3493=ORIENTED_EDGE('',*,*,#2320,.T.);
#3494=ORIENTED_EDGE('',*,*,#2296,.T.);
#3495=ORIENTED_EDGE('',*,*,#2321,.T.);
#3496=ORIENTED_EDGE('',*,*,#2316,.T.);
#3497=ORIENTED_EDGE('',*,*,#2319,.F.);
#3498=ORIENTED_EDGE('',*,*,#2305,.T.);
#3499=ORIENTED_EDGE('',*,*,#2322,.F.);
#3500=ORIENTED_EDGE('',*,*,#2311,.T.);
#3501=ORIENTED_EDGE('',*,*,#2313,.T.);
#3502=ORIENTED_EDGE('',*,*,#2317,.T.);
#3503=ORIENTED_EDGE('',*,*,#2321,.F.);
#3504=ORIENTED_EDGE('',*,*,#2295,.T.);
#3505=ORIENTED_EDGE('',*,*,#2300,.T.);
#3506=ORIENTED_EDGE('',*,*,#2304,.T.);
#3507=ORIENTED_EDGE('',*,*,#2320,.F.);
#3508=ORIENTED_EDGE('',*,*,#2312,.T.);
#3509=ORIENTED_EDGE('',*,*,#2322,.T.);
#3510=ORIENTED_EDGE('',*,*,#2318,.F.);
#3511=ORIENTED_EDGE('',*,*,#2323,.T.);
#3512=ORIENTED_EDGE('',*,*,#2271,.T.);
#3513=ORIENTED_EDGE('',*,*,#2323,.F.);
#3514=PLANE('',#3915);
#3515=PLANE('',#3916);
#3516=PLANE('',#3917);
#3517=PLANE('',#3918);
#3518=PLANE('',#3919);
#3519=PLANE('',#3920);
#3520=PLANE('',#3954);
#3521=PLANE('',#3956);
#3522=PLANE('',#3958);
#3523=PLANE('',#3960);
#3524=PLANE('',#3962);
#3525=PLANE('',#3964);
#3526=PLANE('',#3966);
#3527=PLANE('',#3968);
#3528=PLANE('',#3970);
#3529=PLANE('',#3972);
#3530=PLANE('',#3974);
#3531=PLANE('',#3976);
#3532=PLANE('',#3978);
#3533=PLANE('',#3980);
#3534=PLANE('',#3982);
#3535=PLANE('',#3984);
#3536=PLANE('',#3986);
#3537=PLANE('',#3988);
#3538=PLANE('',#3990);
#3539=PLANE('',#3992);
#3540=PLANE('',#3994);
#3541=PLANE('',#3996);
#3542=PLANE('',#3998);
#3543=PLANE('',#4000);
#3544=PLANE('',#4002);
#3545=PLANE('',#4004);
#3546=PLANE('',#4006);
#3547=PLANE('',#4008);
#3548=PLANE('',#4010);
#3549=PLANE('',#4011);
#3550=PLANE('',#4012);
#3551=PLANE('',#4013);
#3552=PLANE('',#4014);
#3553=PLANE('',#4015);
#3554=PLANE('',#4016);
#3555=PLANE('',#4017);
#3556=PLANE('',#4018);
#3557=PLANE('',#4019);
#3558=PLANE('',#4022);
#3559=PLANE('',#4025);
#3560=PLANE('',#4028);
#3561=PLANE('',#4031);
#3562=PLANE('',#4034);
#3563=PLANE('',#4037);
#3564=PLANE('',#4040);
#3565=PLANE('',#4043);
#3566=PLANE('',#4077);
#3567=PLANE('',#4079);
#3568=PLANE('',#4081);
#3569=PLANE('',#4083);
#3570=PLANE('',#4085);
#3571=PLANE('',#4087);
#3572=PLANE('',#4089);
#3573=PLANE('',#4091);
#3574=PLANE('',#4093);
#3575=PLANE('',#4095);
#3576=PLANE('',#4097);
#3577=PLANE('',#4099);
#3578=PLANE('',#4101);
#3579=PLANE('',#4103);
#3580=PLANE('',#4105);
#3581=PLANE('',#4107);
#3582=PLANE('',#4109);
#3583=PLANE('',#4111);
#3584=PLANE('',#4113);
#3585=PLANE('',#4115);
#3586=PLANE('',#4117);
#3587=PLANE('',#4119);
#3588=PLANE('',#4121);
#3589=PLANE('',#4123);
#3590=PLANE('',#4125);
#3591=PLANE('',#4130);
#3592=PLANE('',#4131);
#3593=PLANE('',#4132);
#3594=PLANE('',#4136);
#3595=PLANE('',#4137);
#3596=PLANE('',#4138);
#3597=PLANE('',#4141);
#3598=PLANE('',#4144);
#3599=PLANE('',#4147);
#3600=PLANE('',#4150);
#3601=PLANE('',#4153);
#3602=PLANE('',#4156);
#3603=PLANE('',#4159);
#3604=PLANE('',#4162);
#3605=PLANE('',#4165);
#3606=PLANE('',#4168);
#3607=PLANE('',#4171);
#3608=PLANE('',#4174);
#3609=PLANE('',#4177);
#3610=PLANE('',#4180);
#3611=PLANE('',#4183);
#3612=PLANE('',#4186);
#3613=PLANE('',#4189);
#3614=PLANE('',#4192);
#3615=PLANE('',#4195);
#3616=PLANE('',#4198);
#3617=PLANE('',#4201);
#3618=PLANE('',#4204);
#3619=PLANE('',#4207);
#3620=PLANE('',#4210);
#3621=PLANE('',#4213);
#3622=PLANE('',#4216);
#3623=PLANE('',#4219);
#3624=PLANE('',#4232);
#3625=PLANE('',#4236);
#3626=PLANE('',#4238);
#3627=PLANE('',#4240);
#3628=PLANE('',#4242);
#3629=PLANE('',#4244);
#3630=PLANE('',#4246);
#3631=PLANE('',#4247);
#3632=PLANE('',#4248);
#3633=PLANE('',#4249);
#3634=PLANE('',#4250);
#3635=PLANE('',#4251);
#3636=PLANE('',#4252);
#3637=PLANE('',#4253);
#3638=PLANE('',#4254);
#3639=PLANE('',#4255);
#3640=PLANE('',#4258);
#3641=PLANE('',#4261);
#3642=PLANE('',#4264);
#3643=PLANE('',#4267);
#3644=PLANE('',#4270);
#3645=PLANE('',#4273);
#3646=PLANE('',#4276);
#3647=PLANE('',#4279);
#3648=PLANE('',#4282);
#3649=PLANE('',#4285);
#3650=PLANE('',#4288);
#3651=PLANE('',#4291);
#3652=PLANE('',#4294);
#3653=PLANE('',#4297);
#3654=PLANE('',#4300);
#3655=PLANE('',#4303);
#3656=PLANE('',#4306);
#3657=PLANE('',#4309);
#3658=PLANE('',#4312);
#3659=PLANE('',#4315);
#3660=PLANE('',#4318);
#3661=PLANE('',#4321);
#3662=PLANE('',#4324);
#3663=PLANE('',#4327);
#3664=PLANE('',#4330);
#3665=PLANE('',#4333);
#3666=PLANE('',#4336);
#3667=PLANE('',#4344);
#3668=PLANE('',#4345);
#3669=PLANE('',#4346);
#3670=PLANE('',#4347);
#3671=PLANE('',#4348);
#3672=PLANE('',#4349);
#3673=PLANE('',#4350);
#3674=PLANE('',#4385);
#3675=PLANE('',#4393);
#3676=PLANE('',#4394);
#3677=PLANE('',#4397);
#3678=PLANE('',#4401);
#3679=PLANE('',#4404);
#3680=PLANE('',#4405);
#3681=PLANE('',#4406);
#3682=PLANE('',#4407);
#3683=PLANE('',#4408);
#3684=PLANE('',#4409);
#3685=PLANE('',#4410);
#3686=PLANE('',#4411);
#3687=PLANE('',#4412);
#3688=PLANE('',#4418);
#3689=ADVANCED_FACE('',(#355),#3514,.T.);
#3690=ADVANCED_FACE('',(#356),#3515,.T.);
#3691=ADVANCED_FACE('',(#357),#3516,.T.);
#3692=ADVANCED_FACE('',(#358),#3517,.T.);
#3693=ADVANCED_FACE('',(#359),#3518,.T.);
#3694=ADVANCED_FACE('',(#360),#3519,.T.);
#3695=ADVANCED_FACE('',(#361,#26,#27),#328,.T.);
#3696=ADVANCED_FACE('',(#362),#3520,.T.);
#3697=ADVANCED_FACE('',(#363),#3521,.T.);
#3698=ADVANCED_FACE('',(#364),#3522,.T.);
#3699=ADVANCED_FACE('',(#365),#3523,.T.);
#3700=ADVANCED_FACE('',(#366),#3524,.T.);
#3701=ADVANCED_FACE('',(#367),#3525,.T.);
#3702=ADVANCED_FACE('',(#368),#3526,.T.);
#3703=ADVANCED_FACE('',(#369),#3527,.T.);
#3704=ADVANCED_FACE('',(#370),#3528,.T.);
#3705=ADVANCED_FACE('',(#371),#3529,.T.);
#3706=ADVANCED_FACE('',(#372),#3530,.T.);
#3707=ADVANCED_FACE('',(#373),#3531,.T.);
#3708=ADVANCED_FACE('',(#374),#3532,.T.);
#3709=ADVANCED_FACE('',(#375),#3533,.T.);
#3710=ADVANCED_FACE('',(#376),#3534,.T.);
#3711=ADVANCED_FACE('',(#377),#3535,.T.);
#3712=ADVANCED_FACE('',(#378),#3536,.T.);
#3713=ADVANCED_FACE('',(#379),#3537,.T.);
#3714=ADVANCED_FACE('',(#380),#3538,.T.);
#3715=ADVANCED_FACE('',(#381),#3539,.T.);
#3716=ADVANCED_FACE('',(#382),#3540,.T.);
#3717=ADVANCED_FACE('',(#383),#3541,.T.);
#3718=ADVANCED_FACE('',(#384),#3542,.T.);
#3719=ADVANCED_FACE('',(#385),#3543,.T.);
#3720=ADVANCED_FACE('',(#386),#3544,.T.);
#3721=ADVANCED_FACE('',(#387),#3545,.T.);
#3722=ADVANCED_FACE('',(#388),#3546,.T.);
#3723=ADVANCED_FACE('',(#389),#3547,.T.);
#3724=ADVANCED_FACE('',(#390),#3548,.T.);
#3725=ADVANCED_FACE('',(#391),#3549,.T.);
#3726=ADVANCED_FACE('',(#392),#3550,.T.);
#3727=ADVANCED_FACE('',(#393),#3551,.T.);
#3728=ADVANCED_FACE('',(#394),#3552,.T.);
#3729=ADVANCED_FACE('',(#395),#3553,.T.);
#3730=ADVANCED_FACE('',(#396),#3554,.T.);
#3731=ADVANCED_FACE('',(#397),#3555,.T.);
#3732=ADVANCED_FACE('',(#398),#3556,.T.);
#3733=ADVANCED_FACE('',(#399),#3557,.T.);
#3734=ADVANCED_FACE('',(#400),#3558,.T.);
#3735=ADVANCED_FACE('',(#401),#3559,.T.);
#3736=ADVANCED_FACE('',(#402),#3560,.T.);
#3737=ADVANCED_FACE('',(#403),#3561,.T.);
#3738=ADVANCED_FACE('',(#404),#3562,.T.);
#3739=ADVANCED_FACE('',(#405),#3563,.T.);
#3740=ADVANCED_FACE('',(#406),#3564,.T.);
#3741=ADVANCED_FACE('',(#407),#3565,.T.);
#3742=ADVANCED_FACE('',(#408),#329,.T.);
#3743=ADVANCED_FACE('',(#409),#330,.T.);
#3744=ADVANCED_FACE('',(#410),#3566,.T.);
#3745=ADVANCED_FACE('',(#411),#3567,.T.);
#3746=ADVANCED_FACE('',(#412),#3568,.T.);
#3747=ADVANCED_FACE('',(#413),#3569,.T.);
#3748=ADVANCED_FACE('',(#414),#3570,.T.);
#3749=ADVANCED_FACE('',(#415),#3571,.T.);
#3750=ADVANCED_FACE('',(#416),#3572,.T.);
#3751=ADVANCED_FACE('',(#417),#3573,.T.);
#3752=ADVANCED_FACE('',(#418),#3574,.T.);
#3753=ADVANCED_FACE('',(#419),#3575,.T.);
#3754=ADVANCED_FACE('',(#420),#3576,.T.);
#3755=ADVANCED_FACE('',(#421),#3577,.T.);
#3756=ADVANCED_FACE('',(#422),#3578,.T.);
#3757=ADVANCED_FACE('',(#423),#3579,.T.);
#3758=ADVANCED_FACE('',(#424),#3580,.T.);
#3759=ADVANCED_FACE('',(#425),#3581,.T.);
#3760=ADVANCED_FACE('',(#426),#3582,.T.);
#3761=ADVANCED_FACE('',(#427),#3583,.T.);
#3762=ADVANCED_FACE('',(#428),#3584,.T.);
#3763=ADVANCED_FACE('',(#429),#3585,.T.);
#3764=ADVANCED_FACE('',(#430),#3586,.T.);
#3765=ADVANCED_FACE('',(#431),#3587,.T.);
#3766=ADVANCED_FACE('',(#432),#3588,.T.);
#3767=ADVANCED_FACE('',(#433),#3589,.T.);
#3768=ADVANCED_FACE('',(#434),#3590,.T.);
#3769=ADVANCED_FACE('',(#435),#17,.F.);
#3770=ADVANCED_FACE('',(#436),#3591,.F.);
#3771=ADVANCED_FACE('',(#437),#3592,.F.);
#3772=ADVANCED_FACE('',(#438),#3593,.F.);
#3773=ADVANCED_FACE('',(#439),#18,.F.);
#3774=ADVANCED_FACE('',(#440),#3594,.F.);
#3775=ADVANCED_FACE('',(#441),#3595,.F.);
#3776=ADVANCED_FACE('',(#442),#3596,.T.);
#3777=ADVANCED_FACE('',(#443),#3597,.T.);
#3778=ADVANCED_FACE('',(#444),#3598,.T.);
#3779=ADVANCED_FACE('',(#445),#3599,.T.);
#3780=ADVANCED_FACE('',(#446),#3600,.T.);
#3781=ADVANCED_FACE('',(#447),#3601,.T.);
#3782=ADVANCED_FACE('',(#448),#3602,.T.);
#3783=ADVANCED_FACE('',(#449),#3603,.T.);
#3784=ADVANCED_FACE('',(#450),#3604,.T.);
#3785=ADVANCED_FACE('',(#451),#3605,.T.);
#3786=ADVANCED_FACE('',(#452),#3606,.T.);
#3787=ADVANCED_FACE('',(#453),#3607,.T.);
#3788=ADVANCED_FACE('',(#454),#3608,.T.);
#3789=ADVANCED_FACE('',(#455),#3609,.T.);
#3790=ADVANCED_FACE('',(#456),#3610,.T.);
#3791=ADVANCED_FACE('',(#457),#3611,.T.);
#3792=ADVANCED_FACE('',(#458),#3612,.T.);
#3793=ADVANCED_FACE('',(#459),#3613,.T.);
#3794=ADVANCED_FACE('',(#460),#3614,.T.);
#3795=ADVANCED_FACE('',(#461),#3615,.T.);
#3796=ADVANCED_FACE('',(#462),#3616,.T.);
#3797=ADVANCED_FACE('',(#463),#3617,.T.);
#3798=ADVANCED_FACE('',(#464),#3618,.T.);
#3799=ADVANCED_FACE('',(#465),#3619,.T.);
#3800=ADVANCED_FACE('',(#466),#3620,.T.);
#3801=ADVANCED_FACE('',(#467),#3621,.T.);
#3802=ADVANCED_FACE('',(#468),#3622,.T.);
#3803=ADVANCED_FACE('',(#469),#3623,.T.);
#3804=ADVANCED_FACE('',(#470),#331,.T.);
#3805=ADVANCED_FACE('',(#471),#3624,.T.);
#3806=ADVANCED_FACE('',(#472),#332,.T.);
#3807=ADVANCED_FACE('',(#473),#3625,.T.);
#3808=ADVANCED_FACE('',(#474),#3626,.T.);
#3809=ADVANCED_FACE('',(#475),#3627,.T.);
#3810=ADVANCED_FACE('',(#476),#3628,.T.);
#3811=ADVANCED_FACE('',(#477),#3629,.T.);
#3812=ADVANCED_FACE('',(#478),#3630,.T.);
#3813=ADVANCED_FACE('',(#479),#3631,.T.);
#3814=ADVANCED_FACE('',(#480),#3632,.T.);
#3815=ADVANCED_FACE('',(#481),#3633,.T.);
#3816=ADVANCED_FACE('',(#482),#3634,.T.);
#3817=ADVANCED_FACE('',(#483),#3635,.T.);
#3818=ADVANCED_FACE('',(#484),#3636,.T.);
#3819=ADVANCED_FACE('',(#485),#3637,.T.);
#3820=ADVANCED_FACE('',(#486),#3638,.T.);
#3821=ADVANCED_FACE('',(#487),#3639,.T.);
#3822=ADVANCED_FACE('',(#488),#3640,.T.);
#3823=ADVANCED_FACE('',(#489),#3641,.T.);
#3824=ADVANCED_FACE('',(#490),#3642,.T.);
#3825=ADVANCED_FACE('',(#491),#3643,.T.);
#3826=ADVANCED_FACE('',(#492),#3644,.T.);
#3827=ADVANCED_FACE('',(#493),#3645,.T.);
#3828=ADVANCED_FACE('',(#494),#3646,.T.);
#3829=ADVANCED_FACE('',(#495),#3647,.T.);
#3830=ADVANCED_FACE('',(#496),#3648,.T.);
#3831=ADVANCED_FACE('',(#497),#3649,.T.);
#3832=ADVANCED_FACE('',(#498),#3650,.T.);
#3833=ADVANCED_FACE('',(#499),#3651,.T.);
#3834=ADVANCED_FACE('',(#500),#3652,.T.);
#3835=ADVANCED_FACE('',(#501),#3653,.T.);
#3836=ADVANCED_FACE('',(#502),#3654,.T.);
#3837=ADVANCED_FACE('',(#503),#3655,.T.);
#3838=ADVANCED_FACE('',(#504),#3656,.T.);
#3839=ADVANCED_FACE('',(#505),#3657,.T.);
#3840=ADVANCED_FACE('',(#506),#3658,.T.);
#3841=ADVANCED_FACE('',(#507),#3659,.T.);
#3842=ADVANCED_FACE('',(#508),#3660,.T.);
#3843=ADVANCED_FACE('',(#509),#3661,.T.);
#3844=ADVANCED_FACE('',(#510),#3662,.T.);
#3845=ADVANCED_FACE('',(#511),#3663,.T.);
#3846=ADVANCED_FACE('',(#512),#3664,.T.);
#3847=ADVANCED_FACE('',(#513),#3665,.T.);
#3848=ADVANCED_FACE('',(#514),#3666,.T.);
#3849=ADVANCED_FACE('',(#515,#28,#29),#333,.T.);
#3850=ADVANCED_FACE('',(#516),#3667,.T.);
#3851=ADVANCED_FACE('',(#517),#3668,.T.);
#3852=ADVANCED_FACE('',(#518),#3669,.T.);
#3853=ADVANCED_FACE('',(#519),#3670,.T.);
#3854=ADVANCED_FACE('',(#520),#3671,.T.);
#3855=ADVANCED_FACE('',(#521),#3672,.T.);
#3856=ADVANCED_FACE('',(#522),#3673,.F.);
#3857=ADVANCED_FACE('',(#523),#334,.T.);
#3858=ADVANCED_FACE('',(#524),#335,.T.);
#3859=ADVANCED_FACE('',(#525),#336,.T.);
#3860=ADVANCED_FACE('',(#526),#337,.T.);
#3861=ADVANCED_FACE('',(#527),#338,.T.);
#3862=ADVANCED_FACE('',(#528),#339,.T.);
#3863=ADVANCED_FACE('',(#529),#340,.T.);
#3864=ADVANCED_FACE('',(#530),#341,.T.);
#3865=ADVANCED_FACE('',(#531),#342,.T.);
#3866=ADVANCED_FACE('',(#532),#343,.T.);
#3867=ADVANCED_FACE('',(#533),#344,.T.);
#3868=ADVANCED_FACE('',(#534),#345,.T.);
#3869=ADVANCED_FACE('',(#535),#346,.T.);
#3870=ADVANCED_FACE('',(#536),#347,.T.);
#3871=ADVANCED_FACE('',(#537),#348,.T.);
#3872=ADVANCED_FACE('',(#538),#349,.T.);
#3873=ADVANCED_FACE('',(#539),#350,.T.);
#3874=ADVANCED_FACE('',(#540),#351,.T.);
#3875=ADVANCED_FACE('',(#541),#352,.T.);
#3876=ADVANCED_FACE('',(#542),#353,.T.);
#3877=ADVANCED_FACE('',(#543),#3674,.F.);
#3878=ADVANCED_FACE('',(#544),#354,.T.);
#3879=ADVANCED_FACE('',(#545),#19,.F.);
#3880=ADVANCED_FACE('',(#546),#20,.T.);
#3881=ADVANCED_FACE('',(#547),#3675,.F.);
#3882=ADVANCED_FACE('',(#548,#30),#3676,.F.);
#3883=ADVANCED_FACE('',(#549),#3677,.F.);
#3884=ADVANCED_FACE('',(#550),#21,.F.);
#3885=ADVANCED_FACE('',(#551),#3678,.F.);
#3886=ADVANCED_FACE('',(#552),#22,.T.);
#3887=ADVANCED_FACE('',(#553),#3679,.F.);
#3888=ADVANCED_FACE('',(#554),#3680,.F.);
#3889=ADVANCED_FACE('',(#555),#3681,.F.);
#3890=ADVANCED_FACE('',(#556),#3682,.F.);
#3891=ADVANCED_FACE('',(#557),#3683,.F.);
#3892=ADVANCED_FACE('',(#558),#3684,.F.);
#3893=ADVANCED_FACE('',(#559),#3685,.F.);
#3894=ADVANCED_FACE('',(#560),#3686,.F.);
#3895=ADVANCED_FACE('',(#561,#31),#3687,.T.);
#3896=ADVANCED_FACE('',(#562),#23,.F.);
#3897=ADVANCED_FACE('',(#563),#3688,.T.);
#3898=ADVANCED_FACE('',(#564),#24,.F.);
#3899=ADVANCED_FACE('',(#565),#25,.T.);
#3900=CLOSED_SHELL('',(#3689,#3690,#3691,#3692,#3693,#3694,#3695,#3696,
#3697,#3698,#3699,#3700,#3701,#3702,#3703,#3704,#3705,#3706,#3707,#3708,
#3709,#3710,#3711,#3712,#3713,#3714,#3715,#3716,#3717,#3718,#3719,#3720,
#3721,#3722,#3723,#3724,#3725,#3726,#3727,#3728,#3729,#3730,#3731,#3732,
#3733,#3734,#3735,#3736,#3737,#3738,#3739,#3740,#3741,#3742,#3743,#3744,
#3745,#3746,#3747,#3748,#3749,#3750,#3751,#3752,#3753,#3754,#3755,#3756,
#3757,#3758,#3759,#3760,#3761,#3762,#3763,#3764,#3765,#3766,#3767,#3768,
#3769,#3770,#3771,#3772,#3773,#3774,#3775,#3776,#3777,#3778,#3779,#3780,
#3781,#3782,#3783,#3784,#3785,#3786,#3787,#3788,#3789,#3790,#3791,#3792,
#3793,#3794,#3795,#3796,#3797,#3798,#3799,#3800,#3801,#3802,#3803,#3804,
#3805,#3806,#3807,#3808,#3809,#3810,#3811,#3812,#3813,#3814,#3815,#3816,
#3817,#3818,#3819,#3820,#3821,#3822,#3823,#3824,#3825,#3826,#3827,#3828,
#3829,#3830,#3831,#3832,#3833,#3834,#3835,#3836,#3837,#3838,#3839,#3840,
#3841,#3842,#3843,#3844,#3845,#3846,#3847,#3848,#3849,#3850,#3851,#3852,
#3853,#3854,#3855,#3856,#3857,#3858,#3859,#3860,#3861,#3862,#3863,#3864,
#3865,#3866,#3867,#3868,#3869,#3870,#3871,#3872,#3873,#3874,#3875,#3876,
#3877,#3878));
#3901=CLOSED_SHELL('',(#3879,#3880,#3881,#3882,#3883,#3884,#3885,#3886,
#3887,#3888,#3889,#3890,#3891,#3892,#3893,#3894,#3895,#3896,#3897,#3898,
#3899));
#3902=DERIVED_UNIT_ELEMENT(#3904,1.);
#3903=DERIVED_UNIT_ELEMENT(#6969,-3.);
#3904=(
MASS_UNIT()
NAMED_UNIT(*)
SI_UNIT(.KILO.,.GRAM.)
);
#3905=DERIVED_UNIT((#3902,#3903));
#3906=MEASURE_REPRESENTATION_ITEM('density measure',
POSITIVE_RATIO_MEASURE(7850.),#3905);
#3907=PROPERTY_DEFINITION_REPRESENTATION(#3912,#3909);
#3908=PROPERTY_DEFINITION_REPRESENTATION(#3913,#3910);
#3909=REPRESENTATION('material name',(#3911),#6966);
#3910=REPRESENTATION('density',(#3906),#6966);
#3911=DESCRIPTIVE_REPRESENTATION_ITEM('Steel','Steel');
#3912=PROPERTY_DEFINITION('material property','material name',#6976);
#3913=PROPERTY_DEFINITION('material property','density of part',#6976);
#3914=AXIS2_PLACEMENT_3D('',#5701,#4422,#4423);
#3915=AXIS2_PLACEMENT_3D('',#5702,#4424,#4425);
#3916=AXIS2_PLACEMENT_3D('',#5713,#4429,#4430);
#3917=AXIS2_PLACEMENT_3D('',#5724,#4434,#4435);
#3918=AXIS2_PLACEMENT_3D('',#5735,#4439,#4440);
#3919=AXIS2_PLACEMENT_3D('',#5746,#4444,#4445);
#3920=AXIS2_PLACEMENT_3D('',#5757,#4449,#4450);
#3921=AXIS2_PLACEMENT_3D('',#5768,#4454,#4455);
#3922=AXIS2_PLACEMENT_3D('',#5770,#4456,#4457);
#3923=AXIS2_PLACEMENT_3D('',#5772,#4458,#4459);
#3924=AXIS2_PLACEMENT_3D('',#5774,#4460,#4461);
#3925=AXIS2_PLACEMENT_3D('',#5776,#4462,#4463);
#3926=AXIS2_PLACEMENT_3D('',#5778,#4464,#4465);
#3927=AXIS2_PLACEMENT_3D('',#5780,#4466,#4467);
#3928=AXIS2_PLACEMENT_3D('',#5782,#4468,#4469);
#3929=AXIS2_PLACEMENT_3D('',#5783,#4470,#4471);
#3930=AXIS2_PLACEMENT_3D('',#5785,#4472,#4473);
#3931=AXIS2_PLACEMENT_3D('',#5786,#4474,#4475);
#3932=AXIS2_PLACEMENT_3D('',#5788,#4476,#4477);
#3933=AXIS2_PLACEMENT_3D('',#5789,#4478,#4479);
#3934=AXIS2_PLACEMENT_3D('',#5791,#4480,#4481);
#3935=AXIS2_PLACEMENT_3D('',#5793,#4482,#4483);
#3936=AXIS2_PLACEMENT_3D('',#5795,#4484,#4485);
#3937=AXIS2_PLACEMENT_3D('',#5797,#4486,#4487);
#3938=AXIS2_PLACEMENT_3D('',#5799,#4488,#4489);
#3939=AXIS2_PLACEMENT_3D('',#5800,#4490,#4491);
#3940=AXIS2_PLACEMENT_3D('',#5802,#4492,#4493);
#3941=AXIS2_PLACEMENT_3D('',#5803,#4494,#4495);
#3942=AXIS2_PLACEMENT_3D('',#5805,#4496,#4497);
#3943=AXIS2_PLACEMENT_3D('',#5806,#4498,#4499);
#3944=AXIS2_PLACEMENT_3D('',#5808,#4500,#4501);
#3945=AXIS2_PLACEMENT_3D('',#5809,#4502,#4503);
#3946=AXIS2_PLACEMENT_3D('',#5812,#4504,#4505);
#3947=AXIS2_PLACEMENT_3D('',#5814,#4506,#4507);
#3948=AXIS2_PLACEMENT_3D('',#5816,#4508,#4509);
#3949=AXIS2_PLACEMENT_3D('',#5817,#4510,#4511);
#3950=AXIS2_PLACEMENT_3D('',#5820,#4512,#4513);
#3951=AXIS2_PLACEMENT_3D('',#5822,#4514,#4515);
#3952=AXIS2_PLACEMENT_3D('',#5824,#4516,#4517);
#3953=AXIS2_PLACEMENT_3D('',#5825,#4518,#4519);
#3954=AXIS2_PLACEMENT_3D('',#5826,#4520,#4521);
#3955=AXIS2_PLACEMENT_3D('',#5828,#4522,#4523);
#3956=AXIS2_PLACEMENT_3D('',#5830,#4525,#4526);
#3957=AXIS2_PLACEMENT_3D('',#5832,#4527,#4528);
#3958=AXIS2_PLACEMENT_3D('',#5834,#4530,#4531);
#3959=AXIS2_PLACEMENT_3D('',#5838,#4533,#4534);
#3960=AXIS2_PLACEMENT_3D('',#5840,#4536,#4537);
#3961=AXIS2_PLACEMENT_3D('',#5842,#4538,#4539);
#3962=AXIS2_PLACEMENT_3D('',#5844,#4541,#4542);
#3963=AXIS2_PLACEMENT_3D('',#5848,#4544,#4545);
#3964=AXIS2_PLACEMENT_3D('',#5850,#4547,#4548);
#3965=AXIS2_PLACEMENT_3D('',#5851,#4549,#4550);
#3966=AXIS2_PLACEMENT_3D('',#5852,#4551,#4552);
#3967=AXIS2_PLACEMENT_3D('',#5856,#4554,#4555);
#3968=AXIS2_PLACEMENT_3D('',#5858,#4557,#4558);
#3969=AXIS2_PLACEMENT_3D('',#5860,#4559,#4560);
#3970=AXIS2_PLACEMENT_3D('',#5862,#4562,#4563);
#3971=AXIS2_PLACEMENT_3D('',#5864,#4564,#4565);
#3972=AXIS2_PLACEMENT_3D('',#5866,#4567,#4568);
#3973=AXIS2_PLACEMENT_3D('',#5867,#4569,#4570);
#3974=AXIS2_PLACEMENT_3D('',#5868,#4571,#4572);
#3975=AXIS2_PLACEMENT_3D('',#5872,#4574,#4575);
#3976=AXIS2_PLACEMENT_3D('',#5874,#4577,#4578);
#3977=AXIS2_PLACEMENT_3D('',#5876,#4579,#4580);
#3978=AXIS2_PLACEMENT_3D('',#5878,#4582,#4583);
#3979=AXIS2_PLACEMENT_3D('',#5880,#4584,#4585);
#3980=AXIS2_PLACEMENT_3D('',#5882,#4587,#4588);
#3981=AXIS2_PLACEMENT_3D('',#5883,#4589,#4590);
#3982=AXIS2_PLACEMENT_3D('',#5884,#4591,#4592);
#3983=AXIS2_PLACEMENT_3D('',#5887,#4594,#4595);
#3984=AXIS2_PLACEMENT_3D('',#5888,#4596,#4597);
#3985=AXIS2_PLACEMENT_3D('',#5890,#4598,#4599);
#3986=AXIS2_PLACEMENT_3D('',#5892,#4601,#4602);
#3987=AXIS2_PLACEMENT_3D('',#5896,#4604,#4605);
#3988=AXIS2_PLACEMENT_3D('',#5898,#4607,#4608);
#3989=AXIS2_PLACEMENT_3D('',#5901,#4610,#4611);
#3990=AXIS2_PLACEMENT_3D('',#5902,#4612,#4613);
#3991=AXIS2_PLACEMENT_3D('',#5904,#4614,#4615);
#3992=AXIS2_PLACEMENT_3D('',#5906,#4617,#4618);
#3993=AXIS2_PLACEMENT_3D('',#5907,#4619,#4620);
#3994=AXIS2_PLACEMENT_3D('',#5908,#4621,#4622);
#3995=AXIS2_PLACEMENT_3D('',#5911,#4624,#4625);
#3996=AXIS2_PLACEMENT_3D('',#5912,#4626,#4627);
#3997=AXIS2_PLACEMENT_3D('',#5913,#4628,#4629);
#3998=AXIS2_PLACEMENT_3D('',#5914,#4630,#4631);
#3999=AXIS2_PLACEMENT_3D('',#5917,#4633,#4634);
#4000=AXIS2_PLACEMENT_3D('',#5918,#4635,#4636);
#4001=AXIS2_PLACEMENT_3D('',#5919,#4637,#4638);
#4002=AXIS2_PLACEMENT_3D('',#5920,#4639,#4640);
#4003=AXIS2_PLACEMENT_3D('',#5923,#4642,#4643);
#4004=AXIS2_PLACEMENT_3D('',#5924,#4644,#4645);
#4005=AXIS2_PLACEMENT_3D('',#5925,#4646,#4647);
#4006=AXIS2_PLACEMENT_3D('',#5926,#4648,#4649);
#4007=AXIS2_PLACEMENT_3D('',#5929,#4651,#4652);
#4008=AXIS2_PLACEMENT_3D('',#5930,#4653,#4654);
#4009=AXIS2_PLACEMENT_3D('',#5931,#4655,#4656);
#4010=AXIS2_PLACEMENT_3D('',#5932,#4657,#4658);
#4011=AXIS2_PLACEMENT_3D('',#5947,#4662,#4663);
#4012=AXIS2_PLACEMENT_3D('',#5958,#4667,#4668);
#4013=AXIS2_PLACEMENT_3D('',#5966,#4671,#4672);
#4014=AXIS2_PLACEMENT_3D('',#5977,#4676,#4677);
#4015=AXIS2_PLACEMENT_3D('',#5985,#4680,#4681);
#4016=AXIS2_PLACEMENT_3D('',#6000,#4685,#4686);
#4017=AXIS2_PLACEMENT_3D('',#6015,#4690,#4691);
#4018=AXIS2_PLACEMENT_3D('',#6026,#4695,#4696);
#4019=AXIS2_PLACEMENT_3D('',#6034,#4699,#4700);
#4020=AXIS2_PLACEMENT_3D('',#6036,#4701,#4702);
#4021=AXIS2_PLACEMENT_3D('',#6039,#4704,#4705);
#4022=AXIS2_PLACEMENT_3D('',#6040,#4706,#4707);
#4023=AXIS2_PLACEMENT_3D('',#6042,#4708,#4709);
#4024=AXIS2_PLACEMENT_3D('',#6045,#4711,#4712);
#4025=AXIS2_PLACEMENT_3D('',#6046,#4713,#4714);
#4026=AXIS2_PLACEMENT_3D('',#6048,#4715,#4716);
#4027=AXIS2_PLACEMENT_3D('',#6051,#4718,#4719);
#4028=AXIS2_PLACEMENT_3D('',#6052,#4720,#4721);
#4029=AXIS2_PLACEMENT_3D('',#6054,#4722,#4723);
#4030=AXIS2_PLACEMENT_3D('',#6057,#4725,#4726);
#4031=AXIS2_PLACEMENT_3D('',#6058,#4727,#4728);
#4032=AXIS2_PLACEMENT_3D('',#6060,#4729,#4730);
#4033=AXIS2_PLACEMENT_3D('',#6063,#4732,#4733);
#4034=AXIS2_PLACEMENT_3D('',#6064,#4734,#4735);
#4035=AXIS2_PLACEMENT_3D('',#6066,#4736,#4737);
#4036=AXIS2_PLACEMENT_3D('',#6069,#4739,#4740);
#4037=AXIS2_PLACEMENT_3D('',#6070,#4741,#4742);
#4038=AXIS2_PLACEMENT_3D('',#6072,#4743,#4744);
#4039=AXIS2_PLACEMENT_3D('',#6075,#4746,#4747);
#4040=AXIS2_PLACEMENT_3D('',#6076,#4748,#4749);
#4041=AXIS2_PLACEMENT_3D('',#6078,#4750,#4751);
#4042=AXIS2_PLACEMENT_3D('',#6081,#4753,#4754);
#4043=AXIS2_PLACEMENT_3D('',#6082,#4755,#4756);
#4044=AXIS2_PLACEMENT_3D('',#6084,#4757,#4758);
#4045=AXIS2_PLACEMENT_3D('',#6087,#4760,#4761);
#4046=AXIS2_PLACEMENT_3D('',#6088,#4762,#4763);
#4047=AXIS2_PLACEMENT_3D('',#6090,#4764,#4765);
#4048=AXIS2_PLACEMENT_3D('',#6091,#4766,#4767);
#4049=AXIS2_PLACEMENT_3D('',#6092,#4768,#4769);
#4050=AXIS2_PLACEMENT_3D('',#6094,#4770,#4771);
#4051=AXIS2_PLACEMENT_3D('',#6095,#4772,#4773);
#4052=AXIS2_PLACEMENT_3D('',#6097,#4774,#4775);
#4053=AXIS2_PLACEMENT_3D('',#6099,#4776,#4777);
#4054=AXIS2_PLACEMENT_3D('',#6101,#4778,#4779);
#4055=AXIS2_PLACEMENT_3D('',#6103,#4780,#4781);
#4056=AXIS2_PLACEMENT_3D('',#6105,#4782,#4783);
#4057=AXIS2_PLACEMENT_3D('',#6107,#4784,#4785);
#4058=AXIS2_PLACEMENT_3D('',#6109,#4786,#4787);
#4059=AXIS2_PLACEMENT_3D('',#6110,#4788,#4789);
#4060=AXIS2_PLACEMENT_3D('',#6112,#4790,#4791);
#4061=AXIS2_PLACEMENT_3D('',#6114,#4792,#4793);
#4062=AXIS2_PLACEMENT_3D('',#6116,#4794,#4795);
#4063=AXIS2_PLACEMENT_3D('',#6117,#4796,#4797);
#4064=AXIS2_PLACEMENT_3D('',#6118,#4798,#4799);
#4065=AXIS2_PLACEMENT_3D('',#6120,#4800,#4801);
#4066=AXIS2_PLACEMENT_3D('',#6122,#4802,#4803);
#4067=AXIS2_PLACEMENT_3D('',#6124,#4804,#4805);
#4068=AXIS2_PLACEMENT_3D('',#6125,#4806,#4807);
#4069=AXIS2_PLACEMENT_3D('',#6126,#4808,#4809);
#4070=AXIS2_PLACEMENT_3D('',#6128,#4810,#4811);
#4071=AXIS2_PLACEMENT_3D('',#6130,#4812,#4813);
#4072=AXIS2_PLACEMENT_3D('',#6131,#4814,#4815);
#4073=AXIS2_PLACEMENT_3D('',#6133,#4816,#4817);
#4074=AXIS2_PLACEMENT_3D('',#6134,#4818,#4819);
#4075=AXIS2_PLACEMENT_3D('',#6136,#4820,#4821);
#4076=AXIS2_PLACEMENT_3D('',#6137,#4822,#4823);
#4077=AXIS2_PLACEMENT_3D('',#6138,#4824,#4825);
#4078=AXIS2_PLACEMENT_3D('',#6141,#4827,#4828);
#4079=AXIS2_PLACEMENT_3D('',#6143,#4830,#4831);
#4080=AXIS2_PLACEMENT_3D('',#6146,#4833,#4834);
#4081=AXIS2_PLACEMENT_3D('',#6147,#4835,#4836);
#4082=AXIS2_PLACEMENT_3D('',#6149,#4837,#4838);
#4083=AXIS2_PLACEMENT_3D('',#6151,#4840,#4841);
#4084=AXIS2_PLACEMENT_3D('',#6152,#4842,#4843);
#4085=AXIS2_PLACEMENT_3D('',#6153,#4844,#4845);
#4086=AXIS2_PLACEMENT_3D('',#6156,#4847,#4848);
#4087=AXIS2_PLACEMENT_3D('',#6158,#4850,#4851);
#4088=AXIS2_PLACEMENT_3D('',#6160,#4852,#4853);
#4089=AXIS2_PLACEMENT_3D('',#6162,#4855,#4856);
#4090=AXIS2_PLACEMENT_3D('',#6164,#4857,#4858);
#4091=AXIS2_PLACEMENT_3D('',#6166,#4860,#4861);
#4092=AXIS2_PLACEMENT_3D('',#6167,#4862,#4863);
#4093=AXIS2_PLACEMENT_3D('',#6168,#4864,#4865);
#4094=AXIS2_PLACEMENT_3D('',#6169,#4866,#4867);
#4095=AXIS2_PLACEMENT_3D('',#6170,#4868,#4869);
#4096=AXIS2_PLACEMENT_3D('',#6172,#4870,#4871);
#4097=AXIS2_PLACEMENT_3D('',#6174,#4873,#4874);
#4098=AXIS2_PLACEMENT_3D('',#6175,#4875,#4876);
#4099=AXIS2_PLACEMENT_3D('',#6176,#4877,#4878);
#4100=AXIS2_PLACEMENT_3D('',#6180,#4880,#4881);
#4101=AXIS2_PLACEMENT_3D('',#6182,#4883,#4884);
#4102=AXIS2_PLACEMENT_3D('',#6184,#4885,#4886);
#4103=AXIS2_PLACEMENT_3D('',#6186,#4888,#4889);
#4104=AXIS2_PLACEMENT_3D('',#6189,#4891,#4892);
#4105=AXIS2_PLACEMENT_3D('',#6190,#4893,#4894);
#4106=AXIS2_PLACEMENT_3D('',#6194,#4896,#4897);
#4107=AXIS2_PLACEMENT_3D('',#6196,#4899,#4900);
#4108=AXIS2_PLACEMENT_3D('',#6199,#4902,#4903);
#4109=AXIS2_PLACEMENT_3D('',#6200,#4904,#4905);
#4110=AXIS2_PLACEMENT_3D('',#6203,#4907,#4908);
#4111=AXIS2_PLACEMENT_3D('',#6204,#4909,#4910);
#4112=AXIS2_PLACEMENT_3D('',#6207,#4912,#4913);
#4113=AXIS2_PLACEMENT_3D('',#6208,#4914,#4915);
#4114=AXIS2_PLACEMENT_3D('',#6212,#4917,#4918);
#4115=AXIS2_PLACEMENT_3D('',#6214,#4920,#4921);
#4116=AXIS2_PLACEMENT_3D('',#6215,#4922,#4923);
#4117=AXIS2_PLACEMENT_3D('',#6216,#4924,#4925);
#4118=AXIS2_PLACEMENT_3D('',#6217,#4926,#4927);
#4119=AXIS2_PLACEMENT_3D('',#6218,#4928,#4929);
#4120=AXIS2_PLACEMENT_3D('',#6220,#4930,#4931);
#4121=AXIS2_PLACEMENT_3D('',#6222,#4933,#4934);
#4122=AXIS2_PLACEMENT_3D('',#6223,#4935,#4936);
#4123=AXIS2_PLACEMENT_3D('',#6224,#4937,#4938);
#4124=AXIS2_PLACEMENT_3D('',#6226,#4940,#4941);
#4125=AXIS2_PLACEMENT_3D('',#6227,#4942,#4943);
#4126=AXIS2_PLACEMENT_3D('',#6228,#4944,#4945);
#4127=AXIS2_PLACEMENT_3D('',#6229,#4946,#4947);
#4128=AXIS2_PLACEMENT_3D('',#6232,#4948,#4949);
#4129=AXIS2_PLACEMENT_3D('',#6236,#4951,#4952);
#4130=AXIS2_PLACEMENT_3D('',#6238,#4954,#4955);
#4131=AXIS2_PLACEMENT_3D('',#6244,#4959,#4960);
#4132=AXIS2_PLACEMENT_3D('',#6253,#4965,#4966);
#4133=AXIS2_PLACEMENT_3D('',#6259,#4970,#4971);
#4134=AXIS2_PLACEMENT_3D('',#6261,#4972,#4973);
#4135=AXIS2_PLACEMENT_3D('',#6263,#4974,#4975);
#4136=AXIS2_PLACEMENT_3D('',#6265,#4977,#4978);
#4137=AXIS2_PLACEMENT_3D('',#6271,#4982,#4983);
#4138=AXIS2_PLACEMENT_3D('',#6274,#4986,#4987);
#4139=AXIS2_PLACEMENT_3D('',#6277,#4988,#4989);
#4140=AXIS2_PLACEMENT_3D('',#6281,#4991,#4992);
#4141=AXIS2_PLACEMENT_3D('',#6283,#4994,#4995);
#4142=AXIS2_PLACEMENT_3D('',#6288,#4997,#4998);
#4143=AXIS2_PLACEMENT_3D('',#6291,#5000,#5001);
#4144=AXIS2_PLACEMENT_3D('',#6292,#5002,#5003);
#4145=AXIS2_PLACEMENT_3D('',#6295,#5004,#5005);
#4146=AXIS2_PLACEMENT_3D('',#6299,#5007,#5008);
#4147=AXIS2_PLACEMENT_3D('',#6301,#5010,#5011);
#4148=AXIS2_PLACEMENT_3D('',#6303,#5012,#5013);
#4149=AXIS2_PLACEMENT_3D('',#6305,#5014,#5015);
#4150=AXIS2_PLACEMENT_3D('',#6307,#5017,#5018);
#4151=AXIS2_PLACEMENT_3D('',#6310,#5019,#5020);
#4152=AXIS2_PLACEMENT_3D('',#6314,#5022,#5023);
#4153=AXIS2_PLACEMENT_3D('',#6316,#5025,#5026);
#4154=AXIS2_PLACEMENT_3D('',#6321,#5028,#5029);
#4155=AXIS2_PLACEMENT_3D('',#6324,#5031,#5032);
#4156=AXIS2_PLACEMENT_3D('',#6325,#5033,#5034);
#4157=AXIS2_PLACEMENT_3D('',#6328,#5035,#5036);
#4158=AXIS2_PLACEMENT_3D('',#6332,#5038,#5039);
#4159=AXIS2_PLACEMENT_3D('',#6334,#5041,#5042);
#4160=AXIS2_PLACEMENT_3D('',#6336,#5043,#5044);
#4161=AXIS2_PLACEMENT_3D('',#6338,#5045,#5046);
#4162=AXIS2_PLACEMENT_3D('',#6340,#5048,#5049);
#4163=AXIS2_PLACEMENT_3D('',#6345,#5051,#5052);
#4164=AXIS2_PLACEMENT_3D('',#6348,#5054,#5055);
#4165=AXIS2_PLACEMENT_3D('',#6349,#5056,#5057);
#4166=AXIS2_PLACEMENT_3D('',#6352,#5058,#5059);
#4167=AXIS2_PLACEMENT_3D('',#6356,#5061,#5062);
#4168=AXIS2_PLACEMENT_3D('',#6358,#5064,#5065);
#4169=AXIS2_PLACEMENT_3D('',#6360,#5066,#5067);
#4170=AXIS2_PLACEMENT_3D('',#6363,#5069,#5070);
#4171=AXIS2_PLACEMENT_3D('',#6364,#5071,#5072);
#4172=AXIS2_PLACEMENT_3D('',#6366,#5073,#5074);
#4173=AXIS2_PLACEMENT_3D('',#6369,#5076,#5077);
#4174=AXIS2_PLACEMENT_3D('',#6370,#5078,#5079);
#4175=AXIS2_PLACEMENT_3D('',#6372,#5080,#5081);
#4176=AXIS2_PLACEMENT_3D('',#6375,#5083,#5084);
#4177=AXIS2_PLACEMENT_3D('',#6376,#5085,#5086);
#4178=AXIS2_PLACEMENT_3D('',#6377,#5087,#5088);
#4179=AXIS2_PLACEMENT_3D('',#6378,#5089,#5090);
#4180=AXIS2_PLACEMENT_3D('',#6379,#5091,#5092);
#4181=AXIS2_PLACEMENT_3D('',#6383,#5094,#5095);
#4182=AXIS2_PLACEMENT_3D('',#6384,#5096,#5097);
#4183=AXIS2_PLACEMENT_3D('',#6385,#5098,#5099);
#4184=AXIS2_PLACEMENT_3D('',#6389,#5101,#5102);
#4185=AXIS2_PLACEMENT_3D('',#6390,#5103,#5104);
#4186=AXIS2_PLACEMENT_3D('',#6391,#5105,#5106);
#4187=AXIS2_PLACEMENT_3D('',#6394,#5107,#5108);
#4188=AXIS2_PLACEMENT_3D('',#6398,#5110,#5111);
#4189=AXIS2_PLACEMENT_3D('',#6400,#5113,#5114);
#4190=AXIS2_PLACEMENT_3D('',#6402,#5115,#5116);
#4191=AXIS2_PLACEMENT_3D('',#6405,#5118,#5119);
#4192=AXIS2_PLACEMENT_3D('',#6406,#5120,#5121);
#4193=AXIS2_PLACEMENT_3D('',#6408,#5122,#5123);
#4194=AXIS2_PLACEMENT_3D('',#6410,#5124,#5125);
#4195=AXIS2_PLACEMENT_3D('',#6412,#5127,#5128);
#4196=AXIS2_PLACEMENT_3D('',#6413,#5129,#5130);
#4197=AXIS2_PLACEMENT_3D('',#6414,#5131,#5132);
#4198=AXIS2_PLACEMENT_3D('',#6415,#5133,#5134);
#4199=AXIS2_PLACEMENT_3D('',#6420,#5136,#5137);
#4200=AXIS2_PLACEMENT_3D('',#6423,#5139,#5140);
#4201=AXIS2_PLACEMENT_3D('',#6424,#5141,#5142);
#4202=AXIS2_PLACEMENT_3D('',#6426,#5143,#5144);
#4203=AXIS2_PLACEMENT_3D('',#6429,#5146,#5147);
#4204=AXIS2_PLACEMENT_3D('',#6430,#5148,#5149);
#4205=AXIS2_PLACEMENT_3D('',#6432,#5150,#5151);
#4206=AXIS2_PLACEMENT_3D('',#6435,#5153,#5154);
#4207=AXIS2_PLACEMENT_3D('',#6436,#5155,#5156);
#4208=AXIS2_PLACEMENT_3D('',#6439,#5157,#5158);
#4209=AXIS2_PLACEMENT_3D('',#6443,#5160,#5161);
#4210=AXIS2_PLACEMENT_3D('',#6445,#5163,#5164);
#4211=AXIS2_PLACEMENT_3D('',#6447,#5165,#5166);
#4212=AXIS2_PLACEMENT_3D('',#6450,#5168,#5169);
#4213=AXIS2_PLACEMENT_3D('',#6451,#5170,#5171);
#4214=AXIS2_PLACEMENT_3D('',#6454,#5172,#5173);
#4215=AXIS2_PLACEMENT_3D('',#6458,#5175,#5176);
#4216=AXIS2_PLACEMENT_3D('',#6460,#5178,#5179);
#4217=AXIS2_PLACEMENT_3D('',#6462,#5180,#5181);
#4218=AXIS2_PLACEMENT_3D('',#6465,#5183,#5184);
#4219=AXIS2_PLACEMENT_3D('',#6466,#5185,#5186);
#4220=AXIS2_PLACEMENT_3D('',#6467,#5187,#5188);
#4221=AXIS2_PLACEMENT_3D('',#6468,#5189,#5190);
#4222=AXIS2_PLACEMENT_3D('',#6469,#5191,#5192);
#4223=AXIS2_PLACEMENT_3D('',#6478,#5193,#5194);
#4224=AXIS2_PLACEMENT_3D('',#6487,#5195,#5196);
#4225=AXIS2_PLACEMENT_3D('',#6488,#5197,#5198);
#4226=AXIS2_PLACEMENT_3D('',#6493,#5199,#5200);
#4227=AXIS2_PLACEMENT_3D('',#6501,#5201,#5202);
#4228=AXIS2_PLACEMENT_3D('',#6509,#5203,#5204);
#4229=AXIS2_PLACEMENT_3D('',#6510,#5205,#5206);
#4230=AXIS2_PLACEMENT_3D('',#6511,#5207,#5208);
#4231=AXIS2_PLACEMENT_3D('',#6520,#5209,#5210);
#4232=AXIS2_PLACEMENT_3D('',#6521,#5211,#5212);
#4233=AXIS2_PLACEMENT_3D('',#6524,#5214,#5215);
#4234=AXIS2_PLACEMENT_3D('',#6525,#5216,#5217);
#4235=AXIS2_PLACEMENT_3D('',#6529,#5218,#5219);
#4236=AXIS2_PLACEMENT_3D('',#6530,#5220,#5221);
#4237=AXIS2_PLACEMENT_3D('',#6533,#5223,#5224);
#4238=AXIS2_PLACEMENT_3D('',#6534,#5225,#5226);
#4239=AXIS2_PLACEMENT_3D('',#6537,#5228,#5229);
#4240=AXIS2_PLACEMENT_3D('',#6538,#5230,#5231);
#4241=AXIS2_PLACEMENT_3D('',#6541,#5233,#5234);
#4242=AXIS2_PLACEMENT_3D('',#6542,#5235,#5236);
#4243=AXIS2_PLACEMENT_3D('',#6545,#5238,#5239);
#4244=AXIS2_PLACEMENT_3D('',#6546,#5240,#5241);
#4245=AXIS2_PLACEMENT_3D('',#6549,#5243,#5244);
#4246=AXIS2_PLACEMENT_3D('',#6550,#5245,#5246);
#4247=AXIS2_PLACEMENT_3D('',#6553,#5249,#5250);
#4248=AXIS2_PLACEMENT_3D('',#6555,#5252,#5253);
#4249=AXIS2_PLACEMENT_3D('',#6557,#5255,#5256);
#4250=AXIS2_PLACEMENT_3D('',#6559,#5258,#5259);
#4251=AXIS2_PLACEMENT_3D('',#6562,#5262,#5263);
#4252=AXIS2_PLACEMENT_3D('',#6564,#5265,#5266);
#4253=AXIS2_PLACEMENT_3D('',#6567,#5269,#5270);
#4254=AXIS2_PLACEMENT_3D('',#6569,#5272,#5273);
#4255=AXIS2_PLACEMENT_3D('',#6571,#5275,#5276);
#4256=AXIS2_PLACEMENT_3D('',#6574,#5277,#5278);
#4257=AXIS2_PLACEMENT_3D('',#6578,#5280,#5281);
#4258=AXIS2_PLACEMENT_3D('',#6580,#5283,#5284);
#4259=AXIS2_PLACEMENT_3D('',#6582,#5285,#5286);
#4260=AXIS2_PLACEMENT_3D('',#6584,#5287,#5288);
#4261=AXIS2_PLACEMENT_3D('',#6586,#5290,#5291);
#4262=AXIS2_PLACEMENT_3D('',#6589,#5292,#5293);
#4263=AXIS2_PLACEMENT_3D('',#6593,#5295,#5296);
#4264=AXIS2_PLACEMENT_3D('',#6595,#5298,#5299);
#4265=AXIS2_PLACEMENT_3D('',#6598,#5300,#5301);
#4266=AXIS2_PLACEMENT_3D('',#6602,#5303,#5304);
#4267=AXIS2_PLACEMENT_3D('',#6604,#5306,#5307);
#4268=AXIS2_PLACEMENT_3D('',#6606,#5308,#5309);
#4269=AXIS2_PLACEMENT_3D('',#6609,#5311,#5312);
#4270=AXIS2_PLACEMENT_3D('',#6610,#5313,#5314);
#4271=AXIS2_PLACEMENT_3D('',#6613,#5315,#5316);
#4272=AXIS2_PLACEMENT_3D('',#6617,#5318,#5319);
#4273=AXIS2_PLACEMENT_3D('',#6619,#5321,#5322);
#4274=AXIS2_PLACEMENT_3D('',#6621,#5323,#5324);
#4275=AXIS2_PLACEMENT_3D('',#6624,#5326,#5327);
#4276=AXIS2_PLACEMENT_3D('',#6625,#5328,#5329);
#4277=AXIS2_PLACEMENT_3D('',#6628,#5330,#5331);
#4278=AXIS2_PLACEMENT_3D('',#6632,#5333,#5334);
#4279=AXIS2_PLACEMENT_3D('',#6634,#5336,#5337);
#4280=AXIS2_PLACEMENT_3D('',#6636,#5338,#5339);
#4281=AXIS2_PLACEMENT_3D('',#6638,#5340,#5341);
#4282=AXIS2_PLACEMENT_3D('',#6640,#5343,#5344);
#4283=AXIS2_PLACEMENT_3D('',#6643,#5345,#5346);
#4284=AXIS2_PLACEMENT_3D('',#6647,#5348,#5349);
#4285=AXIS2_PLACEMENT_3D('',#6649,#5351,#5352);
#4286=AXIS2_PLACEMENT_3D('',#6651,#5353,#5354);
#4287=AXIS2_PLACEMENT_3D('',#6653,#5355,#5356);
#4288=AXIS2_PLACEMENT_3D('',#6655,#5358,#5359);
#4289=AXIS2_PLACEMENT_3D('',#6658,#5360,#5361);
#4290=AXIS2_PLACEMENT_3D('',#6662,#5363,#5364);
#4291=AXIS2_PLACEMENT_3D('',#6664,#5366,#5367);
#4292=AXIS2_PLACEMENT_3D('',#6666,#5368,#5369);
#4293=AXIS2_PLACEMENT_3D('',#6668,#5370,#5371);
#4294=AXIS2_PLACEMENT_3D('',#6670,#5373,#5374);
#4295=AXIS2_PLACEMENT_3D('',#6672,#5375,#5376);
#4296=AXIS2_PLACEMENT_3D('',#6674,#5377,#5378);
#4297=AXIS2_PLACEMENT_3D('',#6676,#5380,#5381);
#4298=AXIS2_PLACEMENT_3D('',#6677,#5382,#5383);
#4299=AXIS2_PLACEMENT_3D('',#6678,#5384,#5385);
#4300=AXIS2_PLACEMENT_3D('',#6679,#5386,#5387);
#4301=AXIS2_PLACEMENT_3D('',#6682,#5388,#5389);
#4302=AXIS2_PLACEMENT_3D('',#6686,#5391,#5392);
#4303=AXIS2_PLACEMENT_3D('',#6688,#5394,#5395);
#4304=AXIS2_PLACEMENT_3D('',#6690,#5396,#5397);
#4305=AXIS2_PLACEMENT_3D('',#6692,#5398,#5399);
#4306=AXIS2_PLACEMENT_3D('',#6694,#5401,#5402);
#4307=AXIS2_PLACEMENT_3D('',#6695,#5403,#5404);
#4308=AXIS2_PLACEMENT_3D('',#6696,#5405,#5406);
#4309=AXIS2_PLACEMENT_3D('',#6697,#5407,#5408);
#4310=AXIS2_PLACEMENT_3D('',#6700,#5409,#5410);
#4311=AXIS2_PLACEMENT_3D('',#6704,#5412,#5413);
#4312=AXIS2_PLACEMENT_3D('',#6706,#5415,#5416);
#4313=AXIS2_PLACEMENT_3D('',#6708,#5417,#5418);
#4314=AXIS2_PLACEMENT_3D('',#6711,#5420,#5421);
#4315=AXIS2_PLACEMENT_3D('',#6712,#5422,#5423);
#4316=AXIS2_PLACEMENT_3D('',#6715,#5424,#5425);
#4317=AXIS2_PLACEMENT_3D('',#6719,#5427,#5428);
#4318=AXIS2_PLACEMENT_3D('',#6721,#5430,#5431);
#4319=AXIS2_PLACEMENT_3D('',#6723,#5432,#5433);
#4320=AXIS2_PLACEMENT_3D('',#6726,#5435,#5436);
#4321=AXIS2_PLACEMENT_3D('',#6727,#5437,#5438);
#4322=AXIS2_PLACEMENT_3D('',#6729,#5439,#5440);
#4323=AXIS2_PLACEMENT_3D('',#6731,#5441,#5442);
#4324=AXIS2_PLACEMENT_3D('',#6733,#5444,#5445);
#4325=AXIS2_PLACEMENT_3D('',#6734,#5446,#5447);
#4326=AXIS2_PLACEMENT_3D('',#6735,#5448,#5449);
#4327=AXIS2_PLACEMENT_3D('',#6736,#5450,#5451);
#4328=AXIS2_PLACEMENT_3D('',#6739,#5452,#5453);
#4329=AXIS2_PLACEMENT_3D('',#6743,#5455,#5456);
#4330=AXIS2_PLACEMENT_3D('',#6745,#5458,#5459);
#4331=AXIS2_PLACEMENT_3D('',#6747,#5460,#5461);
#4332=AXIS2_PLACEMENT_3D('',#6750,#5463,#5464);
#4333=AXIS2_PLACEMENT_3D('',#6751,#5465,#5466);
#4334=AXIS2_PLACEMENT_3D('',#6754,#5467,#5468);
#4335=AXIS2_PLACEMENT_3D('',#6758,#5470,#5471);
#4336=AXIS2_PLACEMENT_3D('',#6760,#5473,#5474);
#4337=AXIS2_PLACEMENT_3D('',#6762,#5475,#5476);
#4338=AXIS2_PLACEMENT_3D('',#6765,#5478,#5479);
#4339=AXIS2_PLACEMENT_3D('',#6766,#5480,#5481);
#4340=AXIS2_PLACEMENT_3D('',#6770,#5482,#5483);
#4341=AXIS2_PLACEMENT_3D('',#6771,#5484,#5485);
#4342=AXIS2_PLACEMENT_3D('',#6781,#5486,#5487);
#4343=AXIS2_PLACEMENT_3D('',#6782,#5488,#5489);
#4344=AXIS2_PLACEMENT_3D('',#6789,#5490,#5491);
#4345=AXIS2_PLACEMENT_3D('',#6791,#5493,#5494);
#4346=AXIS2_PLACEMENT_3D('',#6793,#5496,#5497);
#4347=AXIS2_PLACEMENT_3D('',#6795,#5499,#5500);
#4348=AXIS2_PLACEMENT_3D('',#6797,#5502,#5503);
#4349=AXIS2_PLACEMENT_3D('',#6799,#5505,#5506);
#4350=AXIS2_PLACEMENT_3D('',#6801,#5508,#5509);
#4351=AXIS2_PLACEMENT_3D('',#6802,#5510,#5511);
#4352=AXIS2_PLACEMENT_3D('',#6803,#5512,#5513);
#4353=AXIS2_PLACEMENT_3D('',#6804,#5514,#5515);
#4354=AXIS2_PLACEMENT_3D('',#6805,#5516,#5517);
#4355=AXIS2_PLACEMENT_3D('',#6806,#5518,#5519);
#4356=AXIS2_PLACEMENT_3D('',#6807,#5520,#5521);
#4357=AXIS2_PLACEMENT_3D('',#6808,#5522,#5523);
#4358=AXIS2_PLACEMENT_3D('',#6809,#5524,#5525);
#4359=AXIS2_PLACEMENT_3D('',#6810,#5526,#5527);
#4360=AXIS2_PLACEMENT_3D('',#6811,#5528,#5529);
#4361=AXIS2_PLACEMENT_3D('',#6812,#5530,#5531);
#4362=AXIS2_PLACEMENT_3D('',#6813,#5532,#5533);
#4363=AXIS2_PLACEMENT_3D('',#6814,#5534,#5535);
#4364=AXIS2_PLACEMENT_3D('',#6815,#5536,#5537);
#4365=AXIS2_PLACEMENT_3D('',#6816,#5538,#5539);
#4366=AXIS2_PLACEMENT_3D('',#6817,#5540,#5541);
#4367=AXIS2_PLACEMENT_3D('',#6818,#5542,#5543);
#4368=AXIS2_PLACEMENT_3D('',#6819,#5544,#5545);
#4369=AXIS2_PLACEMENT_3D('',#6820,#5546,#5547);
#4370=AXIS2_PLACEMENT_3D('',#6821,#5548,#5549);
#4371=AXIS2_PLACEMENT_3D('',#6822,#5550,#5551);
#4372=AXIS2_PLACEMENT_3D('',#6823,#5552,#5553);
#4373=AXIS2_PLACEMENT_3D('',#6824,#5554,#5555);
#4374=AXIS2_PLACEMENT_3D('',#6825,#5556,#5557);
#4375=AXIS2_PLACEMENT_3D('',#6826,#5558,#5559);
#4376=AXIS2_PLACEMENT_3D('',#6827,#5560,#5561);
#4377=AXIS2_PLACEMENT_3D('',#6828,#5562,#5563);
#4378=AXIS2_PLACEMENT_3D('',#6829,#5564,#5565);
#4379=AXIS2_PLACEMENT_3D('',#6830,#5566,#5567);
#4380=AXIS2_PLACEMENT_3D('',#6831,#5568,#5569);
#4381=AXIS2_PLACEMENT_3D('',#6832,#5570,#5571);
#4382=AXIS2_PLACEMENT_3D('',#6833,#5572,#5573);
#4383=AXIS2_PLACEMENT_3D('',#6834,#5574,#5575);
#4384=AXIS2_PLACEMENT_3D('',#6835,#5576,#5577);
#4385=AXIS2_PLACEMENT_3D('',#6836,#5578,#5579);
#4386=AXIS2_PLACEMENT_3D('',#6837,#5580,#5581);
#4387=AXIS2_PLACEMENT_3D('',#6838,#5582,#5583);
#4388=AXIS2_PLACEMENT_3D('',#6843,#5585,#5586);
#4389=AXIS2_PLACEMENT_3D('',#6846,#5588,#5589);
#4390=AXIS2_PLACEMENT_3D('',#6847,#5590,#5591);
#4391=AXIS2_PLACEMENT_3D('',#6852,#5593,#5594);
#4392=AXIS2_PLACEMENT_3D('',#6855,#5596,#5597);
#4393=AXIS2_PLACEMENT_3D('',#6856,#5598,#5599);
#4394=AXIS2_PLACEMENT_3D('',#6859,#5602,#5603);
#4395=AXIS2_PLACEMENT_3D('',#6861,#5604,#5605);
#4396=AXIS2_PLACEMENT_3D('',#6869,#5609,#5610);
#4397=AXIS2_PLACEMENT_3D('',#6875,#5614,#5615);
#4398=AXIS2_PLACEMENT_3D('',#6883,#5619,#5620);
#4399=AXIS2_PLACEMENT_3D('',#6889,#5624,#5625);
#4400=AXIS2_PLACEMENT_3D('',#6894,#5628,#5629);
#4401=AXIS2_PLACEMENT_3D('',#6895,#5630,#5631);
#4402=AXIS2_PLACEMENT_3D('',#6900,#5634,#5635);
#4403=AXIS2_PLACEMENT_3D('',#6901,#5636,#5637);
#4404=AXIS2_PLACEMENT_3D('',#6904,#5640,#5641);
#4405=AXIS2_PLACEMENT_3D('',#6914,#5647,#5648);
#4406=AXIS2_PLACEMENT_3D('',#6918,#5651,#5652);
#4407=AXIS2_PLACEMENT_3D('',#6922,#5655,#5656);
#4408=AXIS2_PLACEMENT_3D('',#6928,#5660,#5661);
#4409=AXIS2_PLACEMENT_3D('',#6934,#5665,#5666);
#4410=AXIS2_PLACEMENT_3D('',#6942,#5671,#5672);
#4411=AXIS2_PLACEMENT_3D('',#6946,#5675,#5676);
#4412=AXIS2_PLACEMENT_3D('',#6952,#5680,#5681);
#4413=AXIS2_PLACEMENT_3D('',#6954,#5682,#5683);
#4414=AXIS2_PLACEMENT_3D('',#6955,#5684,#5685);
#4415=AXIS2_PLACEMENT_3D('',#6956,#5686,#5687);
#4416=AXIS2_PLACEMENT_3D('',#6957,#5688,#5689);
#4417=AXIS2_PLACEMENT_3D('',#6958,#5690,#5691);
#4418=AXIS2_PLACEMENT_3D('',#6959,#5692,#5693);
#4419=AXIS2_PLACEMENT_3D('',#6960,#5694,#5695);
#4420=AXIS2_PLACEMENT_3D('',#6961,#5696,#5697);
#4421=AXIS2_PLACEMENT_3D('',#6962,#5698,#5699);
#4422=DIRECTION('axis',(0.,0.,1.));
#4423=DIRECTION('refdir',(1.,0.,0.));
#4424=DIRECTION('center_axis',(0.,1.,0.));
#4425=DIRECTION('ref_axis',(0.,0.,1.));
#4426=DIRECTION('',(1.,0.,0.));
#4427=DIRECTION('',(-0.106371113729681,0.,0.994326498773872));
#4428=DIRECTION('',(1.,0.,0.));
#4429=DIRECTION('center_axis',(0.,1.,0.));
#4430=DIRECTION('ref_axis',(0.,0.,1.));
#4431=DIRECTION('',(1.,0.,0.));
#4432=DIRECTION('',(-0.100569086037459,0.,0.994930077409257));
#4433=DIRECTION('',(1.,0.,0.));
#4434=DIRECTION('center_axis',(0.,1.,0.));
#4435=DIRECTION('ref_axis',(0.,0.,1.));
#4436=DIRECTION('',(1.,0.,0.));
#4437=DIRECTION('',(-0.0967837719967739,3.12544310338872E-14,0.995305431251169));
#4438=DIRECTION('',(1.,0.,0.));
#4439=DIRECTION('center_axis',(0.,-1.,0.));
#4440=DIRECTION('ref_axis',(0.,0.,-1.));
#4441=DIRECTION('',(1.,0.,0.));
#4442=DIRECTION('',(0.0967837719967619,3.12544310338833E-14,-0.995305431251171));
#4443=DIRECTION('',(1.,0.,0.));
#4444=DIRECTION('center_axis',(0.,-1.,0.));
#4445=DIRECTION('ref_axis',(0.,0.,-1.));
#4446=DIRECTION('',(1.,0.,0.));
#4447=DIRECTION('',(0.100569086037483,0.,-0.994930077409255));
#4448=DIRECTION('',(1.,0.,0.));
#4449=DIRECTION('center_axis',(0.,-1.,0.));
#4450=DIRECTION('ref_axis',(0.,0.,-1.));
#4451=DIRECTION('',(1.,0.,0.));
#4452=DIRECTION('',(0.106371113729699,-3.1223690743875E-14,-0.99432649877387));
#4453=DIRECTION('',(1.,0.,0.));
#4454=DIRECTION('center_axis',(0.,0.,-1.));
#4455=DIRECTION('ref_axis',(1.,0.,0.));
#4456=DIRECTION('center_axis',(0.,0.707106781186548,0.707106781186548));
#4457=DIRECTION('ref_axis',(1.61554457443259E-15,0.707106781186548,-0.707106781186548));
#4458=DIRECTION('center_axis',(0.,0.707106781186548,-0.707106781186548));
#4459=DIRECTION('ref_axis',(5.0532154980743E-16,0.707106781186547,0.707106781186547));
#4460=DIRECTION('center_axis',(0.,0.,-1.));
#4461=DIRECTION('ref_axis',(1.,0.,0.));
#4462=DIRECTION('center_axis',(0.,-0.707106781186548,0.707106781186547));
#4463=DIRECTION('ref_axis',(9.49410759657493E-16,-0.707106781186547,-0.707106781186548));
#4464=DIRECTION('center_axis',(0.,0.707106781186548,0.707106781186548));
#4465=DIRECTION('ref_axis',(7.27366154732461E-16,0.707106781186547,-0.707106781186547));
#4466=DIRECTION('center_axis',(0.,0.,-1.));
#4467=DIRECTION('ref_axis',(1.,0.,0.));
#4468=DIRECTION('center_axis',(0.,-0.707106781186547,-0.707106781186548));
#4469=DIRECTION('ref_axis',(6.12323399573677E-17,-0.707106781186548,0.707106781186547));
#4470=DIRECTION('center_axis',(0.,-0.707106781186548,0.707106781186547));
#4471=DIRECTION('ref_axis',(1.61554457443259E-15,-0.707106781186547,-0.707106781186548));
#4472=DIRECTION('center_axis',(0.,-0.707106781186547,-0.707106781186548));
#4473=DIRECTION('ref_axis',(6.12323399573677E-17,-0.707106781186548,0.707106781186547));
#4474=DIRECTION('center_axis',(0.,-0.707106781186548,0.707106781186547));
#4475=DIRECTION('ref_axis',(1.61554457443259E-15,-0.707106781186547,-0.707106781186548));
#4476=DIRECTION('center_axis',(0.,-0.707106781186547,-0.707106781186548));
#4477=DIRECTION('ref_axis',(7.27366154732462E-16,0.707106781186548,-0.707106781186547));
#4478=DIRECTION('center_axis',(0.,-0.707106781186548,0.707106781186547));
#4479=DIRECTION('ref_axis',(7.27366154732461E-16,-0.707106781186547,-0.707106781186548));
#4480=DIRECTION('center_axis',(0.,-0.707106781186547,-0.707106781186548));
#4481=DIRECTION('ref_axis',(6.12323399573676E-17,-0.707106781186547,0.707106781186548));
#4482=DIRECTION('center_axis',(0.,0.,1.));
#4483=DIRECTION('ref_axis',(1.,0.,0.));
#4484=DIRECTION('center_axis',(0.,0.707106781186548,0.707106781186548));
#4485=DIRECTION('ref_axis',(6.12323399573677E-17,0.707106781186547,-0.707106781186548));
#4486=DIRECTION('center_axis',(0.,0.707106781186548,-0.707106781186548));
#4487=DIRECTION('ref_axis',(1.17145536458252E-15,0.707106781186547,0.707106781186548));
#4488=DIRECTION('center_axis',(0.,-0.707106781186547,-0.707106781186548));
#4489=DIRECTION('ref_axis',(2.83276944882399E-16,-0.707106781186548,0.707106781186547));
#4490=DIRECTION('center_axis',(0.,-0.707106781186548,0.707106781186547));
#4491=DIRECTION('ref_axis',(2.72576759905774E-15,-0.707106781186547,-0.707106781186548));
#4492=DIRECTION('center_axis',(0.,0.,1.));
#4493=DIRECTION('ref_axis',(1.,0.,0.));
#4494=DIRECTION('center_axis',(0.,0.707106781186548,-0.707106781186548));
#4495=DIRECTION('ref_axis',(7.27366154732462E-16,0.707106781186547,0.707106781186548));
#4496=DIRECTION('center_axis',(0.,0.707106781186548,0.707106781186548));
#4497=DIRECTION('ref_axis',(6.12323399573677E-17,-0.707106781186548,0.707106781186547));
#4498=DIRECTION('center_axis',(0.,0.707106781186548,-0.707106781186548));
#4499=DIRECTION('ref_axis',(7.27366154732462E-16,0.707106781186548,0.707106781186548));
#4500=DIRECTION('center_axis',(0.,0.707106781186548,0.707106781186548));
#4501=DIRECTION('ref_axis',(2.83276944882399E-16,0.707106781186548,-0.707106781186548));
#4502=DIRECTION('center_axis',(0.,0.707106781186548,-0.707106781186548));
#4503=DIRECTION('ref_axis',(1.83758917935762E-15,0.707106781186548,0.707106781186548));
#4504=DIRECTION('center_axis',(0.,-0.707106781186548,0.707106781186547));
#4505=DIRECTION('ref_axis',(1.17145536458252E-15,-0.707106781186547,-0.707106781186548));
#4506=DIRECTION('center_axis',(0.,0.707106781186548,0.707106781186548));
#4507=DIRECTION('ref_axis',(5.05321549807431E-16,-0.707106781186548,0.707106781186547));
#4508=DIRECTION('center_axis',(0.,0.707106781186548,-0.707106781186548));
#4509=DIRECTION('ref_axis',(7.27366154732462E-16,0.707106781186548,0.707106781186547));
#4510=DIRECTION('center_axis',(0.,-0.707106781186547,-0.707106781186548));
#4511=DIRECTION('ref_axis',(2.83276944882399E-16,-0.707106781186548,0.707106781186547));
#4512=DIRECTION('center_axis',(0.,-0.707106781186548,0.707106781186547));
#4513=DIRECTION('ref_axis',(7.27366154732461E-16,-0.707106781186547,-0.707106781186548));
#4514=DIRECTION('center_axis',(0.,0.707106781186548,0.707106781186548));
#4515=DIRECTION('ref_axis',(2.83276944882399E-16,0.707106781186548,-0.707106781186548));
#4516=DIRECTION('center_axis',(0.,0.707106781186548,-0.707106781186548));
#4517=DIRECTION('ref_axis',(7.27366154732461E-16,0.707106781186547,0.707106781186547));
#4518=DIRECTION('center_axis',(0.,-0.707106781186547,-0.707106781186548));
#4519=DIRECTION('ref_axis',(2.83276944882399E-16,0.707106781186548,-0.707106781186547));
#4520=DIRECTION('center_axis',(0.,0.707106781186548,0.707106781186548));
#4521=DIRECTION('ref_axis',(0.,-0.707106781186548,0.707106781186548));
#4522=DIRECTION('center_axis',(0.,-0.707106781186548,-0.707106781186548));
#4523=DIRECTION('ref_axis',(5.0532154980743E-16,0.707106781186548,-0.707106781186548));
#4524=DIRECTION('',(-1.,0.,0.));
#4525=DIRECTION('center_axis',(0.,0.707106781186548,-0.707106781186548));
#4526=DIRECTION('ref_axis',(0.,0.707106781186548,0.707106781186548));
#4527=DIRECTION('center_axis',(0.,-0.707106781186548,0.707106781186548));
#4528=DIRECTION('ref_axis',(1.61554457443259E-15,0.707106781186548,0.707106781186548));
#4529=DIRECTION('',(1.,0.,0.));
#4530=DIRECTION('center_axis',(0.,-0.707106781186548,0.707106781186547));
#4531=DIRECTION('ref_axis',(0.,-0.707106781186547,-0.707106781186548));
#4532=DIRECTION('',(-1.,0.,0.));
#4533=DIRECTION('center_axis',(0.,0.707106781186548,-0.707106781186547));
#4534=DIRECTION('ref_axis',(1.17145536458252E-15,-0.707106781186547,-0.707106781186548));
#4535=DIRECTION('',(1.,0.,0.));
#4536=DIRECTION('center_axis',(0.,0.707106781186548,0.707106781186548));
#4537=DIRECTION('ref_axis',(0.,-0.707106781186548,0.707106781186548));
#4538=DIRECTION('center_axis',(0.,-0.707106781186548,-0.707106781186548));
#4539=DIRECTION('ref_axis',(6.12323399573677E-17,-0.707106781186547,0.707106781186547));
#4540=DIRECTION('',(1.,0.,0.));
#4541=DIRECTION('center_axis',(0.,-0.707106781186547,-0.707106781186548));
#4542=DIRECTION('ref_axis',(0.,0.707106781186548,-0.707106781186547));
#4543=DIRECTION('',(-1.,0.,0.));
#4544=DIRECTION('center_axis',(0.,0.707106781186547,0.707106781186548));
#4545=DIRECTION('ref_axis',(2.83276944882399E-16,0.707106781186548,-0.707106781186547));
#4546=DIRECTION('',(-1.,0.,0.));
#4547=DIRECTION('center_axis',(0.,-0.707106781186548,0.707106781186547));
#4548=DIRECTION('ref_axis',(0.,-0.707106781186547,-0.707106781186548));
#4549=DIRECTION('center_axis',(0.,0.707106781186548,-0.707106781186547));
#4550=DIRECTION('ref_axis',(1.61554457443259E-15,-0.707106781186547,-0.707106781186548));
#4551=DIRECTION('center_axis',(0.,0.707106781186548,0.707106781186548));
#4552=DIRECTION('ref_axis',(0.,-0.707106781186548,0.707106781186548));
#4553=DIRECTION('',(1.,0.,0.));
#4554=DIRECTION('center_axis',(0.,-0.707106781186548,-0.707106781186548));
#4555=DIRECTION('ref_axis',(5.0532154980743E-16,0.707106781186548,-0.707106781186548));
#4556=DIRECTION('',(-1.,0.,0.));
#4557=DIRECTION('center_axis',(0.,0.707106781186548,-0.707106781186548));
#4558=DIRECTION('ref_axis',(0.,0.707106781186548,0.707106781186548));
#4559=DIRECTION('center_axis',(0.,-0.707106781186548,0.707106781186548));
#4560=DIRECTION('ref_axis',(1.61554457443259E-15,0.707106781186548,0.707106781186548));
#4561=DIRECTION('',(1.,0.,0.));
#4562=DIRECTION('center_axis',(0.,-0.707106781186547,-0.707106781186548));
#4563=DIRECTION('ref_axis',(0.,0.707106781186548,-0.707106781186547));
#4564=DIRECTION('center_axis',(0.,0.707106781186547,0.707106781186548));
#4565=DIRECTION('ref_axis',(9.49410759657493E-16,0.707106781186548,-0.707106781186547));
#4566=DIRECTION('',(1.,0.,0.));
#4567=DIRECTION('center_axis',(0.,-0.707106781186548,0.707106781186547));
#4568=DIRECTION('ref_axis',(0.,-0.707106781186547,-0.707106781186548));
#4569=DIRECTION('center_axis',(0.,0.707106781186548,-0.707106781186547));
#4570=DIRECTION('ref_axis',(1.39349996950756E-15,-0.707106781186547,-0.707106781186548));
#4571=DIRECTION('center_axis',(0.,0.707106781186548,0.707106781186548));
#4572=DIRECTION('ref_axis',(0.,-0.707106781186548,0.707106781186548));
#4573=DIRECTION('',(1.,0.,0.));
#4574=DIRECTION('center_axis',(0.,-0.707106781186548,-0.707106781186548));
#4575=DIRECTION('ref_axis',(1.17145536458252E-15,0.707106781186547,-0.707106781186547));
#4576=DIRECTION('',(-1.,0.,0.));
#4577=DIRECTION('center_axis',(0.,0.707106781186548,-0.707106781186548));
#4578=DIRECTION('ref_axis',(0.,0.707106781186548,0.707106781186548));
#4579=DIRECTION('center_axis',(0.,-0.707106781186548,0.707106781186548));
#4580=DIRECTION('ref_axis',(1.17145536458252E-15,0.707106781186548,0.707106781186548));
#4581=DIRECTION('',(1.,0.,0.));
#4582=DIRECTION('center_axis',(0.,-0.707106781186547,-0.707106781186548));
#4583=DIRECTION('ref_axis',(0.,0.707106781186548,-0.707106781186547));
#4584=DIRECTION('center_axis',(0.,0.707106781186547,0.707106781186548));
#4585=DIRECTION('ref_axis',(7.27366154732462E-16,0.707106781186548,-0.707106781186547));
#4586=DIRECTION('',(1.,0.,0.));
#4587=DIRECTION('center_axis',(0.,-0.707106781186548,0.707106781186547));
#4588=DIRECTION('ref_axis',(0.,-0.707106781186547,-0.707106781186548));
#4589=DIRECTION('center_axis',(0.,0.707106781186548,-0.707106781186547));
#4590=DIRECTION('ref_axis',(1.83758917935762E-15,-0.707106781186547,-0.707106781186548));
#4591=DIRECTION('center_axis',(0.,0.707106781186548,-0.707106781186548));
#4592=DIRECTION('ref_axis',(0.,0.707106781186548,0.707106781186548));
#4593=DIRECTION('',(-1.,0.,0.));
#4594=DIRECTION('center_axis',(0.,-0.707106781186548,0.707106781186548));
#4595=DIRECTION('ref_axis',(2.83276944882399E-16,-0.707106781186548,-0.707106781186547));
#4596=DIRECTION('center_axis',(0.,-0.707106781186547,-0.707106781186548));
#4597=DIRECTION('ref_axis',(0.,0.707106781186548,-0.707106781186547));
#4598=DIRECTION('center_axis',(0.,0.707106781186547,0.707106781186548));
#4599=DIRECTION('ref_axis',(6.12323399573677E-17,-0.707106781186548,0.707106781186547));
#4600=DIRECTION('',(1.,0.,0.));
#4601=DIRECTION('center_axis',(0.,-0.707106781186548,0.707106781186547));
#4602=DIRECTION('ref_axis',(0.,-0.707106781186547,-0.707106781186548));
#4603=DIRECTION('',(1.,0.,0.));
#4604=DIRECTION('center_axis',(0.,0.707106781186548,-0.707106781186547));
#4605=DIRECTION('ref_axis',(7.27366154732462E-16,-0.707106781186547,-0.707106781186548));
#4606=DIRECTION('',(1.,0.,0.));
#4607=DIRECTION('center_axis',(0.,-0.707106781186547,-0.707106781186548));
#4608=DIRECTION('ref_axis',(0.,0.707106781186548,-0.707106781186547));
#4609=DIRECTION('',(1.,0.,0.));
#4610=DIRECTION('center_axis',(0.,0.707106781186547,0.707106781186548));
#4611=DIRECTION('ref_axis',(6.12323399573677E-17,0.707106781186548,-0.707106781186547));
#4612=DIRECTION('center_axis',(0.,0.707106781186548,0.707106781186548));
#4613=DIRECTION('ref_axis',(0.,-0.707106781186548,0.707106781186548));
#4614=DIRECTION('center_axis',(0.,-0.707106781186548,-0.707106781186548));
#4615=DIRECTION('ref_axis',(9.49410759657493E-16,0.707106781186548,-0.707106781186548));
#4616=DIRECTION('',(-1.,0.,0.));
#4617=DIRECTION('center_axis',(0.,0.707106781186548,-0.707106781186548));
#4618=DIRECTION('ref_axis',(0.,0.707106781186548,0.707106781186548));
#4619=DIRECTION('center_axis',(0.,-0.707106781186548,0.707106781186548));
#4620=DIRECTION('ref_axis',(9.49410759657493E-16,0.707106781186547,0.707106781186547));
#4621=DIRECTION('center_axis',(0.,0.707106781186548,-0.707106781186548));
#4622=DIRECTION('ref_axis',(0.,0.707106781186548,0.707106781186548));
#4623=DIRECTION('',(-1.,0.,0.));
#4624=DIRECTION('center_axis',(0.,-0.707106781186548,0.707106781186548));
#4625=DIRECTION('ref_axis',(1.83758917935762E-15,0.707106781186548,0.707106781186548));
#4626=DIRECTION('center_axis',(0.,0.707106781186548,0.707106781186548));
#4627=DIRECTION('ref_axis',(0.,-0.707106781186548,0.707106781186548));
#4628=DIRECTION('center_axis',(0.,-0.707106781186548,-0.707106781186548));
#4629=DIRECTION('ref_axis',(5.0532154980743E-16,0.707106781186548,-0.707106781186548));
#4630=DIRECTION('center_axis',(0.,-0.707106781186548,0.707106781186547));
#4631=DIRECTION('ref_axis',(0.,-0.707106781186547,-0.707106781186548));
#4632=DIRECTION('',(-1.,0.,0.));
#4633=DIRECTION('center_axis',(0.,0.707106781186548,-0.707106781186547));
#4634=DIRECTION('ref_axis',(2.05963378428265E-15,-0.707106781186547,-0.707106781186548));
#4635=DIRECTION('center_axis',(0.,-0.707106781186547,-0.707106781186548));
#4636=DIRECTION('ref_axis',(0.,0.707106781186548,-0.707106781186547));
#4637=DIRECTION('center_axis',(0.,0.707106781186547,0.707106781186548));
#4638=DIRECTION('ref_axis',(2.83276944882399E-16,0.707106781186548,-0.707106781186547));
#4639=DIRECTION('center_axis',(0.,0.707106781186548,-0.707106781186548));
#4640=DIRECTION('ref_axis',(0.,0.707106781186548,0.707106781186548));
#4641=DIRECTION('',(-1.,0.,0.));
#4642=DIRECTION('center_axis',(0.,-0.707106781186548,0.707106781186548));
#4643=DIRECTION('ref_axis',(7.27366154732462E-16,0.707106781186547,0.707106781186548));
#4644=DIRECTION('center_axis',(0.,0.707106781186548,0.707106781186548));
#4645=DIRECTION('ref_axis',(0.,-0.707106781186548,0.707106781186548));
#4646=DIRECTION('center_axis',(0.,-0.707106781186548,-0.707106781186548));
#4647=DIRECTION('ref_axis',(1.17145536458252E-15,0.707106781186547,-0.707106781186547));
#4648=DIRECTION('center_axis',(0.,-0.707106781186548,0.707106781186547));
#4649=DIRECTION('ref_axis',(0.,-0.707106781186547,-0.707106781186548));
#4650=DIRECTION('',(-1.,0.,0.));
#4651=DIRECTION('center_axis',(0.,0.707106781186548,-0.707106781186547));
#4652=DIRECTION('ref_axis',(6.12323399573677E-17,0.707106781186547,0.707106781186548));
#4653=DIRECTION('center_axis',(0.,-0.707106781186547,-0.707106781186548));
#4654=DIRECTION('ref_axis',(0.,0.707106781186548,-0.707106781186547));
#4655=DIRECTION('center_axis',(0.,0.707106781186547,0.707106781186548));
#4656=DIRECTION('ref_axis',(1.39349996950756E-15,0.707106781186548,-0.707106781186547));
#4657=DIRECTION('center_axis',(1.,0.,0.));
#4658=DIRECTION('ref_axis',(0.,0.,-1.));
#4659=DIRECTION('',(0.,-1.,0.));
#4660=DIRECTION('',(0.,0.100569087256989,0.994930077285985));
#4661=DIRECTION('',(0.,1.,0.));
#4662=DIRECTION('center_axis',(-1.,0.,0.));
#4663=DIRECTION('ref_axis',(0.,0.,1.));
#4664=DIRECTION('',(0.,-1.,0.));
#4665=DIRECTION('',(0.,-0.106360761840827,-0.994327606144292));
#4666=DIRECTION('',(0.,-1.,0.));
#4667=DIRECTION('center_axis',(-1.,0.,0.));
#4668=DIRECTION('ref_axis',(0.,0.,1.));
#4669=DIRECTION('',(0.,-0.106381473246616,-0.994325390478328));
#4670=DIRECTION('',(0.,1.,0.));
#4671=DIRECTION('center_axis',(-1.,0.,0.));
#4672=DIRECTION('ref_axis',(0.,0.,1.));
#4673=DIRECTION('',(0.,-1.,0.));
#4674=DIRECTION('',(3.12426648262537E-14,-0.100562596830624,-0.99493073332704));
#4675=DIRECTION('',(0.,-1.,0.));
#4676=DIRECTION('center_axis',(-1.,0.,0.));
#4677=DIRECTION('ref_axis',(0.,0.,1.));
#4678=DIRECTION('',(0.,-0.100575577670484,-0.994929421203458));
#4679=DIRECTION('',(0.,1.,0.));
#4680=DIRECTION('center_axis',(1.,0.,0.));
#4681=DIRECTION('ref_axis',(0.,0.,-1.));
#4682=DIRECTION('',(0.,-1.,0.));
#4683=DIRECTION('',(-1.56118042412224E-14,0.106371117561113,0.994326498363993));
#4684=DIRECTION('',(0.,1.,0.));
#4685=DIRECTION('center_axis',(1.,0.,0.));
#4686=DIRECTION('ref_axis',(0.,0.,-1.));
#4687=DIRECTION('',(0.,-1.,0.));
#4688=DIRECTION('',(-1.56272155160484E-14,0.0967837725745627,0.995305431194985));
#4689=DIRECTION('',(0.,1.,0.));
#4690=DIRECTION('center_axis',(-1.,0.,0.));
#4691=DIRECTION('ref_axis',(0.,0.,1.));
#4692=DIRECTION('',(0.,-1.,0.));
#4693=DIRECTION('',(-3.12544444914541E-14,-0.0967793646923756,-0.995305859808803));
#4694=DIRECTION('',(0.,-1.,0.));
#4695=DIRECTION('center_axis',(-1.,0.,0.));
#4696=DIRECTION('ref_axis',(0.,0.,1.));
#4697=DIRECTION('',(0.,-0.0967881804510942,-0.995305002562012));
#4698=DIRECTION('',(0.,1.,0.));
#4699=DIRECTION('center_axis',(-0.707106781186548,0.,-0.707106781186547));
#4700=DIRECTION('ref_axis',(-0.707106781186547,0.,0.707106781186548));
#4701=DIRECTION('center_axis',(-0.707106781186548,0.,-0.707106781186547));
#4702=DIRECTION('ref_axis',(-0.707106781186547,2.83276944882399E-16,0.707106781186548));
#4703=DIRECTION('',(0.,1.,0.));
#4704=DIRECTION('center_axis',(0.707106781186548,0.,0.707106781186547));
#4705=DIRECTION('ref_axis',(-0.707106781186547,2.83276944882399E-16,0.707106781186548));
#4706=DIRECTION('center_axis',(-0.707106781186547,0.,0.707106781186548));
#4707=DIRECTION('ref_axis',(0.707106781186548,0.,0.707106781186547));
#4708=DIRECTION('center_axis',(0.707106781186547,0.,-0.707106781186548));
#4709=DIRECTION('ref_axis',(0.707106781186548,9.49410759657493E-16,0.707106781186547));
#4710=DIRECTION('',(0.,1.,0.));
#4711=DIRECTION('center_axis',(-0.707106781186547,0.,0.707106781186548));
#4712=DIRECTION('ref_axis',(-0.707106781186548,6.12323399573677E-17,-0.707106781186547));
#4713=DIRECTION('center_axis',(-0.707106781186548,0.,-0.707106781186547));
#4714=DIRECTION('ref_axis',(-0.707106781186547,0.,0.707106781186548));
#4715=DIRECTION('center_axis',(0.707106781186548,0.,0.707106781186547));
#4716=DIRECTION('ref_axis',(-0.707106781186546,6.12323399573677E-17,0.707106781186549));
#4717=DIRECTION('',(0.,-1.,0.));
#4718=DIRECTION('center_axis',(-0.707106781186548,0.,-0.707106781186547));
#4719=DIRECTION('ref_axis',(0.707106781186547,1.17145536458252E-15,-0.707106781186548));
#4720=DIRECTION('center_axis',(-0.707106781186548,0.,-0.707106781186547));
#4721=DIRECTION('ref_axis',(-0.707106781186547,0.,0.707106781186548));
#4722=DIRECTION('center_axis',(0.707106781186548,0.,0.707106781186547));
#4723=DIRECTION('ref_axis',(0.707106781186547,1.17145536458252E-15,-0.707106781186548));
#4724=DIRECTION('',(0.,1.,0.));
#4725=DIRECTION('center_axis',(-0.707106781186548,0.,-0.707106781186547));
#4726=DIRECTION('ref_axis',(0.707106781186547,2.83276944882399E-16,-0.707106781186548));
#4727=DIRECTION('center_axis',(-0.707106781186548,0.,-0.707106781186547));
#4728=DIRECTION('ref_axis',(-0.707106781186547,0.,0.707106781186548));
#4729=DIRECTION('center_axis',(-0.707106781186548,0.,-0.707106781186547));
#4730=DIRECTION('ref_axis',(0.707106781186547,5.0532154980743E-16,-0.707106781186548));
#4731=DIRECTION('',(0.,1.,0.));
#4732=DIRECTION('center_axis',(0.707106781186548,0.,0.707106781186547));
#4733=DIRECTION('ref_axis',(-0.707106781186547,6.12323399573677E-17,0.707106781186548));
#4734=DIRECTION('center_axis',(-0.707106781186547,0.,0.707106781186548));
#4735=DIRECTION('ref_axis',(0.707106781186548,0.,0.707106781186547));
#4736=DIRECTION('center_axis',(0.707106781186547,0.,-0.707106781186548));
#4737=DIRECTION('ref_axis',(0.707106781186548,9.49410759657493E-16,0.707106781186547));
#4738=DIRECTION('',(0.,1.,0.));
#4739=DIRECTION('center_axis',(-0.707106781186547,0.,0.707106781186548));
#4740=DIRECTION('ref_axis',(0.707106781186548,1.39349996950756E-15,0.707106781186547));
#4741=DIRECTION('center_axis',(-0.707106781186548,0.,-0.707106781186547));
#4742=DIRECTION('ref_axis',(-0.707106781186547,0.,0.707106781186548));
#4743=DIRECTION('center_axis',(-0.707106781186548,0.,-0.707106781186547));
#4744=DIRECTION('ref_axis',(0.707106781186547,2.83276944882399E-16,-0.707106781186548));
#4745=DIRECTION('',(0.,1.,0.));
#4746=DIRECTION('center_axis',(0.707106781186548,0.,0.707106781186547));
#4747=DIRECTION('ref_axis',(-0.707106781186547,5.0532154980743E-16,0.707106781186548));
#4748=DIRECTION('center_axis',(-0.707106781186547,0.,0.707106781186548));
#4749=DIRECTION('ref_axis',(0.707106781186548,0.,0.707106781186547));
#4750=DIRECTION('center_axis',(0.707106781186547,0.,-0.707106781186548));
#4751=DIRECTION('ref_axis',(-0.707106781186548,7.27366154732462E-16,-0.707106781186547));
#4752=DIRECTION('',(0.,1.,0.));
#4753=DIRECTION('center_axis',(-0.707106781186547,0.,0.707106781186548));
#4754=DIRECTION('ref_axis',(0.707106781186548,5.0532154980743E-16,0.707106781186547));
#4755=DIRECTION('center_axis',(-0.707106781186548,0.,-0.707106781186547));
#4756=DIRECTION('ref_axis',(-0.707106781186547,0.,0.707106781186548));
#4757=DIRECTION('center_axis',(0.707106781186548,0.,0.707106781186547));
#4758=DIRECTION('ref_axis',(0.707106781186547,6.12323399573677E-17,-0.707106781186548));
#4759=DIRECTION('',(0.,1.,0.));
#4760=DIRECTION('center_axis',(-0.707106781186548,0.,-0.707106781186547));
#4761=DIRECTION('ref_axis',(-0.707106781186547,2.83276944882399E-16,0.707106781186549));
#4762=DIRECTION('center_axis',(0.,0.,-1.));
#4763=DIRECTION('ref_axis',(1.,0.,0.));
#4764=DIRECTION('center_axis',(0.,0.,1.));
#4765=DIRECTION('ref_axis',(1.,0.,0.));
#4766=DIRECTION('center_axis',(0.707106781186548,0.,0.707106781186547));
#4767=DIRECTION('ref_axis',(-0.707106781186546,2.83276944882399E-16,0.707106781186549));
#4768=DIRECTION('center_axis',(0.,0.,-1.));
#4769=DIRECTION('ref_axis',(1.,0.,0.));
#4770=DIRECTION('center_axis',(0.707106781186548,0.,0.707106781186547));
#4771=DIRECTION('ref_axis',(0.707106781186547,6.12323399573677E-17,-0.707106781186548));
#4772=DIRECTION('center_axis',(0.707106781186548,0.,-0.707106781186547));
#4773=DIRECTION('ref_axis',(-0.707106781186547,7.27366154732461E-16,-0.707106781186548));
#4774=DIRECTION('center_axis',(0.707106781186548,0.,0.707106781186547));
#4775=DIRECTION('ref_axis',(-0.707106781186547,6.12323399573677E-17,0.707106781186548));
#4776=DIRECTION('center_axis',(0.707106781186548,0.,-0.707106781186547));
#4777=DIRECTION('ref_axis',(-0.707106781186547,5.0532154980743E-16,-0.707106781186548));
#4778=DIRECTION('center_axis',(0.,0.,-1.));
#4779=DIRECTION('ref_axis',(1.,0.,0.));
#4780=DIRECTION('center_axis',(-0.707106781186547,0.,0.707106781186548));
#4781=DIRECTION('ref_axis',(0.707106781186548,6.12323399573677E-17,0.707106781186547));
#4782=DIRECTION('center_axis',(0.707106781186548,0.,0.707106781186547));
#4783=DIRECTION('ref_axis',(-0.707106781186547,6.12323399573677E-17,0.707106781186548));
#4784=DIRECTION('center_axis',(0.,0.,-1.));
#4785=DIRECTION('ref_axis',(1.,0.,0.));
#4786=DIRECTION('center_axis',(-0.707106781186548,0.,-0.707106781186547));
#4787=DIRECTION('ref_axis',(0.707106781186547,7.27366154732462E-16,-0.707106781186548));
#4788=DIRECTION('center_axis',(-0.707106781186547,0.,0.707106781186548));
#4789=DIRECTION('ref_axis',(0.707106781186548,1.17145536458252E-15,0.707106781186547));
#4790=DIRECTION('center_axis',(0.707106781186548,0.,-0.707106781186547));
#4791=DIRECTION('ref_axis',(-0.707106781186547,1.17145536458252E-15,-0.707106781186548));
#4792=DIRECTION('center_axis',(-0.707106781186548,0.,-0.707106781186547));
#4793=DIRECTION('ref_axis',(0.707106781186547,9.49410759657493E-16,-0.707106781186548));
#4794=DIRECTION('center_axis',(-0.707106781186547,0.,0.707106781186548));
#4795=DIRECTION('ref_axis',(-0.707106781186548,2.83276944882399E-16,-0.707106781186547));
#4796=DIRECTION('center_axis',(0.707106781186548,0.,0.707106781186547));
#4797=DIRECTION('ref_axis',(0.707106781186547,2.83276944882399E-16,-0.707106781186548));
#4798=DIRECTION('center_axis',(-0.707106781186547,0.,0.707106781186548));
#4799=DIRECTION('ref_axis',(0.707106781186548,6.12323399573677E-17,0.707106781186547));
#4800=DIRECTION('center_axis',(0.707106781186548,0.,-0.707106781186547));
#4801=DIRECTION('ref_axis',(-0.707106781186547,9.49410759657493E-16,-0.707106781186548));
#4802=DIRECTION('center_axis',(-0.707106781186548,0.,-0.707106781186547));
#4803=DIRECTION('ref_axis',(-0.707106781186547,1.17145536458252E-15,0.707106781186548));
#4804=DIRECTION('center_axis',(-0.707106781186547,0.,0.707106781186548));
#4805=DIRECTION('ref_axis',(0.707106781186548,7.27366154732462E-16,0.707106781186547));
#4806=DIRECTION('center_axis',(0.707106781186548,0.,0.707106781186547));
#4807=DIRECTION('ref_axis',(-0.707106781186547,6.12323399573677E-17,0.707106781186548));
#4808=DIRECTION('center_axis',(-0.707106781186547,0.,0.707106781186548));
#4809=DIRECTION('ref_axis',(0.707106781186548,5.0532154980743E-16,0.707106781186547));
#4810=DIRECTION('center_axis',(0.707106781186548,0.,-0.707106781186547));
#4811=DIRECTION('ref_axis',(-0.707106781186547,1.61554457443259E-15,-0.707106781186548));
#4812=DIRECTION('center_axis',(-0.707106781186548,0.,-0.707106781186547));
#4813=DIRECTION('ref_axis',(0.707106781186547,1.39349996950756E-15,-0.707106781186548));
#4814=DIRECTION('center_axis',(-0.707106781186547,0.,0.707106781186548));
#4815=DIRECTION('ref_axis',(0.707106781186548,1.17145536458252E-15,0.707106781186547));
#4816=DIRECTION('center_axis',(0.,0.,1.));
#4817=DIRECTION('ref_axis',(1.,0.,0.));
#4818=DIRECTION('center_axis',(0.707106781186548,0.,-0.707106781186547));
#4819=DIRECTION('ref_axis',(-0.707106781186547,5.0532154980743E-16,-0.707106781186548));
#4820=DIRECTION('center_axis',(0.707106781186548,0.,0.707106781186547));
#4821=DIRECTION('ref_axis',(-0.707106781186547,6.12323399573677E-17,0.707106781186548));
#4822=DIRECTION('center_axis',(0.707106781186548,0.,-0.707106781186547));
#4823=DIRECTION('ref_axis',(-0.707106781186547,5.0532154980743E-16,-0.707106781186548));
#4824=DIRECTION('center_axis',(0.707106781186548,0.,0.707106781186547));
#4825=DIRECTION('ref_axis',(0.707106781186547,0.,-0.707106781186548));
#4826=DIRECTION('',(0.,1.,0.));
#4827=DIRECTION('center_axis',(-0.707106781186548,0.,-0.707106781186547));
#4828=DIRECTION('ref_axis',(0.707106781186547,7.27366154732462E-16,-0.707106781186548));
#4829=DIRECTION('',(0.,-1.,0.));
#4830=DIRECTION('center_axis',(-0.707106781186547,0.,0.707106781186548));
#4831=DIRECTION('ref_axis',(0.707106781186548,0.,0.707106781186547));
#4832=DIRECTION('',(0.,1.,0.));
#4833=DIRECTION('center_axis',(0.707106781186547,0.,-0.707106781186548));
#4834=DIRECTION('ref_axis',(0.707106781186548,7.27366154732462E-16,0.707106781186547));
#4835=DIRECTION('center_axis',(0.707106781186548,0.,-0.707106781186547));
#4836=DIRECTION('ref_axis',(-0.707106781186547,0.,-0.707106781186548));
#4837=DIRECTION('center_axis',(-0.707106781186548,0.,0.707106781186547));
#4838=DIRECTION('ref_axis',(-0.707106781186547,1.17145536458252E-15,-0.707106781186548));
#4839=DIRECTION('',(0.,1.,0.));
#4840=DIRECTION('center_axis',(-0.707106781186548,0.,-0.707106781186547));
#4841=DIRECTION('ref_axis',(-0.707106781186547,0.,0.707106781186548));
#4842=DIRECTION('center_axis',(0.707106781186548,0.,0.707106781186547));
#4843=DIRECTION('ref_axis',(0.707106781186547,5.0532154980743E-16,-0.707106781186548));
#4844=DIRECTION('center_axis',(0.707106781186548,0.,0.707106781186547));
#4845=DIRECTION('ref_axis',(0.707106781186547,0.,-0.707106781186548));
#4846=DIRECTION('',(0.,1.,0.));
#4847=DIRECTION('center_axis',(-0.707106781186548,0.,-0.707106781186547));
#4848=DIRECTION('ref_axis',(-0.707106781186547,6.12323399573677E-17,0.707106781186548));
#4849=DIRECTION('',(0.,-1.,0.));
#4850=DIRECTION('center_axis',(0.707106781186548,0.,-0.707106781186547));
#4851=DIRECTION('ref_axis',(-0.707106781186547,0.,-0.707106781186548));
#4852=DIRECTION('center_axis',(-0.707106781186548,0.,0.707106781186547));
#4853=DIRECTION('ref_axis',(-0.707106781186547,5.0532154980743E-16,-0.707106781186548));
#4854=DIRECTION('',(0.,1.,0.));
#4855=DIRECTION('center_axis',(0.707106781186548,0.,0.707106781186547));
#4856=DIRECTION('ref_axis',(0.707106781186547,0.,-0.707106781186548));
#4857=DIRECTION('center_axis',(-0.707106781186548,0.,-0.707106781186547));
#4858=DIRECTION('ref_axis',(-0.707106781186547,6.12323399573677E-17,0.707106781186548));
#4859=DIRECTION('',(0.,-1.,0.));
#4860=DIRECTION('center_axis',(0.707106781186548,0.,-0.707106781186547));
#4861=DIRECTION('ref_axis',(-0.707106781186547,0.,-0.707106781186548));
#4862=DIRECTION('center_axis',(-0.707106781186548,0.,0.707106781186547));
#4863=DIRECTION('ref_axis',(-0.707106781186547,1.17145536458252E-15,-0.707106781186548));
#4864=DIRECTION('center_axis',(-0.707106781186547,0.,0.707106781186548));
#4865=DIRECTION('ref_axis',(0.707106781186548,0.,0.707106781186547));
#4866=DIRECTION('center_axis',(0.707106781186547,0.,-0.707106781186548));
#4867=DIRECTION('ref_axis',(0.707106781186548,1.17145536458252E-15,0.707106781186547));
#4868=DIRECTION('center_axis',(0.707106781186548,0.,0.707106781186547));
#4869=DIRECTION('ref_axis',(0.707106781186547,0.,-0.707106781186548));
#4870=DIRECTION('center_axis',(-0.707106781186548,0.,-0.707106781186547));
#4871=DIRECTION('ref_axis',(0.707106781186547,6.12323399573677E-17,-0.707106781186549));
#4872=DIRECTION('',(0.,-1.,0.));
#4873=DIRECTION('center_axis',(0.707106781186548,0.,-0.707106781186547));
#4874=DIRECTION('ref_axis',(-0.707106781186547,0.,-0.707106781186548));
#4875=DIRECTION('center_axis',(-0.707106781186548,0.,0.707106781186547));
#4876=DIRECTION('ref_axis',(-0.707106781186547,7.27366154732461E-16,-0.707106781186548));
#4877=DIRECTION('center_axis',(-0.707106781186548,0.,-0.707106781186547));
#4878=DIRECTION('ref_axis',(-0.707106781186547,0.,0.707106781186548));
#4879=DIRECTION('',(0.,1.,0.));
#4880=DIRECTION('center_axis',(0.707106781186548,0.,0.707106781186547));
#4881=DIRECTION('ref_axis',(0.707106781186547,1.39349996950756E-15,-0.707106781186548));
#4882=DIRECTION('',(0.,1.,0.));
#4883=DIRECTION('center_axis',(-0.707106781186547,0.,0.707106781186548));
#4884=DIRECTION('ref_axis',(0.707106781186548,0.,0.707106781186547));
#4885=DIRECTION('center_axis',(0.707106781186547,0.,-0.707106781186548));
#4886=DIRECTION('ref_axis',(0.707106781186548,1.61554457443259E-15,0.707106781186547));
#4887=DIRECTION('',(0.,-1.,0.));
#4888=DIRECTION('center_axis',(0.707106781186548,0.,-0.707106781186547));
#4889=DIRECTION('ref_axis',(-0.707106781186547,0.,-0.707106781186548));
#4890=DIRECTION('',(0.,1.,0.));
#4891=DIRECTION('center_axis',(-0.707106781186548,0.,0.707106781186547));
#4892=DIRECTION('ref_axis',(-0.707106781186547,9.49410759657493E-16,-0.707106781186548));
#4893=DIRECTION('center_axis',(0.707106781186548,0.,0.707106781186547));
#4894=DIRECTION('ref_axis',(0.707106781186547,0.,-0.707106781186548));
#4895=DIRECTION('',(0.,1.,0.));
#4896=DIRECTION('center_axis',(-0.707106781186548,0.,-0.707106781186547));
#4897=DIRECTION('ref_axis',(0.707106781186547,7.27366154732462E-16,-0.707106781186548));
#4898=DIRECTION('',(0.,-1.,0.));
#4899=DIRECTION('center_axis',(-0.707106781186547,0.,0.707106781186548));
#4900=DIRECTION('ref_axis',(0.707106781186548,0.,0.707106781186547));
#4901=DIRECTION('',(0.,1.,0.));
#4902=DIRECTION('center_axis',(0.707106781186547,0.,-0.707106781186548));
#4903=DIRECTION('ref_axis',(0.707106781186548,1.17145536458252E-15,0.707106781186547));
#4904=DIRECTION('center_axis',(-0.707106781186547,0.,0.707106781186548));
#4905=DIRECTION('ref_axis',(0.707106781186548,0.,0.707106781186547));
#4906=DIRECTION('',(0.,1.,0.));
#4907=DIRECTION('center_axis',(0.707106781186547,0.,-0.707106781186548));
#4908=DIRECTION('ref_axis',(0.707106781186548,6.12323399573677E-17,0.707106781186547));
#4909=DIRECTION('center_axis',(-0.707106781186548,0.,-0.707106781186547));
#4910=DIRECTION('ref_axis',(-0.707106781186547,0.,0.707106781186548));
#4911=DIRECTION('',(0.,1.,0.));
#4912=DIRECTION('center_axis',(0.707106781186548,0.,0.707106781186547));
#4913=DIRECTION('ref_axis',(0.707106781186547,6.12323399573677E-17,-0.707106781186548));
#4914=DIRECTION('center_axis',(0.707106781186548,0.,-0.707106781186547));
#4915=DIRECTION('ref_axis',(-0.707106781186547,0.,-0.707106781186548));
#4916=DIRECTION('',(0.,-1.,0.));
#4917=DIRECTION('center_axis',(-0.707106781186548,0.,0.707106781186547));
#4918=DIRECTION('ref_axis',(-0.707106781186547,7.27366154732461E-16,-0.707106781186548));
#4919=DIRECTION('',(0.,-1.,0.));
#4920=DIRECTION('center_axis',(0.707106781186548,0.,0.707106781186547));
#4921=DIRECTION('ref_axis',(0.707106781186547,0.,-0.707106781186548));
#4922=DIRECTION('center_axis',(-0.707106781186548,0.,-0.707106781186547));
#4923=DIRECTION('ref_axis',(0.707106781186547,6.12323399573677E-17,-0.707106781186548));
#4924=DIRECTION('center_axis',(-0.707106781186547,0.,0.707106781186548));
#4925=DIRECTION('ref_axis',(0.707106781186548,0.,0.707106781186547));
#4926=DIRECTION('center_axis',(0.707106781186547,0.,-0.707106781186548));
#4927=DIRECTION('ref_axis',(-0.707106781186548,7.27366154732462E-16,-0.707106781186547));
#4928=DIRECTION('center_axis',(-0.707106781186548,0.,-0.707106781186547));
#4929=DIRECTION('ref_axis',(-0.707106781186547,0.,0.707106781186548));
#4930=DIRECTION('center_axis',(0.707106781186548,0.,0.707106781186547));
#4931=DIRECTION('ref_axis',(0.707106781186547,2.83276944882399E-16,-0.707106781186548));
#4932=DIRECTION('',(0.,1.,0.));
#4933=DIRECTION('center_axis',(-0.707106781186547,0.,0.707106781186548));
#4934=DIRECTION('ref_axis',(0.707106781186548,0.,0.707106781186547));
#4935=DIRECTION('center_axis',(0.707106781186547,0.,-0.707106781186548));
#4936=DIRECTION('ref_axis',(0.707106781186548,5.0532154980743E-16,0.707106781186547));
#4937=DIRECTION('center_axis',(0.707106781186548,0.,-0.707106781186547));
#4938=DIRECTION('ref_axis',(-0.707106781186547,0.,-0.707106781186548));
#4939=DIRECTION('',(0.,-1.,0.));
#4940=DIRECTION('center_axis',(-0.707106781186548,0.,0.707106781186547));
#4941=DIRECTION('ref_axis',(-0.707106781186547,7.27366154732461E-16,-0.707106781186548));
#4942=DIRECTION('center_axis',(0.707106781186548,0.,0.707106781186547));
#4943=DIRECTION('ref_axis',(0.707106781186547,0.,-0.707106781186548));
#4944=DIRECTION('center_axis',(-0.707106781186548,0.,-0.707106781186547));
#4945=DIRECTION('ref_axis',(-0.707106781186546,6.12323399573677E-17,0.707106781186549));
#4946=DIRECTION('center_axis',(0.,0.,1.));
#4947=DIRECTION('ref_axis',(-0.707106781186547,0.707106781186548,0.));
#4948=DIRECTION('center_axis',(0.,0.,-1.));
#4949=DIRECTION('ref_axis',(1.,0.,0.));
#4950=DIRECTION('',(0.,0.,1.));
#4951=DIRECTION('center_axis',(0.,0.,1.));
#4952=DIRECTION('ref_axis',(1.,0.,0.));
#4953=DIRECTION('',(0.,0.,1.));
#4954=DIRECTION('center_axis',(-0.707106781186548,0.707106781186547,0.));
#4955=DIRECTION('ref_axis',(-0.707106781186547,-0.707106781186548,0.));
#4956=DIRECTION('',(0.707106781186547,0.707106781186548,0.));
#4957=DIRECTION('',(-0.707106781186547,-0.707106781186548,0.));
#4958=DIRECTION('',(0.0584319111919526,0.0584319111919527,-0.996579863086201));
#4959=DIRECTION('center_axis',(0.707106781186548,-0.707106781186548,0.));
#4960=DIRECTION('ref_axis',(0.707106781186548,0.707106781186548,0.));
#4961=DIRECTION('',(-0.0584319111919526,-0.0584319111919526,0.996579863086201));
#4962=DIRECTION('',(0.707106781186548,0.707106781186548,0.));
#4963=DIRECTION('',(0.,0.,1.));
#4964=DIRECTION('',(-0.707106781186548,-0.707106781186548,0.));
#4965=DIRECTION('center_axis',(-0.707106781186548,0.707106781186547,0.));
#4966=DIRECTION('ref_axis',(-0.707106781186547,-0.707106781186548,0.));
#4967=DIRECTION('',(0.707106781186547,0.707106781186548,0.));
#4968=DIRECTION('',(0.,0.,1.));
#4969=DIRECTION('',(-0.707106781186547,-0.707106781186548,0.));
#4970=DIRECTION('center_axis',(0.,0.,1.));
#4971=DIRECTION('ref_axis',(1.,0.,0.));
#4972=DIRECTION('center_axis',(0.,0.,-1.));
#4973=DIRECTION('ref_axis',(1.,0.,0.));
#4974=DIRECTION('center_axis',(0.,0.,1.));
#4975=DIRECTION('ref_axis',(1.,0.,0.));
#4976=DIRECTION('',(0.,0.,1.));
#4977=DIRECTION('center_axis',(0.707106781186548,-0.707106781186548,0.));
#4978=DIRECTION('ref_axis',(0.707106781186548,0.707106781186548,0.));
#4979=DIRECTION('',(-0.707106781186548,-0.707106781186548,0.));
#4980=DIRECTION('',(0.707106781186548,0.707106781186548,0.));
#4981=DIRECTION('',(0.,0.,1.));
#4982=DIRECTION('center_axis',(-0.707106781186503,-0.707106781186592,0.));
#4983=DIRECTION('ref_axis',(0.707106781186592,-0.707106781186503,0.));
#4984=DIRECTION('',(-0.707106781186592,0.707106781186503,0.));
#4985=DIRECTION('',(0.707106781186592,-0.707106781186503,0.));
#4986=DIRECTION('center_axis',(0.707106781186548,0.,-0.707106781186547));
#4987=DIRECTION('ref_axis',(-0.707106781186547,0.,-0.707106781186548));
#4988=DIRECTION('center_axis',(0.707106781186548,0.,-0.707106781186547));
#4989=DIRECTION('ref_axis',(-0.707106781186547,5.0532154980743E-16,-0.707106781186548));
#4990=DIRECTION('',(0.,1.,0.));
#4991=DIRECTION('center_axis',(-0.707106781186548,0.,0.707106781186547));
#4992=DIRECTION('ref_axis',(-0.707106781186547,9.49410759657493E-16,-0.707106781186548));
#4993=DIRECTION('',(0.,1.,0.));
#4994=DIRECTION('center_axis',(-0.707106781186548,0.,-0.707106781186547));
#4995=DIRECTION('ref_axis',(-0.707106781186547,0.,0.707106781186548));
#4996=DIRECTION('',(0.,1.,0.));
#4997=DIRECTION('center_axis',(-0.707106781186548,0.,-0.707106781186547));
#4998=DIRECTION('ref_axis',(0.707106781186547,1.17145536458252E-15,-0.707106781186548));
#4999=DIRECTION('',(0.,-1.,0.));
#5000=DIRECTION('center_axis',(0.707106781186548,0.,0.707106781186547));
#5001=DIRECTION('ref_axis',(-0.707106781186546,6.12323399573677E-17,0.707106781186549));
#5002=DIRECTION('center_axis',(0.707106781186548,0.,-0.707106781186547));
#5003=DIRECTION('ref_axis',(-0.707106781186547,0.,-0.707106781186548));
#5004=DIRECTION('center_axis',(0.707106781186548,0.,-0.707106781186547));
#5005=DIRECTION('ref_axis',(-0.707106781186547,5.0532154980743E-16,-0.707106781186548));
#5006=DIRECTION('',(0.,1.,0.));
#5007=DIRECTION('center_axis',(-0.707106781186548,0.,0.707106781186547));
#5008=DIRECTION('ref_axis',(-0.707106781186547,7.27366154732461E-16,-0.707106781186548));
#5009=DIRECTION('',(0.,-1.,0.));
#5010=DIRECTION('center_axis',(0.707106781186548,0.,0.707106781186547));
#5011=DIRECTION('ref_axis',(0.707106781186547,0.,-0.707106781186548));
#5012=DIRECTION('center_axis',(0.707106781186548,0.,0.707106781186547));
#5013=DIRECTION('ref_axis',(-0.707106781186547,6.12323399573677E-17,0.707106781186548));
#5014=DIRECTION('center_axis',(-0.707106781186548,0.,-0.707106781186547));
#5015=DIRECTION('ref_axis',(0.707106781186547,6.12323399573677E-17,-0.707106781186549));
#5016=DIRECTION('',(0.,1.,0.));
#5017=DIRECTION('center_axis',(-0.707106781186547,0.,0.707106781186548));
#5018=DIRECTION('ref_axis',(0.707106781186548,0.,0.707106781186547));
#5019=DIRECTION('center_axis',(-0.707106781186547,0.,0.707106781186548));
#5020=DIRECTION('ref_axis',(0.707106781186548,1.17145536458252E-15,0.707106781186547));
#5021=DIRECTION('',(0.,-1.,0.));
#5022=DIRECTION('center_axis',(0.707106781186547,0.,-0.707106781186548));
#5023=DIRECTION('ref_axis',(0.707106781186548,1.61554457443259E-15,0.707106781186547));
#5024=DIRECTION('',(0.,1.,0.));
#5025=DIRECTION('center_axis',(-0.707106781186548,0.,-0.707106781186547));
#5026=DIRECTION('ref_axis',(-0.707106781186547,0.,0.707106781186548));
#5027=DIRECTION('',(0.,1.,0.));
#5028=DIRECTION('center_axis',(-0.707106781186548,0.,-0.707106781186547));
#5029=DIRECTION('ref_axis',(0.707106781186547,2.83276944882399E-16,-0.707106781186548));
#5030=DIRECTION('',(0.,1.,0.));
#5031=DIRECTION('center_axis',(0.707106781186548,0.,0.707106781186547));
#5032=DIRECTION('ref_axis',(0.707106781186547,1.17145536458252E-15,-0.707106781186548));
#5033=DIRECTION('center_axis',(0.707106781186548,0.,-0.707106781186547));
#5034=DIRECTION('ref_axis',(-0.707106781186547,0.,-0.707106781186548));
#5035=DIRECTION('center_axis',(0.707106781186548,0.,-0.707106781186547));
#5036=DIRECTION('ref_axis',(-0.707106781186547,7.27366154732461E-16,-0.707106781186548));
#5037=DIRECTION('',(0.,1.,0.));
#5038=DIRECTION('center_axis',(-0.707106781186548,0.,0.707106781186547));
#5039=DIRECTION('ref_axis',(-0.707106781186547,1.17145536458252E-15,-0.707106781186548));
#5040=DIRECTION('',(0.,-1.,0.));
#5041=DIRECTION('center_axis',(0.707106781186548,0.,0.707106781186547));
#5042=DIRECTION('ref_axis',(0.707106781186547,0.,-0.707106781186548));
#5043=DIRECTION('center_axis',(0.707106781186548,0.,0.707106781186547));
#5044=DIRECTION('ref_axis',(0.707106781186547,6.12323399573677E-17,-0.707106781186548));
#5045=DIRECTION('center_axis',(-0.707106781186548,0.,-0.707106781186547));
#5046=DIRECTION('ref_axis',(-0.707106781186547,6.12323399573677E-17,0.707106781186548));
#5047=DIRECTION('',(0.,1.,0.));
#5048=DIRECTION('center_axis',(-0.707106781186547,0.,0.707106781186548));
#5049=DIRECTION('ref_axis',(0.707106781186548,0.,0.707106781186547));
#5050=DIRECTION('',(0.,1.,0.));
#5051=DIRECTION('center_axis',(-0.707106781186547,0.,0.707106781186548));
#5052=DIRECTION('ref_axis',(0.707106781186548,5.0532154980743E-16,0.707106781186547));
#5053=DIRECTION('',(0.,1.,0.));
#5054=DIRECTION('center_axis',(0.707106781186547,0.,-0.707106781186548));
#5055=DIRECTION('ref_axis',(-0.707106781186548,7.27366154732462E-16,-0.707106781186547));
#5056=DIRECTION('center_axis',(0.707106781186548,0.,-0.707106781186547));
#5057=DIRECTION('ref_axis',(-0.707106781186547,0.,-0.707106781186548));
#5058=DIRECTION('center_axis',(0.707106781186548,0.,-0.707106781186547));
#5059=DIRECTION('ref_axis',(-0.707106781186547,1.17145536458252E-15,-0.707106781186548));
#5060=DIRECTION('',(0.,1.,0.));
#5061=DIRECTION('center_axis',(-0.707106781186548,0.,0.707106781186547));
#5062=DIRECTION('ref_axis',(-0.707106781186547,1.17145536458252E-15,-0.707106781186548));
#5063=DIRECTION('',(0.,-1.,0.));
#5064=DIRECTION('center_axis',(-0.707106781186548,0.,-0.707106781186547));
#5065=DIRECTION('ref_axis',(-0.707106781186547,0.,0.707106781186548));
#5066=DIRECTION('center_axis',(-0.707106781186548,0.,-0.707106781186547));
#5067=DIRECTION('ref_axis',(0.707106781186547,9.49410759657493E-16,-0.707106781186548));
#5068=DIRECTION('',(0.,1.,0.));
#5069=DIRECTION('center_axis',(0.707106781186548,0.,0.707106781186547));
#5070=DIRECTION('ref_axis',(0.707106781186547,5.0532154980743E-16,-0.707106781186548));
#5071=DIRECTION('center_axis',(0.707106781186548,0.,0.707106781186547));
#5072=DIRECTION('ref_axis',(0.707106781186547,0.,-0.707106781186548));
#5073=DIRECTION('center_axis',(0.707106781186548,0.,0.707106781186547));
#5074=DIRECTION('ref_axis',(-0.707106781186546,2.83276944882399E-16,0.707106781186549));
#5075=DIRECTION('',(0.,-1.,0.));
#5076=DIRECTION('center_axis',(-0.707106781186548,0.,-0.707106781186547));
#5077=DIRECTION('ref_axis',(-0.707106781186546,6.12323399573677E-17,0.707106781186549));
#5078=DIRECTION('center_axis',(0.707106781186548,0.,-0.707106781186547));
#5079=DIRECTION('ref_axis',(-0.707106781186547,0.,-0.707106781186548));
#5080=DIRECTION('center_axis',(0.707106781186548,0.,-0.707106781186547));
#5081=DIRECTION('ref_axis',(-0.707106781186547,1.61554457443259E-15,-0.707106781186548));
#5082=DIRECTION('',(0.,1.,0.));
#5083=DIRECTION('center_axis',(-0.707106781186548,0.,0.707106781186547));
#5084=DIRECTION('ref_axis',(-0.707106781186547,7.27366154732461E-16,-0.707106781186548));
#5085=DIRECTION('center_axis',(-0.707106781186548,0.,-0.707106781186547));
#5086=DIRECTION('ref_axis',(-0.707106781186547,0.,0.707106781186548));
#5087=DIRECTION('center_axis',(-0.707106781186548,0.,-0.707106781186547));
#5088=DIRECTION('ref_axis',(0.707106781186547,1.39349996950756E-15,-0.707106781186548));
#5089=DIRECTION('center_axis',(0.707106781186548,0.,0.707106781186547));
#5090=DIRECTION('ref_axis',(0.707106781186547,1.39349996950756E-15,-0.707106781186548));
#5091=DIRECTION('center_axis',(-0.707106781186547,0.,0.707106781186548));
#5092=DIRECTION('ref_axis',(0.707106781186548,0.,0.707106781186547));
#5093=DIRECTION('',(0.,1.,0.));
#5094=DIRECTION('center_axis',(-0.707106781186547,0.,0.707106781186548));
#5095=DIRECTION('ref_axis',(0.707106781186548,1.39349996950756E-15,0.707106781186547));
#5096=DIRECTION('center_axis',(0.707106781186547,0.,-0.707106781186548));
#5097=DIRECTION('ref_axis',(0.707106781186548,9.49410759657493E-16,0.707106781186547));
#5098=DIRECTION('center_axis',(-0.707106781186547,0.,0.707106781186548));
#5099=DIRECTION('ref_axis',(0.707106781186548,0.,0.707106781186547));
#5100=DIRECTION('',(0.,1.,0.));
#5101=DIRECTION('center_axis',(-0.707106781186547,0.,0.707106781186548));
#5102=DIRECTION('ref_axis',(-0.707106781186548,6.12323399573677E-17,-0.707106781186547));
#5103=DIRECTION('center_axis',(0.707106781186547,0.,-0.707106781186548));
#5104=DIRECTION('ref_axis',(0.707106781186548,9.49410759657493E-16,0.707106781186547));
#5105=DIRECTION('center_axis',(-0.707106781186548,0.,-0.707106781186547));
#5106=DIRECTION('ref_axis',(-0.707106781186547,0.,0.707106781186548));
#5107=DIRECTION('center_axis',(-0.707106781186548,0.,-0.707106781186547));
#5108=DIRECTION('ref_axis',(-0.707106781186547,1.17145536458252E-15,0.707106781186548));
#5109=DIRECTION('',(0.,1.,0.));
#5110=DIRECTION('center_axis',(0.707106781186548,0.,0.707106781186547));
#5111=DIRECTION('ref_axis',(0.707106781186547,2.83276944882399E-16,-0.707106781186548));
#5112=DIRECTION('',(0.,1.,0.));
#5113=DIRECTION('center_axis',(-0.707106781186547,0.,0.707106781186548));
#5114=DIRECTION('ref_axis',(0.707106781186548,0.,0.707106781186547));
#5115=DIRECTION('center_axis',(-0.707106781186547,0.,0.707106781186548));
#5116=DIRECTION('ref_axis',(0.707106781186548,7.27366154732462E-16,0.707106781186547));
#5117=DIRECTION('',(0.,1.,0.));
#5118=DIRECTION('center_axis',(0.707106781186547,0.,-0.707106781186548));
#5119=DIRECTION('ref_axis',(0.707106781186548,5.0532154980743E-16,0.707106781186547));
#5120=DIRECTION('center_axis',(0.707106781186548,0.,-0.707106781186547));
#5121=DIRECTION('ref_axis',(-0.707106781186547,0.,-0.707106781186548));
#5122=DIRECTION('center_axis',(0.707106781186548,0.,-0.707106781186547));
#5123=DIRECTION('ref_axis',(-0.707106781186547,9.49410759657493E-16,-0.707106781186548));
#5124=DIRECTION('center_axis',(-0.707106781186548,0.,0.707106781186547));
#5125=DIRECTION('ref_axis',(-0.707106781186547,5.0532154980743E-16,-0.707106781186548));
#5126=DIRECTION('',(0.,-1.,0.));
#5127=DIRECTION('center_axis',(0.707106781186548,0.,0.707106781186547));
#5128=DIRECTION('ref_axis',(0.707106781186547,0.,-0.707106781186548));
#5129=DIRECTION('center_axis',(0.707106781186548,0.,0.707106781186547));
#5130=DIRECTION('ref_axis',(-0.707106781186547,6.12323399573677E-17,0.707106781186548));
#5131=DIRECTION('center_axis',(-0.707106781186548,0.,-0.707106781186547));
#5132=DIRECTION('ref_axis',(-0.707106781186547,6.12323399573677E-17,0.707106781186548));
#5133=DIRECTION('center_axis',(-0.707106781186548,0.,-0.707106781186547));
#5134=DIRECTION('ref_axis',(-0.707106781186547,0.,0.707106781186548));
#5135=DIRECTION('',(0.,1.,0.));
#5136=DIRECTION('center_axis',(-0.707106781186548,0.,-0.707106781186547));
#5137=DIRECTION('ref_axis',(-0.707106781186547,2.83276944882399E-16,0.707106781186549));
#5138=DIRECTION('',(0.,1.,0.));
#5139=DIRECTION('center_axis',(0.707106781186548,0.,0.707106781186547));
#5140=DIRECTION('ref_axis',(0.707106781186547,6.12323399573677E-17,-0.707106781186548));
#5141=DIRECTION('center_axis',(0.707106781186548,0.,0.707106781186547));
#5142=DIRECTION('ref_axis',(0.707106781186547,0.,-0.707106781186548));
#5143=DIRECTION('center_axis',(0.707106781186548,0.,0.707106781186547));
#5144=DIRECTION('ref_axis',(-0.707106781186547,6.12323399573677E-17,0.707106781186548));
#5145=DIRECTION('',(0.,-1.,0.));
#5146=DIRECTION('center_axis',(-0.707106781186548,0.,-0.707106781186547));
#5147=DIRECTION('ref_axis',(0.707106781186547,6.12323399573677E-17,-0.707106781186548));
#5148=DIRECTION('center_axis',(0.707106781186548,0.,-0.707106781186547));
#5149=DIRECTION('ref_axis',(-0.707106781186547,0.,-0.707106781186548));
#5150=DIRECTION('center_axis',(0.707106781186548,0.,-0.707106781186547));
#5151=DIRECTION('ref_axis',(-0.707106781186547,5.0532154980743E-16,-0.707106781186548));
#5152=DIRECTION('',(0.,-1.,0.));
#5153=DIRECTION('center_axis',(-0.707106781186548,0.,0.707106781186547));
#5154=DIRECTION('ref_axis',(-0.707106781186547,7.27366154732461E-16,-0.707106781186548));
#5155=DIRECTION('center_axis',(-0.707106781186547,0.,0.707106781186548));
#5156=DIRECTION('ref_axis',(0.707106781186548,0.,0.707106781186547));
#5157=DIRECTION('center_axis',(-0.707106781186547,0.,0.707106781186548));
#5158=DIRECTION('ref_axis',(0.707106781186548,6.12323399573677E-17,0.707106781186547));
#5159=DIRECTION('',(0.,1.,0.));
#5160=DIRECTION('center_axis',(0.707106781186547,0.,-0.707106781186548));
#5161=DIRECTION('ref_axis',(0.707106781186548,1.17145536458252E-15,0.707106781186547));
#5162=DIRECTION('',(0.,1.,0.));
#5163=DIRECTION('center_axis',(0.707106781186548,0.,0.707106781186547));
#5164=DIRECTION('ref_axis',(0.707106781186547,0.,-0.707106781186548));
#5165=DIRECTION('center_axis',(0.707106781186548,0.,0.707106781186547));
#5166=DIRECTION('ref_axis',(-0.707106781186547,6.12323399573677E-17,0.707106781186548));
#5167=DIRECTION('',(0.,-1.,0.));
#5168=DIRECTION('center_axis',(-0.707106781186548,0.,-0.707106781186547));
#5169=DIRECTION('ref_axis',(0.707106781186547,7.27366154732462E-16,-0.707106781186548));
#5170=DIRECTION('center_axis',(-0.707106781186548,0.,-0.707106781186547));
#5171=DIRECTION('ref_axis',(-0.707106781186547,0.,0.707106781186548));
#5172=DIRECTION('center_axis',(-0.707106781186548,0.,-0.707106781186547));
#5173=DIRECTION('ref_axis',(0.707106781186547,7.27366154732462E-16,-0.707106781186548));
#5174=DIRECTION('',(0.,1.,0.));
#5175=DIRECTION('center_axis',(0.707106781186548,0.,0.707106781186547));
#5176=DIRECTION('ref_axis',(0.707106781186547,6.12323399573677E-17,-0.707106781186548));
#5177=DIRECTION('',(0.,1.,0.));
#5178=DIRECTION('center_axis',(-0.707106781186547,0.,0.707106781186548));
#5179=DIRECTION('ref_axis',(0.707106781186548,0.,0.707106781186547));
#5180=DIRECTION('center_axis',(-0.707106781186547,0.,0.707106781186548));
#5181=DIRECTION('ref_axis',(-0.707106781186548,2.83276944882399E-16,-0.707106781186547));
#5182=DIRECTION('',(0.,1.,0.));
#5183=DIRECTION('center_axis',(0.707106781186547,0.,-0.707106781186548));
#5184=DIRECTION('ref_axis',(0.707106781186548,7.27366154732462E-16,0.707106781186547));
#5185=DIRECTION('center_axis',(0.707106781186548,0.,0.707106781186547));
#5186=DIRECTION('ref_axis',(0.707106781186547,0.,-0.707106781186548));
#5187=DIRECTION('center_axis',(0.707106781186548,0.,0.707106781186547));
#5188=DIRECTION('ref_axis',(0.707106781186547,2.83276944882399E-16,-0.707106781186548));
#5189=DIRECTION('center_axis',(-0.707106781186548,0.,-0.707106781186547));
#5190=DIRECTION('ref_axis',(0.707106781186547,7.27366154732462E-16,-0.707106781186548));
#5191=DIRECTION('center_axis',(0.,0.,-1.));
#5192=DIRECTION('ref_axis',(1.,0.,0.));
#5193=DIRECTION('center_axis',(-0.707106781186548,0.,-0.707106781186547));
#5194=DIRECTION('ref_axis',(-0.707106781186547,2.83276944882399E-16,0.707106781186548));
#5195=DIRECTION('center_axis',(-0.707106781186548,0.,-0.707106781186547));
#5196=DIRECTION('ref_axis',(0.707106781186547,5.0532154980743E-16,-0.707106781186548));
#5197=DIRECTION('center_axis',(0.,0.,1.));
#5198=DIRECTION('ref_axis',(1.,0.,0.));
#5199=DIRECTION('center_axis',(-0.707106781186547,0.,0.707106781186548));
#5200=DIRECTION('ref_axis',(0.707106781186548,5.0532154980743E-16,0.707106781186547));
#5201=DIRECTION('center_axis',(-0.707106781186547,0.,0.707106781186548));
#5202=DIRECTION('ref_axis',(0.707106781186548,6.12323399573677E-17,0.707106781186547));
#5203=DIRECTION('center_axis',(-0.707106781186547,0.,0.707106781186548));
#5204=DIRECTION('ref_axis',(0.707106781186548,1.17145536458252E-15,0.707106781186547));
#5205=DIRECTION('center_axis',(0.,0.,-1.));
#5206=DIRECTION('ref_axis',(1.,0.,0.));
#5207=DIRECTION('center_axis',(0.,0.,-1.));
#5208=DIRECTION('ref_axis',(1.,0.,0.));
#5209=DIRECTION('center_axis',(-0.707106781186548,0.,-0.707106781186547));
#5210=DIRECTION('ref_axis',(0.707106781186547,2.83276944882399E-16,-0.707106781186548));
#5211=DIRECTION('center_axis',(-0.707106781186547,0.,0.707106781186548));
#5212=DIRECTION('ref_axis',(0.707106781186548,0.,0.707106781186547));
#5213=DIRECTION('',(0.,-1.,0.));
#5214=DIRECTION('center_axis',(0.707106781186547,0.,-0.707106781186548));
#5215=DIRECTION('ref_axis',(0.707106781186548,6.12323399573677E-17,0.707106781186547));
#5216=DIRECTION('center_axis',(0.,0.,-1.));
#5217=DIRECTION('ref_axis',(1.,0.,0.));
#5218=DIRECTION('center_axis',(0.,0.,1.));
#5219=DIRECTION('ref_axis',(1.,0.,0.));
#5220=DIRECTION('center_axis',(-0.707106781186548,0.,-0.707106781186547));
#5221=DIRECTION('ref_axis',(-0.707106781186547,0.,0.707106781186548));
#5222=DIRECTION('',(0.,-1.,0.));
#5223=DIRECTION('center_axis',(0.707106781186548,0.,0.707106781186547));
#5224=DIRECTION('ref_axis',(-0.707106781186547,5.0532154980743E-16,0.707106781186548));
#5225=DIRECTION('center_axis',(-0.707106781186548,0.,-0.707106781186547));
#5226=DIRECTION('ref_axis',(-0.707106781186547,0.,0.707106781186548));
#5227=DIRECTION('',(0.,-1.,0.));
#5228=DIRECTION('center_axis',(0.707106781186548,0.,0.707106781186547));
#5229=DIRECTION('ref_axis',(-0.707106781186547,6.12323399573677E-17,0.707106781186548));
#5230=DIRECTION('center_axis',(-0.707106781186547,0.,0.707106781186548));
#5231=DIRECTION('ref_axis',(0.707106781186548,0.,0.707106781186547));
#5232=DIRECTION('',(0.,-1.,0.));
#5233=DIRECTION('center_axis',(0.707106781186547,0.,-0.707106781186548));
#5234=DIRECTION('ref_axis',(-0.707106781186548,7.27366154732462E-16,-0.707106781186547));
#5235=DIRECTION('center_axis',(-0.707106781186547,0.,0.707106781186548));
#5236=DIRECTION('ref_axis',(0.707106781186548,0.,0.707106781186547));
#5237=DIRECTION('',(0.,-1.,0.));
#5238=DIRECTION('center_axis',(0.707106781186547,0.,-0.707106781186548));
#5239=DIRECTION('ref_axis',(0.707106781186548,1.17145536458252E-15,0.707106781186547));
#5240=DIRECTION('center_axis',(-0.707106781186548,0.,-0.707106781186547));
#5241=DIRECTION('ref_axis',(-0.707106781186547,0.,0.707106781186548));
#5242=DIRECTION('',(0.,-1.,0.));
#5243=DIRECTION('center_axis',(0.707106781186548,0.,0.707106781186547));
#5244=DIRECTION('ref_axis',(-0.707106781186547,2.83276944882399E-16,0.707106781186548));
#5245=DIRECTION('center_axis',(-1.,0.,0.));
#5246=DIRECTION('ref_axis',(0.,0.,1.));
#5247=DIRECTION('',(0.,-1.,0.));
#5248=DIRECTION('',(3.12544444914541E-14,-0.0967793646923756,0.995305859808803));
#5249=DIRECTION('center_axis',(-1.,0.,0.));
#5250=DIRECTION('ref_axis',(0.,0.,1.));
#5251=DIRECTION('',(0.,-0.0967881804510942,0.995305002562012));
#5252=DIRECTION('center_axis',(1.,0.,0.));
#5253=DIRECTION('ref_axis',(0.,0.,-1.));
#5254=DIRECTION('',(1.56272155160484E-14,0.0967837725745627,-0.995305431194985));
#5255=DIRECTION('center_axis',(1.,0.,0.));
#5256=DIRECTION('ref_axis',(0.,0.,-1.));
#5257=DIRECTION('',(1.56118042412224E-14,0.106371117561113,-0.994326498363993));
#5258=DIRECTION('center_axis',(-1.,0.,0.));
#5259=DIRECTION('ref_axis',(0.,0.,1.));
#5260=DIRECTION('',(0.,-1.,0.));
#5261=DIRECTION('',(-3.12426648262537E-14,-0.100562596830624,0.99493073332704));
#5262=DIRECTION('center_axis',(-1.,0.,0.));
#5263=DIRECTION('ref_axis',(0.,0.,1.));
#5264=DIRECTION('',(0.,-0.100575577670484,0.994929421203458));
#5265=DIRECTION('center_axis',(-1.,0.,0.));
#5266=DIRECTION('ref_axis',(0.,0.,1.));
#5267=DIRECTION('',(0.,-1.,0.));
#5268=DIRECTION('',(0.,-0.106360761840827,0.994327606144292));
#5269=DIRECTION('center_axis',(-1.,0.,0.));
#5270=DIRECTION('ref_axis',(0.,0.,1.));
#5271=DIRECTION('',(0.,-0.106381473246616,0.994325390478328));
#5272=DIRECTION('center_axis',(1.,0.,0.));
#5273=DIRECTION('ref_axis',(0.,0.,-1.));
#5274=DIRECTION('',(0.,0.100569087256989,-0.994930077285985));
#5275=DIRECTION('center_axis',(0.,-0.707106781186548,0.707106781186547));
#5276=DIRECTION('ref_axis',(0.,-0.707106781186547,-0.707106781186548));
#5277=DIRECTION('center_axis',(0.,-0.707106781186548,0.707106781186547));
#5278=DIRECTION('ref_axis',(2.72576759905774E-15,-0.707106781186547,-0.707106781186548));
#5279=DIRECTION('',(1.,0.,0.));
#5280=DIRECTION('center_axis',(0.,0.707106781186548,-0.707106781186547));
#5281=DIRECTION('ref_axis',(7.27366154732462E-16,-0.707106781186547,-0.707106781186548));
#5282=DIRECTION('',(1.,0.,0.));
#5283=DIRECTION('center_axis',(0.,-0.707106781186547,-0.707106781186548));
#5284=DIRECTION('ref_axis',(0.,0.707106781186548,-0.707106781186547));
#5285=DIRECTION('center_axis',(0.,-0.707106781186547,-0.707106781186548));
#5286=DIRECTION('ref_axis',(2.83276944882399E-16,-0.707106781186548,0.707106781186547));
#5287=DIRECTION('center_axis',(0.,0.707106781186547,0.707106781186548));
#5288=DIRECTION('ref_axis',(6.12323399573677E-17,0.707106781186548,-0.707106781186547));
#5289=DIRECTION('',(1.,0.,0.));
#5290=DIRECTION('center_axis',(0.,-0.707106781186547,-0.707106781186548));
#5291=DIRECTION('ref_axis',(0.,0.707106781186548,-0.707106781186547));
#5292=DIRECTION('center_axis',(0.,-0.707106781186547,-0.707106781186548));
#5293=DIRECTION('ref_axis',(6.12323399573676E-17,-0.707106781186547,0.707106781186548));
#5294=DIRECTION('',(1.,0.,0.));
#5295=DIRECTION('center_axis',(0.,0.707106781186547,0.707106781186548));
#5296=DIRECTION('ref_axis',(6.12323399573677E-17,-0.707106781186548,0.707106781186547));
#5297=DIRECTION('',(1.,0.,0.));
#5298=DIRECTION('center_axis',(0.,-0.707106781186547,-0.707106781186548));
#5299=DIRECTION('ref_axis',(0.,0.707106781186548,-0.707106781186547));
#5300=DIRECTION('center_axis',(0.,-0.707106781186547,-0.707106781186548));
#5301=DIRECTION('ref_axis',(2.83276944882399E-16,-0.707106781186548,0.707106781186547));
#5302=DIRECTION('',(1.,0.,0.));
#5303=DIRECTION('center_axis',(0.,0.707106781186547,0.707106781186548));
#5304=DIRECTION('ref_axis',(7.27366154732462E-16,0.707106781186548,-0.707106781186547));
#5305=DIRECTION('',(1.,0.,0.));
#5306=DIRECTION('center_axis',(0.,-0.707106781186548,0.707106781186547));
#5307=DIRECTION('ref_axis',(0.,-0.707106781186547,-0.707106781186548));
#5308=DIRECTION('center_axis',(0.,-0.707106781186548,0.707106781186547));
#5309=DIRECTION('ref_axis',(1.17145536458252E-15,-0.707106781186547,-0.707106781186548));
#5310=DIRECTION('',(1.,0.,0.));
#5311=DIRECTION('center_axis',(0.,0.707106781186548,-0.707106781186547));
#5312=DIRECTION('ref_axis',(1.83758917935762E-15,-0.707106781186547,-0.707106781186548));
#5313=DIRECTION('center_axis',(0.,-0.707106781186547,-0.707106781186548));
#5314=DIRECTION('ref_axis',(0.,0.707106781186548,-0.707106781186547));
#5315=DIRECTION('center_axis',(0.,-0.707106781186547,-0.707106781186548));
#5316=DIRECTION('ref_axis',(2.83276944882399E-16,0.707106781186548,-0.707106781186547));
#5317=DIRECTION('',(1.,0.,0.));
#5318=DIRECTION('center_axis',(0.,0.707106781186547,0.707106781186548));
#5319=DIRECTION('ref_axis',(9.49410759657493E-16,0.707106781186548,-0.707106781186547));
#5320=DIRECTION('',(1.,0.,0.));
#5321=DIRECTION('center_axis',(0.,-0.707106781186548,0.707106781186547));
#5322=DIRECTION('ref_axis',(0.,-0.707106781186547,-0.707106781186548));
#5323=DIRECTION('center_axis',(0.,-0.707106781186548,0.707106781186547));
#5324=DIRECTION('ref_axis',(7.27366154732461E-16,-0.707106781186547,-0.707106781186548));
#5325=DIRECTION('',(1.,0.,0.));
#5326=DIRECTION('center_axis',(0.,0.707106781186548,-0.707106781186547));
#5327=DIRECTION('ref_axis',(1.39349996950756E-15,-0.707106781186547,-0.707106781186548));
#5328=DIRECTION('center_axis',(0.,0.707106781186548,0.707106781186548));
#5329=DIRECTION('ref_axis',(0.,-0.707106781186548,0.707106781186548));
#5330=DIRECTION('center_axis',(0.,0.707106781186548,0.707106781186548));
#5331=DIRECTION('ref_axis',(7.27366154732461E-16,0.707106781186547,-0.707106781186547));
#5332=DIRECTION('',(1.,0.,0.));
#5333=DIRECTION('center_axis',(0.,-0.707106781186548,-0.707106781186548));
#5334=DIRECTION('ref_axis',(6.12323399573677E-17,-0.707106781186547,0.707106781186547));
#5335=DIRECTION('',(1.,0.,0.));
#5336=DIRECTION('center_axis',(0.,-0.707106781186548,0.707106781186547));
#5337=DIRECTION('ref_axis',(0.,-0.707106781186547,-0.707106781186548));
#5338=DIRECTION('center_axis',(0.,-0.707106781186548,0.707106781186547));
#5339=DIRECTION('ref_axis',(9.49410759657493E-16,-0.707106781186547,-0.707106781186548));
#5340=DIRECTION('center_axis',(0.,0.707106781186548,-0.707106781186547));
#5341=DIRECTION('ref_axis',(1.17145536458252E-15,-0.707106781186547,-0.707106781186548));
#5342=DIRECTION('',(-1.,0.,0.));
#5343=DIRECTION('center_axis',(0.,-0.707106781186548,0.707106781186547));
#5344=DIRECTION('ref_axis',(0.,-0.707106781186547,-0.707106781186548));
#5345=DIRECTION('center_axis',(0.,-0.707106781186548,0.707106781186547));
#5346=DIRECTION('ref_axis',(1.61554457443259E-15,-0.707106781186547,-0.707106781186548));
#5347=DIRECTION('',(1.,0.,0.));
#5348=DIRECTION('center_axis',(0.,0.707106781186548,-0.707106781186547));
#5349=DIRECTION('ref_axis',(1.61554457443259E-15,-0.707106781186547,-0.707106781186548));
#5350=DIRECTION('',(-1.,0.,0.));
#5351=DIRECTION('center_axis',(0.,-0.707106781186547,-0.707106781186548));
#5352=DIRECTION('ref_axis',(0.,0.707106781186548,-0.707106781186547));
#5353=DIRECTION('center_axis',(0.,-0.707106781186547,-0.707106781186548));
#5354=DIRECTION('ref_axis',(6.12323399573677E-17,-0.707106781186548,0.707106781186547));
#5355=DIRECTION('center_axis',(0.,0.707106781186547,0.707106781186548));
#5356=DIRECTION('ref_axis',(2.83276944882399E-16,0.707106781186548,-0.707106781186547));
#5357=DIRECTION('',(-1.,0.,0.));
#5358=DIRECTION('center_axis',(0.,0.707106781186548,-0.707106781186548));
#5359=DIRECTION('ref_axis',(0.,0.707106781186548,0.707106781186548));
#5360=DIRECTION('center_axis',(0.,0.707106781186548,-0.707106781186548));
#5361=DIRECTION('ref_axis',(5.0532154980743E-16,0.707106781186547,0.707106781186547));
#5362=DIRECTION('',(1.,0.,0.));
#5363=DIRECTION('center_axis',(0.,-0.707106781186548,0.707106781186548));
#5364=DIRECTION('ref_axis',(1.61554457443259E-15,0.707106781186548,0.707106781186548));
#5365=DIRECTION('',(-1.,0.,0.));
#5366=DIRECTION('center_axis',(0.,0.707106781186548,0.707106781186548));
#5367=DIRECTION('ref_axis',(0.,-0.707106781186548,0.707106781186548));
#5368=DIRECTION('center_axis',(0.,0.707106781186548,0.707106781186548));
#5369=DIRECTION('ref_axis',(1.61554457443259E-15,0.707106781186548,-0.707106781186548));
#5370=DIRECTION('center_axis',(0.,-0.707106781186548,-0.707106781186548));
#5371=DIRECTION('ref_axis',(5.0532154980743E-16,0.707106781186548,-0.707106781186548));
#5372=DIRECTION('',(1.,0.,0.));
#5373=DIRECTION('center_axis',(0.,0.707106781186548,-0.707106781186548));
#5374=DIRECTION('ref_axis',(0.,0.707106781186548,0.707106781186548));
#5375=DIRECTION('center_axis',(0.,0.707106781186548,-0.707106781186548));
#5376=DIRECTION('ref_axis',(1.17145536458252E-15,0.707106781186547,0.707106781186548));
#5377=DIRECTION('center_axis',(0.,-0.707106781186548,0.707106781186548));
#5378=DIRECTION('ref_axis',(9.49410759657493E-16,0.707106781186547,0.707106781186547));
#5379=DIRECTION('',(-1.,0.,0.));
#5380=DIRECTION('center_axis',(0.,0.707106781186548,0.707106781186548));
#5381=DIRECTION('ref_axis',(0.,-0.707106781186548,0.707106781186548));
#5382=DIRECTION('center_axis',(0.,0.707106781186548,0.707106781186548));
#5383=DIRECTION('ref_axis',(6.12323399573677E-17,0.707106781186547,-0.707106781186548));
#5384=DIRECTION('center_axis',(0.,-0.707106781186548,-0.707106781186548));
#5385=DIRECTION('ref_axis',(9.49410759657493E-16,0.707106781186548,-0.707106781186548));
#5386=DIRECTION('center_axis',(0.,0.707106781186548,-0.707106781186548));
#5387=DIRECTION('ref_axis',(0.,0.707106781186548,0.707106781186548));
#5388=DIRECTION('center_axis',(0.,0.707106781186548,-0.707106781186548));
#5389=DIRECTION('ref_axis',(7.27366154732462E-16,0.707106781186547,0.707106781186548));
#5390=DIRECTION('',(1.,0.,0.));
#5391=DIRECTION('center_axis',(0.,-0.707106781186548,0.707106781186548));
#5392=DIRECTION('ref_axis',(2.83276944882399E-16,-0.707106781186548,-0.707106781186547));
#5393=DIRECTION('',(-1.,0.,0.));
#5394=DIRECTION('center_axis',(0.,0.707106781186548,-0.707106781186548));
#5395=DIRECTION('ref_axis',(0.,0.707106781186548,0.707106781186548));
#5396=DIRECTION('center_axis',(0.,0.707106781186548,-0.707106781186548));
#5397=DIRECTION('ref_axis',(7.27366154732462E-16,0.707106781186548,0.707106781186547));
#5398=DIRECTION('center_axis',(0.,-0.707106781186548,0.707106781186548));
#5399=DIRECTION('ref_axis',(1.17145536458252E-15,0.707106781186548,0.707106781186548));
#5400=DIRECTION('',(-1.,0.,0.));
#5401=DIRECTION('center_axis',(0.,0.707106781186548,0.707106781186548));
#5402=DIRECTION('ref_axis',(0.,-0.707106781186548,0.707106781186548));
#5403=DIRECTION('center_axis',(0.,0.707106781186548,0.707106781186548));
#5404=DIRECTION('ref_axis',(5.05321549807431E-16,-0.707106781186548,0.707106781186547));
#5405=DIRECTION('center_axis',(0.,-0.707106781186548,-0.707106781186548));
#5406=DIRECTION('ref_axis',(1.17145536458252E-15,0.707106781186547,-0.707106781186547));
#5407=DIRECTION('center_axis',(0.,-0.707106781186547,-0.707106781186548));
#5408=DIRECTION('ref_axis',(0.,0.707106781186548,-0.707106781186547));
#5409=DIRECTION('center_axis',(0.,-0.707106781186547,-0.707106781186548));
#5410=DIRECTION('ref_axis',(7.27366154732462E-16,0.707106781186548,-0.707106781186547));
#5411=DIRECTION('',(-1.,0.,0.));
#5412=DIRECTION('center_axis',(0.,0.707106781186547,0.707106781186548));
#5413=DIRECTION('ref_axis',(1.39349996950756E-15,0.707106781186548,-0.707106781186547));
#5414=DIRECTION('',(1.,0.,0.));
#5415=DIRECTION('center_axis',(0.,-0.707106781186548,0.707106781186547));
#5416=DIRECTION('ref_axis',(0.,-0.707106781186547,-0.707106781186548));
#5417=DIRECTION('center_axis',(0.,-0.707106781186548,0.707106781186547));
#5418=DIRECTION('ref_axis',(7.27366154732461E-16,-0.707106781186547,-0.707106781186548));
#5419=DIRECTION('',(1.,0.,0.));
#5420=DIRECTION('center_axis',(0.,0.707106781186548,-0.707106781186547));
#5421=DIRECTION('ref_axis',(6.12323399573677E-17,0.707106781186547,0.707106781186548));
#5422=DIRECTION('center_axis',(0.,0.707106781186548,0.707106781186548));
#5423=DIRECTION('ref_axis',(0.,-0.707106781186548,0.707106781186548));
#5424=DIRECTION('center_axis',(0.,0.707106781186548,0.707106781186548));
#5425=DIRECTION('ref_axis',(6.12323399573677E-17,-0.707106781186548,0.707106781186547));
#5426=DIRECTION('',(-1.,0.,0.));
#5427=DIRECTION('center_axis',(0.,-0.707106781186548,-0.707106781186548));
#5428=DIRECTION('ref_axis',(1.17145536458252E-15,0.707106781186547,-0.707106781186547));
#5429=DIRECTION('',(1.,0.,0.));
#5430=DIRECTION('center_axis',(0.,0.707106781186548,-0.707106781186548));
#5431=DIRECTION('ref_axis',(0.,0.707106781186548,0.707106781186548));
#5432=DIRECTION('center_axis',(0.,0.707106781186548,-0.707106781186548));
#5433=DIRECTION('ref_axis',(7.27366154732462E-16,0.707106781186548,0.707106781186548));
#5434=DIRECTION('',(1.,0.,0.));
#5435=DIRECTION('center_axis',(0.,-0.707106781186548,0.707106781186548));
#5436=DIRECTION('ref_axis',(7.27366154732462E-16,0.707106781186547,0.707106781186548));
#5437=DIRECTION('center_axis',(0.,0.707106781186548,-0.707106781186548));
#5438=DIRECTION('ref_axis',(0.,0.707106781186548,0.707106781186548));
#5439=DIRECTION('center_axis',(0.,0.707106781186548,-0.707106781186548));
#5440=DIRECTION('ref_axis',(7.27366154732461E-16,0.707106781186547,0.707106781186547));
#5441=DIRECTION('center_axis',(0.,-0.707106781186548,0.707106781186548));
#5442=DIRECTION('ref_axis',(1.61554457443259E-15,0.707106781186548,0.707106781186548));
#5443=DIRECTION('',(-1.,0.,0.));
#5444=DIRECTION('center_axis',(0.,0.707106781186548,0.707106781186548));
#5445=DIRECTION('ref_axis',(0.,-0.707106781186548,0.707106781186548));
#5446=DIRECTION('center_axis',(0.,0.707106781186548,0.707106781186548));
#5447=DIRECTION('ref_axis',(2.83276944882399E-16,0.707106781186548,-0.707106781186548));
#5448=DIRECTION('center_axis',(0.,-0.707106781186548,-0.707106781186548));
#5449=DIRECTION('ref_axis',(5.0532154980743E-16,0.707106781186548,-0.707106781186548));
#5450=DIRECTION('center_axis',(0.,-0.707106781186547,-0.707106781186548));
#5451=DIRECTION('ref_axis',(0.,0.707106781186548,-0.707106781186547));
#5452=DIRECTION('center_axis',(0.,-0.707106781186547,-0.707106781186548));
#5453=DIRECTION('ref_axis',(6.12323399573677E-17,-0.707106781186548,0.707106781186547));
#5454=DIRECTION('',(-1.,0.,0.));
#5455=DIRECTION('center_axis',(0.,0.707106781186547,0.707106781186548));
#5456=DIRECTION('ref_axis',(2.83276944882399E-16,0.707106781186548,-0.707106781186547));
#5457=DIRECTION('',(1.,0.,0.));
#5458=DIRECTION('center_axis',(0.,-0.707106781186548,0.707106781186547));
#5459=DIRECTION('ref_axis',(0.,-0.707106781186547,-0.707106781186548));
#5460=DIRECTION('center_axis',(0.,-0.707106781186548,0.707106781186547));
#5461=DIRECTION('ref_axis',(1.61554457443259E-15,-0.707106781186547,-0.707106781186548));
#5462=DIRECTION('',(1.,0.,0.));
#5463=DIRECTION('center_axis',(0.,0.707106781186548,-0.707106781186547));
#5464=DIRECTION('ref_axis',(2.05963378428265E-15,-0.707106781186547,-0.707106781186548));
#5465=DIRECTION('center_axis',(0.,0.707106781186548,0.707106781186548));
#5466=DIRECTION('ref_axis',(0.,-0.707106781186548,0.707106781186548));
#5467=DIRECTION('center_axis',(0.,0.707106781186548,0.707106781186548));
#5468=DIRECTION('ref_axis',(2.83276944882399E-16,0.707106781186548,-0.707106781186548));
#5469=DIRECTION('',(-1.,0.,0.));
#5470=DIRECTION('center_axis',(0.,-0.707106781186548,-0.707106781186548));
#5471=DIRECTION('ref_axis',(5.0532154980743E-16,0.707106781186548,-0.707106781186548));
#5472=DIRECTION('',(1.,0.,0.));
#5473=DIRECTION('center_axis',(0.,0.707106781186548,-0.707106781186548));
#5474=DIRECTION('ref_axis',(0.,0.707106781186548,0.707106781186548));
#5475=DIRECTION('center_axis',(0.,0.707106781186548,-0.707106781186548));
#5476=DIRECTION('ref_axis',(1.83758917935762E-15,0.707106781186548,0.707106781186548));
#5477=DIRECTION('',(1.,0.,0.));
#5478=DIRECTION('center_axis',(0.,-0.707106781186548,0.707106781186548));
#5479=DIRECTION('ref_axis',(1.83758917935762E-15,0.707106781186548,0.707106781186548));
#5480=DIRECTION('center_axis',(0.,0.,-1.));
#5481=DIRECTION('ref_axis',(-1.,1.65389215948552E-15,0.));
#5482=DIRECTION('center_axis',(0.,0.,1.));
#5483=DIRECTION('ref_axis',(1.,0.,0.));
#5484=DIRECTION('center_axis',(0.,0.,1.));
#5485=DIRECTION('ref_axis',(1.,0.,0.));
#5486=DIRECTION('center_axis',(0.,0.,-1.));
#5487=DIRECTION('ref_axis',(1.,0.,0.));
#5488=DIRECTION('center_axis',(0.,0.,-1.));
#5489=DIRECTION('ref_axis',(1.,0.,0.));
#5490=DIRECTION('center_axis',(0.,-1.,0.));
#5491=DIRECTION('ref_axis',(0.,0.,-1.));
#5492=DIRECTION('',(0.0967837719967619,-3.12544310338833E-14,0.995305431251171));
#5493=DIRECTION('center_axis',(0.,-1.,0.));
#5494=DIRECTION('ref_axis',(0.,0.,-1.));
#5495=DIRECTION('',(0.100569086037483,0.,0.994930077409255));
#5496=DIRECTION('center_axis',(0.,-1.,0.));
#5497=DIRECTION('ref_axis',(0.,0.,-1.));
#5498=DIRECTION('',(0.106371113729699,3.1223690743875E-14,0.99432649877387));
#5499=DIRECTION('center_axis',(0.,1.,0.));
#5500=DIRECTION('ref_axis',(0.,0.,1.));
#5501=DIRECTION('',(-0.106371113729681,0.,-0.994326498773872));
#5502=DIRECTION('center_axis',(0.,1.,0.));
#5503=DIRECTION('ref_axis',(0.,0.,1.));
#5504=DIRECTION('',(-0.100569086037459,0.,-0.994930077409257));
#5505=DIRECTION('center_axis',(0.,1.,0.));
#5506=DIRECTION('ref_axis',(0.,0.,1.));
#5507=DIRECTION('',(-0.0967837719967739,-3.12544310338872E-14,-0.995305431251169));
#5508=DIRECTION('center_axis',(0.,0.,1.));
#5509=DIRECTION('ref_axis',(1.,0.,0.));
#5510=DIRECTION('center_axis',(0.,0.,1.));
#5511=DIRECTION('ref_axis',(1.,0.,0.));
#5512=DIRECTION('center_axis',(0.,0.,1.));
#5513=DIRECTION('ref_axis',(1.,0.,0.));
#5514=DIRECTION('center_axis',(0.,0.,1.));
#5515=DIRECTION('ref_axis',(1.,0.,0.));
#5516=DIRECTION('center_axis',(0.,0.,1.));
#5517=DIRECTION('ref_axis',(1.,0.,0.));
#5518=DIRECTION('center_axis',(0.,0.,1.));
#5519=DIRECTION('ref_axis',(1.,0.,0.));
#5520=DIRECTION('center_axis',(0.,0.,1.));
#5521=DIRECTION('ref_axis',(1.,0.,0.));
#5522=DIRECTION('center_axis',(0.,0.,1.));
#5523=DIRECTION('ref_axis',(1.,0.,0.));
#5524=DIRECTION('center_axis',(0.,0.,1.));
#5525=DIRECTION('ref_axis',(1.,0.,0.));
#5526=DIRECTION('center_axis',(0.,0.,1.));
#5527=DIRECTION('ref_axis',(1.,0.,0.));
#5528=DIRECTION('center_axis',(0.,0.,-1.));
#5529=DIRECTION('ref_axis',(-1.,7.6571373978539E-16,0.));
#5530=DIRECTION('center_axis',(0.,0.,-1.));
#5531=DIRECTION('ref_axis',(1.,0.,0.));
#5532=DIRECTION('center_axis',(0.,0.,-1.));
#5533=DIRECTION('ref_axis',(1.,0.,0.));
#5534=DIRECTION('center_axis',(0.,0.,-1.));
#5535=DIRECTION('ref_axis',(-1.,1.22464679914735E-16,0.));
#5536=DIRECTION('center_axis',(0.,0.,-1.));
#5537=DIRECTION('ref_axis',(1.,0.,0.));
#5538=DIRECTION('center_axis',(0.,0.,-1.));
#5539=DIRECTION('ref_axis',(1.,0.,0.));
#5540=DIRECTION('center_axis',(0.,0.,-1.));
#5541=DIRECTION('ref_axis',(1.,0.,0.));
#5542=DIRECTION('center_axis',(0.,0.,-1.));
#5543=DIRECTION('ref_axis',(1.,0.,0.));
#5544=DIRECTION('center_axis',(0.,0.,-1.));
#5545=DIRECTION('ref_axis',(1.,0.,0.));
#5546=DIRECTION('center_axis',(0.,0.,-1.));
#5547=DIRECTION('ref_axis',(1.,0.,0.));
#5548=DIRECTION('center_axis',(0.,0.,-1.));
#5549=DIRECTION('ref_axis',(1.,0.,0.));
#5550=DIRECTION('center_axis',(0.,0.,-1.));
#5551=DIRECTION('ref_axis',(1.,0.,0.));
#5552=DIRECTION('center_axis',(0.,0.,-1.));
#5553=DIRECTION('ref_axis',(1.,0.,0.));
#5554=DIRECTION('center_axis',(0.,0.,-1.));
#5555=DIRECTION('ref_axis',(1.,0.,0.));
#5556=DIRECTION('center_axis',(0.,0.,-1.));
#5557=DIRECTION('ref_axis',(1.,0.,0.));
#5558=DIRECTION('center_axis',(0.,0.,-1.));
#5559=DIRECTION('ref_axis',(1.,0.,0.));
#5560=DIRECTION('center_axis',(0.,0.,-1.));
#5561=DIRECTION('ref_axis',(-1.,-1.22464679914735E-16,0.));
#5562=DIRECTION('center_axis',(0.,0.,-1.));
#5563=DIRECTION('ref_axis',(-1.,1.01064309961486E-15,0.));
#5564=DIRECTION('center_axis',(0.,0.,-1.));
#5565=DIRECTION('ref_axis',(1.,0.,0.));
#5566=DIRECTION('center_axis',(0.,0.,-1.));
#5567=DIRECTION('ref_axis',(1.,0.,0.));
#5568=DIRECTION('center_axis',(0.,0.,-1.));
#5569=DIRECTION('ref_axis',(1.,0.,0.));
#5570=DIRECTION('center_axis',(0.,0.,-1.));
#5571=DIRECTION('ref_axis',(1.,0.,0.));
#5572=DIRECTION('center_axis',(0.,0.,-1.));
#5573=DIRECTION('ref_axis',(1.,0.,0.));
#5574=DIRECTION('center_axis',(0.,0.,-1.));
#5575=DIRECTION('ref_axis',(1.,0.,0.));
#5576=DIRECTION('center_axis',(0.,0.,-1.));
#5577=DIRECTION('ref_axis',(1.,0.,0.));
#5578=DIRECTION('center_axis',(0.,0.,-1.));
#5579=DIRECTION('ref_axis',(-1.,0.,0.));
#5580=DIRECTION('center_axis',(0.,0.,-1.));
#5581=DIRECTION('ref_axis',(1.,0.,0.));
#5582=DIRECTION('center_axis',(0.,0.,-1.));
#5583=DIRECTION('ref_axis',(-0.707106781186548,0.707106781186548,0.));
#5584=DIRECTION('',(0.,0.,-1.));
#5585=DIRECTION('center_axis',(0.,0.,-1.));
#5586=DIRECTION('ref_axis',(1.,0.,0.));
#5587=DIRECTION('',(0.,0.,1.));
#5588=DIRECTION('center_axis',(0.,0.,-1.));
#5589=DIRECTION('ref_axis',(1.,0.,0.));
#5590=DIRECTION('center_axis',(0.,0.,-1.));
#5591=DIRECTION('ref_axis',(-0.707106781186548,0.707106781186547,0.));
#5592=DIRECTION('',(0.,0.,1.));
#5593=DIRECTION('center_axis',(0.,0.,1.));
#5594=DIRECTION('ref_axis',(1.,0.,0.));
#5595=DIRECTION('',(0.,0.,-1.));
#5596=DIRECTION('center_axis',(0.,0.,-1.));
#5597=DIRECTION('ref_axis',(1.,0.,0.));
#5598=DIRECTION('center_axis',(0.,0.,1.));
#5599=DIRECTION('ref_axis',(1.,0.,0.));
#5600=DIRECTION('',(-0.70460223169486,-0.709602490899393,0.));
#5601=DIRECTION('',(-0.709602490899393,-0.70460223169486,0.));
#5602=DIRECTION('center_axis',(0.,0.,1.));
#5603=DIRECTION('ref_axis',(-1.,0.,0.));
#5604=DIRECTION('center_axis',(0.,0.,1.));
#5605=DIRECTION('ref_axis',(-1.,0.,0.));
#5606=DIRECTION('',(-0.70460223169486,-0.709602490899393,0.));
#5607=DIRECTION('',(0.707106781186548,-0.707106781186548,0.));
#5608=DIRECTION('',(0.704602231694848,0.709602490899404,0.));
#5609=DIRECTION('center_axis',(0.,0.,1.));
#5610=DIRECTION('ref_axis',(1.,0.,0.));
#5611=DIRECTION('',(0.709602490899404,0.704602231694849,0.));
#5612=DIRECTION('',(-0.707106781186548,0.707106781186548,0.));
#5613=DIRECTION('',(-0.709602490899393,-0.70460223169486,0.));
#5614=DIRECTION('center_axis',(0.,0.,1.));
#5615=DIRECTION('ref_axis',(-1.,0.,0.));
#5616=DIRECTION('',(-0.709602490899393,-0.70460223169486,0.));
#5617=DIRECTION('',(0.704602231694837,-0.709602490899415,0.));
#5618=DIRECTION('',(0.709602490899404,0.704602231694849,0.));
#5619=DIRECTION('center_axis',(0.,0.,-1.));
#5620=DIRECTION('ref_axis',(1.,0.,0.));
#5621=DIRECTION('',(0.704602231694848,0.709602490899404,0.));
#5622=DIRECTION('',(-0.709602490899401,0.704602231694852,0.));
#5623=DIRECTION('',(-0.70460223169486,-0.709602490899393,0.));
#5624=DIRECTION('center_axis',(0.,0.,-1.));
#5625=DIRECTION('ref_axis',(1.,0.,0.));
#5626=DIRECTION('',(0.,0.,1.));
#5627=DIRECTION('',(0.,0.,-1.));
#5628=DIRECTION('center_axis',(0.,0.,-1.));
#5629=DIRECTION('ref_axis',(1.,0.,0.));
#5630=DIRECTION('center_axis',(0.,0.,1.));
#5631=DIRECTION('ref_axis',(1.,0.,0.));
#5632=DIRECTION('',(0.704602231694848,0.709602490899404,0.));
#5633=DIRECTION('',(0.709602490899404,0.704602231694849,0.));
#5634=DIRECTION('center_axis',(0.,0.,-1.));
#5635=DIRECTION('ref_axis',(1.,0.,0.));
#5636=DIRECTION('center_axis',(0.,0.,-1.));
#5637=DIRECTION('ref_axis',(1.,0.,0.));
#5638=DIRECTION('',(0.,0.,-1.));
#5639=DIRECTION('',(0.,0.,1.));
#5640=DIRECTION('center_axis',(-0.709602490899393,0.70460223169486,0.));
#5641=DIRECTION('ref_axis',(-0.70460223169486,-0.709602490899393,0.));
#5642=DIRECTION('',(0.,0.,1.));
#5643=DIRECTION('',(0.70460223169486,0.709602490899393,0.));
#5644=DIRECTION('',(0.,0.,-1.));
#5645=DIRECTION('',(0.70460223169486,0.709602490899393,0.));
#5646=DIRECTION('',(0.,0.,1.));
#5647=DIRECTION('center_axis',(0.704602231694852,0.709602490899401,0.));
#5648=DIRECTION('ref_axis',(-0.709602490899401,0.704602231694852,0.));
#5649=DIRECTION('',(0.,0.,1.));
#5650=DIRECTION('',(0.709602490899401,-0.704602231694852,0.));
#5651=DIRECTION('center_axis',(-0.707106781186548,-0.707106781186548,0.));
#5652=DIRECTION('ref_axis',(0.707106781186548,-0.707106781186548,0.));
#5653=DIRECTION('',(-0.707106781186548,0.707106781186548,0.));
#5654=DIRECTION('',(0.,0.,1.));
#5655=DIRECTION('center_axis',(0.709602490899404,-0.704602231694848,0.));
#5656=DIRECTION('ref_axis',(0.704602231694848,0.709602490899404,0.));
#5657=DIRECTION('',(-0.704602231694848,-0.709602490899404,0.));
#5658=DIRECTION('',(0.,0.,1.));
#5659=DIRECTION('',(-0.704602231694848,-0.709602490899404,0.));
#5660=DIRECTION('center_axis',(0.707106781186548,0.707106781186548,0.));
#5661=DIRECTION('ref_axis',(-0.707106781186548,0.707106781186548,0.));
#5662=DIRECTION('',(0.707106781186548,-0.707106781186548,0.));
#5663=DIRECTION('',(0.,0.,1.));
#5664=DIRECTION('',(0.,0.,1.));
#5665=DIRECTION('center_axis',(0.704602231694849,-0.709602490899404,0.));
#5666=DIRECTION('ref_axis',(0.709602490899404,0.704602231694849,0.));
#5667=DIRECTION('',(-0.709602490899404,-0.704602231694849,0.));
#5668=DIRECTION('',(0.,0.,1.));
#5669=DIRECTION('',(-0.709602490899404,-0.704602231694849,0.));
#5670=DIRECTION('',(0.,0.,-1.));
#5671=DIRECTION('center_axis',(-0.709602490899415,-0.704602231694837,0.));
#5672=DIRECTION('ref_axis',(0.704602231694837,-0.709602490899415,0.));
#5673=DIRECTION('',(-0.704602231694837,0.709602490899415,0.));
#5674=DIRECTION('',(0.,0.,1.));
#5675=DIRECTION('center_axis',(-0.70460223169486,0.709602490899393,0.));
#5676=DIRECTION('ref_axis',(-0.709602490899393,-0.70460223169486,0.));
#5677=DIRECTION('',(0.709602490899393,0.70460223169486,0.));
#5678=DIRECTION('',(0.,0.,1.));
#5679=DIRECTION('',(0.709602490899393,0.70460223169486,0.));
#5680=DIRECTION('center_axis',(0.,0.,1.));
#5681=DIRECTION('ref_axis',(-1.,0.,0.));
#5682=DIRECTION('center_axis',(0.,0.,1.));
#5683=DIRECTION('ref_axis',(-1.,0.,0.));
#5684=DIRECTION('center_axis',(0.,0.,-1.));
#5685=DIRECTION('ref_axis',(-1.,0.,0.));
#5686=DIRECTION('center_axis',(0.,0.,-1.));
#5687=DIRECTION('ref_axis',(-1.,0.,0.));
#5688=DIRECTION('center_axis',(0.,0.,1.));
#5689=DIRECTION('ref_axis',(-1.,0.,0.));
#5690=DIRECTION('center_axis',(0.,0.,-1.));
#5691=DIRECTION('ref_axis',(-1.,0.,0.));
#5692=DIRECTION('center_axis',(0.,0.,1.));
#5693=DIRECTION('ref_axis',(1.,0.,0.));
#5694=DIRECTION('center_axis',(0.,0.,-1.));
#5695=DIRECTION('ref_axis',(-1.,0.,0.));
#5696=DIRECTION('center_axis',(0.,0.,1.));
#5697=DIRECTION('ref_axis',(0.707106781186548,-0.707106781186548,0.));
#5698=DIRECTION('center_axis',(0.,0.,1.));
#5699=DIRECTION('ref_axis',(-1.,0.,0.));
#5700=DIRECTION('',(0.,0.,-1.));
#5701=CARTESIAN_POINT('',(0.,0.,0.));
#5702=CARTESIAN_POINT('Origin',(0.,-25.000000372529,-11.8148987656933));
#5703=CARTESIAN_POINT('',(27.3752624229559,-25.,125.75));
#5704=CARTESIAN_POINT('',(27.3593797324287,-25.,125.891421356237));
#5705=CARTESIAN_POINT('Ctrl Pts',(27.3752624229559,-25.,125.75));
#5706=CARTESIAN_POINT('Ctrl Pts',(27.3673198219614,-24.9999999995742,125.820731196725));
#5707=CARTESIAN_POINT('Ctrl Pts',(27.3593797324287,-25.,125.891421356237));
#5708=CARTESIAN_POINT('',(30.6609176215347,-25.,125.891421356237));
#5709=CARTESIAN_POINT('',(0.,-25.,125.891421356237));
#5710=CARTESIAN_POINT('',(30.6760466028479,-25.,125.75));
#5711=CARTESIAN_POINT('',(30.6684818085171,-25.000000372529,125.820710678119));
#5712=CARTESIAN_POINT('',(0.,-25.,125.75));
#5713=CARTESIAN_POINT('Origin',(0.,-25.000000372529,-11.8148987656933));
#5714=CARTESIAN_POINT('',(32.7719112711201,-25.,75.7500000000001));
#5715=CARTESIAN_POINT('',(32.7571610564833,-25.,75.8914213562374));
#5716=CARTESIAN_POINT('Ctrl Pts',(32.7719112711201,-25.,75.7500000000001));
#5717=CARTESIAN_POINT('Ctrl Pts',(32.7645351147237,-24.9999999998612,75.8207265947011));
#5718=CARTESIAN_POINT('Ctrl Pts',(32.7571610564833,-25.,75.8914213562374));
#5719=CARTESIAN_POINT('',(35.8513248770598,-25.,75.8914213562374));
#5720=CARTESIAN_POINT('',(0.,-25.,75.8914213562374));
#5721=CARTESIAN_POINT('',(35.8656199685068,-25.,75.7500000000001));
#5722=CARTESIAN_POINT('',(35.8584721630615,-25.000000372529,75.8207106781188));
#5723=CARTESIAN_POINT('',(0.,-25.,75.7500000000001));
#5724=CARTESIAN_POINT('Origin',(0.,-25.000000372529,-11.8148987656933));
#5725=CARTESIAN_POINT('',(37.8545760894512,-25.,25.7500000000001));
#5726=CARTESIAN_POINT('',(37.8405223078509,-25.,25.8914213562374));
#5727=CARTESIAN_POINT('Ctrl Pts',(37.8545760894512,-25.,25.7500000000001));
#5728=CARTESIAN_POINT('Ctrl Pts',(37.8475482903788,-24.9999999999996,25.8207238064838));
#5729=CARTESIAN_POINT('Ctrl Pts',(37.8405223078509,-25.,25.8914213562374));
#5730=CARTESIAN_POINT('',(40.8034399089078,-25.,25.8914213562374));
#5731=CARTESIAN_POINT('',(0.,-25.,25.8914213562374));
#5732=CARTESIAN_POINT('',(40.8171917601398,-25.,25.7500000000001));
#5733=CARTESIAN_POINT('',(40.8103156063161,-25.000000372529,25.8207106781188));
#5734=CARTESIAN_POINT('',(0.,-25.,25.7500000000001));
#5735=CARTESIAN_POINT('Origin',(0.,25.000000372529,190.000002831221));
#5736=CARTESIAN_POINT('',(37.8405223078508,25.0000000000001,25.8914213562374));
#5737=CARTESIAN_POINT('',(37.8545760894512,25.,25.7500000000001));
#5738=CARTESIAN_POINT('Ctrl Pts',(37.8405223078508,25.0000000000001,25.8914213562374));
#5739=CARTESIAN_POINT('Ctrl Pts',(37.8475482905839,24.9999999995958,25.8207238065025));
#5740=CARTESIAN_POINT('Ctrl Pts',(37.8545760894512,25.,25.7500000000001));
#5741=CARTESIAN_POINT('',(40.8171917601398,25.,25.7500000000001));
#5742=CARTESIAN_POINT('',(0.,25.,25.7500000000001));
#5743=CARTESIAN_POINT('',(40.8034399089077,25.0000000000001,25.8914213562374));
#5744=CARTESIAN_POINT('',(40.8103156063161,25.000000372529,25.8207106781188));
#5745=CARTESIAN_POINT('',(0.,25.0000000000001,25.8914213562374));
#5746=CARTESIAN_POINT('Origin',(0.,25.000000372529,190.000002831221));
#5747=CARTESIAN_POINT('',(32.7571610564832,25.0000000000001,75.8914213562374));
#5748=CARTESIAN_POINT('',(32.7719112711201,25.,75.7500000000001));
#5749=CARTESIAN_POINT('Ctrl Pts',(32.7571610564832,25.0000000000001,75.8914213562375));
#5750=CARTESIAN_POINT('Ctrl Pts',(32.7645351146791,24.9999999998093,75.8207265946934));
#5751=CARTESIAN_POINT('Ctrl Pts',(32.7719112711201,25.,75.7500000000001));
#5752=CARTESIAN_POINT('',(35.8656199685068,25.,75.7500000000001));
#5753=CARTESIAN_POINT('',(0.,25.,75.7500000000001));
#5754=CARTESIAN_POINT('',(35.8513248770597,25.0000000000001,75.8914213562374));
#5755=CARTESIAN_POINT('',(35.8584721630615,25.000000372529,75.8207106781188));
#5756=CARTESIAN_POINT('',(0.,25.0000000000001,75.8914213562374));
#5757=CARTESIAN_POINT('Origin',(0.,25.000000372529,190.000002831221));
#5758=CARTESIAN_POINT('',(27.3593797324286,25.0000000000001,125.891421356237));
#5759=CARTESIAN_POINT('',(27.3752624229559,25.,125.75));
#5760=CARTESIAN_POINT('Ctrl Pts',(27.3593797324286,25.0000000000001,125.891421356237));
#5761=CARTESIAN_POINT('Ctrl Pts',(27.3673198214418,24.9999999999993,125.820731196659));
#5762=CARTESIAN_POINT('Ctrl Pts',(27.3752624229559,25.,125.75));
#5763=CARTESIAN_POINT('',(30.6760466028479,25.,125.75));
#5764=CARTESIAN_POINT('',(0.,25.,125.75));
#5765=CARTESIAN_POINT('',(30.6609176215347,25.0000000000001,125.891421356237));
#5766=CARTESIAN_POINT('',(30.6684818085171,25.000000372529,125.820710678119));
#5767=CARTESIAN_POINT('',(0.,25.0000000000001,125.891421356237));
#5768=CARTESIAN_POINT('Origin',(0.,0.,0.));
#5769=CARTESIAN_POINT('',(47.4318949978447,-0.0707106781186262,0.820710678118726));
#5770=CARTESIAN_POINT('Origin',(8.88178419700125E-15,3.96071546264425,-3.21071546264415));
#5771=CARTESIAN_POINT('',(47.4916347156596,-0.89142135623739,0.));
#5772=CARTESIAN_POINT('Origin',(0.,-3.9597363859926,-3.06831502975522));
#5773=CARTESIAN_POINT('',(47.4940785782817,-0.750000000000064,0.));
#5774=CARTESIAN_POINT('Origin',(0.,0.,0.));
#5775=CARTESIAN_POINT('',(47.4378109452736,1.77635683940025E-14,0.750000000000082));
#5776=CARTESIAN_POINT('Origin',(0.,-3.96071546264426,-3.21071546264419));
#5777=CARTESIAN_POINT('',(47.4940785782817,0.750000000000099,0.));
#5778=CARTESIAN_POINT('Origin',(0.,3.96071546264425,-3.21071546264415));
#5779=CARTESIAN_POINT('',(47.4916347156596,0.891421356237477,0.));
#5780=CARTESIAN_POINT('Origin',(0.,0.,0.));
#5781=CARTESIAN_POINT('',(47.4318949978447,0.070710678118715,0.820710678118761));
#5782=CARTESIAN_POINT('Origin',(0.,3.95973638599261,-3.06831502975513));
#5783=CARTESIAN_POINT('Origin',(-8.88178419700125E-15,-3.96071546264426,
-3.21071546264418));
#5784=CARTESIAN_POINT('',(43.2859529677888,0.070710678118715,50.8207106781188));
#5785=CARTESIAN_POINT('Origin',(0.,3.61358051615829,47.2778408400792));
#5786=CARTESIAN_POINT('Origin',(-8.88178419700125E-15,-3.61455959280994,
47.1354404071901));
#5787=CARTESIAN_POINT('',(39.1400098682423,0.070710678118715,100.820710678119));
#5788=CARTESIAN_POINT('Origin',(0.,3.26742464632398,97.6239967099135));
#5789=CARTESIAN_POINT('Origin',(-4.44089209850063E-15,-3.26840372297562,
97.4815962770245));
#5790=CARTESIAN_POINT('',(34.9997142845481,0.141421356237466,150.75));
#5791=CARTESIAN_POINT('Origin',(-4.44089209850063E-15,2.92126877648966,
147.970152579748));
#5792=CARTESIAN_POINT('',(35.,0.,150.75));
#5793=CARTESIAN_POINT('Origin',(0.,0.,150.75));
#5794=CARTESIAN_POINT('',(27.4317484962736,24.9292893218813,125.820710678119));
#5795=CARTESIAN_POINT('Origin',(0.,2.9222478531413,147.827752146859));
#5796=CARTESIAN_POINT('',(39.1342105011412,3.5527136788005E-14,100.891421356237));
#5797=CARTESIAN_POINT('Origin',(4.44089209850063E-15,-3.26742464632398,
97.6239967099134));
#5798=CARTESIAN_POINT('',(27.4317484962737,-24.9292893218813,125.820710678119));
#5799=CARTESIAN_POINT('Origin',(0.,3.26742464632398,97.6239967099135));
#5800=CARTESIAN_POINT('Origin',(-1.33226762955019E-14,-2.92224785314131,
147.827752146859));
#5801=CARTESIAN_POINT('',(34.9997142845481,-0.141421356237359,150.75));
#5802=CARTESIAN_POINT('Origin',(0.,0.,150.75));
#5803=CARTESIAN_POINT('Origin',(4.44089209850063E-15,-2.92126877648966,
147.970152579748));
#5804=CARTESIAN_POINT('',(39.1400098682423,-0.0707106781186262,100.820710678119));
#5805=CARTESIAN_POINT('Origin',(8.88178419700125E-15,3.26840372297561,97.4815962770245));
#5806=CARTESIAN_POINT('Origin',(4.44089209850063E-15,-3.26742464632398,
97.6239967099134));
#5807=CARTESIAN_POINT('',(43.2859529677888,-0.0707106781186262,50.8207106781187));
#5808=CARTESIAN_POINT('Origin',(0.,3.61455959280993,47.1354404071902));
#5809=CARTESIAN_POINT('Origin',(8.88178419700125E-15,-3.61358051615829,
47.2778408400791));
#5810=CARTESIAN_POINT('',(32.8183696113872,-24.9292893218813,75.8207106781188));
#5811=CARTESIAN_POINT('',(39.1459369817579,1.77635683940025E-14,100.75));
#5812=CARTESIAN_POINT('Origin',(-4.44089209850063E-15,-3.26840372297562,
97.4815962770244));
#5813=CARTESIAN_POINT('',(32.8183696113872,24.9292893218813,75.8207106781188));
#5814=CARTESIAN_POINT('Origin',(8.88178419700125E-15,3.26840372297561,97.4815962770245));
#5815=CARTESIAN_POINT('',(43.2801474828991,3.5527136788005E-14,50.8914213562374));
#5816=CARTESIAN_POINT('Origin',(8.88178419700125E-15,-3.61358051615829,
47.2778408400791));
#5817=CARTESIAN_POINT('Origin',(0.,3.61358051615829,47.2778408400792));
#5818=CARTESIAN_POINT('',(37.894162205409,-24.9292893218813,25.8207106781187));
#5819=CARTESIAN_POINT('',(43.2918739635157,1.77635683940025E-14,50.7500000000001));
#5820=CARTESIAN_POINT('Origin',(-8.88178419700125E-15,-3.61455959280994,
47.1354404071901));
#5821=CARTESIAN_POINT('',(37.894162205409,24.9292893218814,25.8207106781187));
#5822=CARTESIAN_POINT('Origin',(0.,3.61455959280993,47.1354404071902));
#5823=CARTESIAN_POINT('',(47.4260844646569,3.5527136788005E-14,0.891421356237423));
#5824=CARTESIAN_POINT('Origin',(0.,-3.9597363859926,-3.06831502975522));
#5825=CARTESIAN_POINT('Origin',(0.,3.95973638599261,-3.06831502975514));
#5826=CARTESIAN_POINT('Origin',(0.,-0.0707106781186262,0.820710678118726));
#5827=CARTESIAN_POINT('',(49.9318976367951,-0.0707106781186262,0.820710678118726));
#5828=CARTESIAN_POINT('Origin',(0.,4.16944745215433,-3.41944745215423));
#5829=CARTESIAN_POINT('',(0.,-0.0707106781186262,0.820710678118726));
#5830=CARTESIAN_POINT('Origin',(0.,-24.9999999999999,-24.1085786437625));
#5831=CARTESIAN_POINT('',(49.992053048116,-0.89142135623739,0.));
#5832=CARTESIAN_POINT('Origin',(8.88178419700125E-15,-4.1684683755027,-3.27704701926531));
#5833=CARTESIAN_POINT('',(0.,-0.891421356237387,0.));
#5834=CARTESIAN_POINT('Origin',(0.,0.,0.750000000000064));
#5835=CARTESIAN_POINT('',(49.9943746835581,-0.750000000000064,0.));
#5836=CARTESIAN_POINT('',(0.,-0.750000000000064,-6.93889390390723E-17));
#5837=CARTESIAN_POINT('',(49.9378109452736,1.77635683940025E-14,0.750000000000082));
#5838=CARTESIAN_POINT('Origin',(-8.88178419700125E-15,-4.16944745215435,
-3.41944745215429));
#5839=CARTESIAN_POINT('',(0.,1.77635683940025E-14,0.750000000000082));
#5840=CARTESIAN_POINT('Origin',(0.,24.9292893218814,-24.1792893218813));
#5841=CARTESIAN_POINT('',(49.9943746835581,0.750000000000099,0.));
#5842=CARTESIAN_POINT('Origin',(0.,4.16944745215433,-3.41944745215423));
#5843=CARTESIAN_POINT('',(0.,0.750000000000099,0.));
#5844=CARTESIAN_POINT('Origin',(0.,0.070710678118715,0.820710678118761));
#5845=CARTESIAN_POINT('',(49.992053048116,0.891421356237477,0.));
#5846=CARTESIAN_POINT('',(0.,0.891421356237477,-1.38777878078145E-16));
#5847=CARTESIAN_POINT('',(49.9318976367951,0.070710678118715,0.820710678118761));
#5848=CARTESIAN_POINT('Origin',(0.,4.16846837550271,-3.27704701926522));
#5849=CARTESIAN_POINT('',(0.,0.070710678118715,0.820710678118761));
#5850=CARTESIAN_POINT('Origin',(0.,25.,25.7500000000001));
#5851=CARTESIAN_POINT('Origin',(-1.77635683940025E-14,-4.16944745215435,
-3.41944745215427));
#5852=CARTESIAN_POINT('Origin',(0.,24.9292893218814,25.8207106781187));
#5853=CARTESIAN_POINT('',(45.7918739635157,1.77635683940025E-14,50.7500000000001));
#5854=CARTESIAN_POINT('',(0.,1.77635683940025E-14,50.7500000000001));
#5855=CARTESIAN_POINT('',(40.8535485034076,24.9292893218813,25.8207106781187));
#5856=CARTESIAN_POINT('Origin',(8.88178419700125E-15,3.82329158232002,46.9267084176801));
#5857=CARTESIAN_POINT('',(0.,24.9292893218813,25.8207106781187));
#5858=CARTESIAN_POINT('Origin',(0.,3.5527136788005E-14,0.891421356237423));
#5859=CARTESIAN_POINT('',(49.9260844646569,3.5527136788005E-14,0.891421356237423));
#5860=CARTESIAN_POINT('Origin',(8.88178419700125E-15,-4.1684683755027,-3.27704701926531));
#5861=CARTESIAN_POINT('',(0.,3.5527136788005E-14,0.891421356237423));
#5862=CARTESIAN_POINT('Origin',(0.,-24.9292893218813,25.8207106781187));
#5863=CARTESIAN_POINT('',(40.8535485034077,-24.9292893218813,25.8207106781187));
#5864=CARTESIAN_POINT('Origin',(0.,4.16846837550271,-3.27704701926524));
#5865=CARTESIAN_POINT('',(0.,-24.9292893218813,25.8207106781187));
#5866=CARTESIAN_POINT('Origin',(0.,0.,50.7500000000001));
#5867=CARTESIAN_POINT('Origin',(-1.77635683940025E-14,-3.82329158232003,
46.92670841768));
#5868=CARTESIAN_POINT('Origin',(0.,24.9292893218814,75.8207106781187));
#5869=CARTESIAN_POINT('',(41.6459369817579,1.77635683940025E-14,100.75));
#5870=CARTESIAN_POINT('',(0.,1.77635683940025E-14,100.75));
#5871=CARTESIAN_POINT('',(35.9076676367495,24.9292893218813,75.8207106781188));
#5872=CARTESIAN_POINT('Origin',(8.88178419700125E-15,3.47713571248571,97.2728642875144));
#5873=CARTESIAN_POINT('',(0.,24.9292893218813,75.8207106781187));
#5874=CARTESIAN_POINT('Origin',(0.,3.5527136788005E-14,50.8914213562374));
#5875=CARTESIAN_POINT('',(45.7801474828991,3.5527136788005E-14,50.8914213562374));
#5876=CARTESIAN_POINT('Origin',(8.88178419700125E-15,-3.82231250566838,
47.069108850569));
#5877=CARTESIAN_POINT('',(0.,3.5527136788005E-14,50.8914213562374));
#5878=CARTESIAN_POINT('Origin',(0.,-24.9292893218813,75.8207106781187));
#5879=CARTESIAN_POINT('',(35.9076676367495,-24.9292893218813,75.8207106781188));
#5880=CARTESIAN_POINT('Origin',(0.,3.82231250566838,47.0691088505691));
#5881=CARTESIAN_POINT('',(0.,-24.9292893218813,75.8207106781187));
#5882=CARTESIAN_POINT('Origin',(0.,0.,100.75));
#5883=CARTESIAN_POINT('Origin',(-8.88178419700125E-15,-3.47713571248572,
97.2728642875143));
#5884=CARTESIAN_POINT('Origin',(0.,-24.9999999999999,125.891421356237));
#5885=CARTESIAN_POINT('',(37.4997333323852,-0.141421356237359,150.75));
#5886=CARTESIAN_POINT('',(0.,-0.141421356237381,150.75));
#5887=CARTESIAN_POINT('Origin',(4.44089209850063E-15,-3.13000076599975,
147.761420590238));
#5888=CARTESIAN_POINT('Origin',(0.,0.070710678118715,150.820710678119));
#5889=CARTESIAN_POINT('',(37.4997333323852,0.141421356237466,150.75));
#5890=CARTESIAN_POINT('Origin',(0.,3.13000076599975,147.761420590238));
#5891=CARTESIAN_POINT('',(0.,0.141421356237474,150.75));
#5892=CARTESIAN_POINT('Origin',(0.,0.,150.75));
#5893=CARTESIAN_POINT('',(30.725988215445,-24.9292893218813,125.820710678119));
#5894=CARTESIAN_POINT('',(0.,-24.9292893218813,125.820710678119));
#5895=CARTESIAN_POINT('',(37.5,0.,150.75));
#5896=CARTESIAN_POINT('Origin',(-8.88178419700125E-15,-3.1309798426514,
147.619020157349));
#5897=CARTESIAN_POINT('',(0.,-4.88498130835069E-14,150.75));
#5898=CARTESIAN_POINT('Origin',(0.,-24.9292893218813,125.820710678119));
#5899=CARTESIAN_POINT('',(41.6342105011412,3.5527136788005E-14,100.891421356237));
#5900=CARTESIAN_POINT('',(0.,3.5527136788005E-14,100.891421356237));
#5901=CARTESIAN_POINT('Origin',(-8.88178419700125E-15,3.47615663583407,
97.4152647204034));
#5902=CARTESIAN_POINT('Origin',(0.,24.9292893218814,125.820710678119));
#5903=CARTESIAN_POINT('',(30.725988215445,24.9292893218813,125.820710678119));
#5904=CARTESIAN_POINT('Origin',(0.,3.13097984265139,147.619020157349));
#5905=CARTESIAN_POINT('',(0.,24.9292893218813,125.820710678119));
#5906=CARTESIAN_POINT('Origin',(0.,3.5527136788005E-14,100.891421356237));
#5907=CARTESIAN_POINT('Origin',(4.44089209850063E-15,-3.47615663583407,
97.4152647204033));
#5908=CARTESIAN_POINT('Origin',(0.,-24.9999999999999,25.8914213562375));
#5909=CARTESIAN_POINT('',(45.7859561213443,-0.0707106781186262,50.8207106781187));
#5910=CARTESIAN_POINT('',(0.,-0.0707106781186262,50.8207106781187));
#5911=CARTESIAN_POINT('Origin',(8.88178419700125E-15,-3.82231250566838,
47.069108850569));
#5912=CARTESIAN_POINT('Origin',(0.,-0.0707106781186262,50.8207106781187));
#5913=CARTESIAN_POINT('Origin',(8.88178419700125E-15,3.82329158232002,46.9267084176801));
#5914=CARTESIAN_POINT('Origin',(0.,25.,75.7500000000001));
#5915=CARTESIAN_POINT('',(45.7859561213443,0.070710678118715,50.8207106781188));
#5916=CARTESIAN_POINT('',(0.,0.070710678118715,50.8207106781188));
#5917=CARTESIAN_POINT('Origin',(-1.77635683940025E-14,-3.82329158232003,
46.92670841768));
#5918=CARTESIAN_POINT('Origin',(0.,0.070710678118715,50.8207106781188));
#5919=CARTESIAN_POINT('Origin',(0.,3.82231250566838,47.0691088505691));
#5920=CARTESIAN_POINT('Origin',(0.,-24.9999999999999,75.8914213562375));
#5921=CARTESIAN_POINT('',(41.640013703088,-0.0707106781186262,100.820710678119));
#5922=CARTESIAN_POINT('',(0.,-0.0707106781186262,100.820710678119));
#5923=CARTESIAN_POINT('Origin',(4.44089209850063E-15,-3.47615663583407,
97.4152647204033));
#5924=CARTESIAN_POINT('Origin',(0.,-0.0707106781186262,100.820710678119));
#5925=CARTESIAN_POINT('Origin',(8.88178419700125E-15,3.47713571248571,97.2728642875144));
#5926=CARTESIAN_POINT('Origin',(0.,25.,125.75));
#5927=CARTESIAN_POINT('',(41.640013703088,0.070710678118715,100.820710678119));
#5928=CARTESIAN_POINT('',(0.,0.070710678118715,100.820710678119));
#5929=CARTESIAN_POINT('Origin',(-8.88178419700125E-15,-3.47713571248572,
97.2728642875144));
#5930=CARTESIAN_POINT('Origin',(0.,0.070710678118715,100.820710678119));
#5931=CARTESIAN_POINT('Origin',(0.,3.47615663583407,97.4152647204034));
#5932=CARTESIAN_POINT('Origin',(-25.,0.,95.));
#5933=CARTESIAN_POINT('',(-25.,-32.7645364692328,75.8207106781186));
#5934=CARTESIAN_POINT('',(-25.,-32.7497850324586,75.9621320343564));
#5935=CARTESIAN_POINT('Ctrl Pts',(-25.,-32.7645364692328,75.8207106781186));
#5936=CARTESIAN_POINT('Ctrl Pts',(-25.,-32.7571597013779,75.8914372777044));
#5937=CARTESIAN_POINT('Ctrl Pts',(-25.,-32.7497850324586,75.9621320343564));
#5938=CARTESIAN_POINT('',(-25.,-35.8441766320669,75.9621320343564));
#5939=CARTESIAN_POINT('',(-25.,0.,75.9621320343564));
#5940=CARTESIAN_POINT('',(-25.,-35.8727668155182,75.6792893218816));
#5941=CARTESIAN_POINT('',(-25.,-35.8584717237925,75.820710678119));
#5942=CARTESIAN_POINT('',(-25.,-32.7792854625573,75.6792893218816));
#5943=CARTESIAN_POINT('',(-25.,0.,75.6792893218816));
#5944=CARTESIAN_POINT('Ctrl Pts',(-25.,-32.7792854625573,75.6792893218816));
#5945=CARTESIAN_POINT('Ctrl Pts',(-25.,-32.7719099168996,75.7500159116648));
#5946=CARTESIAN_POINT('Ctrl Pts',(-25.,-32.7645364692328,75.8207106781186));
#5947=CARTESIAN_POINT('Origin',(25.000000372529,0.,102.633843057555));
#5948=CARTESIAN_POINT('',(24.9999999999999,-27.3673216018098,125.820710678119));
#5949=CARTESIAN_POINT('',(25.000000372529,-27.3832018148453,125.679289694411));
#5950=CARTESIAN_POINT('Ctrl Pts',(24.9999999999999,-27.3673216018098,125.820710678119));
#5951=CARTESIAN_POINT('Ctrl Pts',(25.0000003725139,-27.3752602845253,125.750020677174));
#5952=CARTESIAN_POINT('Ctrl Pts',(25.000000372529,-27.3832018148453,125.679289694411));
#5953=CARTESIAN_POINT('',(25.000000372529,-30.6836096333862,125.679289694411));
#5954=CARTESIAN_POINT('',(25.000000372529,0.,125.679289694411));
#5955=CARTESIAN_POINT('',(24.9999999999999,-30.6684824846248,125.820710678119));
#5956=CARTESIAN_POINT('',(25.000000372529,-30.6760459071684,125.750000186265));
#5957=CARTESIAN_POINT('',(24.9999999999999,0.,125.820710678119));
#5958=CARTESIAN_POINT('Origin',(25.000000372529,0.,102.633843057555));
#5959=CARTESIAN_POINT('',(25.000000372529,-27.3514365152463,125.962131661827));
#5960=CARTESIAN_POINT('Ctrl Pts',(25.000000372529,-27.3514365152463,125.962131661827));
#5961=CARTESIAN_POINT('Ctrl Pts',(24.9999999999999,-27.3593779700477,125.89144171597));
#5962=CARTESIAN_POINT('Ctrl Pts',(24.9999999999999,-27.3673216018098,125.820710678119));
#5963=CARTESIAN_POINT('',(25.000000372529,-30.6533517490628,125.962131661827));
#5964=CARTESIAN_POINT('',(25.000000372529,-30.6609169650066,125.891421169973));
#5965=CARTESIAN_POINT('',(25.000000372529,0.,125.962131661827));
#5966=CARTESIAN_POINT('Origin',(25.,0.,50.));
#5967=CARTESIAN_POINT('',(24.9999999999999,-32.764536469233,75.8207106781185));
#5968=CARTESIAN_POINT('',(25.,-32.7792854625573,75.6792893218815));
#5969=CARTESIAN_POINT('Ctrl Pts',(24.9999999999999,-32.764536469233,75.8207106781185));
#5970=CARTESIAN_POINT('Ctrl Pts',(25.,-32.7719099168996,75.7500159116647));
#5971=CARTESIAN_POINT('Ctrl Pts',(25.,-32.7792854625573,75.6792893218815));
#5972=CARTESIAN_POINT('',(25.,-35.8727668155183,75.6792893218815));
#5973=CARTESIAN_POINT('',(25.,0.,75.6792893218815));
#5974=CARTESIAN_POINT('',(24.9999999999999,-35.8584726557803,75.8207106781185));
#5975=CARTESIAN_POINT('',(25.,-35.8656197356492,75.75));
#5976=CARTESIAN_POINT('',(24.9999999999999,0.,75.8207106781185));
#5977=CARTESIAN_POINT('Origin',(25.,0.,50.));
#5978=CARTESIAN_POINT('',(25.,-32.7497850324586,75.9621320343563));
#5979=CARTESIAN_POINT('Ctrl Pts',(25.,-32.7497850324586,75.9621320343563));
#5980=CARTESIAN_POINT('Ctrl Pts',(24.9999999999999,-32.757159701378,75.8914372777043));
#5981=CARTESIAN_POINT('Ctrl Pts',(24.9999999999999,-32.764536469233,75.8207106781185));
#5982=CARTESIAN_POINT('',(25.,-35.8441766320669,75.9621320343563));
#5983=CARTESIAN_POINT('',(25.,-35.8513246439235,75.8914213562374));
#5984=CARTESIAN_POINT('',(25.,0.,75.9621320343563));
#5985=CARTESIAN_POINT('Origin',(-25.000000372529,0.,143.466783854165));
#5986=CARTESIAN_POINT('',(-25.,-27.3673216018096,125.820710678119));
#5987=CARTESIAN_POINT('',(-25.000000372529,-27.3514364315486,125.962132406885));
#5988=CARTESIAN_POINT('Ctrl Pts',(-25.,-27.3673216018096,125.820710678119));
#5989=CARTESIAN_POINT('Ctrl Pts',(-25.0000003725068,-27.3593775921397,125.891442050975));
#5990=CARTESIAN_POINT('Ctrl Pts',(-25.000000372529,-27.3514364315486,125.962132406885));
#5991=CARTESIAN_POINT('',(-25.000000372529,-30.6533516693422,125.962132406885));
#5992=CARTESIAN_POINT('',(-25.000000372529,0.,125.962132406885));
#5993=CARTESIAN_POINT('',(-25.000000372529,-30.6836097130754,125.679288949353));
#5994=CARTESIAN_POINT('',(-25.000000372529,-30.6684806912088,125.820710678119));
#5995=CARTESIAN_POINT('',(-25.000000372529,-27.3832018984989,125.679288949353));
#5996=CARTESIAN_POINT('',(-25.000000372529,0.,125.679288949353));
#5997=CARTESIAN_POINT('Ctrl Pts',(-25.000000372529,-27.3832018984989,125.679288949353));
#5998=CARTESIAN_POINT('Ctrl Pts',(-25.,-27.3752606623909,125.750020342602));
#5999=CARTESIAN_POINT('Ctrl Pts',(-25.,-27.3673216018096,125.820710678119));
#6000=CARTESIAN_POINT('Origin',(-25.,0.,48.0741672271109));
#6001=CARTESIAN_POINT('',(-25.,-37.8475493968092,25.8207106781186));
#6002=CARTESIAN_POINT('',(-25.,-37.8334948223551,25.9621320343564));
#6003=CARTESIAN_POINT('Ctrl Pts',(-25.,-37.8475493968092,25.8207106781186));
#6004=CARTESIAN_POINT('Ctrl Pts',(-25.,-37.8405212010961,25.8914344877753));
#6005=CARTESIAN_POINT('Ctrl Pts',(-25.,-37.8334948223551,25.9621320343564));
#6006=CARTESIAN_POINT('',(-25.,-40.7965635089589,25.9621320343564));
#6007=CARTESIAN_POINT('',(-25.,0.,25.9621320343564));
#6008=CARTESIAN_POINT('',(-25.,-40.8240672117426,25.6792893218816));
#6009=CARTESIAN_POINT('',(-25.,-40.8103153603507,25.820710678119));
#6010=CARTESIAN_POINT('',(-25.,-37.8616023859973,25.6792893218816));
#6011=CARTESIAN_POINT('',(-25.,0.,25.6792893218816));
#6012=CARTESIAN_POINT('Ctrl Pts',(-25.,-37.8616023859973,25.6792893218816));
#6013=CARTESIAN_POINT('Ctrl Pts',(-25.,-37.8545749832545,25.7500131251821));
#6014=CARTESIAN_POINT('Ctrl Pts',(-25.,-37.8475493968092,25.8207106781186));
#6015=CARTESIAN_POINT('Origin',(25.,0.,-4.27710222902377));
#6016=CARTESIAN_POINT('',(24.9999999999999,-37.8475493968094,25.8207106781185));
#6017=CARTESIAN_POINT('',(25.,-37.8616023859973,25.6792893218815));
#6018=CARTESIAN_POINT('Ctrl Pts',(24.9999999999999,-37.8475493968094,25.8207106781185));
#6019=CARTESIAN_POINT('Ctrl Pts',(25.,-37.8545749832545,25.750013125182));
#6020=CARTESIAN_POINT('Ctrl Pts',(25.,-37.8616023859973,25.6792893218815));
#6021=CARTESIAN_POINT('',(25.,-40.8240672117426,25.6792893218815));
#6022=CARTESIAN_POINT('',(25.,0.,25.6792893218815));
#6023=CARTESIAN_POINT('',(24.9999999999999,-40.8103159925816,25.8207106781185));
#6024=CARTESIAN_POINT('',(25.,-40.817191602162,25.75));
#6025=CARTESIAN_POINT('',(24.9999999999999,0.,25.8207106781185));
#6026=CARTESIAN_POINT('Origin',(25.,0.,-4.27710222902377));
#6027=CARTESIAN_POINT('',(25.,-37.8334948223551,25.9621320343563));
#6028=CARTESIAN_POINT('Ctrl Pts',(25.,-37.8334948223551,25.9621320343563));
#6029=CARTESIAN_POINT('Ctrl Pts',(24.9999999999999,-37.8405212010962,25.8914344877752));
#6030=CARTESIAN_POINT('Ctrl Pts',(24.9999999999999,-37.8475493968094,25.8207106781185));
#6031=CARTESIAN_POINT('',(25.,-40.7965635089589,25.9621320343563));
#6032=CARTESIAN_POINT('',(25.,-40.8034397507702,25.8914213562374));
#6033=CARTESIAN_POINT('',(25.,0.,25.9621320343563));
#6034=CARTESIAN_POINT('Origin',(-24.9292893218811,0.,75.8914213562375));
#6035=CARTESIAN_POINT('',(-24.9292893218811,-32.8110062995076,75.8914213562375));
#6036=CARTESIAN_POINT('Origin',(3.61309097783248,0.,47.3490410565239));
#6037=CARTESIAN_POINT('',(-24.9292893218811,-35.9005296527284,75.8914213562375));
#6038=CARTESIAN_POINT('',(-24.9292893218811,0.,75.8914213562375));
#6039=CARTESIAN_POINT('Origin',(3.82182296734258,0.,47.1403090670138));
#6040=CARTESIAN_POINT('Origin',(-49.8585786437626,0.,50.820710678119));
#6041=CARTESIAN_POINT('',(-24.9292893218815,-35.9148051593111,75.75));
#6042=CARTESIAN_POINT('Origin',(-3.47762525081151,0.,97.20166407107));
#6043=CARTESIAN_POINT('',(-24.9292893218815,-32.8257323188394,75.75));
#6044=CARTESIAN_POINT('',(-24.9292893218815,0.,75.75));
#6045=CARTESIAN_POINT('Origin',(-3.26889326130142,0.,97.4103960605801));
#6046=CARTESIAN_POINT('Origin',(25.0707106781188,0.,125.891421356237));
#6047=CARTESIAN_POINT('',(0.212132034356369,-37.4993999951999,150.75));
#6048=CARTESIAN_POINT('Origin',(3.12951122767395,0.,147.832620806682));
#6049=CARTESIAN_POINT('',(0.212132034356369,-34.9993571369532,150.75));
#6050=CARTESIAN_POINT('',(0.212132034356343,0.,150.75));
#6051=CARTESIAN_POINT('Origin',(2.92077923816386,4.44089209850063E-15,148.041352796192));
#6052=CARTESIAN_POINT('Origin',(25.0707106781188,0.,75.8914213562375));
#6053=CARTESIAN_POINT('',(0.141421356237412,-41.6398335874839,100.820710678119));
#6054=CARTESIAN_POINT('Origin',(3.47566709750827,0.,97.4864649368481));
#6055=CARTESIAN_POINT('',(0.141421356237412,-39.1398182479953,100.820710678119));
#6056=CARTESIAN_POINT('',(0.141421356237412,0.,100.820710678119));
#6057=CARTESIAN_POINT('Origin',(3.26693510799817,0.,97.6951969263582));
#6058=CARTESIAN_POINT('Origin',(-24.9292893218811,0.,125.891421356238));
#6059=CARTESIAN_POINT('',(-24.9292893218811,-27.4238252847624,125.891421356237));
#6060=CARTESIAN_POINT('Origin',(3.26693510799817,0.,97.6951969263582));
#6061=CARTESIAN_POINT('',(-24.9292893218811,-30.7184375139831,125.891421356238));
#6062=CARTESIAN_POINT('',(-24.9292893218811,0.,125.891421356238));
#6063=CARTESIAN_POINT('Origin',(3.47566709750827,0.,97.4864649368481));
#6064=CARTESIAN_POINT('Origin',(-49.8585786437626,0.,100.820710678119));
#6065=CARTESIAN_POINT('',(-24.9292893218815,-30.7335381803987,125.75));
#6066=CARTESIAN_POINT('Origin',(-3.1314693809772,4.44089209850063E-15,147.547819940904));
#6067=CARTESIAN_POINT('',(-24.9292893218815,-27.4396706727983,125.75));
#6068=CARTESIAN_POINT('',(-24.9292893218815,0.,125.75));
#6069=CARTESIAN_POINT('Origin',(-2.9227373914671,4.44089209850063E-15,147.756551930414));
#6070=CARTESIAN_POINT('Origin',(-24.9292893218811,0.,25.8914213562375));
#6071=CARTESIAN_POINT('',(-24.9292893218811,-37.8871437619267,25.8914213562375));
#6072=CARTESIAN_POINT('Origin',(3.95924684766681,0.,-2.99711481331044));
#6073=CARTESIAN_POINT('',(-24.9292893218811,-40.8466796974465,25.8914213562375));
#6074=CARTESIAN_POINT('',(-24.9292893218811,0.,25.8914213562375));
#6075=CARTESIAN_POINT('Origin',(4.1679788371769,-8.88178419700125E-15,-3.20584680282053));
#6076=CARTESIAN_POINT('Origin',(-49.8585786437626,0.,0.820710678119045));
#6077=CARTESIAN_POINT('',(-24.9292893218815,-40.860416996036,25.75));
#6078=CARTESIAN_POINT('Origin',(-3.82378112064583,-8.88178419700125E-15,
46.8555082012357));
#6079=CARTESIAN_POINT('',(-24.9292893218815,-37.9011802562661,25.75));
#6080=CARTESIAN_POINT('',(-24.9292893218815,0.,25.75));
#6081=CARTESIAN_POINT('Origin',(-3.61504913113573,0.,47.0642401907458));
#6082=CARTESIAN_POINT('Origin',(25.0707106781188,0.,25.8914213562375));
#6083=CARTESIAN_POINT('',(0.141421356237412,-45.7857923153642,50.8207106781189));
#6084=CARTESIAN_POINT('Origin',(3.82182296734258,0.,47.1403090670138));
#6085=CARTESIAN_POINT('',(0.141421356237412,-43.2857797010707,50.820710678119));
#6086=CARTESIAN_POINT('',(0.141421356237412,0.,50.820710678119));
#6087=CARTESIAN_POINT('Origin',(3.61309097783248,0.,47.3490410565239));
#6088=CARTESIAN_POINT('Origin',(0.,0.,0.));
#6089=CARTESIAN_POINT('',(0.0707106781184663,-34.9999285713557,150.75));
#6090=CARTESIAN_POINT('Origin',(0.,0.,150.75));
#6091=CARTESIAN_POINT('Origin',(2.92175831481549,-4.44089209850063E-15,
147.898952363303));
#6092=CARTESIAN_POINT('Origin',(0.,0.,0.));
#6093=CARTESIAN_POINT('',(-8.88178419700125E-14,-43.2860107232074,50.8207106781186));
#6094=CARTESIAN_POINT('Origin',(3.61407005448412,0.,47.2066406236344));
#6095=CARTESIAN_POINT('Origin',(-3.61407005448412,-8.88178419700125E-15,
47.2066406236345));
#6096=CARTESIAN_POINT('',(-8.88178419700125E-14,-47.4319477049653,0.820710678118584));
#6097=CARTESIAN_POINT('Origin',(3.96022592431843,0.,-3.13951524619997));
#6098=CARTESIAN_POINT('',(-0.820710678118654,-47.4929093021561,0.));
#6099=CARTESIAN_POINT('Origin',(-3.96022592431844,0.,-3.13951524619979));
#6100=CARTESIAN_POINT('',(-0.679289321881558,-47.4951425518145,0.));
#6101=CARTESIAN_POINT('Origin',(0.,0.,0.));
#6102=CARTESIAN_POINT('',(0.0707106781184663,-47.4377582446675,0.750000000000028));
#6103=CARTESIAN_POINT('Origin',(-3.96120500097005,0.,-3.28191567908848));
#6104=CARTESIAN_POINT('',(0.820710678118493,-47.4929093021561,0.));
#6105=CARTESIAN_POINT('Origin',(3.96022592431843,0.,-3.13951524619996));
#6106=CARTESIAN_POINT('',(0.96213203435636,-47.4902548103131,0.));
#6107=CARTESIAN_POINT('Origin',(0.,0.,0.));
#6108=CARTESIAN_POINT('',(0.141421356237412,-47.4317368761314,0.820710678118957));
#6109=CARTESIAN_POINT('Origin',(3.95924684766681,8.88178419700125E-15,-2.99711481331046));
#6110=CARTESIAN_POINT('Origin',(-3.96120500097005,8.88178419700125E-15,
-3.2819156790885));
#6111=CARTESIAN_POINT('',(0.0707106781188571,-47.4260317510202,0.891421356237494));
#6112=CARTESIAN_POINT('Origin',(-3.96022592431844,0.,-3.13951524619977));
#6113=CARTESIAN_POINT('',(-24.8585786437626,-37.9405859622092,25.820710678119));
#6114=CARTESIAN_POINT('Origin',(3.95924684766681,8.88178419700125E-15,-2.99711481331046));
#6115=CARTESIAN_POINT('',(0.0707106781184663,-43.2918162159193,50.75));
#6116=CARTESIAN_POINT('Origin',(-3.61504913113573,0.,47.0642401907458));
#6117=CARTESIAN_POINT('Origin',(3.61407005448412,0.,47.2066406236344));
#6118=CARTESIAN_POINT('Origin',(-3.61504913113573,0.,47.0642401907458));
#6119=CARTESIAN_POINT('',(0.0707106781188571,-43.2800897196562,50.8914213562375));
#6120=CARTESIAN_POINT('Origin',(-3.61407005448412,-8.88178419700125E-15,
47.2066406236345));
#6121=CARTESIAN_POINT('',(-24.8585786437626,-32.8719624886553,75.820710678119));
#6122=CARTESIAN_POINT('Origin',(3.61309097783248,-8.88178419700125E-15,
47.3490410565239));
#6123=CARTESIAN_POINT('',(0.0707106781184663,-39.1458731181176,100.75));
#6124=CARTESIAN_POINT('Origin',(-3.26889326130142,0.,97.4103960605802));
#6125=CARTESIAN_POINT('Origin',(3.2679141846498,0.,97.5527964934687));
#6126=CARTESIAN_POINT('Origin',(-3.26889326130142,0.,97.4103960605801));
#6127=CARTESIAN_POINT('',(0.0707106781188571,-39.1341466183642,100.891421356238));
#6128=CARTESIAN_POINT('Origin',(-3.2679141846498,-8.88178419700125E-15,
97.5527964934689));
#6129=CARTESIAN_POINT('',(-24.8585786437626,-27.4958425851754,125.820710678119));
#6130=CARTESIAN_POINT('Origin',(3.26693510799817,0.,97.6951969263581));
#6131=CARTESIAN_POINT('Origin',(-2.9227373914671,4.44089209850063E-15,147.756551930414));
#6132=CARTESIAN_POINT('',(-0.0707106781186439,-34.9999285713557,150.75));
#6133=CARTESIAN_POINT('Origin',(0.,0.,150.75));
#6134=CARTESIAN_POINT('Origin',(-2.92175831481549,-8.88178419700125E-15,
147.898952363303));
#6135=CARTESIAN_POINT('',(-8.88178419700125E-14,-39.1400737414495,100.820710678119));
#6136=CARTESIAN_POINT('Origin',(3.2679141846498,0.,97.5527964934687));
#6137=CARTESIAN_POINT('Origin',(-3.2679141846498,-8.88178419700125E-15,
97.5527964934689));
#6138=CARTESIAN_POINT('Origin',(0.0707106781184663,0.,50.75));
#6139=CARTESIAN_POINT('',(0.0707106781184663,-45.7918193686439,50.75));
#6140=CARTESIAN_POINT('',(0.0707106781184663,0.,50.75));
#6141=CARTESIAN_POINT('Origin',(3.82280204399422,0.,46.9979086341243));
#6142=CARTESIAN_POINT('',(24.9999999999999,0.,25.8207106781185));
#6143=CARTESIAN_POINT('Origin',(-24.8585786437626,0.,25.820710678119));
#6144=CARTESIAN_POINT('',(-24.8585786437626,-40.8966130532373,25.820710678119));
#6145=CARTESIAN_POINT('',(-24.8585786437626,0.,25.820710678119));
#6146=CARTESIAN_POINT('Origin',(-3.82378112064583,8.88178419700125E-15,
46.8555082012357));
#6147=CARTESIAN_POINT('Origin',(24.9999999999998,0.,25.8207106781185));
#6148=CARTESIAN_POINT('',(0.0707106781188571,-49.9260343906069,0.891421356237494));
#6149=CARTESIAN_POINT('Origin',(-4.16895791382854,-8.88178419700125E-15,
-3.34824723570986));
#6150=CARTESIAN_POINT('',(0.0707106781188571,0.,0.891421356237494));
#6151=CARTESIAN_POINT('Origin',(0.0707106781188216,0.,0.891421356237529));
#6152=CARTESIAN_POINT('Origin',(4.1679788371769,0.,-3.20584680282056));
#6153=CARTESIAN_POINT('Origin',(0.0707106781184663,0.,100.75));
#6154=CARTESIAN_POINT('',(0.0707106781184663,-41.645876951849,100.75));
#6155=CARTESIAN_POINT('',(0.0707106781184663,0.,100.75));
#6156=CARTESIAN_POINT('Origin',(3.47664617415989,0.,97.3440645039586));
#6157=CARTESIAN_POINT('',(24.9999999999999,0.,75.8207106781185));
#6158=CARTESIAN_POINT('Origin',(24.9999999999998,0.,75.8207106781185));
#6159=CARTESIAN_POINT('',(0.0707106781188571,-45.7800928740428,50.8914213562375));
#6160=CARTESIAN_POINT('Origin',(-3.82280204399422,-1.77635683940025E-14,
46.9979086341245));
#6161=CARTESIAN_POINT('',(0.0707106781188571,0.,50.8914213562375));
#6162=CARTESIAN_POINT('Origin',(-24.9292893218815,0.,75.75));
#6163=CARTESIAN_POINT('',(-8.88178419700125E-14,-45.7860107232074,50.8207106781186));
#6164=CARTESIAN_POINT('Origin',(3.82280204399422,0.,46.9979086341243));
#6165=CARTESIAN_POINT('',(-8.88178419700125E-14,0.,50.8207106781186));
#6166=CARTESIAN_POINT('Origin',(-1.06581410364015E-13,0.,50.8207106781185));
#6167=CARTESIAN_POINT('Origin',(-3.82280204399422,-1.77635683940025E-14,
46.9979086341244));
#6168=CARTESIAN_POINT('Origin',(0.141421356237448,0.,100.820710678119));
#6169=CARTESIAN_POINT('Origin',(-3.47762525081151,0.,97.20166407107));
#6170=CARTESIAN_POINT('Origin',(-24.9292893218815,0.,125.75));
#6171=CARTESIAN_POINT('',(-8.88178419700125E-14,-41.6400737414495,100.820710678119));
#6172=CARTESIAN_POINT('Origin',(3.47664617415989,0.,97.3440645039586));
#6173=CARTESIAN_POINT('',(-8.88178419700125E-14,0.,100.820710678119));
#6174=CARTESIAN_POINT('Origin',(-1.06581410364015E-13,0.,100.820710678119));
#6175=CARTESIAN_POINT('Origin',(-3.4766461741599,-1.33226762955019E-14,
97.3440645039587));
#6176=CARTESIAN_POINT('Origin',(0.0707106781188216,0.,100.891421356238));
#6177=CARTESIAN_POINT('',(0.0707106781188571,-41.6341504543246,100.891421356237));
#6178=CARTESIAN_POINT('',(0.0707106781188571,0.,100.891421356237));
#6179=CARTESIAN_POINT('',(-24.8585786437626,-30.7832240956272,125.820710678119));
#6180=CARTESIAN_POINT('Origin',(3.47566709750827,0.,97.4864649368481));
#6181=CARTESIAN_POINT('',(-24.8585786437626,0.,125.820710678119));
#6182=CARTESIAN_POINT('Origin',(-24.8585786437626,0.,125.820710678119));
#6183=CARTESIAN_POINT('',(0.0707106781184663,-37.4999333332741,150.75));
#6184=CARTESIAN_POINT('Origin',(-3.1314693809772,4.44089209850063E-15,147.547819940904));
#6185=CARTESIAN_POINT('',(0.0707106781184397,0.,150.75));
#6186=CARTESIAN_POINT('Origin',(-1.06581410364015E-13,0.,150.820710678119));
#6187=CARTESIAN_POINT('',(-0.0707106781186439,-37.4999333332741,150.75));
#6188=CARTESIAN_POINT('',(-0.0707106781186439,0.,150.75));
#6189=CARTESIAN_POINT('Origin',(-3.13049030432558,-8.88178419700125E-15,
147.690220373793));
#6190=CARTESIAN_POINT('Origin',(0.0707106781184663,0.,0.750000000000028));
#6191=CARTESIAN_POINT('',(0.0707106781184663,-49.937760882982,0.750000000000028));
#6192=CARTESIAN_POINT('',(0.0707106781184663,0.,0.750000000000028));
#6193=CARTESIAN_POINT('',(0.820710678118493,-49.9932638860759,0.));
#6194=CARTESIAN_POINT('Origin',(4.16895791382853,0.,-3.34824723571005));
#6195=CARTESIAN_POINT('',(0.820710678118493,0.,0.));
#6196=CARTESIAN_POINT('Origin',(-24.8585786437626,0.,-24.179289321881));
#6197=CARTESIAN_POINT('',(-0.679289321881558,-49.9953854472308,0.));
#6198=CARTESIAN_POINT('',(-0.67928932188156,0.,0.));
#6199=CARTESIAN_POINT('Origin',(-4.16993699048014,0.,-3.49064766859858));
#6200=CARTESIAN_POINT('Origin',(0.141421356237448,0.,0.820710678118992));
#6201=CARTESIAN_POINT('',(0.141421356237412,-49.9317474319834,0.820710678118957));
#6202=CARTESIAN_POINT('',(0.141421356237412,0.,0.820710678118957));
#6203=CARTESIAN_POINT('Origin',(-4.16993699048014,0.,-3.49064766859859));
#6204=CARTESIAN_POINT('Origin',(25.0707106781188,0.,-24.1085786437625));
#6205=CARTESIAN_POINT('',(0.96213203435636,-49.9907421624091,0.));
#6206=CARTESIAN_POINT('',(0.962132034356358,0.,0.));
#6207=CARTESIAN_POINT('Origin',(4.1679788371769,0.,-3.20584680282055));
#6208=CARTESIAN_POINT('Origin',(-1.06581410364015E-13,0.,0.820710678118548));
#6209=CARTESIAN_POINT('',(-8.88178419700125E-14,-49.9319477049653,0.820710678118584));
#6210=CARTESIAN_POINT('',(-8.88178419700125E-14,0.,0.820710678118584));
#6211=CARTESIAN_POINT('',(-0.820710678118654,-49.9932638860759,0.));
#6212=CARTESIAN_POINT('Origin',(-4.16895791382854,-8.88178419700125E-15,
-3.34824723570988));
#6213=CARTESIAN_POINT('',(-0.820710678118654,0.,0.));
#6214=CARTESIAN_POINT('Origin',(-24.9292893218815,0.,25.75));
#6215=CARTESIAN_POINT('Origin',(4.16895791382853,0.,-3.34824723571006));
#6216=CARTESIAN_POINT('Origin',(0.141421356237448,0.,50.820710678119));
#6217=CARTESIAN_POINT('Origin',(-3.82378112064583,-8.88178419700125E-15,
46.8555082012357));
#6218=CARTESIAN_POINT('Origin',(0.0707106781188216,0.,50.8914213562375));
#6219=CARTESIAN_POINT('',(-24.8585786437626,-35.9566562546798,75.820710678119));
#6220=CARTESIAN_POINT('Origin',(3.82182296734258,0.,47.1403090670138));
#6221=CARTESIAN_POINT('',(-24.8585786437626,0.,75.820710678119));
#6222=CARTESIAN_POINT('Origin',(-24.8585786437626,0.,75.820710678119));
#6223=CARTESIAN_POINT('Origin',(-3.47762525081151,4.44089209850063E-15,
97.20166407107));
#6224=CARTESIAN_POINT('Origin',(24.9999999999998,0.,125.820710678119));
#6225=CARTESIAN_POINT('',(24.9999999999999,0.,125.820710678119));
#6226=CARTESIAN_POINT('Origin',(-3.4766461741599,-8.88178419700125E-15,
97.3440645039588));
#6227=CARTESIAN_POINT('Origin',(0.0707106781184663,0.,150.75));
#6228=CARTESIAN_POINT('Origin',(3.13049030432558,0.,147.690220373793));
#6229=CARTESIAN_POINT('Origin',(1.83847763108503,1.83847763108503,0.));
#6230=CARTESIAN_POINT('',(-3.69557992986267,-3.624869251744,150.75));
#6231=CARTESIAN_POINT('',(7.30182451391405,7.37253519203272,150.75));
#6232=CARTESIAN_POINT('Origin',(1.83847763108503,1.83847763108503,150.75));
#6233=CARTESIAN_POINT('',(-3.69557992986267,-3.624869251744,0.));
#6234=CARTESIAN_POINT('',(-3.69557992986267,-3.624869251744,0.));
#6235=CARTESIAN_POINT('',(7.30182451391405,7.37253519203272,0.));
#6236=CARTESIAN_POINT('Origin',(1.83847763108503,1.83847763108503,0.));
#6237=CARTESIAN_POINT('',(7.30182451391405,7.37253519203272,0.));
#6238=CARTESIAN_POINT('Origin',(35.3199660425941,35.3906767207127,0.));
#6239=CARTESIAN_POINT('',(26.4811253851997,26.5518360633184,150.75));
#6240=CARTESIAN_POINT('',(17.6423053517674,17.713016029886,150.75));
#6241=CARTESIAN_POINT('',(35.3199660425941,35.3906767207127,0.));
#6242=CARTESIAN_POINT('',(17.6423053517674,17.713016029886,0.));
#6243=CARTESIAN_POINT('',(30.9005457138969,30.9712563920156,75.375));
#6244=CARTESIAN_POINT('Origin',(7.37253519203271,7.30182451391407,0.));
#6245=CARTESIAN_POINT('',(35.3906767207127,35.3199660425941,0.));
#6246=CARTESIAN_POINT('',(26.5518360633183,26.4811253851997,150.75));
#6247=CARTESIAN_POINT('',(30.9712563920155,30.9005457138969,75.375));
#6248=CARTESIAN_POINT('',(7.37253519203271,7.30182451391407,0.));
#6249=CARTESIAN_POINT('',(3.70394526554602,3.63323458742737,0.));
#6250=CARTESIAN_POINT('',(7.37253519203271,7.30182451391407,150.75));
#6251=CARTESIAN_POINT('',(7.37253519203271,7.30182451391407,0.));
#6252=CARTESIAN_POINT('',(3.70394526554602,3.63323458742737,150.75));
#6253=CARTESIAN_POINT('Origin',(-3.69557992986267,-3.624869251744,0.));
#6254=CARTESIAN_POINT('',(-25.8447528523683,-25.7740421742497,150.75));
#6255=CARTESIAN_POINT('',(-1.865467634461,-1.79475695634233,150.75));
#6256=CARTESIAN_POINT('',(-25.8447528523683,-25.7740421742497,0.));
#6257=CARTESIAN_POINT('',(-25.8447528523683,-25.7740421742497,0.));
#6258=CARTESIAN_POINT('',(-1.865467634461,-1.79475695634233,0.));
#6259=CARTESIAN_POINT('Origin',(1.83847763108503,1.83847763108503,0.));
#6260=CARTESIAN_POINT('',(-3.62486925174402,-3.69557992986266,150.75));
#6261=CARTESIAN_POINT('Origin',(1.83847763108503,1.83847763108503,150.75));
#6262=CARTESIAN_POINT('',(-3.62486925174402,-3.69557992986266,0.));
#6263=CARTESIAN_POINT('Origin',(1.83847763108503,1.83847763108503,0.));
#6264=CARTESIAN_POINT('',(-3.62486925174402,-3.69557992986266,0.));
#6265=CARTESIAN_POINT('Origin',(-25.7740421742497,-25.8447528523683,0.));
#6266=CARTESIAN_POINT('',(-25.7740421742497,-25.8447528523683,150.75));
#6267=CARTESIAN_POINT('',(-12.8693434175952,-12.9400540957138,150.75));
#6268=CARTESIAN_POINT('',(-25.7740421742497,-25.8447528523683,0.));
#6269=CARTESIAN_POINT('',(-12.8693434175952,-12.9400540957138,0.));
#6270=CARTESIAN_POINT('',(-25.7740421742497,-25.8447528523683,0.));
#6271=CARTESIAN_POINT('Origin',(-25.8447528523683,-25.7740421742497,0.));
#6272=CARTESIAN_POINT('',(-25.8270751828378,-25.7917198437801,150.75));
#6273=CARTESIAN_POINT('',(-25.8270751828378,-25.7917198437801,0.));
#6274=CARTESIAN_POINT('Origin',(-1.06581410364015E-13,0.,150.820710678119));
#6275=CARTESIAN_POINT('',(-24.9292893218811,27.4238252847624,125.891421356237));
#6276=CARTESIAN_POINT('',(-0.0707106781186439,34.9999285713557,150.75));
#6277=CARTESIAN_POINT('Origin',(-2.92175831481549,-8.88178419700125E-15,
147.898952363303));
#6278=CARTESIAN_POINT('',(-24.9292893218811,30.7184375139831,125.891421356238));
#6279=CARTESIAN_POINT('',(-24.9292893218811,0.,125.891421356238));
#6280=CARTESIAN_POINT('',(-0.0707106781186439,37.4999333332741,150.75));
#6281=CARTESIAN_POINT('Origin',(-3.13049030432558,-8.88178419700125E-15,
147.690220373793));
#6282=CARTESIAN_POINT('',(-0.0707106781186439,0.,150.75));
#6283=CARTESIAN_POINT('Origin',(25.0707106781188,0.,125.891421356237));
#6284=CARTESIAN_POINT('',(25.000000372529,27.3514365152464,125.962131661827));
#6285=CARTESIAN_POINT('',(25.000000372529,30.6533517490628,125.962131661827));
#6286=CARTESIAN_POINT('',(25.000000372529,0.,125.962131661827));
#6287=CARTESIAN_POINT('',(0.212132034356369,34.9993571369532,150.75));
#6288=CARTESIAN_POINT('Origin',(2.92077923816386,4.44089209850063E-15,148.041352796192));
#6289=CARTESIAN_POINT('',(0.212132034356369,37.4993999951999,150.75));
#6290=CARTESIAN_POINT('',(0.212132034356343,0.,150.75));
#6291=CARTESIAN_POINT('Origin',(3.12951122767395,0.,147.832620806682));
#6292=CARTESIAN_POINT('Origin',(-1.06581410364015E-13,0.,100.820710678119));
#6293=CARTESIAN_POINT('',(-24.9292893218811,32.8110062995076,75.8914213562375));
#6294=CARTESIAN_POINT('',(-8.88178419700125E-14,39.1400737414495,100.820710678119));
#6295=CARTESIAN_POINT('Origin',(-3.2679141846498,-8.88178419700125E-15,
97.5527964934689));
#6296=CARTESIAN_POINT('',(-24.9292893218811,35.9005296527284,75.8914213562375));
#6297=CARTESIAN_POINT('',(-24.9292893218811,0.,75.8914213562375));
#6298=CARTESIAN_POINT('',(-8.88178419700125E-14,41.6400737414495,100.820710678119));
#6299=CARTESIAN_POINT('Origin',(-3.4766461741599,-1.33226762955019E-14,
97.3440645039587));
#6300=CARTESIAN_POINT('',(-8.88178419700125E-14,0.,100.820710678119));
#6301=CARTESIAN_POINT('Origin',(-24.9292893218815,0.,125.75));
#6302=CARTESIAN_POINT('',(-24.9292893218815,27.4396706727983,125.75));
#6303=CARTESIAN_POINT('Origin',(3.2679141846498,0.,97.5527964934687));
#6304=CARTESIAN_POINT('',(-24.9292893218815,30.7335381803987,125.75));
#6305=CARTESIAN_POINT('Origin',(3.47664617415989,0.,97.3440645039586));
#6306=CARTESIAN_POINT('',(-24.9292893218815,0.,125.75));
#6307=CARTESIAN_POINT('Origin',(-24.8585786437626,0.,125.820710678119));
#6308=CARTESIAN_POINT('',(0.0707106781184663,34.9999285713557,150.75));
#6309=CARTESIAN_POINT('',(-24.8585786437626,27.4958425851754,125.820710678119));
#6310=CARTESIAN_POINT('Origin',(-2.9227373914671,4.44089209850063E-15,147.756551930414));
#6311=CARTESIAN_POINT('',(0.0707106781184663,37.4999333332741,150.75));
#6312=CARTESIAN_POINT('',(0.0707106781184397,0.,150.75));
#6313=CARTESIAN_POINT('',(-24.8585786437626,30.7832240956272,125.820710678119));
#6314=CARTESIAN_POINT('Origin',(-3.1314693809772,4.44089209850063E-15,147.547819940904));
#6315=CARTESIAN_POINT('',(-24.8585786437626,0.,125.820710678119));
#6316=CARTESIAN_POINT('Origin',(25.0707106781188,0.,75.8914213562375));
#6317=CARTESIAN_POINT('',(25.,32.7497850324586,75.9621320343563));
#6318=CARTESIAN_POINT('',(25.,35.8441766320669,75.9621320343563));
#6319=CARTESIAN_POINT('',(25.,0.,75.9621320343563));
#6320=CARTESIAN_POINT('',(0.141421356237412,39.1398182479953,100.820710678119));
#6321=CARTESIAN_POINT('Origin',(3.26693510799817,0.,97.6951969263582));
#6322=CARTESIAN_POINT('',(0.141421356237412,41.6398335874839,100.820710678119));
#6323=CARTESIAN_POINT('',(0.141421356237412,0.,100.820710678119));
#6324=CARTESIAN_POINT('Origin',(3.47566709750827,0.,97.4864649368481));
#6325=CARTESIAN_POINT('Origin',(-1.06581410364015E-13,0.,50.8207106781185));
#6326=CARTESIAN_POINT('',(-24.9292893218811,37.8871437619267,25.8914213562375));
#6327=CARTESIAN_POINT('',(-8.88178419700125E-14,43.2860107232074,50.8207106781186));
#6328=CARTESIAN_POINT('Origin',(-3.61407005448412,-8.88178419700125E-15,
47.2066406236345));
#6329=CARTESIAN_POINT('',(-24.9292893218811,40.8466796974465,25.8914213562375));
#6330=CARTESIAN_POINT('',(-24.9292893218811,0.,25.8914213562375));
#6331=CARTESIAN_POINT('',(-8.88178419700125E-14,45.7860107232074,50.8207106781186));
#6332=CARTESIAN_POINT('Origin',(-3.82280204399422,-1.77635683940025E-14,
46.9979086341244));
#6333=CARTESIAN_POINT('',(-8.88178419700125E-14,0.,50.8207106781186));
#6334=CARTESIAN_POINT('Origin',(-24.9292893218815,0.,75.75));
#6335=CARTESIAN_POINT('',(-24.9292893218815,32.8257323188394,75.75));
#6336=CARTESIAN_POINT('Origin',(3.61407005448412,0.,47.2066406236344));
#6337=CARTESIAN_POINT('',(-24.9292893218815,35.9148051593111,75.75));
#6338=CARTESIAN_POINT('Origin',(3.82280204399422,0.,46.9979086341243));
#6339=CARTESIAN_POINT('',(-24.9292893218815,0.,75.75));
#6340=CARTESIAN_POINT('Origin',(-49.8585786437626,0.,0.820710678119045));
#6341=CARTESIAN_POINT('',(-25.,37.8616023859973,25.6792893218816));
#6342=CARTESIAN_POINT('',(-25.,40.8240672117426,25.6792893218816));
#6343=CARTESIAN_POINT('',(-25.,0.,25.6792893218816));
#6344=CARTESIAN_POINT('',(-24.9292893218815,37.9011802562661,25.75));
#6345=CARTESIAN_POINT('Origin',(-3.61504913113573,0.,47.0642401907458));
#6346=CARTESIAN_POINT('',(-24.9292893218815,40.860416996036,25.75));
#6347=CARTESIAN_POINT('',(-24.9292893218815,0.,25.75));
#6348=CARTESIAN_POINT('Origin',(-3.82378112064583,-8.88178419700125E-15,
46.8555082012357));
#6349=CARTESIAN_POINT('Origin',(24.9999999999998,0.,25.8207106781185));
#6350=CARTESIAN_POINT('',(0.0707106781188571,47.4260317510202,0.891421356237494));
#6351=CARTESIAN_POINT('',(24.9999999999999,37.8475493968094,25.8207106781185));
#6352=CARTESIAN_POINT('Origin',(-3.96022592431844,0.,-3.13951524619977));
#6353=CARTESIAN_POINT('',(0.0707106781188571,49.9260343906069,0.891421356237494));
#6354=CARTESIAN_POINT('',(0.0707106781188571,0.,0.891421356237494));
#6355=CARTESIAN_POINT('',(24.9999999999999,40.8103159925816,25.8207106781185));
#6356=CARTESIAN_POINT('Origin',(-4.16895791382854,-8.88178419700125E-15,
-3.34824723570986));
#6357=CARTESIAN_POINT('',(24.9999999999999,0.,25.8207106781185));
#6358=CARTESIAN_POINT('Origin',(0.0707106781188216,0.,0.891421356237529));
#6359=CARTESIAN_POINT('',(-24.8585786437626,37.9405859622092,25.820710678119));
#6360=CARTESIAN_POINT('Origin',(3.95924684766681,8.88178419700125E-15,-2.99711481331046));
#6361=CARTESIAN_POINT('',(-24.8585786437626,40.8966130532373,25.820710678119));
#6362=CARTESIAN_POINT('',(-24.8585786437626,0.,25.820710678119));
#6363=CARTESIAN_POINT('Origin',(4.1679788371769,0.,-3.20584680282056));
#6364=CARTESIAN_POINT('Origin',(0.0707106781184663,0.,150.75));
#6365=CARTESIAN_POINT('',(24.9999999999999,27.3673216018098,125.820710678119));
#6366=CARTESIAN_POINT('Origin',(2.92175831481549,-4.44089209850063E-15,
147.898952363303));
#6367=CARTESIAN_POINT('',(24.9999999999999,30.6684824846248,125.820710678119));
#6368=CARTESIAN_POINT('',(24.9999999999999,0.,125.820710678119));
#6369=CARTESIAN_POINT('Origin',(3.13049030432558,0.,147.690220373793));
#6370=CARTESIAN_POINT('Origin',(24.9999999999998,0.,125.820710678119));
#6371=CARTESIAN_POINT('',(0.0707106781188571,39.1341466183642,100.891421356238));
#6372=CARTESIAN_POINT('Origin',(-3.2679141846498,-8.88178419700125E-15,
97.5527964934689));
#6373=CARTESIAN_POINT('',(0.0707106781188571,41.6341504543246,100.891421356237));
#6374=CARTESIAN_POINT('',(0.0707106781188571,0.,100.891421356237));
#6375=CARTESIAN_POINT('Origin',(-3.4766461741599,-8.88178419700125E-15,
97.3440645039588));
#6376=CARTESIAN_POINT('Origin',(0.0707106781188216,0.,100.891421356238));
#6377=CARTESIAN_POINT('Origin',(3.26693510799817,0.,97.6951969263581));
#6378=CARTESIAN_POINT('Origin',(3.47566709750827,0.,97.4864649368481));
#6379=CARTESIAN_POINT('Origin',(-49.8585786437626,0.,100.820710678119));
#6380=CARTESIAN_POINT('',(-25.000000372529,27.3832018984988,125.679288949353));
#6381=CARTESIAN_POINT('',(-25.000000372529,30.6836097130754,125.679288949353));
#6382=CARTESIAN_POINT('',(-25.000000372529,0.,125.679288949353));
#6383=CARTESIAN_POINT('Origin',(-2.9227373914671,4.44089209850063E-15,147.756551930414));
#6384=CARTESIAN_POINT('Origin',(-3.1314693809772,4.44089209850063E-15,147.547819940904));
#6385=CARTESIAN_POINT('Origin',(-49.8585786437626,0.,50.820710678119));
#6386=CARTESIAN_POINT('',(-25.,32.7792854625573,75.6792893218816));
#6387=CARTESIAN_POINT('',(-25.,35.8727668155182,75.6792893218816));
#6388=CARTESIAN_POINT('',(-25.,0.,75.6792893218816));
#6389=CARTESIAN_POINT('Origin',(-3.26889326130142,0.,97.4103960605801));
#6390=CARTESIAN_POINT('Origin',(-3.47762525081151,0.,97.20166407107));
#6391=CARTESIAN_POINT('Origin',(0.0707106781188216,0.,50.8914213562375));
#6392=CARTESIAN_POINT('',(-24.8585786437626,32.8719624886553,75.820710678119));
#6393=CARTESIAN_POINT('',(0.0707106781188571,43.2800897196562,50.8914213562375));
#6394=CARTESIAN_POINT('Origin',(3.61309097783248,-8.88178419700125E-15,
47.3490410565239));
#6395=CARTESIAN_POINT('',(-24.8585786437626,35.9566562546798,75.820710678119));
#6396=CARTESIAN_POINT('',(-24.8585786437626,0.,75.820710678119));
#6397=CARTESIAN_POINT('',(0.0707106781188571,45.7800928740428,50.8914213562375));
#6398=CARTESIAN_POINT('Origin',(3.82182296734258,0.,47.1403090670138));
#6399=CARTESIAN_POINT('',(0.0707106781188571,0.,50.8914213562375));
#6400=CARTESIAN_POINT('Origin',(-24.8585786437626,0.,75.820710678119));
#6401=CARTESIAN_POINT('',(0.0707106781184663,39.1458731181176,100.75));
#6402=CARTESIAN_POINT('Origin',(-3.26889326130142,0.,97.4103960605802));
#6403=CARTESIAN_POINT('',(0.0707106781184663,41.645876951849,100.75));
#6404=CARTESIAN_POINT('',(0.0707106781184663,0.,100.75));
#6405=CARTESIAN_POINT('Origin',(-3.47762525081151,4.44089209850063E-15,
97.20166407107));
#6406=CARTESIAN_POINT('Origin',(24.9999999999998,0.,75.8207106781185));
#6407=CARTESIAN_POINT('',(24.9999999999999,32.764536469233,75.8207106781185));
#6408=CARTESIAN_POINT('Origin',(-3.61407005448412,-8.88178419700125E-15,
47.2066406236345));
#6409=CARTESIAN_POINT('',(24.9999999999999,35.8584726557803,75.8207106781185));
#6410=CARTESIAN_POINT('Origin',(-3.82280204399422,-1.77635683940025E-14,
46.9979086341245));
#6411=CARTESIAN_POINT('',(24.9999999999999,0.,75.8207106781185));
#6412=CARTESIAN_POINT('Origin',(0.0707106781184663,0.,100.75));
#6413=CARTESIAN_POINT('Origin',(3.2679141846498,0.,97.5527964934687));
#6414=CARTESIAN_POINT('Origin',(3.47664617415989,0.,97.3440645039586));
#6415=CARTESIAN_POINT('Origin',(25.0707106781188,0.,25.8914213562375));
#6416=CARTESIAN_POINT('',(25.,37.8334948223551,25.9621320343563));
#6417=CARTESIAN_POINT('',(25.,40.7965635089589,25.9621320343563));
#6418=CARTESIAN_POINT('',(25.,0.,25.9621320343563));
#6419=CARTESIAN_POINT('',(0.141421356237412,43.2857797010707,50.820710678119));
#6420=CARTESIAN_POINT('Origin',(3.61309097783248,0.,47.3490410565239));
#6421=CARTESIAN_POINT('',(0.141421356237412,45.7857923153642,50.8207106781189));
#6422=CARTESIAN_POINT('',(0.141421356237412,0.,50.820710678119));
#6423=CARTESIAN_POINT('Origin',(3.82182296734258,0.,47.1403090670138));
#6424=CARTESIAN_POINT('Origin',(-24.9292893218815,0.,25.75));
#6425=CARTESIAN_POINT('',(-8.88178419700125E-14,47.4319477049653,0.820710678118584));
#6426=CARTESIAN_POINT('Origin',(3.96022592431843,0.,-3.13951524619997));
#6427=CARTESIAN_POINT('',(-8.88178419700125E-14,49.9319477049653,0.820710678118584));
#6428=CARTESIAN_POINT('',(-8.88178419700125E-14,0.,0.820710678118584));
#6429=CARTESIAN_POINT('Origin',(4.16895791382853,0.,-3.34824723571006));
#6430=CARTESIAN_POINT('Origin',(-1.06581410364015E-13,0.,0.820710678118548));
#6431=CARTESIAN_POINT('',(-0.820710678118654,47.4929093021561,0.));
#6432=CARTESIAN_POINT('Origin',(-3.96022592431844,0.,-3.13951524619979));
#6433=CARTESIAN_POINT('',(-0.820710678118654,49.9932638860759,0.));
#6434=CARTESIAN_POINT('',(-0.820710678118654,0.,0.));
#6435=CARTESIAN_POINT('Origin',(-4.16895791382854,-8.88178419700125E-15,
-3.34824723570988));
#6436=CARTESIAN_POINT('Origin',(-24.8585786437626,0.,-24.179289321881));
#6437=CARTESIAN_POINT('',(0.0707106781184663,47.4377582446675,0.750000000000028));
#6438=CARTESIAN_POINT('',(-0.679289321881558,47.4951425518145,0.));
#6439=CARTESIAN_POINT('Origin',(-3.96120500097005,0.,-3.28191567908848));
#6440=CARTESIAN_POINT('',(0.0707106781184663,49.937760882982,0.750000000000028));
#6441=CARTESIAN_POINT('',(0.0707106781184663,0.,0.750000000000028));
#6442=CARTESIAN_POINT('',(-0.679289321881558,49.9953854472308,0.));
#6443=CARTESIAN_POINT('Origin',(-4.16993699048014,0.,-3.49064766859858));
#6444=CARTESIAN_POINT('',(-0.67928932188156,0.,0.));
#6445=CARTESIAN_POINT('Origin',(0.0707106781184663,0.,0.750000000000028));
#6446=CARTESIAN_POINT('',(0.820710678118493,47.4929093021561,0.));
#6447=CARTESIAN_POINT('Origin',(3.96022592431843,0.,-3.13951524619996));
#6448=CARTESIAN_POINT('',(0.820710678118493,49.9932638860759,0.));
#6449=CARTESIAN_POINT('',(0.820710678118493,0.,0.));
#6450=CARTESIAN_POINT('Origin',(4.16895791382853,0.,-3.34824723571005));
#6451=CARTESIAN_POINT('Origin',(25.0707106781188,0.,-24.1085786437625));
#6452=CARTESIAN_POINT('',(0.141421356237412,47.4317368761314,0.820710678118957));
#6453=CARTESIAN_POINT('',(0.96213203435636,47.4902548103131,0.));
#6454=CARTESIAN_POINT('Origin',(3.95924684766681,8.88178419700125E-15,-2.99711481331046));
#6455=CARTESIAN_POINT('',(0.141421356237412,49.9317474319834,0.820710678118957));
#6456=CARTESIAN_POINT('',(0.141421356237412,0.,0.820710678118957));
#6457=CARTESIAN_POINT('',(0.96213203435636,49.9907421624091,0.));
#6458=CARTESIAN_POINT('Origin',(4.1679788371769,0.,-3.20584680282055));
#6459=CARTESIAN_POINT('',(0.962132034356358,0.,0.));
#6460=CARTESIAN_POINT('Origin',(-24.8585786437626,0.,25.820710678119));
#6461=CARTESIAN_POINT('',(0.0707106781184663,43.2918162159193,50.75));
#6462=CARTESIAN_POINT('Origin',(-3.61504913113573,0.,47.0642401907458));
#6463=CARTESIAN_POINT('',(0.0707106781184663,45.7918193686439,50.75));
#6464=CARTESIAN_POINT('',(0.0707106781184663,0.,50.75));
#6465=CARTESIAN_POINT('Origin',(-3.82378112064583,8.88178419700125E-15,
46.8555082012357));
#6466=CARTESIAN_POINT('Origin',(0.0707106781184663,0.,50.75));
#6467=CARTESIAN_POINT('Origin',(3.61407005448412,0.,47.2066406236344));
#6468=CARTESIAN_POINT('Origin',(3.82280204399422,0.,46.9979086341243));
#6469=CARTESIAN_POINT('Origin',(0.,0.,0.));
#6470=CARTESIAN_POINT('',(-25.,32.7645364692328,75.8207106781186));
#6471=CARTESIAN_POINT('Ctrl Pts',(-25.,32.7645364692328,75.8207106781186));
#6472=CARTESIAN_POINT('Ctrl Pts',(-25.,32.7719099168996,75.7500159116648));
#6473=CARTESIAN_POINT('Ctrl Pts',(-25.,32.7792854625573,75.6792893218816));
#6474=CARTESIAN_POINT('',(-25.,32.7497850324586,75.9621320343564));
#6475=CARTESIAN_POINT('Ctrl Pts',(-25.,32.7497850324586,75.9621320343564));
#6476=CARTESIAN_POINT('Ctrl Pts',(-25.,32.7571597013779,75.8914372777044));
#6477=CARTESIAN_POINT('Ctrl Pts',(-25.,32.7645364692328,75.8207106781186));
#6478=CARTESIAN_POINT('Origin',(3.61309097783248,0.,47.3490410565239));
#6479=CARTESIAN_POINT('',(-25.,27.3673216018096,125.820710678119));
#6480=CARTESIAN_POINT('Ctrl Pts',(-25.,27.3673216018096,125.820710678119));
#6481=CARTESIAN_POINT('Ctrl Pts',(-25.0000003725139,27.3752603263388,125.750020304861));
#6482=CARTESIAN_POINT('Ctrl Pts',(-25.000000372529,27.3832018984988,125.679288949353));
#6483=CARTESIAN_POINT('',(-25.000000372529,27.3514364315485,125.962132406885));
#6484=CARTESIAN_POINT('Ctrl Pts',(-25.000000372529,27.3514364315485,125.962132406885));
#6485=CARTESIAN_POINT('Ctrl Pts',(-25.,27.3593779281854,125.891442088715));
#6486=CARTESIAN_POINT('Ctrl Pts',(-25.,27.3673216018096,125.820710678119));
#6487=CARTESIAN_POINT('Origin',(3.26693510799817,0.,97.6951969263582));
#6488=CARTESIAN_POINT('Origin',(0.,0.,150.75));
#6489=CARTESIAN_POINT('',(25.000000372529,27.3832018148453,125.679289694411));
#6490=CARTESIAN_POINT('Ctrl Pts',(25.000000372529,27.3832018148453,125.679289694411));
#6491=CARTESIAN_POINT('Ctrl Pts',(24.9999999999999,27.3752606205775,125.750020714915));
#6492=CARTESIAN_POINT('Ctrl Pts',(24.9999999999999,27.3673216018098,125.820710678119));
#6493=CARTESIAN_POINT('Origin',(-3.26889326130142,0.,97.4103960605801));
#6494=CARTESIAN_POINT('Ctrl Pts',(24.9999999999999,32.764536469233,75.8207106781185));
#6495=CARTESIAN_POINT('Ctrl Pts',(25.,32.7571597013779,75.8914372777043));
#6496=CARTESIAN_POINT('Ctrl Pts',(25.,32.7497850324586,75.9621320343563));
#6497=CARTESIAN_POINT('',(25.,32.7792854625573,75.6792893218815));
#6498=CARTESIAN_POINT('Ctrl Pts',(25.,32.7792854625573,75.6792893218815));
#6499=CARTESIAN_POINT('Ctrl Pts',(24.9999999999999,32.7719099168997,75.7500159116647));
#6500=CARTESIAN_POINT('Ctrl Pts',(24.9999999999999,32.764536469233,75.8207106781185));
#6501=CARTESIAN_POINT('Origin',(-3.61504913113573,0.,47.0642401907458));
#6502=CARTESIAN_POINT('Ctrl Pts',(24.9999999999999,37.8475493968094,25.8207106781185));
#6503=CARTESIAN_POINT('Ctrl Pts',(25.,37.8405212010961,25.8914344877752));
#6504=CARTESIAN_POINT('Ctrl Pts',(25.,37.8334948223551,25.9621320343563));
#6505=CARTESIAN_POINT('',(25.,37.8616023859973,25.6792893218815));
#6506=CARTESIAN_POINT('Ctrl Pts',(25.,37.8616023859973,25.6792893218815));
#6507=CARTESIAN_POINT('Ctrl Pts',(24.9999999999999,37.8545749832546,25.750013125182));
#6508=CARTESIAN_POINT('Ctrl Pts',(24.9999999999999,37.8475493968094,25.8207106781185));
#6509=CARTESIAN_POINT('Origin',(-3.96120500097005,8.88178419700125E-15,
-3.2819156790885));
#6510=CARTESIAN_POINT('Origin',(0.,0.,0.));
#6511=CARTESIAN_POINT('Origin',(0.,0.,0.));
#6512=CARTESIAN_POINT('',(-25.,37.8475493968092,25.8207106781186));
#6513=CARTESIAN_POINT('Ctrl Pts',(-25.,37.8475493968092,25.8207106781186));
#6514=CARTESIAN_POINT('Ctrl Pts',(-25.,37.8545749832545,25.7500131251821));
#6515=CARTESIAN_POINT('Ctrl Pts',(-25.,37.8616023859973,25.6792893218816));
#6516=CARTESIAN_POINT('',(-25.,37.8334948223551,25.9621320343564));
#6517=CARTESIAN_POINT('Ctrl Pts',(-25.,37.8334948223551,25.9621320343564));
#6518=CARTESIAN_POINT('Ctrl Pts',(-25.,37.8405212010961,25.8914344877753));
#6519=CARTESIAN_POINT('Ctrl Pts',(-25.,37.8475493968092,25.8207106781186));
#6520=CARTESIAN_POINT('Origin',(3.95924684766681,0.,-2.99711481331044));
#6521=CARTESIAN_POINT('Origin',(0.141421356237448,0.,0.820710678118992));
#6522=CARTESIAN_POINT('',(25.,40.8240672117426,25.6792893218815));
#6523=CARTESIAN_POINT('',(25.,0.,25.6792893218815));
#6524=CARTESIAN_POINT('Origin',(-4.16993699048014,0.,-3.49064766859859));
#6525=CARTESIAN_POINT('Origin',(0.,0.,0.));
#6526=CARTESIAN_POINT('Ctrl Pts',(24.9999999999999,27.3673216018098,125.820710678119));
#6527=CARTESIAN_POINT('Ctrl Pts',(25.0000003725068,27.3593776340018,125.89144167823));
#6528=CARTESIAN_POINT('Ctrl Pts',(25.000000372529,27.3514365152464,125.962131661827));
#6529=CARTESIAN_POINT('Origin',(0.,0.,150.75));
#6530=CARTESIAN_POINT('Origin',(-24.9292893218811,0.,25.8914213562375));
#6531=CARTESIAN_POINT('',(-25.,40.7965635089589,25.9621320343564));
#6532=CARTESIAN_POINT('',(-25.,0.,25.9621320343564));
#6533=CARTESIAN_POINT('Origin',(4.1679788371769,-8.88178419700125E-15,-3.20584680282053));
#6534=CARTESIAN_POINT('Origin',(-24.9292893218811,0.,125.891421356238));
#6535=CARTESIAN_POINT('',(-25.000000372529,30.6533516693422,125.962132406885));
#6536=CARTESIAN_POINT('',(-25.000000372529,0.,125.962132406885));
#6537=CARTESIAN_POINT('Origin',(3.47566709750827,0.,97.4864649368481));
#6538=CARTESIAN_POINT('Origin',(0.141421356237448,0.,50.820710678119));
#6539=CARTESIAN_POINT('',(25.,35.8727668155182,75.6792893218815));
#6540=CARTESIAN_POINT('',(25.,0.,75.6792893218815));
#6541=CARTESIAN_POINT('Origin',(-3.82378112064583,-8.88178419700125E-15,
46.8555082012357));
#6542=CARTESIAN_POINT('Origin',(0.141421356237448,0.,100.820710678119));
#6543=CARTESIAN_POINT('',(25.000000372529,30.6836096333863,125.679289694411));
#6544=CARTESIAN_POINT('',(25.000000372529,0.,125.679289694411));
#6545=CARTESIAN_POINT('Origin',(-3.47762525081151,0.,97.20166407107));
#6546=CARTESIAN_POINT('Origin',(-24.9292893218811,0.,75.8914213562375));
#6547=CARTESIAN_POINT('',(-25.,35.8441766320669,75.9621320343564));
#6548=CARTESIAN_POINT('',(-25.,0.,75.9621320343564));
#6549=CARTESIAN_POINT('Origin',(3.82182296734258,0.,47.1403090670138));
#6550=CARTESIAN_POINT('Origin',(25.,0.,-4.27710222902377));
#6551=CARTESIAN_POINT('',(24.9999999999999,0.,25.8207106781185));
#6552=CARTESIAN_POINT('',(25.,40.817191602162,25.75));
#6553=CARTESIAN_POINT('Origin',(25.,0.,-4.27710222902377));
#6554=CARTESIAN_POINT('',(25.,40.8034397507702,25.8914213562374));
#6555=CARTESIAN_POINT('Origin',(-25.,0.,48.0741672271109));
#6556=CARTESIAN_POINT('',(-25.,40.8103153603507,25.820710678119));
#6557=CARTESIAN_POINT('Origin',(-25.000000372529,0.,143.466783854165));
#6558=CARTESIAN_POINT('',(-25.000000372529,30.6684806912088,125.820710678119));
#6559=CARTESIAN_POINT('Origin',(25.,0.,50.));
#6560=CARTESIAN_POINT('',(24.9999999999999,0.,75.8207106781185));
#6561=CARTESIAN_POINT('',(25.,35.8656197356492,75.75));
#6562=CARTESIAN_POINT('Origin',(25.,0.,50.));
#6563=CARTESIAN_POINT('',(25.,35.8513246439235,75.8914213562374));
#6564=CARTESIAN_POINT('Origin',(25.000000372529,0.,102.633843057555));
#6565=CARTESIAN_POINT('',(24.9999999999999,0.,125.820710678119));
#6566=CARTESIAN_POINT('',(25.000000372529,30.6760459071684,125.750000186265));
#6567=CARTESIAN_POINT('Origin',(25.000000372529,0.,102.633843057555));
#6568=CARTESIAN_POINT('',(25.000000372529,30.6609169650066,125.891421169973));
#6569=CARTESIAN_POINT('Origin',(-25.,0.,95.));
#6570=CARTESIAN_POINT('',(-25.,35.8584717237925,75.820710678119));
#6571=CARTESIAN_POINT('Origin',(0.,0.,150.75));
#6572=CARTESIAN_POINT('',(-35.,-7.105427357601E-14,150.75));
#6573=CARTESIAN_POINT('',(-27.4317484962737,-24.9292893218813,125.820710678119));
#6574=CARTESIAN_POINT('Origin',(-1.33226762955019E-14,-2.92224785314131,
147.827752146859));
#6575=CARTESIAN_POINT('',(-37.5,-7.105427357601E-14,150.75));
#6576=CARTESIAN_POINT('',(0.,-4.88498130835069E-14,150.75));
#6577=CARTESIAN_POINT('',(-30.725988215445,-24.9292893218813,125.820710678119));
#6578=CARTESIAN_POINT('Origin',(-8.88178419700125E-15,-3.1309798426514,
147.619020157349));
#6579=CARTESIAN_POINT('',(0.,-24.9292893218813,125.820710678119));
#6580=CARTESIAN_POINT('Origin',(0.,-24.9292893218813,125.820710678119));
#6581=CARTESIAN_POINT('',(-39.1342105011412,3.5527136788005E-14,100.891421356237));
#6582=CARTESIAN_POINT('Origin',(0.,3.26742464632398,97.6239967099135));
#6583=CARTESIAN_POINT('',(-41.6342105011412,3.5527136788005E-14,100.891421356237));
#6584=CARTESIAN_POINT('Origin',(-8.88178419700125E-15,3.47615663583407,
97.4152647204034));
#6585=CARTESIAN_POINT('',(0.,3.5527136788005E-14,100.891421356237));
#6586=CARTESIAN_POINT('Origin',(0.,0.070710678118715,150.820710678119));
#6587=CARTESIAN_POINT('',(-34.9997142845481,0.141421356237466,150.75));
#6588=CARTESIAN_POINT('',(-27.3593797324286,25.0000000000001,125.891421356237));
#6589=CARTESIAN_POINT('Origin',(-4.44089209850063E-15,2.92126877648966,
147.970152579748));
#6590=CARTESIAN_POINT('',(-37.4997333323852,0.141421356237466,150.75));
#6591=CARTESIAN_POINT('',(0.,0.141421356237474,150.75));
#6592=CARTESIAN_POINT('',(-30.6609176215347,25.0000000000001,125.891421356237));
#6593=CARTESIAN_POINT('Origin',(0.,3.13000076599975,147.761420590238));
#6594=CARTESIAN_POINT('',(0.,25.0000000000001,125.891421356237));
#6595=CARTESIAN_POINT('Origin',(0.,-24.9292893218813,75.8207106781187));
#6596=CARTESIAN_POINT('',(-32.8183696113872,-24.9292893218813,75.8207106781188));
#6597=CARTESIAN_POINT('',(-43.2801474828991,3.5527136788005E-14,50.8914213562374));
#6598=CARTESIAN_POINT('Origin',(0.,3.61358051615829,47.2778408400792));
#6599=CARTESIAN_POINT('',(-35.9076676367495,-24.9292893218813,75.8207106781188));
#6600=CARTESIAN_POINT('',(0.,-24.9292893218813,75.8207106781187));
#6601=CARTESIAN_POINT('',(-45.7801474828991,3.5527136788005E-14,50.8914213562374));
#6602=CARTESIAN_POINT('Origin',(0.,3.82231250566838,47.0691088505691));
#6603=CARTESIAN_POINT('',(0.,3.5527136788005E-14,50.8914213562374));
#6604=CARTESIAN_POINT('Origin',(0.,0.,100.75));
#6605=CARTESIAN_POINT('',(-39.1459369817579,1.77635683940025E-14,100.75));
#6606=CARTESIAN_POINT('Origin',(-4.44089209850063E-15,-3.26840372297562,
97.4815962770244));
#6607=CARTESIAN_POINT('',(-41.6459369817579,1.77635683940025E-14,100.75));
#6608=CARTESIAN_POINT('',(0.,1.77635683940025E-14,100.75));
#6609=CARTESIAN_POINT('Origin',(-8.88178419700125E-15,-3.47713571248572,
97.2728642875143));
#6610=CARTESIAN_POINT('Origin',(0.,-24.9292893218813,25.8207106781187));
#6611=CARTESIAN_POINT('',(-37.894162205409,-24.9292893218813,25.8207106781187));
#6612=CARTESIAN_POINT('',(-47.4260844646569,3.5527136788005E-14,0.891421356237423));
#6613=CARTESIAN_POINT('Origin',(0.,3.95973638599261,-3.06831502975514));
#6614=CARTESIAN_POINT('',(-40.8535485034077,-24.9292893218813,25.8207106781187));
#6615=CARTESIAN_POINT('',(0.,-24.9292893218813,25.8207106781187));
#6616=CARTESIAN_POINT('',(-49.9260844646569,3.5527136788005E-14,0.891421356237423));
#6617=CARTESIAN_POINT('Origin',(0.,4.16846837550271,-3.27704701926524));
#6618=CARTESIAN_POINT('',(0.,3.5527136788005E-14,0.891421356237423));
#6619=CARTESIAN_POINT('Origin',(0.,0.,50.7500000000001));
#6620=CARTESIAN_POINT('',(-43.2918739635157,1.77635683940025E-14,50.7500000000001));
#6621=CARTESIAN_POINT('Origin',(-8.88178419700125E-15,-3.61455959280994,
47.1354404071901));
#6622=CARTESIAN_POINT('',(-45.7918739635157,1.77635683940025E-14,50.7500000000001));
#6623=CARTESIAN_POINT('',(0.,1.77635683940025E-14,50.7500000000001));
#6624=CARTESIAN_POINT('Origin',(-1.77635683940025E-14,-3.82329158232003,
46.92670841768));
#6625=CARTESIAN_POINT('Origin',(0.,24.9292893218814,-24.1792893218813));
#6626=CARTESIAN_POINT('',(-47.4940785782817,0.750000000000099,0.));
#6627=CARTESIAN_POINT('',(-47.4378109452736,1.77635683940025E-14,0.750000000000082));
#6628=CARTESIAN_POINT('Origin',(0.,3.96071546264425,-3.21071546264415));
#6629=CARTESIAN_POINT('',(-49.9943746835581,0.750000000000099,0.));
#6630=CARTESIAN_POINT('',(0.,0.750000000000099,0.));
#6631=CARTESIAN_POINT('',(-49.9378109452736,1.77635683940025E-14,0.750000000000082));
#6632=CARTESIAN_POINT('Origin',(0.,4.16944745215433,-3.41944745215423));
#6633=CARTESIAN_POINT('',(0.,1.77635683940025E-14,0.750000000000082));
#6634=CARTESIAN_POINT('Origin',(0.,0.,0.750000000000064));
#6635=CARTESIAN_POINT('',(-47.4940785782817,-0.750000000000064,0.));
#6636=CARTESIAN_POINT('Origin',(0.,-3.96071546264426,-3.21071546264419));
#6637=CARTESIAN_POINT('',(-49.9943746835581,-0.750000000000064,0.));
#6638=CARTESIAN_POINT('Origin',(-8.88178419700125E-15,-4.16944745215435,
-3.41944745215429));
#6639=CARTESIAN_POINT('',(0.,-0.750000000000064,-6.93889390390723E-17));
#6640=CARTESIAN_POINT('Origin',(0.,25.,25.7500000000001));
#6641=CARTESIAN_POINT('',(-37.8545760894512,25.,25.7500000000001));
#6642=CARTESIAN_POINT('',(-47.4318949978447,0.070710678118715,0.820710678118761));
#6643=CARTESIAN_POINT('Origin',(-8.88178419700125E-15,-3.96071546264426,
-3.21071546264418));
#6644=CARTESIAN_POINT('',(-40.8171917601398,25.,25.7500000000001));
#6645=CARTESIAN_POINT('',(0.,25.,25.7500000000001));
#6646=CARTESIAN_POINT('',(-49.9318976367951,0.070710678118715,0.820710678118761));
#6647=CARTESIAN_POINT('Origin',(-1.77635683940025E-14,-4.16944745215435,
-3.41944745215427));
#6648=CARTESIAN_POINT('',(0.,0.070710678118715,0.820710678118761));
#6649=CARTESIAN_POINT('Origin',(0.,0.070710678118715,0.820710678118761));
#6650=CARTESIAN_POINT('',(-47.4916347156596,0.891421356237477,0.));
#6651=CARTESIAN_POINT('Origin',(0.,3.95973638599261,-3.06831502975513));
#6652=CARTESIAN_POINT('',(-49.992053048116,0.891421356237477,0.));
#6653=CARTESIAN_POINT('Origin',(0.,4.16846837550271,-3.27704701926522));
#6654=CARTESIAN_POINT('',(0.,0.891421356237477,-1.38777878078145E-16));
#6655=CARTESIAN_POINT('Origin',(0.,-24.9999999999999,-24.1085786437625));
#6656=CARTESIAN_POINT('',(-47.4916347156596,-0.89142135623739,0.));
#6657=CARTESIAN_POINT('',(-47.4318949978447,-0.0707106781186262,0.820710678118726));
#6658=CARTESIAN_POINT('Origin',(0.,-3.9597363859926,-3.06831502975522));
#6659=CARTESIAN_POINT('',(-49.992053048116,-0.89142135623739,0.));
#6660=CARTESIAN_POINT('',(0.,-0.891421356237387,0.));
#6661=CARTESIAN_POINT('',(-49.9318976367951,-0.0707106781186262,0.820710678118726));
#6662=CARTESIAN_POINT('Origin',(8.88178419700125E-15,-4.1684683755027,-3.27704701926531));
#6663=CARTESIAN_POINT('',(0.,-0.0707106781186262,0.820710678118726));
#6664=CARTESIAN_POINT('Origin',(0.,-0.0707106781186262,0.820710678118726));
#6665=CARTESIAN_POINT('',(-37.8545760894512,-25.,25.7500000000001));
#6666=CARTESIAN_POINT('Origin',(8.88178419700125E-15,3.96071546264425,-3.21071546264415));
#6667=CARTESIAN_POINT('',(-40.8171917601398,-25.,25.7500000000001));
#6668=CARTESIAN_POINT('Origin',(0.,4.16944745215433,-3.41944745215423));
#6669=CARTESIAN_POINT('',(0.,-25.,25.7500000000001));
#6670=CARTESIAN_POINT('Origin',(0.,3.5527136788005E-14,100.891421356237));
#6671=CARTESIAN_POINT('',(-27.4317484962736,24.9292893218813,125.820710678119));
#6672=CARTESIAN_POINT('Origin',(4.44089209850063E-15,-3.26742464632398,
97.6239967099134));
#6673=CARTESIAN_POINT('',(-30.725988215445,24.9292893218813,125.820710678119));
#6674=CARTESIAN_POINT('Origin',(4.44089209850063E-15,-3.47615663583407,
97.4152647204033));
#6675=CARTESIAN_POINT('',(0.,24.9292893218813,125.820710678119));
#6676=CARTESIAN_POINT('Origin',(0.,24.9292893218814,125.820710678119));
#6677=CARTESIAN_POINT('Origin',(0.,2.9222478531413,147.827752146859));
#6678=CARTESIAN_POINT('Origin',(0.,3.13097984265139,147.619020157349));
#6679=CARTESIAN_POINT('Origin',(0.,-24.9999999999999,125.891421356237));
#6680=CARTESIAN_POINT('',(-27.3593797324287,-25.,125.891421356237));
#6681=CARTESIAN_POINT('',(-34.9997142845481,-0.141421356237359,150.75));
#6682=CARTESIAN_POINT('Origin',(4.44089209850063E-15,-2.92126877648966,
147.970152579748));
#6683=CARTESIAN_POINT('',(-30.6609176215347,-25.,125.891421356237));
#6684=CARTESIAN_POINT('',(0.,-25.,125.891421356237));
#6685=CARTESIAN_POINT('',(-37.4997333323852,-0.141421356237359,150.75));
#6686=CARTESIAN_POINT('Origin',(4.44089209850063E-15,-3.13000076599975,
147.761420590238));
#6687=CARTESIAN_POINT('',(0.,-0.141421356237381,150.75));
#6688=CARTESIAN_POINT('Origin',(0.,3.5527136788005E-14,50.8914213562374));
#6689=CARTESIAN_POINT('',(-32.8183696113872,24.9292893218813,75.8207106781188));
#6690=CARTESIAN_POINT('Origin',(8.88178419700125E-15,-3.61358051615829,
47.2778408400791));
#6691=CARTESIAN_POINT('',(-35.9076676367495,24.9292893218813,75.8207106781188));
#6692=CARTESIAN_POINT('Origin',(8.88178419700125E-15,-3.82231250566838,
47.069108850569));
#6693=CARTESIAN_POINT('',(0.,24.9292893218813,75.8207106781187));
#6694=CARTESIAN_POINT('Origin',(0.,24.9292893218814,75.8207106781187));
#6695=CARTESIAN_POINT('Origin',(8.88178419700125E-15,3.26840372297561,97.4815962770245));
#6696=CARTESIAN_POINT('Origin',(8.88178419700125E-15,3.47713571248571,97.2728642875144));
#6697=CARTESIAN_POINT('Origin',(0.,0.070710678118715,100.820710678119));
#6698=CARTESIAN_POINT('',(-39.1400098682423,0.070710678118715,100.820710678119));
#6699=CARTESIAN_POINT('',(-32.7571610564832,25.0000000000001,75.8914213562374));
#6700=CARTESIAN_POINT('Origin',(0.,3.26742464632398,97.6239967099135));
#6701=CARTESIAN_POINT('',(-41.640013703088,0.070710678118715,100.820710678119));
#6702=CARTESIAN_POINT('',(0.,0.070710678118715,100.820710678119));
#6703=CARTESIAN_POINT('',(-35.8513248770597,25.0000000000001,75.8914213562374));
#6704=CARTESIAN_POINT('Origin',(0.,3.47615663583407,97.4152647204034));
#6705=CARTESIAN_POINT('',(0.,25.0000000000001,75.8914213562374));
#6706=CARTESIAN_POINT('Origin',(0.,25.,125.75));
#6707=CARTESIAN_POINT('',(-27.3752624229559,25.,125.75));
#6708=CARTESIAN_POINT('Origin',(-4.44089209850063E-15,-3.26840372297562,
97.4815962770245));
#6709=CARTESIAN_POINT('',(-30.6760466028479,25.,125.75));
#6710=CARTESIAN_POINT('',(0.,25.,125.75));
#6711=CARTESIAN_POINT('Origin',(-8.88178419700125E-15,-3.47713571248572,
97.2728642875144));
#6712=CARTESIAN_POINT('Origin',(0.,-0.0707106781186262,100.820710678119));
#6713=CARTESIAN_POINT('',(-39.1400098682423,-0.0707106781186262,100.820710678119));
#6714=CARTESIAN_POINT('',(-27.3752624229559,-25.,125.75));
#6715=CARTESIAN_POINT('Origin',(8.88178419700125E-15,3.26840372297561,97.4815962770245));
#6716=CARTESIAN_POINT('',(-41.640013703088,-0.0707106781186262,100.820710678119));
#6717=CARTESIAN_POINT('',(0.,-0.0707106781186262,100.820710678119));
#6718=CARTESIAN_POINT('',(-30.6760466028479,-25.,125.75));
#6719=CARTESIAN_POINT('Origin',(8.88178419700125E-15,3.47713571248571,97.2728642875144));
#6720=CARTESIAN_POINT('',(0.,-25.,125.75));
#6721=CARTESIAN_POINT('Origin',(0.,-24.9999999999999,75.8914213562375));
#6722=CARTESIAN_POINT('',(-32.7571610564833,-25.,75.8914213562374));
#6723=CARTESIAN_POINT('Origin',(4.44089209850063E-15,-3.26742464632398,
97.6239967099134));
#6724=CARTESIAN_POINT('',(-35.8513248770598,-25.,75.8914213562374));
#6725=CARTESIAN_POINT('',(0.,-25.,75.8914213562374));
#6726=CARTESIAN_POINT('Origin',(4.44089209850063E-15,-3.47615663583407,
97.4152647204033));
#6727=CARTESIAN_POINT('Origin',(0.,3.5527136788005E-14,0.891421356237423));
#6728=CARTESIAN_POINT('',(-37.894162205409,24.9292893218814,25.8207106781187));
#6729=CARTESIAN_POINT('Origin',(0.,-3.9597363859926,-3.06831502975522));
#6730=CARTESIAN_POINT('',(-40.8535485034076,24.9292893218813,25.8207106781187));
#6731=CARTESIAN_POINT('Origin',(8.88178419700125E-15,-4.1684683755027,-3.27704701926531));
#6732=CARTESIAN_POINT('',(0.,24.9292893218813,25.8207106781187));
#6733=CARTESIAN_POINT('Origin',(0.,24.9292893218814,25.8207106781187));
#6734=CARTESIAN_POINT('Origin',(0.,3.61455959280993,47.1354404071902));
#6735=CARTESIAN_POINT('Origin',(8.88178419700125E-15,3.82329158232002,46.9267084176801));
#6736=CARTESIAN_POINT('Origin',(0.,0.070710678118715,50.8207106781188));
#6737=CARTESIAN_POINT('',(-43.2859529677888,0.070710678118715,50.8207106781188));
#6738=CARTESIAN_POINT('',(-37.8405223078508,25.0000000000001,25.8914213562374));
#6739=CARTESIAN_POINT('Origin',(0.,3.61358051615829,47.2778408400792));
#6740=CARTESIAN_POINT('',(-45.7859561213443,0.070710678118715,50.8207106781188));
#6741=CARTESIAN_POINT('',(0.,0.070710678118715,50.8207106781188));
#6742=CARTESIAN_POINT('',(-40.8034399089077,25.0000000000001,25.8914213562374));
#6743=CARTESIAN_POINT('Origin',(0.,3.82231250566838,47.0691088505691));
#6744=CARTESIAN_POINT('',(0.,25.0000000000001,25.8914213562374));
#6745=CARTESIAN_POINT('Origin',(0.,25.,75.7500000000001));
#6746=CARTESIAN_POINT('',(-32.7719112711201,25.,75.7500000000001));
#6747=CARTESIAN_POINT('Origin',(-8.88178419700125E-15,-3.61455959280994,
47.1354404071901));
#6748=CARTESIAN_POINT('',(-35.8656199685068,25.,75.7500000000001));
#6749=CARTESIAN_POINT('',(0.,25.,75.7500000000001));
#6750=CARTESIAN_POINT('Origin',(-1.77635683940025E-14,-3.82329158232003,
46.92670841768));
#6751=CARTESIAN_POINT('Origin',(0.,-0.0707106781186262,50.8207106781187));
#6752=CARTESIAN_POINT('',(-43.2859529677888,-0.0707106781186262,50.8207106781187));
#6753=CARTESIAN_POINT('',(-32.7719112711201,-25.,75.7500000000001));
#6754=CARTESIAN_POINT('Origin',(0.,3.61455959280993,47.1354404071902));
#6755=CARTESIAN_POINT('',(-45.7859561213443,-0.0707106781186262,50.8207106781187));
#6756=CARTESIAN_POINT('',(0.,-0.0707106781186262,50.8207106781187));
#6757=CARTESIAN_POINT('',(-35.8656199685068,-25.,75.7500000000001));
#6758=CARTESIAN_POINT('Origin',(8.88178419700125E-15,3.82329158232002,46.9267084176801));
#6759=CARTESIAN_POINT('',(0.,-25.,75.7500000000001));
#6760=CARTESIAN_POINT('Origin',(0.,-24.9999999999999,25.8914213562375));
#6761=CARTESIAN_POINT('',(-37.8405223078509,-25.,25.8914213562374));
#6762=CARTESIAN_POINT('Origin',(8.88178419700125E-15,-3.61358051615829,
47.2778408400791));
#6763=CARTESIAN_POINT('',(-40.8034399089078,-25.,25.8914213562374));
#6764=CARTESIAN_POINT('',(0.,-25.,25.8914213562374));
#6765=CARTESIAN_POINT('Origin',(8.88178419700125E-15,-3.82231250566838,
47.069108850569));
#6766=CARTESIAN_POINT('Origin',(0.,0.,0.));
#6767=CARTESIAN_POINT('Ctrl Pts',(-27.3593797324287,-25.,125.891421356237));
#6768=CARTESIAN_POINT('Ctrl Pts',(-27.3673198214419,-24.9999999999993,125.820731196659));
#6769=CARTESIAN_POINT('Ctrl Pts',(-27.3752624229559,-25.,125.75));
#6770=CARTESIAN_POINT('Origin',(0.,0.,150.75));
#6771=CARTESIAN_POINT('Origin',(0.,0.,150.75));
#6772=CARTESIAN_POINT('Ctrl Pts',(-27.3752624229559,25.,125.75));
#6773=CARTESIAN_POINT('Ctrl Pts',(-27.3673198219613,24.9999999995743,125.820731196725));
#6774=CARTESIAN_POINT('Ctrl Pts',(-27.3593797324286,25.0000000000001,125.891421356237));
#6775=CARTESIAN_POINT('Ctrl Pts',(-32.7719112711201,25.,75.7500000000001));
#6776=CARTESIAN_POINT('Ctrl Pts',(-32.7645351147237,24.9999999998613,75.8207265947011));
#6777=CARTESIAN_POINT('Ctrl Pts',(-32.7571610564832,25.0000000000001,75.8914213562374));
#6778=CARTESIAN_POINT('Ctrl Pts',(-37.8545760894512,25.,25.7500000000001));
#6779=CARTESIAN_POINT('Ctrl Pts',(-37.8475482903788,24.9999999999997,25.8207238064838));
#6780=CARTESIAN_POINT('Ctrl Pts',(-37.8405223078508,25.0000000000001,25.8914213562374));
#6781=CARTESIAN_POINT('Origin',(0.,0.,0.));
#6782=CARTESIAN_POINT('Origin',(0.,0.,0.));
#6783=CARTESIAN_POINT('Ctrl Pts',(-37.8405223078509,-25.,25.8914213562374));
#6784=CARTESIAN_POINT('Ctrl Pts',(-37.8475482905839,-24.9999999995957,25.8207238065024));
#6785=CARTESIAN_POINT('Ctrl Pts',(-37.8545760894512,-25.,25.7500000000001));
#6786=CARTESIAN_POINT('Ctrl Pts',(-32.7571610564833,-25.,75.8914213562374));
#6787=CARTESIAN_POINT('Ctrl Pts',(-32.7645351146791,-24.9999999998092,75.8207265946934));
#6788=CARTESIAN_POINT('Ctrl Pts',(-32.7719112711201,-25.,75.7500000000001));
#6789=CARTESIAN_POINT('Origin',(0.,25.000000372529,190.000002831221));
#6790=CARTESIAN_POINT('',(-40.8103156063161,25.000000372529,25.8207106781188));
#6791=CARTESIAN_POINT('Origin',(0.,25.000000372529,190.000002831221));
#6792=CARTESIAN_POINT('',(-35.8584721630615,25.000000372529,75.8207106781188));
#6793=CARTESIAN_POINT('Origin',(0.,25.000000372529,190.000002831221));
#6794=CARTESIAN_POINT('',(-30.6684818085171,25.000000372529,125.820710678119));
#6795=CARTESIAN_POINT('Origin',(0.,-25.000000372529,-11.8148987656933));
#6796=CARTESIAN_POINT('',(-30.6684818085171,-25.000000372529,125.820710678119));
#6797=CARTESIAN_POINT('Origin',(0.,-25.000000372529,-11.8148987656933));
#6798=CARTESIAN_POINT('',(-35.8584721630615,-25.000000372529,75.8207106781188));
#6799=CARTESIAN_POINT('Origin',(0.,-25.000000372529,-11.8148987656933));
#6800=CARTESIAN_POINT('',(-40.8103156063161,-25.000000372529,25.8207106781188));
#6801=CARTESIAN_POINT('Origin',(0.,0.,0.));
#6802=CARTESIAN_POINT('Origin',(0.,0.,0.));
#6803=CARTESIAN_POINT('Origin',(0.,0.,0.));
#6804=CARTESIAN_POINT('Origin',(0.,0.,0.));
#6805=CARTESIAN_POINT('Origin',(0.,0.,0.));
#6806=CARTESIAN_POINT('Origin',(0.,0.,0.));
#6807=CARTESIAN_POINT('Origin',(0.,0.,0.));
#6808=CARTESIAN_POINT('Origin',(0.,0.,0.));
#6809=CARTESIAN_POINT('Origin',(0.,0.,0.));
#6810=CARTESIAN_POINT('Origin',(0.,0.,0.));
#6811=CARTESIAN_POINT('Origin',(0.,0.,0.));
#6812=CARTESIAN_POINT('Origin',(0.,0.,0.));
#6813=CARTESIAN_POINT('Origin',(0.,0.,0.));
#6814=CARTESIAN_POINT('Origin',(0.,0.,0.));
#6815=CARTESIAN_POINT('Origin',(0.,0.,0.));
#6816=CARTESIAN_POINT('Origin',(0.,0.,150.75));
#6817=CARTESIAN_POINT('Origin',(0.,0.,0.));
#6818=CARTESIAN_POINT('Origin',(0.,0.,150.75));
#6819=CARTESIAN_POINT('Origin',(0.,0.,0.));
#6820=CARTESIAN_POINT('Origin',(0.,0.,0.));
#6821=CARTESIAN_POINT('Origin',(0.,0.,0.));
#6822=CARTESIAN_POINT('Origin',(0.,0.,150.75));
#6823=CARTESIAN_POINT('Origin',(0.,0.,0.));
#6824=CARTESIAN_POINT('Origin',(0.,0.,150.75));
#6825=CARTESIAN_POINT('Origin',(0.,0.,0.));
#6826=CARTESIAN_POINT('Origin',(0.,0.,150.75));
#6827=CARTESIAN_POINT('Origin',(0.,0.,0.));
#6828=CARTESIAN_POINT('Origin',(0.,0.,0.));
#6829=CARTESIAN_POINT('Origin',(0.,0.,0.));
#6830=CARTESIAN_POINT('Origin',(0.,0.,0.));
#6831=CARTESIAN_POINT('Origin',(0.,0.,0.));
#6832=CARTESIAN_POINT('Origin',(0.,0.,0.));
#6833=CARTESIAN_POINT('Origin',(0.,0.,0.));
#6834=CARTESIAN_POINT('Origin',(0.,0.,0.));
#6835=CARTESIAN_POINT('Origin',(0.,0.,0.));
#6836=CARTESIAN_POINT('Origin',(0.,0.,150.75));
#6837=CARTESIAN_POINT('Origin',(0.,0.,0.));
#6838=CARTESIAN_POINT('Origin',(0.,0.,150.75));
#6839=CARTESIAN_POINT('',(-23.0414200441359,-22.9203613049553,150.75));
#6840=CARTESIAN_POINT('',(-23.0414200441359,-22.9203613049553,0.));
#6841=CARTESIAN_POINT('',(-23.0414200441359,-22.9203613049553,150.75));
#6842=CARTESIAN_POINT('',(22.9203613049553,23.0414200441359,0.));
#6843=CARTESIAN_POINT('Origin',(0.,0.,0.));
#6844=CARTESIAN_POINT('',(22.9203613049553,23.0414200441359,150.75));
#6845=CARTESIAN_POINT('',(22.9203613049553,23.0414200441359,150.75));
#6846=CARTESIAN_POINT('Origin',(0.,0.,150.75));
#6847=CARTESIAN_POINT('Origin',(0.,0.,150.75));
#6848=CARTESIAN_POINT('',(-24.8029567542958,-24.6943988840493,-1.77635683940025E-14));
#6849=CARTESIAN_POINT('',(-24.8029567542958,-24.6943988840493,150.75));
#6850=CARTESIAN_POINT('',(-24.8029567542958,-24.6943988840493,150.75));
#6851=CARTESIAN_POINT('',(24.6943988840493,24.8029567542958,150.75));
#6852=CARTESIAN_POINT('Origin',(0.,0.,150.75));
#6853=CARTESIAN_POINT('',(24.6943988840493,24.8029567542958,-1.77635683940025E-14));
#6854=CARTESIAN_POINT('',(24.6943988840493,24.8029567542958,150.75));
#6855=CARTESIAN_POINT('Origin',(0.,0.,0.));
#6856=CARTESIAN_POINT('Origin',(35.,0.,0.));
#6857=CARTESIAN_POINT('',(-2.72444528116544,-2.45920570420572,0.));
#6858=CARTESIAN_POINT('',(21.2652470889253,21.3979686959783,0.));
#6859=CARTESIAN_POINT('Origin',(0.,0.,150.75));
#6860=CARTESIAN_POINT('',(37.5,4.59242549680258E-15,150.75));
#6861=CARTESIAN_POINT('Origin',(0.,0.,150.75));
#6862=CARTESIAN_POINT('',(-25.1540915977749,-25.0480255805969,150.75));
#6863=CARTESIAN_POINT('',(-11.4125706170795,-11.2089869315247,150.75));
#6864=CARTESIAN_POINT('',(-25.0480255805969,-25.1540915977749,150.75));
#6865=CARTESIAN_POINT('',(-25.1275750934804,-25.0745420848914,150.75));
#6866=CARTESIAN_POINT('',(-24.6968960578961,-24.8004702597648,150.75));
#6867=CARTESIAN_POINT('',(-12.5419346059148,-12.5592502704878,150.75));
#6868=CARTESIAN_POINT('',(24.8004702597648,24.6968960578961,150.75));
#6869=CARTESIAN_POINT('Origin',(0.,0.,150.75));
#6870=CARTESIAN_POINT('',(25.1540915977749,25.0480255805969,150.75));
#6871=CARTESIAN_POINT('',(11.3146766056436,11.3061309087682,150.75));
#6872=CARTESIAN_POINT('',(25.0480255805969,25.1540915977749,150.75));
#6873=CARTESIAN_POINT('',(25.1275750934804,25.0745420848914,150.75));
#6874=CARTESIAN_POINT('',(12.4533724248395,12.6481874686593,150.75));
#6875=CARTESIAN_POINT('Origin',(0.,0.,150.75));
#6876=CARTESIAN_POINT('',(22.5592545939675,22.6828578946154,150.75));
#6877=CARTESIAN_POINT('',(12.4533724248395,12.6481874686593,150.75));
#6878=CARTESIAN_POINT('',(22.6649442680865,22.5764181863039,150.75));
#6879=CARTESIAN_POINT('',(22.6298949594268,22.6117162248431,150.75));
#6880=CARTESIAN_POINT('',(23.0264620429051,22.9353885030677,150.75));
#6881=CARTESIAN_POINT('',(11.3146766056436,11.3061309087682,150.75));
#6882=CARTESIAN_POINT('',(-22.9353885030677,-23.0264620429051,150.75));
#6883=CARTESIAN_POINT('Origin',(0.,0.,150.75));
#6884=CARTESIAN_POINT('',(-22.5764181863039,-22.6649442680865,150.75));
#6885=CARTESIAN_POINT('',(-12.5419346059148,-12.5592502704878,150.75));
#6886=CARTESIAN_POINT('',(-22.6828578946154,-22.5592545939675,150.75));
#6887=CARTESIAN_POINT('',(-22.5584963706876,-22.6827397964861,150.75));
#6888=CARTESIAN_POINT('',(-11.4125706170795,-11.2089869315247,150.75));
#6889=CARTESIAN_POINT('Origin',(0.,0.,150.75));
#6890=CARTESIAN_POINT('',(-22.9353885030677,-23.0264620429051,0.));
#6891=CARTESIAN_POINT('',(-22.9353885030677,-23.0264620429051,150.75));
#6892=CARTESIAN_POINT('',(23.0264620429051,22.9353885030677,0.));
#6893=CARTESIAN_POINT('',(23.0264620429051,22.9353885030677,150.75));
#6894=CARTESIAN_POINT('Origin',(0.,0.,0.));
#6895=CARTESIAN_POINT('Origin',(35.,0.,0.));
#6896=CARTESIAN_POINT('',(-24.6968960578961,-24.8004702597648,-1.77635683940025E-14));
#6897=CARTESIAN_POINT('',(-3.85380927000095,-3.80946904316876,0.));
#6898=CARTESIAN_POINT('',(24.8004702597648,24.6968960578961,-1.77635683940025E-14));
#6899=CARTESIAN_POINT('',(20.1265512697298,20.0559121360873,0.));
#6900=CARTESIAN_POINT('Origin',(0.,0.,0.));
#6901=CARTESIAN_POINT('Origin',(0.,0.,150.75));
#6902=CARTESIAN_POINT('',(-24.6968960578961,-24.8004702597648,150.75));
#6903=CARTESIAN_POINT('',(24.8004702597648,24.6968960578961,150.75));
#6904=CARTESIAN_POINT('Origin',(-22.6828578946154,-22.5592545939675,0.));
#6905=CARTESIAN_POINT('',(-22.6828578946154,-22.5592545939675,151.75));
#6906=CARTESIAN_POINT('',(-22.6828578946154,-22.5592545939675,0.));
#6907=CARTESIAN_POINT('',(-23.0414200441359,-22.9203613049553,151.75));
#6908=CARTESIAN_POINT('',(-11.4125706170795,-11.2089869315247,151.75));
#6909=CARTESIAN_POINT('',(-23.0414200441359,-22.9203613049553,176.75));
#6910=CARTESIAN_POINT('',(-23.0414200441359,-22.9203613049553,150.75));
#6911=CARTESIAN_POINT('',(-25.1540915977749,-25.0480255805969,176.75));
#6912=CARTESIAN_POINT('',(-11.4125706170795,-11.2089869315247,176.75));
#6913=CARTESIAN_POINT('',(-25.1540915977749,-25.0480255805969,0.));
#6914=CARTESIAN_POINT('Origin',(-22.5764181863039,-22.6649442680865,0.));
#6915=CARTESIAN_POINT('',(-22.5764181863039,-22.6649442680865,151.75));
#6916=CARTESIAN_POINT('',(-22.5764181863039,-22.6649442680865,0.));
#6917=CARTESIAN_POINT('',(-22.5584963706876,-22.6827397964861,151.75));
#6918=CARTESIAN_POINT('Origin',(-25.1540915977749,-25.0480255805969,0.));
#6919=CARTESIAN_POINT('',(-25.0480255805969,-25.1540915977749,176.75));
#6920=CARTESIAN_POINT('',(-25.1275750934804,-25.0745420848914,176.75));
#6921=CARTESIAN_POINT('',(-25.0480255805969,-25.1540915977749,0.));
#6922=CARTESIAN_POINT('Origin',(-25.0480255805969,-25.1540915977749,0.));
#6923=CARTESIAN_POINT('',(-22.9353885030677,-23.0264620429051,176.75));
#6924=CARTESIAN_POINT('',(-12.5419346059148,-12.5592502704878,176.75));
#6925=CARTESIAN_POINT('',(-22.9353885030677,-23.0264620429051,151.75));
#6926=CARTESIAN_POINT('',(-22.9353885030677,-23.0264620429051,150.75));
#6927=CARTESIAN_POINT('',(-12.5419346059148,-12.5592502704878,151.75));
#6928=CARTESIAN_POINT('Origin',(25.1540915977749,25.0480255805969,0.));
#6929=CARTESIAN_POINT('',(25.0480255805969,25.1540915977749,176.75));
#6930=CARTESIAN_POINT('',(25.1540915977749,25.0480255805969,176.75));
#6931=CARTESIAN_POINT('',(25.1275750934804,25.0745420848914,176.75));
#6932=CARTESIAN_POINT('',(25.0480255805969,25.1540915977749,0.));
#6933=CARTESIAN_POINT('',(25.1540915977749,25.0480255805969,0.));
#6934=CARTESIAN_POINT('Origin',(22.6649442680865,22.5764181863039,0.));
#6935=CARTESIAN_POINT('',(23.0264620429051,22.9353885030677,176.75));
#6936=CARTESIAN_POINT('',(11.3146766056436,11.3061309087682,176.75));
#6937=CARTESIAN_POINT('',(22.6649442680865,22.5764181863039,151.75));
#6938=CARTESIAN_POINT('',(22.6649442680865,22.5764181863039,0.));
#6939=CARTESIAN_POINT('',(23.0264620429051,22.9353885030677,151.75));
#6940=CARTESIAN_POINT('',(11.3146766056436,11.3061309087682,151.75));
#6941=CARTESIAN_POINT('',(23.0264620429051,22.9353885030677,150.75));
#6942=CARTESIAN_POINT('Origin',(22.5592545939675,22.6828578946154,0.));
#6943=CARTESIAN_POINT('',(22.5592545939675,22.6828578946154,151.75));
#6944=CARTESIAN_POINT('',(22.6298949594268,22.6117162248431,151.75));
#6945=CARTESIAN_POINT('',(22.5592545939675,22.6828578946154,0.));
#6946=CARTESIAN_POINT('Origin',(25.0480255805969,25.1540915977749,0.));
#6947=CARTESIAN_POINT('',(22.9203613049553,23.0414200441359,176.75));
#6948=CARTESIAN_POINT('',(12.4533724248395,12.6481874686593,176.75));
#6949=CARTESIAN_POINT('',(22.9203613049553,23.0414200441359,151.75));
#6950=CARTESIAN_POINT('',(22.9203613049553,23.0414200441359,150.75));
#6951=CARTESIAN_POINT('',(12.4533724248395,12.6481874686593,151.75));
#6952=CARTESIAN_POINT('Origin',(0.,0.,176.75));
#6953=CARTESIAN_POINT('',(37.5,4.59242549680258E-15,176.75));
#6954=CARTESIAN_POINT('Origin',(0.,0.,176.75));
#6955=CARTESIAN_POINT('Origin',(0.,0.,176.75));
#6956=CARTESIAN_POINT('Origin',(0.,0.,176.75));
#6957=CARTESIAN_POINT('Origin',(0.,0.,150.75));
#6958=CARTESIAN_POINT('Origin',(0.,0.,151.75));
#6959=CARTESIAN_POINT('Origin',(0.,0.,151.75));
#6960=CARTESIAN_POINT('Origin',(0.,0.,151.75));
#6961=CARTESIAN_POINT('Origin',(0.,0.,150.75));
#6962=CARTESIAN_POINT('Origin',(0.,0.,150.75));
#6963=CARTESIAN_POINT('',(37.5,4.59242549680258E-15,150.75));
#6964=UNCERTAINTY_MEASURE_WITH_UNIT(LENGTH_MEASURE(0.01),#6968,
'DISTANCE_ACCURACY_VALUE',
'Maximum model space distance between geometric entities at asserted c
onnectivities');
#6965=UNCERTAINTY_MEASURE_WITH_UNIT(LENGTH_MEASURE(0.01),#6968,
'DISTANCE_ACCURACY_VALUE',
'Maximum model space distance between geometric entities at asserted c
onnectivities');
#6966=(
GEOMETRIC_REPRESENTATION_CONTEXT(3)
GLOBAL_UNCERTAINTY_ASSIGNED_CONTEXT((#6964))
GLOBAL_UNIT_ASSIGNED_CONTEXT((#6968,#6970,#6971))
REPRESENTATION_CONTEXT('','3D')
);
#6967=(
GEOMETRIC_REPRESENTATION_CONTEXT(3)
GLOBAL_UNCERTAINTY_ASSIGNED_CONTEXT((#6965))
GLOBAL_UNIT_ASSIGNED_CONTEXT((#6968,#6970,#6971))
REPRESENTATION_CONTEXT('','3D')
);
#6968=(
LENGTH_UNIT()
NAMED_UNIT(*)
SI_UNIT(.MILLI.,.METRE.)
);
#6969=(
LENGTH_UNIT()
NAMED_UNIT(*)
SI_UNIT($,.METRE.)
);
#6970=(
NAMED_UNIT(*)
PLANE_ANGLE_UNIT()
SI_UNIT($,.RADIAN.)
);
#6971=(
NAMED_UNIT(*)
SI_UNIT($,.STERADIAN.)
SOLID_ANGLE_UNIT()
);
#6972=SHAPE_DEFINITION_REPRESENTATION(#6973,#6974);
#6973=PRODUCT_DEFINITION_SHAPE('',$,#6976);
#6974=SHAPE_REPRESENTATION('',(#3914),#6966);
#6975=PRODUCT_DEFINITION_CONTEXT('part definition',#6980,'design');
#6976=PRODUCT_DEFINITION('2025-11-07-13-45-38-904','Fuselage',#6977,#6975);
#6977=PRODUCT_DEFINITION_FORMATION('',$,#6982);
#6978=PRODUCT_RELATED_PRODUCT_CATEGORY('Fuselage','Fuselage',(#6982));
#6979=APPLICATION_PROTOCOL_DEFINITION('international standard',
'automotive_design',2009,#6980);
#6980=APPLICATION_CONTEXT(
'Core Data for Automotive Mechanical Design Process');
#6981=PRODUCT_CONTEXT('part definition',#6980,'mechanical');
#6982=PRODUCT('2025-11-07-13-45-38-904','Fuselage',$,(#6981));
#6983=PRESENTATION_STYLE_ASSIGNMENT((#6984));
#6984=SURFACE_STYLE_USAGE(.BOTH.,#6985);
#6985=SURFACE_SIDE_STYLE('',(#6986));
#6986=SURFACE_STYLE_FILL_AREA(#6987);
#6987=FILL_AREA_STYLE('Steel - Satin',(#6988));
#6988=FILL_AREA_STYLE_COLOUR('Steel - Satin',#6989);
#6989=COLOUR_RGB('Steel - Satin',0.627450980392157,0.627450980392157,0.627450980392157);
ENDSEC;
END-ISO-10303-21;
