ISO-10303-21;
HEADER;
/* Generated by software containing ST-Developer
 * from STEP Tools, Inc. (www.steptools.com) 
 */

FILE_DESCRIPTION(
/* description */ (''),
/* implementation_level */ '2;1');

FILE_NAME(
/* name */ 'Tail box.step',
/* time_stamp */ '2025-12-06T22:23:50-08:00',
/* author */ (''),
/* organization */ (''),
/* preprocessor_version */ 'ST-DEVELOPER v20.1',
/* originating_system */ 'Autodesk Translation Framework v14.21.0.0',
/* authorisation */ '');

FILE_SCHEMA (('AUTOMOTIVE_DESIGN { 1 0 10303 214 3 1 1 }'));
ENDSEC;

DATA;
#10=MECHANICAL_DESIGN_GEOMETRIC_PRESENTATION_REPRESENTATION('',(#13),#4738);
#11=SHAPE_REPRESENTATION_RELATIONSHIP('SRR','None',#4745,#12);
#12=ADVANCED_BREP_SHAPE_REPRESENTATION('',(#14),#4737);
#13=STYLED_ITEM('',(#4754),#14);
#14=MANIFOLD_SOLID_BREP('Body1',#329);
#15=(
BOUNDED_CURVE()
B_SPLINE_CURVE(5,(#1950,#1951,#1952,#1953,#1954,#1955,#1956,#1957,#1958,
#1959,#1960,#1961,#1962,#1963,#1964,#1965,#1966,#1967,#1968,#1969,#1970,
#1971,#1972,#1973,#1974,#1975,#1976,#1977,#1978,#1979,#1980,#1981,#1982,
#1983,#1984,#1985,#1986,#1987,#1988,#1989,#1990,#1991,#1992,#1993,#1994,
#1995,#1996,#1997,#1998,#1999,#2000,#2001,#2002,#2003,#2004,#2005,#2006,
#2007,#2008,#2009,#2010,#2011,#2012,#2013,#2014,#2015,#2016,#2017,#2018,
#2019,#2020,#2021,#2022,#2023,#2024,#2025,#2026,#2027,#2028,#2029,#2030,
#2031,#2032,#2033,#2034,#2035,#2036,#2037,#2038,#2039,#2040,#2041,#2042,
#2043,#2044,#2045,#2046,#2047,#2048,#2049,#2050,#2051,#2052,#2053,#2054,
#2055,#2056,#2057,#2058,#2059,#2060,#2061,#2062,#2063,#2064,#2065,#2066,
#2067,#2068,#2069,#2070,#2071,#2072,#2073,#2074,#2075,#2076,#2077,#2078,
#2079,#2080,#2081,#2082,#2083,#2084,#2085,#2086,#2087,#2088,#2089,#2090,
#2091,#2092,#2093,#2094,#2095,#2096,#2097,#2098,#2099,#2100,#2101,#2102,
#2103,#2104,#2105,#2106,#2107,#2108,#2109,#2110,#2111,#2112,#2113,#2114,
#2115,#2116,#2117,#2118,#2119,#2120,#2121,#2122,#2123,#2124,#2125,#2126,
#2127,#2128,#2129,#2130,#2131,#2132,#2133,#2134,#2135,#2136,#2137,#2138,
#2139,#2140,#2141,#2142,#2143,#2144,#2145,#2146,#2147,#2148,#2149,#2150,
#2151,#2152,#2153,#2154,#2155,#2156,#2157,#2158,#2159,#2160,#2161,#2162,
#2163,#2164,#2165,#2166,#2167,#2168,#2169,#2170,#2171,#2172,#2173,#2174,
#2175,#2176,#2177,#2178,#2179,#2180,#2181,#2182,#2183,#2184,#2185,#2186,
#2187,#2188,#2189,#2190,#2191,#2192,#2193,#2194,#2195,#2196,#2197,#2198,
#2199,#2200,#2201,#2202,#2203,#2204,#2205,#2206,#2207,#2208,#2209,#2210,
#2211,#2212,#2213,#2214,#2215,#2216,#2217,#2218,#2219,#2220,#2221,#2222,
#2223,#2224,#2225,#2226,#2227,#2228,#2229,#2230,#2231,#2232,#2233,#2234,
#2235,#2236,#2237,#2238,#2239,#2240,#2241,#2242,#2243,#2244,#2245,#2246,
#2247,#2248,#2249,#2250,#2251,#2252,#2253,#2254,#2255,#2256,#2257,#2258,
#2259,#2260,#2261,#2262,#2263,#2264,#2265,#2266,#2267,#2268,#2269,#2270,
#2271,#2272,#2273,#2274,#2275,#2276,#2277,#2278,#2279,#2280,#2281,#2282,
#2283,#2284,#2285,#2286,#2287,#2288,#2289,#2290,#2291,#2292,#2293,#2294,
#2295,#2296,#2297,#2298,#2299,#2300,#2301,#2302,#2303,#2304,#2305,#2306,
#2307,#2308,#2309,#2310,#2311,#2312,#2313,#2314,#2315,#2316,#2317,#2318,
#2319,#2320,#2321,#2322,#2323,#2324,#2325,#2326,#2327,#2328,#2329,#2330,
#2331,#2332,#2333,#2334,#2335,#2336,#2337,#2338,#2339,#2340,#2341,#2342,
#2343,#2344,#2345,#2346,#2347,#2348,#2349,#2350,#2351,#2352,#2353,#2354,
#2355,#2356,#2357,#2358,#2359,#2360,#2361,#2362,#2363,#2364,#2365,#2366,
#2367,#2368,#2369,#2370,#2371,#2372,#2373,#2374,#2375,#2376,#2377,#2378,
#2379,#2380,#2381,#2382,#2383,#2384,#2385,#2386,#2387,#2388,#2389,#2390,
#2391,#2392,#2393,#2394,#2395,#2396,#2397,#2398,#2399,#2400,#2401,#2402,
#2403,#2404,#2405,#2406,#2407,#2408,#2409,#2410,#2411,#2412,#2413,#2414,
#2415,#2416,#2417,#2418,#2419,#2420,#2421,#2422,#2423,#2424,#2425,#2426,
#2427,#2428,#2429,#2430,#2431,#2432,#2433,#2434,#2435,#2436,#2437,#2438,
#2439,#2440,#2441,#2442,#2443,#2444,#2445,#2446,#2447,#2448,#2449,#2450,
#2451,#2452,#2453,#2454,#2455,#2456,#2457,#2458,#2459,#2460,#2461,#2462,
#2463,#2464,#2465,#2466,#2467,#2468,#2469,#2470,#2471,#2472,#2473,#2474,
#2475,#2476,#2477,#2478,#2479,#2480,#2481,#2482,#2483,#2484,#2485,#2486,
#2487,#2488,#2489,#2490,#2491,#2492,#2493,#2494,#2495,#2496,#2497,#2498,
#2499,#2500,#2501,#2502,#2503,#2504,#2505,#2506,#2507,#2508,#2509,#2510,
#2511,#2512,#2513,#2514,#2515,#2516,#2517,#2518,#2519,#2520,#2521,#2522,
#2523,#2524,#2525,#2526,#2527,#2528,#2529,#2530,#2531,#2532,#2533,#2534,
#2535,#2536,#2537,#2538,#2539,#2540,#2541,#2542,#2543,#2544,#2545,#2546,
#2547,#2548,#2549,#2550,#2551,#2552,#2553,#2554,#2555,#2556,#2557,#2558,
#2559,#2560,#2561,#2562,#2563,#2564,#2565,#2566,#2567,#2568,#2569,#2570,
#2571,#2572,#2573,#2574,#2575,#2576,#2577,#2578,#2579,#2580,#2581,#2582,
#2583,#2584,#2585,#2586,#2587,#2588,#2589,#2590,#2591,#2592,#2593,#2594,
#2595,#2596,#2597,#2598,#2599,#2600,#2601,#2602,#2603,#2604),
 .UNSPECIFIED.,.F.,.F.)
B_SPLINE_CURVE_WITH_KNOTS((6,1,1,1,1,1,1,1,1,1,1,1,1,1,1,1,1,1,1,1,1,1,
1,1,1,1,1,1,1,1,1,1,1,1,1,1,1,1,1,1,1,1,1,1,1,1,1,1,1,1,1,1,1,1,1,1,1,1,
1,1,1,1,1,1,1,1,1,1,1,1,1,1,1,1,1,1,1,1,1,1,1,1,1,1,1,1,1,1,1,1,1,1,1,1,
1,1,1,1,1,1,1,1,1,1,1,1,1,1,1,1,1,1,1,1,1,1,1,1,1,1,1,1,1,1,1,1,1,1,1,1,
1,1,1,1,1,1,1,1,1,1,1,1,1,1,1,1,1,1,1,1,1,1,1,1,1,1,1,1,1,1,1,1,1,1,1,1,
1,1,1,1,1,1,1,1,1,1,1,1,1,1,1,1,1,1,1,1,1,1,1,1,1,1,1,1,1,1,1,1,1,1,1,1,
1,1,1,1,1,1,1,1,1,1,1,1,1,1,1,1,1,1,1,1,1,1,1,1,1,1,1,1,1,1,1,1,1,1,1,1,
1,1,1,1,1,1,1,1,1,1,1,1,1,1,1,1,1,1,1,1,1,1,1,1,1,1,1,1,1,1,1,1,1,1,1,1,
1,1,1,1,1,1,1,1,1,1,1,1,1,1,1,1,1,1,1,1,1,1,1,1,1,1,1,1,1,1,1,1,1,1,1,1,
1,1,1,1,1,1,1,1,1,1,1,1,1,1,1,1,1,1,1,1,1,1,1,1,1,1,1,1,1,1,1,1,1,1,1,1,
1,1,1,1,1,1,1,1,1,1,1,1,1,1,1,1,1,1,1,1,1,1,1,1,1,1,1,1,1,1,1,1,1,1,1,1,
1,1,1,1,1,1,1,1,1,1,1,1,1,1,1,1,1,1,1,1,1,1,1,1,1,1,1,1,1,1,1,1,1,1,1,1,
1,1,1,1,1,1,1,1,1,1,1,1,1,1,1,1,1,1,1,1,1,1,1,1,1,1,1,1,1,1,1,1,1,1,1,1,
1,1,1,1,1,1,1,1,1,1,1,1,1,1,1,1,1,1,1,1,1,1,1,1,1,1,1,1,1,1,1,1,1,1,1,1,
1,1,1,1,1,1,1,1,1,1,1,1,1,1,1,1,1,1,1,1,1,1,1,1,1,1,1,1,1,1,1,1,1,1,1,1,
1,1,1,1,1,1,1,1,1,1,1,1,1,1,1,1,1,1,1,1,1,1,1,1,1,1,1,1,1,1,1,1,1,1,1,1,
1,1,1,1,1,1,1,1,1,1,1,1,1,1,1,1,1,1,1,1,1,1,1,1,1,1,1,1,1,1,1,1,1,1,1,1,
1,1,1,1,1,1,1,1,1,1,1,1,1,1,1,1,1,1,1,1,1,1,1,1,1,1,1,1,1,1,1,1,1,1,1,1,
1,1,1,1,1,1,1,1,1,1,1,1,1,1,1,1,6),(0.,0.00153846153846154,0.00307692307692308,
0.00461538461538461,0.00615384615384615,0.00769230769230769,0.00923076923076923,
0.0107692307692308,0.0123076923076923,0.0138461538461538,0.0153846153846154,
0.0169230769230769,0.0184615384615385,0.02,0.0215384615384615,0.0230769230769231,
0.0246153846153846,0.0261538461538461,0.0276923076923077,0.0292307692307692,
0.0307692307692308,0.0323076923076923,0.0338461538461538,0.0353846153846154,
0.0369230769230769,0.0384615384615384,0.04,0.0415384615384615,0.0430769230769231,
0.0446153846153846,0.0461538461538461,0.0476923076923077,0.0492307692307692,
0.0507692307692307,0.0523076923076923,0.0538461538461538,0.0553846153846154,
0.0569230769230769,0.0584615384615384,0.06,0.0615384615384615,0.063076923076923,
0.0646153846153846,0.0661538461538461,0.0676923076923077,0.0692307692307692,
0.0707692307692308,0.0723076923076923,0.0738461538461539,0.0753846153846154,
0.0769230769230769,0.0784615384615385,0.08,0.0815384615384616,0.0830769230769231,
0.0846153846153847,0.0861538461538462,0.0876923076923077,0.0892307692307693,
0.0907692307692308,0.0923076923076924,0.0938461538461539,0.0953846153846155,
0.096923076923077,0.0984615384615386,0.1,0.101538461538462,0.103076923076923,
0.104615384615385,0.106153846153846,0.107692307692308,0.109230769230769,
0.110769230769231,0.112307692307692,0.113846153846154,0.115384615384616,
0.116923076923077,0.118461538461539,0.12,0.121538461538462,0.123076923076923,
0.124615384615385,0.126153846153846,0.127692307692308,0.129230769230769,
0.130769230769231,0.132307692307693,0.133846153846154,0.135384615384616,
0.136923076923077,0.138461538461539,0.14,0.141538461538462,0.143076923076923,
0.144615384615385,0.146153846153846,0.147692307692308,0.149230769230769,
0.150769230769231,0.152307692307693,0.153846153846154,0.155384615384616,
0.156923076923077,0.158461538461539,0.16,0.161538461538462,0.163076923076923,
0.164615384615385,0.166153846153846,0.167692307692308,0.16923076923077,
0.170769230769231,0.172307692307693,0.173846153846154,0.175384615384616,
0.176923076923077,0.178461538461539,0.18,0.181538461538462,0.183076923076923,
0.184615384615385,0.186153846153847,0.187692307692308,0.18923076923077,
0.190769230769231,0.192307692307693,0.193846153846154,0.195384615384616,
0.196923076923077,0.198461538461539,0.2,0.201538461538462,0.203076923076924,
0.204615384615385,0.206153846153847,0.207692307692308,0.20923076923077,
0.210769230769231,0.212307692307693,0.213846153846154,0.215384615384616,
0.216923076923077,0.218461538461539,0.220000000000001,0.221538461538462,
0.223076923076924,0.224615384615385,0.226153846153847,0.227692307692308,
0.22923076923077,0.230769230769231,0.232307692307693,0.233846153846154,
0.235384615384616,0.236923076923078,0.238461538461539,0.240000000000001,
0.241538461538462,0.243076923076924,0.244615384615385,0.246153846153847,
0.247692307692308,0.24923076923077,0.250769230769231,0.252307692307693,
0.253846153846154,0.255384615384616,0.256923076923078,0.258461538461539,
0.260000000000001,0.261538461538462,0.263076923076924,0.264615384615385,
0.266153846153847,0.267692307692308,0.26923076923077,0.270769230769231,
0.272307692307693,0.273846153846155,0.275384615384616,0.276923076923078,
0.278461538461539,0.280000000000001,0.281538461538462,0.283076923076924,
0.284615384615385,0.286153846153847,0.287692307692308,0.28923076923077,
0.290769230769232,0.292307692307693,0.293846153846155,0.295384615384616,
0.296923076923078,0.298461538461539,0.300000000000001,0.301538461538462,
0.303076923076924,0.304615384615385,0.306153846153847,0.307692307692309,
0.30923076923077,0.310769230769232,0.312307692307693,0.313846153846155,
0.315384615384616,0.316923076923078,0.318461538461539,0.320000000000001,
0.321538461538462,0.323076923076924,0.324615384615386,0.326153846153847,
0.327692307692309,0.32923076923077,0.330769230769232,0.332307692307693,
0.333846153846155,0.335384615384616,0.336923076923078,0.338461538461539,
0.340000000000001,0.341538461538463,0.343076923076924,0.344615384615386,
0.346153846153847,0.347692307692309,0.34923076923077,0.350769230769232,
0.352307692307693,0.353846153846155,0.355384615384616,0.356923076923078,
0.358461538461539,0.360000000000001,0.361538461538463,0.363076923076924,
0.364615384615386,0.366153846153847,0.367692307692309,0.36923076923077,
0.370769230769232,0.372307692307693,0.373846153846155,0.375384615384616,
0.376923076923078,0.37846153846154,0.380000000000001,0.381538461538463,
0.383076923076924,0.384615384615386,0.386153846153847,0.387692307692309,
0.38923076923077,0.390769230769232,0.392307692307693,0.393846153846155,
0.395384615384617,0.396923076923078,0.39846153846154,0.400000000000001,
0.401538461538463,0.403076923076924,0.404615384615386,0.406153846153847,
0.407692307692309,0.40923076923077,0.410769230769232,0.412307692307694,
0.413846153846155,0.415384615384617,0.416923076923078,0.41846153846154,
0.420000000000001,0.421538461538463,0.423076923076924,0.424615384615386,
0.426153846153847,0.427692307692309,0.429230769230771,0.430769230769232,
0.432307692307694,0.433846153846155,0.435384615384617,0.436923076923078,
0.43846153846154,0.440000000000001,0.441538461538463,0.443076923076924,
0.444615384615386,0.446153846153848,0.447692307692309,0.449230769230771,
0.450769230769232,0.452307692307694,0.453846153846155,0.455384615384617,
0.456923076923078,0.45846153846154,0.460000000000001,0.461538461538463,
0.463076923076924,0.464615384615386,0.466153846153848,0.467692307692309,
0.469230769230771,0.470769230769232,0.472307692307694,0.473846153846155,
0.475384615384617,0.476923076923078,0.47846153846154,0.480000000000001,
0.481538461538463,0.483076923076925,0.484615384615386,0.486153846153848,
0.487692307692309,0.489230769230771,0.490769230769232,0.492307692307694,
0.493846153846155,0.495384615384617,0.496923076923078,0.49846153846154,
0.500000000000002,0.501538461538463,0.503076923076925,0.504615384615386,
0.506153846153848,0.507692307692309,0.50923076923077,0.510769230769232,
0.512307692307693,0.513846153846155,0.515384615384616,0.516923076923078,
0.518461538461539,0.520000000000001,0.521538461538462,0.523076923076924,
0.524615384615385,0.526153846153847,0.527692307692308,0.52923076923077,
0.530769230769231,0.532307692307693,0.533846153846154,0.535384615384616,
0.536923076923077,0.538461538461539,0.54,0.541538461538462,0.543076923076923,
0.544615384615385,0.546153846153846,0.547692307692308,0.549230769230769,
0.550769230769231,0.552307692307692,0.553846153846154,0.555384615384615,
0.556923076923077,0.558461538461538,0.56,0.561538461538461,0.563076923076923,
0.564615384615384,0.566153846153846,0.567692307692307,0.569230769230769,
0.57076923076923,0.572307692307692,0.573846153846153,0.575384615384614,
0.576923076923076,0.578461538461537,0.579999999999999,0.58153846153846,
0.583076923076922,0.584615384615383,0.586153846153845,0.587692307692306,
0.589230769230768,0.590769230769229,0.592307692307691,0.593846153846152,
0.595384615384614,0.596923076923075,0.598461538461537,0.599999999999998,
0.60153846153846,0.603076923076921,0.604615384615383,0.606153846153844,
0.607692307692306,0.609230769230767,0.610769230769229,0.61230769230769,
0.613846153846152,0.615384615384613,0.616923076923075,0.618461538461536,
0.619999999999998,0.621538461538459,0.623076923076921,0.624615384615382,
0.626153846153844,0.627692307692305,0.629230769230767,0.630769230769228,
0.63230769230769,0.633846153846151,0.635384615384613,0.636923076923074,
0.638461538461536,0.639999999999997,0.641538461538459,0.64307692307692,
0.644615384615381,0.646153846153843,0.647692307692304,0.649230769230766,
0.650769230769227,0.652307692307689,0.65384615384615,0.655384615384612,
0.656923076923073,0.658461538461535,0.659999999999996,0.661538461538458,
0.663076923076919,0.664615384615381,0.666153846153842,0.667692307692304,
0.669230769230765,0.670769230769227,0.672307692307688,0.67384615384615,
0.675384615384611,0.676923076923073,0.678461538461534,0.679999999999996,
0.681538461538457,0.683076923076919,0.68461538461538,0.686153846153842,
0.687692307692303,0.689230769230765,0.690769230769226,0.692307692307688,
0.693846153846149,0.695384615384611,0.696923076923072,0.698461538461534,
0.699999999999995,0.701538461538457,0.703076923076918,0.70461538461538,
0.706153846153841,0.707692307692303,0.709230769230764,0.710769230769225,
0.712307692307687,0.713846153846148,0.71538461538461,0.716923076923071,
0.718461538461533,0.719999999999994,0.721538461538456,0.723076923076917,
0.724615384615379,0.72615384615384,0.727692307692302,0.729230769230763,
0.730769230769225,0.732307692307686,0.733846153846148,0.735384615384609,
0.736923076923071,0.738461538461532,0.739999999999994,0.741538461538455,
0.743076923076917,0.744615384615378,0.74615384615384,0.747692307692301,
0.749230769230763,0.750769230769224,0.752307692307686,0.753846153846147,
0.755384615384609,0.75692307692307,0.758461538461532,0.759999999999993,
0.761538461538455,0.763076923076916,0.764615384615378,0.766153846153839,
0.767692307692301,0.769230769230762,0.770769230769224,0.772307692307685,
0.773846153846147,0.775384615384608,0.776923076923069,0.778461538461531,
0.779999999999992,0.781538461538454,0.783076923076915,0.784615384615377,
0.786153846153838,0.7876923076923,0.789230769230761,0.790769230769223,0.792307692307684,
0.793846153846146,0.795384615384607,0.796923076923069,0.79846153846153,
0.799999999999992,0.801538461538453,0.803076923076915,0.804615384615376,
0.806153846153838,0.807692307692299,0.809230769230761,0.810769230769222,
0.812307692307684,0.813846153846145,0.815384615384607,0.816923076923068,
0.81846153846153,0.819999999999991,0.821538461538453,0.823076923076914,
0.824615384615376,0.826153846153837,0.827692307692299,0.82923076923076,
0.830769230769222,0.832307692307683,0.833846153846145,0.835384615384606,
0.836923076923068,0.838461538461529,0.839999999999991,0.841538461538452,
0.843076923076914,0.844615384615375,0.846153846153836,0.847692307692298,
0.849230769230759,0.850769230769221,0.852307692307682,0.853846153846144,
0.855384615384605,0.856923076923067,0.858461538461528,0.85999999999999,
0.861538461538451,0.863076923076913,0.864615384615374,0.866153846153836,
0.867692307692297,0.869230769230759,0.87076923076922,0.872307692307682,
0.873846153846143,0.875384615384605,0.876923076923066,0.878461538461528,
0.879999999999989,0.881538461538451,0.883076923076912,0.884615384615374,
0.886153846153835,0.887692307692297,0.889230769230758,0.89076923076922,
0.892307692307681,0.893846153846143,0.895384615384604,0.896923076923066,
0.898461538461527,0.899999999999989,0.90153846153845,0.903076923076912,
0.904615384615373,0.906153846153835,0.907692307692296,0.909230769230758,
0.910769230769219,0.91230769230768,0.913846153846142,0.915384615384603,
0.916923076923065,0.918461538461526,0.919999999999988,0.921538461538449,
0.923076923076911,0.924615384615372,0.926153846153834,0.927692307692295,
0.929230769230757,0.930769230769218,0.93230769230768,0.933846153846141,
0.935384615384603,0.936923076923064,0.938461538461526,0.939999999999987,
0.941538461538449,0.94307692307691,0.944615384615372,0.946153846153833,
0.947692307692295,0.949230769230756,0.950769230769218,0.952307692307679,
0.953846153846141,0.955384615384602,0.956923076923064,0.958461538461525,
0.959999999999987,0.961538461538448,0.96307692307691,0.964615384615371,
0.966153846153833,0.967692307692294,0.969230769230756,0.970769230769217,
0.972307692307679,0.97384615384614,0.975384615384602,0.976923076923063,
0.978461538461525,0.979999999999986,0.981538461538447,0.983076923076909,
0.98461538461537,0.986153846153832,0.987692307692293,0.989230769230755,
0.990769230769216,0.992307692307678,0.993846153846139,0.995384615384601,
0.996923076923062,0.998461538461524,1.),.UNSPECIFIED.)
CURVE()
GEOMETRIC_REPRESENTATION_ITEM()
RATIONAL_B_SPLINE_CURVE((1.,1.,1.,1.,1.,1.,1.,1.,1.,1.,1.,1.,1.,1.,1.,1.,
1.,1.,1.,1.,1.,1.,1.,1.,1.,1.,1.,1.,1.,1.,1.,1.,1.,1.,1.,1.,1.,1.,1.,1.,
1.,1.,1.,1.,1.,1.,1.,1.,1.,1.,1.,1.,1.,1.,1.,1.,1.,1.,1.,1.,1.,1.,1.,1.,
1.,1.,1.,1.,1.,1.,1.,1.,1.,1.,1.,1.,1.,1.,1.,1.,1.,1.,1.,1.,1.,1.,1.,1.,
1.,1.,1.,1.,1.,1.,1.,1.,1.,1.,1.,1.,1.,1.,1.,1.,1.,1.,1.,1.,1.,1.,1.,1.,
1.,1.,1.,1.,1.,1.,1.,1.,1.,1.,1.,1.,1.,1.,1.,1.,1.,1.,1.,1.,1.,1.,1.,1.,
1.,1.,1.,1.,1.,1.,1.,1.,1.,1.,1.,1.,1.,1.,1.,1.,1.,1.,1.,1.,1.,1.,1.,1.,
1.,1.,1.,1.,1.,1.,1.,1.,1.,1.,1.,1.,1.,1.,1.,1.,1.,1.,1.,1.,1.,1.,1.,1.,
1.,1.,1.,1.,1.,1.,1.,1.,1.,1.,1.,1.,1.,1.,1.,1.,1.,1.,1.,1.,1.,1.,1.,1.,
1.,1.,1.,1.,1.,1.,1.,1.,1.,1.,1.,1.,1.,1.,1.,1.,1.,1.,1.,1.,1.,1.,1.,1.,
1.,1.,1.,1.,1.,1.,1.,1.,1.,1.,1.,1.,1.,1.,1.,1.,1.,1.,1.,1.,1.,1.,1.,1.,
1.,1.,1.,1.,1.,1.,1.,1.,1.,1.,1.,1.,1.,1.,1.,1.,1.,1.,1.,1.,1.,1.,1.,1.,
1.,1.,1.,1.,1.,1.,1.,1.,1.,1.,1.,1.,1.,1.,1.,1.,1.,1.,1.,1.,1.,1.,1.,1.,
1.,1.,1.,1.,1.,1.,1.,1.,1.,1.,1.,1.,1.,1.,1.,1.,1.,1.,1.,1.,1.,1.,1.,1.,
1.,1.,1.,1.,1.,1.,1.,1.,1.,1.,1.,1.,1.,1.,1.,1.,1.,1.,1.,1.,1.,1.,1.,1.,
1.,1.,1.,1.,1.,1.,1.,1.,1.,1.,1.,1.,1.,1.,1.,1.,1.,1.,1.,1.,1.,1.,1.,1.,
1.,1.,1.,1.,1.,1.,1.,1.,1.,1.,1.,1.,1.,1.,1.,1.,1.,1.,1.,1.,1.,1.,1.,1.,
1.,1.,1.,1.,1.,1.,1.,1.,1.,1.,1.,1.,1.,1.,1.,1.,1.,1.,1.,1.,1.,1.,1.,1.,
1.,1.,1.,1.,1.,1.,1.,1.,1.,1.,1.,1.,1.,1.,1.,1.,1.,1.,1.,1.,1.,1.,1.,1.,
1.,1.,1.,1.,1.,1.,1.,1.,1.,1.,1.,1.,1.,1.,1.,1.,1.,1.,1.,1.,1.,1.,1.,1.,
1.,1.,1.,1.,1.,1.,1.,1.,1.,1.,1.,1.,1.,1.,1.,1.,1.,1.,1.,1.,1.,1.,1.,1.,
1.,1.,1.,1.,1.,1.,1.,1.,1.,1.,1.,1.,1.,1.,1.,1.,1.,1.,1.,1.,1.,1.,1.,1.,
1.,1.,1.,1.,1.,1.,1.,1.,1.,1.,1.,1.,1.,1.,1.,1.,1.,1.,1.,1.,1.,1.,1.,1.,
1.,1.,1.,1.,1.,1.,1.,1.,1.,1.,1.,1.,1.,1.,1.,1.,1.,1.,1.,1.,1.,1.,1.,1.,
1.,1.,1.,1.,1.,1.,1.,1.,1.,1.,1.,1.,1.,1.,1.,1.,1.,1.,1.,1.,1.,1.,1.,1.,
1.,1.,1.,1.,1.,1.,1.,1.,1.,1.,1.,1.,1.,1.,1.,1.,1.,1.,1.,1.,1.,1.,1.,1.,
1.,1.,1.,1.,1.,1.,1.,1.,1.,1.,1.,1.,1.,1.,1.,1.,1.,1.,1.,1.,1.,1.,1.,1.,
1.,1.,1.,1.,1.,1.,1.,1.,1.,1.,1.,1.,1.,1.,1.))
REPRESENTATION_ITEM('')
);
#16=(
BOUNDED_CURVE()
B_SPLINE_CURVE(5,(#4077,#4078,#4079,#4080,#4081,#4082,#4083,#4084,#4085,
#4086,#4087,#4088,#4089,#4090,#4091,#4092,#4093,#4094,#4095,#4096,#4097,
#4098,#4099,#4100,#4101,#4102,#4103,#4104,#4105,#4106,#4107,#4108,#4109,
#4110,#4111,#4112,#4113,#4114,#4115,#4116,#4117,#4118,#4119,#4120,#4121,
#4122,#4123,#4124,#4125,#4126,#4127,#4128,#4129,#4130,#4131,#4132,#4133,
#4134,#4135,#4136,#4137,#4138,#4139,#4140,#4141,#4142,#4143,#4144,#4145,
#4146,#4147,#4148,#4149,#4150,#4151,#4152,#4153,#4154,#4155,#4156,#4157,
#4158,#4159,#4160,#4161,#4162,#4163,#4164,#4165,#4166,#4167,#4168,#4169,
#4170,#4171,#4172,#4173,#4174,#4175,#4176,#4177,#4178,#4179,#4180,#4181,
#4182,#4183,#4184,#4185,#4186,#4187,#4188,#4189,#4190,#4191,#4192,#4193,
#4194,#4195,#4196,#4197,#4198,#4199,#4200,#4201,#4202,#4203,#4204,#4205,
#4206,#4207,#4208,#4209,#4210,#4211,#4212,#4213,#4214,#4215,#4216,#4217,
#4218,#4219,#4220,#4221,#4222,#4223,#4224,#4225,#4226,#4227,#4228,#4229,
#4230,#4231,#4232,#4233,#4234,#4235,#4236,#4237,#4238,#4239,#4240,#4241,
#4242,#4243,#4244,#4245,#4246,#4247,#4248,#4249,#4250,#4251,#4252,#4253,
#4254,#4255,#4256,#4257,#4258,#4259,#4260,#4261,#4262,#4263,#4264,#4265,
#4266,#4267,#4268,#4269,#4270,#4271,#4272,#4273,#4274,#4275,#4276,#4277,
#4278,#4279,#4280,#4281,#4282,#4283,#4284,#4285,#4286,#4287,#4288,#4289,
#4290,#4291,#4292,#4293,#4294,#4295,#4296,#4297,#4298,#4299,#4300,#4301,
#4302,#4303,#4304,#4305,#4306,#4307,#4308,#4309,#4310,#4311,#4312,#4313,
#4314,#4315,#4316,#4317,#4318,#4319,#4320,#4321,#4322,#4323,#4324,#4325,
#4326,#4327,#4328,#4329,#4330,#4331,#4332,#4333,#4334,#4335,#4336,#4337,
#4338,#4339,#4340,#4341,#4342,#4343,#4344,#4345,#4346,#4347,#4348,#4349,
#4350,#4351,#4352,#4353,#4354,#4355,#4356,#4357,#4358,#4359,#4360,#4361,
#4362,#4363,#4364,#4365,#4366,#4367,#4368,#4369,#4370,#4371,#4372,#4373,
#4374,#4375,#4376,#4377,#4378,#4379,#4380,#4381,#4382,#4383,#4384,#4385,
#4386,#4387,#4388,#4389,#4390,#4391,#4392,#4393,#4394,#4395,#4396,#4397,
#4398,#4399,#4400,#4401,#4402,#4403,#4404,#4405,#4406,#4407,#4408,#4409,
#4410,#4411,#4412,#4413,#4414,#4415,#4416,#4417,#4418,#4419,#4420,#4421,
#4422,#4423,#4424,#4425,#4426,#4427,#4428,#4429,#4430,#4431,#4432,#4433,
#4434,#4435,#4436,#4437,#4438,#4439,#4440,#4441,#4442,#4443,#4444,#4445,
#4446,#4447,#4448,#4449,#4450,#4451,#4452,#4453,#4454,#4455,#4456,#4457,
#4458,#4459,#4460,#4461,#4462,#4463,#4464,#4465,#4466,#4467,#4468,#4469,
#4470,#4471,#4472,#4473,#4474,#4475,#4476,#4477,#4478,#4479,#4480,#4481,
#4482,#4483,#4484,#4485,#4486,#4487,#4488,#4489,#4490,#4491,#4492,#4493,
#4494,#4495,#4496,#4497,#4498,#4499,#4500,#4501,#4502,#4503,#4504,#4505,
#4506,#4507,#4508,#4509,#4510,#4511,#4512,#4513,#4514,#4515,#4516,#4517,
#4518,#4519,#4520,#4521,#4522,#4523,#4524,#4525,#4526,#4527,#4528,#4529,
#4530,#4531,#4532,#4533,#4534,#4535,#4536,#4537,#4538,#4539,#4540,#4541,
#4542,#4543,#4544,#4545,#4546,#4547,#4548,#4549,#4550,#4551,#4552,#4553,
#4554,#4555,#4556,#4557,#4558,#4559,#4560,#4561,#4562,#4563,#4564,#4565,
#4566,#4567,#4568,#4569,#4570,#4571,#4572,#4573,#4574,#4575,#4576,#4577,
#4578,#4579,#4580,#4581,#4582,#4583,#4584,#4585,#4586,#4587,#4588,#4589,
#4590,#4591,#4592,#4593,#4594,#4595,#4596,#4597,#4598,#4599,#4600,#4601,
#4602,#4603,#4604,#4605,#4606,#4607,#4608,#4609,#4610,#4611,#4612,#4613,
#4614,#4615,#4616,#4617,#4618,#4619,#4620,#4621,#4622,#4623,#4624,#4625,
#4626,#4627,#4628,#4629,#4630,#4631,#4632,#4633,#4634,#4635,#4636,#4637,
#4638,#4639,#4640,#4641,#4642,#4643,#4644,#4645,#4646,#4647,#4648,#4649,
#4650,#4651,#4652,#4653,#4654,#4655,#4656,#4657,#4658,#4659,#4660,#4661,
#4662,#4663,#4664,#4665,#4666,#4667,#4668,#4669,#4670,#4671,#4672,#4673,
#4674,#4675,#4676,#4677,#4678,#4679,#4680,#4681,#4682,#4683,#4684,#4685,
#4686,#4687,#4688,#4689,#4690,#4691,#4692,#4693,#4694,#4695,#4696,#4697,
#4698,#4699,#4700,#4701,#4702,#4703,#4704,#4705,#4706,#4707,#4708,#4709,
#4710,#4711,#4712,#4713,#4714,#4715,#4716,#4717,#4718,#4719,#4720,#4721,
#4722,#4723,#4724,#4725,#4726,#4727,#4728,#4729,#4730,#4731),
 .UNSPECIFIED.,.F.,.F.)
B_SPLINE_CURVE_WITH_KNOTS((6,1,1,1,1,1,1,1,1,1,1,1,1,1,1,1,1,1,1,1,1,1,
1,1,1,1,1,1,1,1,1,1,1,1,1,1,1,1,1,1,1,1,1,1,1,1,1,1,1,1,1,1,1,1,1,1,1,1,
1,1,1,1,1,1,1,1,1,1,1,1,1,1,1,1,1,1,1,1,1,1,1,1,1,1,1,1,1,1,1,1,1,1,1,1,
1,1,1,1,1,1,1,1,1,1,1,1,1,1,1,1,1,1,1,1,1,1,1,1,1,1,1,1,1,1,1,1,1,1,1,1,
1,1,1,1,1,1,1,1,1,1,1,1,1,1,1,1,1,1,1,1,1,1,1,1,1,1,1,1,1,1,1,1,1,1,1,1,
1,1,1,1,1,1,1,1,1,1,1,1,1,1,1,1,1,1,1,1,1,1,1,1,1,1,1,1,1,1,1,1,1,1,1,1,
1,1,1,1,1,1,1,1,1,1,1,1,1,1,1,1,1,1,1,1,1,1,1,1,1,1,1,1,1,1,1,1,1,1,1,1,
1,1,1,1,1,1,1,1,1,1,1,1,1,1,1,1,1,1,1,1,1,1,1,1,1,1,1,1,1,1,1,1,1,1,1,1,
1,1,1,1,1,1,1,1,1,1,1,1,1,1,1,1,1,1,1,1,1,1,1,1,1,1,1,1,1,1,1,1,1,1,1,1,
1,1,1,1,1,1,1,1,1,1,1,1,1,1,1,1,1,1,1,1,1,1,1,1,1,1,1,1,1,1,1,1,1,1,1,1,
1,1,1,1,1,1,1,1,1,1,1,1,1,1,1,1,1,1,1,1,1,1,1,1,1,1,1,1,1,1,1,1,1,1,1,1,
1,1,1,1,1,1,1,1,1,1,1,1,1,1,1,1,1,1,1,1,1,1,1,1,1,1,1,1,1,1,1,1,1,1,1,1,
1,1,1,1,1,1,1,1,1,1,1,1,1,1,1,1,1,1,1,1,1,1,1,1,1,1,1,1,1,1,1,1,1,1,1,1,
1,1,1,1,1,1,1,1,1,1,1,1,1,1,1,1,1,1,1,1,1,1,1,1,1,1,1,1,1,1,1,1,1,1,1,1,
1,1,1,1,1,1,1,1,1,1,1,1,1,1,1,1,1,1,1,1,1,1,1,1,1,1,1,1,1,1,1,1,1,1,1,1,
1,1,1,1,1,1,1,1,1,1,1,1,1,1,1,1,1,1,1,1,1,1,1,1,1,1,1,1,1,1,1,1,1,1,1,1,
1,1,1,1,1,1,1,1,1,1,1,1,1,1,1,1,1,1,1,1,1,1,1,1,1,1,1,1,1,1,1,1,1,1,1,1,
1,1,1,1,1,1,1,1,1,1,1,1,1,1,1,1,1,1,1,1,1,1,1,1,1,1,1,1,1,1,1,1,1,1,1,1,
1,1,1,1,1,1,1,1,1,1,1,1,1,1,1,1,6),(0.,0.00153846153846154,0.00307692307692308,
0.00461538461538461,0.00615384615384615,0.00769230769230769,0.00923076923076923,
0.0107692307692308,0.0123076923076923,0.0138461538461538,0.0153846153846154,
0.0169230769230769,0.0184615384615385,0.02,0.0215384615384615,0.0230769230769231,
0.0246153846153846,0.0261538461538461,0.0276923076923077,0.0292307692307692,
0.0307692307692308,0.0323076923076923,0.0338461538461538,0.0353846153846154,
0.0369230769230769,0.0384615384615384,0.04,0.0415384615384615,0.0430769230769231,
0.0446153846153846,0.0461538461538461,0.0476923076923077,0.0492307692307692,
0.0507692307692307,0.0523076923076923,0.0538461538461538,0.0553846153846154,
0.0569230769230769,0.0584615384615384,0.06,0.0615384615384615,0.063076923076923,
0.0646153846153846,0.0661538461538461,0.0676923076923077,0.0692307692307692,
0.0707692307692308,0.0723076923076923,0.0738461538461539,0.0753846153846154,
0.0769230769230769,0.0784615384615385,0.08,0.0815384615384616,0.0830769230769231,
0.0846153846153847,0.0861538461538462,0.0876923076923077,0.0892307692307693,
0.0907692307692308,0.0923076923076924,0.0938461538461539,0.0953846153846155,
0.096923076923077,0.0984615384615386,0.1,0.101538461538462,0.103076923076923,
0.104615384615385,0.106153846153846,0.107692307692308,0.109230769230769,
0.110769230769231,0.112307692307692,0.113846153846154,0.115384615384616,
0.116923076923077,0.118461538461539,0.12,0.121538461538462,0.123076923076923,
0.124615384615385,0.126153846153846,0.127692307692308,0.129230769230769,
0.130769230769231,0.132307692307693,0.133846153846154,0.135384615384616,
0.136923076923077,0.138461538461539,0.14,0.141538461538462,0.143076923076923,
0.144615384615385,0.146153846153846,0.147692307692308,0.149230769230769,
0.150769230769231,0.152307692307693,0.153846153846154,0.155384615384616,
0.156923076923077,0.158461538461539,0.16,0.161538461538462,0.163076923076923,
0.164615384615385,0.166153846153846,0.167692307692308,0.16923076923077,
0.170769230769231,0.172307692307693,0.173846153846154,0.175384615384616,
0.176923076923077,0.178461538461539,0.18,0.181538461538462,0.183076923076923,
0.184615384615385,0.186153846153847,0.187692307692308,0.18923076923077,
0.190769230769231,0.192307692307693,0.193846153846154,0.195384615384616,
0.196923076923077,0.198461538461539,0.2,0.201538461538462,0.203076923076924,
0.204615384615385,0.206153846153847,0.207692307692308,0.20923076923077,
0.210769230769231,0.212307692307693,0.213846153846154,0.215384615384616,
0.216923076923077,0.218461538461539,0.220000000000001,0.221538461538462,
0.223076923076924,0.224615384615385,0.226153846153847,0.227692307692308,
0.22923076923077,0.230769230769231,0.232307692307693,0.233846153846154,
0.235384615384616,0.236923076923078,0.238461538461539,0.240000000000001,
0.241538461538462,0.243076923076924,0.244615384615385,0.246153846153847,
0.247692307692308,0.24923076923077,0.250769230769231,0.252307692307693,
0.253846153846154,0.255384615384616,0.256923076923078,0.258461538461539,
0.260000000000001,0.261538461538462,0.263076923076924,0.264615384615385,
0.266153846153847,0.267692307692308,0.26923076923077,0.270769230769231,
0.272307692307693,0.273846153846155,0.275384615384616,0.276923076923078,
0.278461538461539,0.280000000000001,0.281538461538462,0.283076923076924,
0.284615384615385,0.286153846153847,0.287692307692308,0.28923076923077,
0.290769230769232,0.292307692307693,0.293846153846155,0.295384615384616,
0.296923076923078,0.298461538461539,0.300000000000001,0.301538461538462,
0.303076923076924,0.304615384615385,0.306153846153847,0.307692307692309,
0.30923076923077,0.310769230769232,0.312307692307693,0.313846153846155,
0.315384615384616,0.316923076923078,0.318461538461539,0.320000000000001,
0.321538461538462,0.323076923076924,0.324615384615386,0.326153846153847,
0.327692307692309,0.32923076923077,0.330769230769232,0.332307692307693,
0.333846153846155,0.335384615384616,0.336923076923078,0.338461538461539,
0.340000000000001,0.341538461538463,0.343076923076924,0.344615384615386,
0.346153846153847,0.347692307692309,0.34923076923077,0.350769230769232,
0.352307692307693,0.353846153846155,0.355384615384616,0.356923076923078,
0.358461538461539,0.360000000000001,0.361538461538463,0.363076923076924,
0.364615384615386,0.366153846153847,0.367692307692309,0.36923076923077,
0.370769230769232,0.372307692307693,0.373846153846155,0.375384615384616,
0.376923076923078,0.37846153846154,0.380000000000001,0.381538461538463,
0.383076923076924,0.384615384615386,0.386153846153847,0.387692307692309,
0.38923076923077,0.390769230769232,0.392307692307693,0.393846153846155,
0.395384615384617,0.396923076923078,0.39846153846154,0.400000000000001,
0.401538461538463,0.403076923076924,0.404615384615386,0.406153846153847,
0.407692307692309,0.40923076923077,0.410769230769232,0.412307692307694,
0.413846153846155,0.415384615384617,0.416923076923078,0.41846153846154,
0.420000000000001,0.421538461538463,0.423076923076924,0.424615384615386,
0.426153846153847,0.427692307692309,0.429230769230771,0.430769230769232,
0.432307692307694,0.433846153846155,0.435384615384617,0.436923076923078,
0.43846153846154,0.440000000000001,0.441538461538463,0.443076923076924,
0.444615384615386,0.446153846153848,0.447692307692309,0.449230769230771,
0.450769230769232,0.452307692307694,0.453846153846155,0.455384615384617,
0.456923076923078,0.45846153846154,0.460000000000001,0.461538461538463,
0.463076923076924,0.464615384615386,0.466153846153848,0.467692307692309,
0.469230769230771,0.470769230769232,0.472307692307694,0.473846153846155,
0.475384615384617,0.476923076923078,0.47846153846154,0.480000000000001,
0.481538461538463,0.483076923076925,0.484615384615386,0.486153846153848,
0.487692307692309,0.489230769230771,0.490769230769232,0.492307692307694,
0.493846153846155,0.495384615384617,0.496923076923078,0.49846153846154,
0.500000000000002,0.501538461538463,0.503076923076925,0.504615384615386,
0.506153846153848,0.507692307692309,0.50923076923077,0.510769230769232,
0.512307692307693,0.513846153846155,0.515384615384616,0.516923076923078,
0.518461538461539,0.520000000000001,0.521538461538462,0.523076923076924,
0.524615384615385,0.526153846153847,0.527692307692308,0.52923076923077,
0.530769230769231,0.532307692307693,0.533846153846154,0.535384615384616,
0.536923076923077,0.538461538461539,0.54,0.541538461538462,0.543076923076923,
0.544615384615385,0.546153846153846,0.547692307692308,0.549230769230769,
0.550769230769231,0.552307692307692,0.553846153846154,0.555384615384615,
0.556923076923077,0.558461538461538,0.56,0.561538461538461,0.563076923076923,
0.564615384615384,0.566153846153846,0.567692307692307,0.569230769230769,
0.57076923076923,0.572307692307692,0.573846153846153,0.575384615384614,
0.576923076923076,0.578461538461537,0.579999999999999,0.58153846153846,
0.583076923076922,0.584615384615383,0.586153846153845,0.587692307692306,
0.589230769230768,0.590769230769229,0.592307692307691,0.593846153846152,
0.595384615384614,0.596923076923075,0.598461538461537,0.599999999999998,
0.60153846153846,0.603076923076921,0.604615384615383,0.606153846153844,
0.607692307692306,0.609230769230767,0.610769230769229,0.61230769230769,
0.613846153846152,0.615384615384613,0.616923076923075,0.618461538461536,
0.619999999999998,0.621538461538459,0.623076923076921,0.624615384615382,
0.626153846153844,0.627692307692305,0.629230769230767,0.630769230769228,
0.63230769230769,0.633846153846151,0.635384615384613,0.636923076923074,
0.638461538461536,0.639999999999997,0.641538461538459,0.64307692307692,
0.644615384615381,0.646153846153843,0.647692307692304,0.649230769230766,
0.650769230769227,0.652307692307689,0.65384615384615,0.655384615384612,
0.656923076923073,0.658461538461535,0.659999999999996,0.661538461538458,
0.663076923076919,0.664615384615381,0.666153846153842,0.667692307692304,
0.669230769230765,0.670769230769227,0.672307692307688,0.67384615384615,
0.675384615384611,0.676923076923073,0.678461538461534,0.679999999999996,
0.681538461538457,0.683076923076919,0.68461538461538,0.686153846153842,
0.687692307692303,0.689230769230765,0.690769230769226,0.692307692307688,
0.693846153846149,0.695384615384611,0.696923076923072,0.698461538461534,
0.699999999999995,0.701538461538457,0.703076923076918,0.70461538461538,
0.706153846153841,0.707692307692303,0.709230769230764,0.710769230769225,
0.712307692307687,0.713846153846148,0.71538461538461,0.716923076923071,
0.718461538461533,0.719999999999994,0.721538461538456,0.723076923076917,
0.724615384615379,0.72615384615384,0.727692307692302,0.729230769230763,
0.730769230769225,0.732307692307686,0.733846153846148,0.735384615384609,
0.736923076923071,0.738461538461532,0.739999999999994,0.741538461538455,
0.743076923076917,0.744615384615378,0.74615384615384,0.747692307692301,
0.749230769230763,0.750769230769224,0.752307692307686,0.753846153846147,
0.755384615384609,0.75692307692307,0.758461538461532,0.759999999999993,
0.761538461538455,0.763076923076916,0.764615384615378,0.766153846153839,
0.767692307692301,0.769230769230762,0.770769230769224,0.772307692307685,
0.773846153846147,0.775384615384608,0.776923076923069,0.778461538461531,
0.779999999999992,0.781538461538454,0.783076923076915,0.784615384615377,
0.786153846153838,0.7876923076923,0.789230769230761,0.790769230769223,0.792307692307684,
0.793846153846146,0.795384615384607,0.796923076923069,0.79846153846153,
0.799999999999992,0.801538461538453,0.803076923076915,0.804615384615376,
0.806153846153838,0.807692307692299,0.809230769230761,0.810769230769222,
0.812307692307684,0.813846153846145,0.815384615384607,0.816923076923068,
0.81846153846153,0.819999999999991,0.821538461538453,0.823076923076914,
0.824615384615376,0.826153846153837,0.827692307692299,0.82923076923076,
0.830769230769222,0.832307692307683,0.833846153846145,0.835384615384606,
0.836923076923068,0.838461538461529,0.839999999999991,0.841538461538452,
0.843076923076914,0.844615384615375,0.846153846153836,0.847692307692298,
0.849230769230759,0.850769230769221,0.852307692307682,0.853846153846144,
0.855384615384605,0.856923076923067,0.858461538461528,0.85999999999999,
0.861538461538451,0.863076923076913,0.864615384615374,0.866153846153836,
0.867692307692297,0.869230769230759,0.87076923076922,0.872307692307682,
0.873846153846143,0.875384615384605,0.876923076923066,0.878461538461528,
0.879999999999989,0.881538461538451,0.883076923076912,0.884615384615374,
0.886153846153835,0.887692307692297,0.889230769230758,0.89076923076922,
0.892307692307681,0.893846153846143,0.895384615384604,0.896923076923066,
0.898461538461527,0.899999999999989,0.90153846153845,0.903076923076912,
0.904615384615373,0.906153846153835,0.907692307692296,0.909230769230758,
0.910769230769219,0.91230769230768,0.913846153846142,0.915384615384603,
0.916923076923065,0.918461538461526,0.919999999999988,0.921538461538449,
0.923076923076911,0.924615384615372,0.926153846153834,0.927692307692295,
0.929230769230757,0.930769230769218,0.93230769230768,0.933846153846141,
0.935384615384603,0.936923076923064,0.938461538461526,0.939999999999987,
0.941538461538449,0.94307692307691,0.944615384615372,0.946153846153833,
0.947692307692295,0.949230769230756,0.950769230769218,0.952307692307679,
0.953846153846141,0.955384615384602,0.956923076923064,0.958461538461525,
0.959999999999987,0.961538461538448,0.96307692307691,0.964615384615371,
0.966153846153833,0.967692307692294,0.969230769230756,0.970769230769217,
0.972307692307679,0.97384615384614,0.975384615384602,0.976923076923063,
0.978461538461525,0.979999999999986,0.981538461538447,0.983076923076909,
0.98461538461537,0.986153846153832,0.987692307692293,0.989230769230755,
0.990769230769216,0.992307692307678,0.993846153846139,0.995384615384601,
0.996923076923062,0.998461538461524,1.),.UNSPECIFIED.)
CURVE()
GEOMETRIC_REPRESENTATION_ITEM()
RATIONAL_B_SPLINE_CURVE((1.,1.,1.,1.,1.,1.,1.,1.,1.,1.,1.,1.,1.,1.,1.,1.,
1.,1.,1.,1.,1.,1.,1.,1.,1.,1.,1.,1.,1.,1.,1.,1.,1.,1.,1.,1.,1.,1.,1.,1.,
1.,1.,1.,1.,1.,1.,1.,1.,1.,1.,1.,1.,1.,1.,1.,1.,1.,1.,1.,1.,1.,1.,1.,1.,
1.,1.,1.,1.,1.,1.,1.,1.,1.,1.,1.,1.,1.,1.,1.,1.,1.,1.,1.,1.,1.,1.,1.,1.,
1.,1.,1.,1.,1.,1.,1.,1.,1.,1.,1.,1.,1.,1.,1.,1.,1.,1.,1.,1.,1.,1.,1.,1.,
1.,1.,1.,1.,1.,1.,1.,1.,1.,1.,1.,1.,1.,1.,1.,1.,1.,1.,1.,1.,1.,1.,1.,1.,
1.,1.,1.,1.,1.,1.,1.,1.,1.,1.,1.,1.,1.,1.,1.,1.,1.,1.,1.,1.,1.,1.,1.,1.,
1.,1.,1.,1.,1.,1.,1.,1.,1.,1.,1.,1.,1.,1.,1.,1.,1.,1.,1.,1.,1.,1.,1.,1.,
1.,1.,1.,1.,1.,1.,1.,1.,1.,1.,1.,1.,1.,1.,1.,1.,1.,1.,1.,1.,1.,1.,1.,1.,
1.,1.,1.,1.,1.,1.,1.,1.,1.,1.,1.,1.,1.,1.,1.,1.,1.,1.,1.,1.,1.,1.,1.,1.,
1.,1.,1.,1.,1.,1.,1.,1.,1.,1.,1.,1.,1.,1.,1.,1.,1.,1.,1.,1.,1.,1.,1.,1.,
1.,1.,1.,1.,1.,1.,1.,1.,1.,1.,1.,1.,1.,1.,1.,1.,1.,1.,1.,1.,1.,1.,1.,1.,
1.,1.,1.,1.,1.,1.,1.,1.,1.,1.,1.,1.,1.,1.,1.,1.,1.,1.,1.,1.,1.,1.,1.,1.,
1.,1.,1.,1.,1.,1.,1.,1.,1.,1.,1.,1.,1.,1.,1.,1.,1.,1.,1.,1.,1.,1.,1.,1.,
1.,1.,1.,1.,1.,1.,1.,1.,1.,1.,1.,1.,1.,1.,1.,1.,1.,1.,1.,1.,1.,1.,1.,1.,
1.,1.,1.,1.,1.,1.,1.,1.,1.,1.,1.,1.,1.,1.,1.,1.,1.,1.,1.,1.,1.,1.,1.,1.,
1.,1.,1.,1.,1.,1.,1.,1.,1.,1.,1.,1.,1.,1.,1.,1.,1.,1.,1.,1.,1.,1.,1.,1.,
1.,1.,1.,1.,1.,1.,1.,1.,1.,1.,1.,1.,1.,1.,1.,1.,1.,1.,1.,1.,1.,1.,1.,1.,
1.,1.,1.,1.,1.,1.,1.,1.,1.,1.,1.,1.,1.,1.,1.,1.,1.,1.,1.,1.,1.,1.,1.,1.,
1.,1.,1.,1.,1.,1.,1.,1.,1.,1.,1.,1.,1.,1.,1.,1.,1.,1.,1.,1.,1.,1.,1.,1.,
1.,1.,1.,1.,1.,1.,1.,1.,1.,1.,1.,1.,1.,1.,1.,1.,1.,1.,1.,1.,1.,1.,1.,1.,
1.,1.,1.,1.,1.,1.,1.,1.,1.,1.,1.,1.,1.,1.,1.,1.,1.,1.,1.,1.,1.,1.,1.,1.,
1.,1.,1.,1.,1.,1.,1.,1.,1.,1.,1.,1.,1.,1.,1.,1.,1.,1.,1.,1.,1.,1.,1.,1.,
1.,1.,1.,1.,1.,1.,1.,1.,1.,1.,1.,1.,1.,1.,1.,1.,1.,1.,1.,1.,1.,1.,1.,1.,
1.,1.,1.,1.,1.,1.,1.,1.,1.,1.,1.,1.,1.,1.,1.,1.,1.,1.,1.,1.,1.,1.,1.,1.,
1.,1.,1.,1.,1.,1.,1.,1.,1.,1.,1.,1.,1.,1.,1.,1.,1.,1.,1.,1.,1.,1.,1.,1.,
1.,1.,1.,1.,1.,1.,1.,1.,1.,1.,1.,1.,1.,1.,1.,1.,1.,1.,1.,1.,1.,1.,1.,1.,
1.,1.,1.,1.,1.,1.,1.,1.,1.,1.,1.,1.,1.,1.,1.))
REPRESENTATION_ITEM('')
);
#17=(
BOUNDED_SURFACE()
B_SPLINE_SURFACE(5,1,((#640,#641),(#642,#643),(#644,#645),(#646,#647),(#648,
#649),(#650,#651),(#652,#653),(#654,#655),(#656,#657),(#658,#659),(#660,
#661),(#662,#663),(#664,#665),(#666,#667),(#668,#669),(#670,#671),(#672,
#673),(#674,#675),(#676,#677),(#678,#679),(#680,#681),(#682,#683),(#684,
#685),(#686,#687),(#688,#689),(#690,#691),(#692,#693),(#694,#695),(#696,
#697),(#698,#699),(#700,#701),(#702,#703),(#704,#705),(#706,#707),(#708,
#709),(#710,#711),(#712,#713),(#714,#715),(#716,#717),(#718,#719),(#720,
#721),(#722,#723),(#724,#725),(#726,#727),(#728,#729),(#730,#731),(#732,
#733),(#734,#735),(#736,#737),(#738,#739),(#740,#741),(#742,#743),(#744,
#745),(#746,#747),(#748,#749),(#750,#751),(#752,#753),(#754,#755),(#756,
#757),(#758,#759),(#760,#761),(#762,#763),(#764,#765),(#766,#767),(#768,
#769),(#770,#771),(#772,#773),(#774,#775),(#776,#777),(#778,#779),(#780,
#781),(#782,#783),(#784,#785),(#786,#787),(#788,#789),(#790,#791),(#792,
#793),(#794,#795),(#796,#797),(#798,#799),(#800,#801),(#802,#803),(#804,
#805),(#806,#807),(#808,#809),(#810,#811),(#812,#813),(#814,#815),(#816,
#817),(#818,#819),(#820,#821),(#822,#823),(#824,#825),(#826,#827),(#828,
#829),(#830,#831),(#832,#833),(#834,#835),(#836,#837),(#838,#839),(#840,
#841),(#842,#843),(#844,#845),(#846,#847),(#848,#849),(#850,#851),(#852,
#853),(#854,#855),(#856,#857),(#858,#859),(#860,#861),(#862,#863),(#864,
#865),(#866,#867),(#868,#869),(#870,#871),(#872,#873),(#874,#875),(#876,
#877),(#878,#879),(#880,#881),(#882,#883),(#884,#885),(#886,#887),(#888,
#889),(#890,#891),(#892,#893),(#894,#895),(#896,#897),(#898,#899),(#900,
#901),(#902,#903),(#904,#905),(#906,#907),(#908,#909),(#910,#911),(#912,
#913),(#914,#915),(#916,#917),(#918,#919),(#920,#921),(#922,#923),(#924,
#925),(#926,#927),(#928,#929),(#930,#931),(#932,#933),(#934,#935),(#936,
#937),(#938,#939),(#940,#941),(#942,#943),(#944,#945),(#946,#947),(#948,
#949),(#950,#951),(#952,#953),(#954,#955),(#956,#957),(#958,#959),(#960,
#961),(#962,#963),(#964,#965),(#966,#967),(#968,#969),(#970,#971),(#972,
#973),(#974,#975),(#976,#977),(#978,#979),(#980,#981),(#982,#983),(#984,
#985),(#986,#987),(#988,#989),(#990,#991),(#992,#993),(#994,#995),(#996,
#997),(#998,#999),(#1000,#1001),(#1002,#1003),(#1004,#1005),(#1006,#1007),
(#1008,#1009),(#1010,#1011),(#1012,#1013),(#1014,#1015),(#1016,#1017),(#1018,
#1019),(#1020,#1021),(#1022,#1023),(#1024,#1025),(#1026,#1027),(#1028,#1029),
(#1030,#1031),(#1032,#1033),(#1034,#1035),(#1036,#1037),(#1038,#1039),(#1040,
#1041),(#1042,#1043),(#1044,#1045),(#1046,#1047),(#1048,#1049),(#1050,#1051),
(#1052,#1053),(#1054,#1055),(#1056,#1057),(#1058,#1059),(#1060,#1061),(#1062,
#1063),(#1064,#1065),(#1066,#1067),(#1068,#1069),(#1070,#1071),(#1072,#1073),
(#1074,#1075),(#1076,#1077),(#1078,#1079),(#1080,#1081),(#1082,#1083),(#1084,
#1085),(#1086,#1087),(#1088,#1089),(#1090,#1091),(#1092,#1093),(#1094,#1095),
(#1096,#1097),(#1098,#1099),(#1100,#1101),(#1102,#1103),(#1104,#1105),(#1106,
#1107),(#1108,#1109),(#1110,#1111),(#1112,#1113),(#1114,#1115),(#1116,#1117),
(#1118,#1119),(#1120,#1121),(#1122,#1123),(#1124,#1125),(#1126,#1127),(#1128,
#1129),(#1130,#1131),(#1132,#1133),(#1134,#1135),(#1136,#1137),(#1138,#1139),
(#1140,#1141),(#1142,#1143),(#1144,#1145),(#1146,#1147),(#1148,#1149),(#1150,
#1151),(#1152,#1153),(#1154,#1155),(#1156,#1157),(#1158,#1159),(#1160,#1161),
(#1162,#1163),(#1164,#1165),(#1166,#1167),(#1168,#1169),(#1170,#1171),(#1172,
#1173),(#1174,#1175),(#1176,#1177),(#1178,#1179),(#1180,#1181),(#1182,#1183),
(#1184,#1185),(#1186,#1187),(#1188,#1189),(#1190,#1191),(#1192,#1193),(#1194,
#1195),(#1196,#1197),(#1198,#1199),(#1200,#1201),(#1202,#1203),(#1204,#1205),
(#1206,#1207),(#1208,#1209),(#1210,#1211),(#1212,#1213),(#1214,#1215),(#1216,
#1217),(#1218,#1219),(#1220,#1221),(#1222,#1223),(#1224,#1225),(#1226,#1227),
(#1228,#1229),(#1230,#1231),(#1232,#1233),(#1234,#1235),(#1236,#1237),(#1238,
#1239),(#1240,#1241),(#1242,#1243),(#1244,#1245),(#1246,#1247),(#1248,#1249),
(#1250,#1251),(#1252,#1253),(#1254,#1255),(#1256,#1257),(#1258,#1259),(#1260,
#1261),(#1262,#1263),(#1264,#1265),(#1266,#1267),(#1268,#1269),(#1270,#1271),
(#1272,#1273),(#1274,#1275),(#1276,#1277),(#1278,#1279),(#1280,#1281),(#1282,
#1283),(#1284,#1285),(#1286,#1287),(#1288,#1289),(#1290,#1291),(#1292,#1293),
(#1294,#1295),(#1296,#1297),(#1298,#1299),(#1300,#1301),(#1302,#1303),(#1304,
#1305),(#1306,#1307),(#1308,#1309),(#1310,#1311),(#1312,#1313),(#1314,#1315),
(#1316,#1317),(#1318,#1319),(#1320,#1321),(#1322,#1323),(#1324,#1325),(#1326,
#1327),(#1328,#1329),(#1330,#1331),(#1332,#1333),(#1334,#1335),(#1336,#1337),
(#1338,#1339),(#1340,#1341),(#1342,#1343),(#1344,#1345),(#1346,#1347),(#1348,
#1349),(#1350,#1351),(#1352,#1353),(#1354,#1355),(#1356,#1357),(#1358,#1359),
(#1360,#1361),(#1362,#1363),(#1364,#1365),(#1366,#1367),(#1368,#1369),(#1370,
#1371),(#1372,#1373),(#1374,#1375),(#1376,#1377),(#1378,#1379),(#1380,#1381),
(#1382,#1383),(#1384,#1385),(#1386,#1387),(#1388,#1389),(#1390,#1391),(#1392,
#1393),(#1394,#1395),(#1396,#1397),(#1398,#1399),(#1400,#1401),(#1402,#1403),
(#1404,#1405),(#1406,#1407),(#1408,#1409),(#1410,#1411),(#1412,#1413),(#1414,
#1415),(#1416,#1417),(#1418,#1419),(#1420,#1421),(#1422,#1423),(#1424,#1425),
(#1426,#1427),(#1428,#1429),(#1430,#1431),(#1432,#1433),(#1434,#1435),(#1436,
#1437),(#1438,#1439),(#1440,#1441),(#1442,#1443),(#1444,#1445),(#1446,#1447),
(#1448,#1449),(#1450,#1451),(#1452,#1453),(#1454,#1455),(#1456,#1457),(#1458,
#1459),(#1460,#1461),(#1462,#1463),(#1464,#1465),(#1466,#1467),(#1468,#1469),
(#1470,#1471),(#1472,#1473),(#1474,#1475),(#1476,#1477),(#1478,#1479),(#1480,
#1481),(#1482,#1483),(#1484,#1485),(#1486,#1487),(#1488,#1489),(#1490,#1491),
(#1492,#1493),(#1494,#1495),(#1496,#1497),(#1498,#1499),(#1500,#1501),(#1502,
#1503),(#1504,#1505),(#1506,#1507),(#1508,#1509),(#1510,#1511),(#1512,#1513),
(#1514,#1515),(#1516,#1517),(#1518,#1519),(#1520,#1521),(#1522,#1523),(#1524,
#1525),(#1526,#1527),(#1528,#1529),(#1530,#1531),(#1532,#1533),(#1534,#1535),
(#1536,#1537),(#1538,#1539),(#1540,#1541),(#1542,#1543),(#1544,#1545),(#1546,
#1547),(#1548,#1549),(#1550,#1551),(#1552,#1553),(#1554,#1555),(#1556,#1557),
(#1558,#1559),(#1560,#1561),(#1562,#1563),(#1564,#1565),(#1566,#1567),(#1568,
#1569),(#1570,#1571),(#1572,#1573),(#1574,#1575),(#1576,#1577),(#1578,#1579),
(#1580,#1581),(#1582,#1583),(#1584,#1585),(#1586,#1587),(#1588,#1589),(#1590,
#1591),(#1592,#1593),(#1594,#1595),(#1596,#1597),(#1598,#1599),(#1600,#1601),
(#1602,#1603),(#1604,#1605),(#1606,#1607),(#1608,#1609),(#1610,#1611),(#1612,
#1613),(#1614,#1615),(#1616,#1617),(#1618,#1619),(#1620,#1621),(#1622,#1623),
(#1624,#1625),(#1626,#1627),(#1628,#1629),(#1630,#1631),(#1632,#1633),(#1634,
#1635),(#1636,#1637),(#1638,#1639),(#1640,#1641),(#1642,#1643),(#1644,#1645),
(#1646,#1647),(#1648,#1649),(#1650,#1651),(#1652,#1653),(#1654,#1655),(#1656,
#1657),(#1658,#1659),(#1660,#1661),(#1662,#1663),(#1664,#1665),(#1666,#1667),
(#1668,#1669),(#1670,#1671),(#1672,#1673),(#1674,#1675),(#1676,#1677),(#1678,
#1679),(#1680,#1681),(#1682,#1683),(#1684,#1685),(#1686,#1687),(#1688,#1689),
(#1690,#1691),(#1692,#1693),(#1694,#1695),(#1696,#1697),(#1698,#1699),(#1700,
#1701),(#1702,#1703),(#1704,#1705),(#1706,#1707),(#1708,#1709),(#1710,#1711),
(#1712,#1713),(#1714,#1715),(#1716,#1717),(#1718,#1719),(#1720,#1721),(#1722,
#1723),(#1724,#1725),(#1726,#1727),(#1728,#1729),(#1730,#1731),(#1732,#1733),
(#1734,#1735),(#1736,#1737),(#1738,#1739),(#1740,#1741),(#1742,#1743),(#1744,
#1745),(#1746,#1747),(#1748,#1749),(#1750,#1751),(#1752,#1753),(#1754,#1755),
(#1756,#1757),(#1758,#1759),(#1760,#1761),(#1762,#1763),(#1764,#1765),(#1766,
#1767),(#1768,#1769),(#1770,#1771),(#1772,#1773),(#1774,#1775),(#1776,#1777),
(#1778,#1779),(#1780,#1781),(#1782,#1783),(#1784,#1785),(#1786,#1787),(#1788,
#1789),(#1790,#1791),(#1792,#1793),(#1794,#1795),(#1796,#1797),(#1798,#1799),
(#1800,#1801),(#1802,#1803),(#1804,#1805),(#1806,#1807),(#1808,#1809),(#1810,
#1811),(#1812,#1813),(#1814,#1815),(#1816,#1817),(#1818,#1819),(#1820,#1821),
(#1822,#1823),(#1824,#1825),(#1826,#1827),(#1828,#1829),(#1830,#1831),(#1832,
#1833),(#1834,#1835),(#1836,#1837),(#1838,#1839),(#1840,#1841),(#1842,#1843),
(#1844,#1845),(#1846,#1847),(#1848,#1849),(#1850,#1851),(#1852,#1853),(#1854,
#1855),(#1856,#1857),(#1858,#1859),(#1860,#1861),(#1862,#1863),(#1864,#1865),
(#1866,#1867),(#1868,#1869),(#1870,#1871),(#1872,#1873),(#1874,#1875),(#1876,
#1877),(#1878,#1879),(#1880,#1881),(#1882,#1883),(#1884,#1885),(#1886,#1887),
(#1888,#1889),(#1890,#1891),(#1892,#1893),(#1894,#1895),(#1896,#1897),(#1898,
#1899),(#1900,#1901),(#1902,#1903),(#1904,#1905),(#1906,#1907),(#1908,#1909),
(#1910,#1911),(#1912,#1913),(#1914,#1915),(#1916,#1917),(#1918,#1919),(#1920,
#1921),(#1922,#1923),(#1924,#1925),(#1926,#1927),(#1928,#1929),(#1930,#1931),
(#1932,#1933),(#1934,#1935),(#1936,#1937),(#1938,#1939),(#1940,#1941),(#1942,
#1943),(#1944,#1945),(#1946,#1947),(#1948,#1949)),.UNSPECIFIED.,.F.,.F.,
 .F.)
B_SPLINE_SURFACE_WITH_KNOTS((6,1,1,1,1,1,1,1,1,1,1,1,1,1,1,1,1,1,1,1,1,
1,1,1,1,1,1,1,1,1,1,1,1,1,1,1,1,1,1,1,1,1,1,1,1,1,1,1,1,1,1,1,1,1,1,1,1,
1,1,1,1,1,1,1,1,1,1,1,1,1,1,1,1,1,1,1,1,1,1,1,1,1,1,1,1,1,1,1,1,1,1,1,1,
1,1,1,1,1,1,1,1,1,1,1,1,1,1,1,1,1,1,1,1,1,1,1,1,1,1,1,1,1,1,1,1,1,1,1,1,
1,1,1,1,1,1,1,1,1,1,1,1,1,1,1,1,1,1,1,1,1,1,1,1,1,1,1,1,1,1,1,1,1,1,1,1,
1,1,1,1,1,1,1,1,1,1,1,1,1,1,1,1,1,1,1,1,1,1,1,1,1,1,1,1,1,1,1,1,1,1,1,1,
1,1,1,1,1,1,1,1,1,1,1,1,1,1,1,1,1,1,1,1,1,1,1,1,1,1,1,1,1,1,1,1,1,1,1,1,
1,1,1,1,1,1,1,1,1,1,1,1,1,1,1,1,1,1,1,1,1,1,1,1,1,1,1,1,1,1,1,1,1,1,1,1,
1,1,1,1,1,1,1,1,1,1,1,1,1,1,1,1,1,1,1,1,1,1,1,1,1,1,1,1,1,1,1,1,1,1,1,1,
1,1,1,1,1,1,1,1,1,1,1,1,1,1,1,1,1,1,1,1,1,1,1,1,1,1,1,1,1,1,1,1,1,1,1,1,
1,1,1,1,1,1,1,1,1,1,1,1,1,1,1,1,1,1,1,1,1,1,1,1,1,1,1,1,1,1,1,1,1,1,1,1,
1,1,1,1,1,1,1,1,1,1,1,1,1,1,1,1,1,1,1,1,1,1,1,1,1,1,1,1,1,1,1,1,1,1,1,1,
1,1,1,1,1,1,1,1,1,1,1,1,1,1,1,1,1,1,1,1,1,1,1,1,1,1,1,1,1,1,1,1,1,1,1,1,
1,1,1,1,1,1,1,1,1,1,1,1,1,1,1,1,1,1,1,1,1,1,1,1,1,1,1,1,1,1,1,1,1,1,1,1,
1,1,1,1,1,1,1,1,1,1,1,1,1,1,1,1,1,1,1,1,1,1,1,1,1,1,1,1,1,1,1,1,1,1,1,1,
1,1,1,1,1,1,1,1,1,1,1,1,1,1,1,1,1,1,1,1,1,1,1,1,1,1,1,1,1,1,1,1,1,1,1,1,
1,1,1,1,1,1,1,1,1,1,1,1,1,1,1,1,1,1,1,1,1,1,1,1,1,1,1,1,1,1,1,1,1,1,1,1,
1,1,1,1,1,1,1,1,1,1,1,1,1,1,1,1,1,1,1,1,1,1,1,1,1,1,1,1,1,1,1,1,1,1,1,1,
1,1,1,1,1,1,1,1,1,1,1,1,1,1,1,1,1,6),(2,2),(0.,0.00153846153846154,0.00307692307692308,
0.00461538461538461,0.00615384615384615,0.00769230769230769,0.00923076923076923,
0.0107692307692308,0.0123076923076923,0.0138461538461538,0.0153846153846154,
0.0169230769230769,0.0184615384615385,0.02,0.0215384615384615,0.0230769230769231,
0.0246153846153846,0.0261538461538461,0.0276923076923077,0.0292307692307692,
0.0307692307692308,0.0323076923076923,0.0338461538461538,0.0353846153846154,
0.0369230769230769,0.0384615384615384,0.04,0.0415384615384615,0.0430769230769231,
0.0446153846153846,0.0461538461538461,0.0476923076923077,0.0492307692307692,
0.0507692307692307,0.0523076923076923,0.0538461538461538,0.0553846153846154,
0.0569230769230769,0.0584615384615384,0.06,0.0615384615384615,0.063076923076923,
0.0646153846153846,0.0661538461538461,0.0676923076923077,0.0692307692307692,
0.0707692307692308,0.0723076923076923,0.0738461538461539,0.0753846153846154,
0.0769230769230769,0.0784615384615385,0.08,0.0815384615384616,0.0830769230769231,
0.0846153846153847,0.0861538461538462,0.0876923076923077,0.0892307692307693,
0.0907692307692308,0.0923076923076924,0.0938461538461539,0.0953846153846155,
0.096923076923077,0.0984615384615386,0.1,0.101538461538462,0.103076923076923,
0.104615384615385,0.106153846153846,0.107692307692308,0.109230769230769,
0.110769230769231,0.112307692307692,0.113846153846154,0.115384615384616,
0.116923076923077,0.118461538461539,0.12,0.121538461538462,0.123076923076923,
0.124615384615385,0.126153846153846,0.127692307692308,0.129230769230769,
0.130769230769231,0.132307692307693,0.133846153846154,0.135384615384616,
0.136923076923077,0.138461538461539,0.14,0.141538461538462,0.143076923076923,
0.144615384615385,0.146153846153846,0.147692307692308,0.149230769230769,
0.150769230769231,0.152307692307693,0.153846153846154,0.155384615384616,
0.156923076923077,0.158461538461539,0.16,0.161538461538462,0.163076923076923,
0.164615384615385,0.166153846153846,0.167692307692308,0.16923076923077,
0.170769230769231,0.172307692307693,0.173846153846154,0.175384615384616,
0.176923076923077,0.178461538461539,0.18,0.181538461538462,0.183076923076923,
0.184615384615385,0.186153846153847,0.187692307692308,0.18923076923077,
0.190769230769231,0.192307692307693,0.193846153846154,0.195384615384616,
0.196923076923077,0.198461538461539,0.2,0.201538461538462,0.203076923076924,
0.204615384615385,0.206153846153847,0.207692307692308,0.20923076923077,
0.210769230769231,0.212307692307693,0.213846153846154,0.215384615384616,
0.216923076923077,0.218461538461539,0.220000000000001,0.221538461538462,
0.223076923076924,0.224615384615385,0.226153846153847,0.227692307692308,
0.22923076923077,0.230769230769231,0.232307692307693,0.233846153846154,
0.235384615384616,0.236923076923078,0.238461538461539,0.240000000000001,
0.241538461538462,0.243076923076924,0.244615384615385,0.246153846153847,
0.247692307692308,0.24923076923077,0.250769230769231,0.252307692307693,
0.253846153846154,0.255384615384616,0.256923076923078,0.258461538461539,
0.260000000000001,0.261538461538462,0.263076923076924,0.264615384615385,
0.266153846153847,0.267692307692308,0.26923076923077,0.270769230769231,
0.272307692307693,0.273846153846155,0.275384615384616,0.276923076923078,
0.278461538461539,0.280000000000001,0.281538461538462,0.283076923076924,
0.284615384615385,0.286153846153847,0.287692307692308,0.28923076923077,
0.290769230769232,0.292307692307693,0.293846153846155,0.295384615384616,
0.296923076923078,0.298461538461539,0.300000000000001,0.301538461538462,
0.303076923076924,0.304615384615385,0.306153846153847,0.307692307692309,
0.30923076923077,0.310769230769232,0.312307692307693,0.313846153846155,
0.315384615384616,0.316923076923078,0.318461538461539,0.320000000000001,
0.321538461538462,0.323076923076924,0.324615384615386,0.326153846153847,
0.327692307692309,0.32923076923077,0.330769230769232,0.332307692307693,
0.333846153846155,0.335384615384616,0.336923076923078,0.338461538461539,
0.340000000000001,0.341538461538463,0.343076923076924,0.344615384615386,
0.346153846153847,0.347692307692309,0.34923076923077,0.350769230769232,
0.352307692307693,0.353846153846155,0.355384615384616,0.356923076923078,
0.358461538461539,0.360000000000001,0.361538461538463,0.363076923076924,
0.364615384615386,0.366153846153847,0.367692307692309,0.36923076923077,
0.370769230769232,0.372307692307693,0.373846153846155,0.375384615384616,
0.376923076923078,0.37846153846154,0.380000000000001,0.381538461538463,
0.383076923076924,0.384615384615386,0.386153846153847,0.387692307692309,
0.38923076923077,0.390769230769232,0.392307692307693,0.393846153846155,
0.395384615384617,0.396923076923078,0.39846153846154,0.400000000000001,
0.401538461538463,0.403076923076924,0.404615384615386,0.406153846153847,
0.407692307692309,0.40923076923077,0.410769230769232,0.412307692307694,
0.413846153846155,0.415384615384617,0.416923076923078,0.41846153846154,
0.420000000000001,0.421538461538463,0.423076923076924,0.424615384615386,
0.426153846153847,0.427692307692309,0.429230769230771,0.430769230769232,
0.432307692307694,0.433846153846155,0.435384615384617,0.436923076923078,
0.43846153846154,0.440000000000001,0.441538461538463,0.443076923076924,
0.444615384615386,0.446153846153848,0.447692307692309,0.449230769230771,
0.450769230769232,0.452307692307694,0.453846153846155,0.455384615384617,
0.456923076923078,0.45846153846154,0.460000000000001,0.461538461538463,
0.463076923076924,0.464615384615386,0.466153846153848,0.467692307692309,
0.469230769230771,0.470769230769232,0.472307692307694,0.473846153846155,
0.475384615384617,0.476923076923078,0.47846153846154,0.480000000000001,
0.481538461538463,0.483076923076925,0.484615384615386,0.486153846153848,
0.487692307692309,0.489230769230771,0.490769230769232,0.492307692307694,
0.493846153846155,0.495384615384617,0.496923076923078,0.49846153846154,
0.500000000000002,0.501538461538463,0.503076923076925,0.504615384615386,
0.506153846153848,0.507692307692309,0.50923076923077,0.510769230769232,
0.512307692307693,0.513846153846155,0.515384615384616,0.516923076923078,
0.518461538461539,0.520000000000001,0.521538461538462,0.523076923076924,
0.524615384615385,0.526153846153847,0.527692307692308,0.52923076923077,
0.530769230769231,0.532307692307693,0.533846153846154,0.535384615384616,
0.536923076923077,0.538461538461539,0.54,0.541538461538462,0.543076923076923,
0.544615384615385,0.546153846153846,0.547692307692308,0.549230769230769,
0.550769230769231,0.552307692307692,0.553846153846154,0.555384615384615,
0.556923076923077,0.558461538461538,0.56,0.561538461538461,0.563076923076923,
0.564615384615384,0.566153846153846,0.567692307692307,0.569230769230769,
0.57076923076923,0.572307692307692,0.573846153846153,0.575384615384614,
0.576923076923076,0.578461538461537,0.579999999999999,0.58153846153846,
0.583076923076922,0.584615384615383,0.586153846153845,0.587692307692306,
0.589230769230768,0.590769230769229,0.592307692307691,0.593846153846152,
0.595384615384614,0.596923076923075,0.598461538461537,0.599999999999998,
0.60153846153846,0.603076923076921,0.604615384615383,0.606153846153844,
0.607692307692306,0.609230769230767,0.610769230769229,0.61230769230769,
0.613846153846152,0.615384615384613,0.616923076923075,0.618461538461536,
0.619999999999998,0.621538461538459,0.623076923076921,0.624615384615382,
0.626153846153844,0.627692307692305,0.629230769230767,0.630769230769228,
0.63230769230769,0.633846153846151,0.635384615384613,0.636923076923074,
0.638461538461536,0.639999999999997,0.641538461538459,0.64307692307692,
0.644615384615381,0.646153846153843,0.647692307692304,0.649230769230766,
0.650769230769227,0.652307692307689,0.65384615384615,0.655384615384612,
0.656923076923073,0.658461538461535,0.659999999999996,0.661538461538458,
0.663076923076919,0.664615384615381,0.666153846153842,0.667692307692304,
0.669230769230765,0.670769230769227,0.672307692307688,0.67384615384615,
0.675384615384611,0.676923076923073,0.678461538461534,0.679999999999996,
0.681538461538457,0.683076923076919,0.68461538461538,0.686153846153842,
0.687692307692303,0.689230769230765,0.690769230769226,0.692307692307688,
0.693846153846149,0.695384615384611,0.696923076923072,0.698461538461534,
0.699999999999995,0.701538461538457,0.703076923076918,0.70461538461538,
0.706153846153841,0.707692307692303,0.709230769230764,0.710769230769225,
0.712307692307687,0.713846153846148,0.71538461538461,0.716923076923071,
0.718461538461533,0.719999999999994,0.721538461538456,0.723076923076917,
0.724615384615379,0.72615384615384,0.727692307692302,0.729230769230763,
0.730769230769225,0.732307692307686,0.733846153846148,0.735384615384609,
0.736923076923071,0.738461538461532,0.739999999999994,0.741538461538455,
0.743076923076917,0.744615384615378,0.74615384615384,0.747692307692301,
0.749230769230763,0.750769230769224,0.752307692307686,0.753846153846147,
0.755384615384609,0.75692307692307,0.758461538461532,0.759999999999993,
0.761538461538455,0.763076923076916,0.764615384615378,0.766153846153839,
0.767692307692301,0.769230769230762,0.770769230769224,0.772307692307685,
0.773846153846147,0.775384615384608,0.776923076923069,0.778461538461531,
0.779999999999992,0.781538461538454,0.783076923076915,0.784615384615377,
0.786153846153838,0.7876923076923,0.789230769230761,0.790769230769223,0.792307692307684,
0.793846153846146,0.795384615384607,0.796923076923069,0.79846153846153,
0.799999999999992,0.801538461538453,0.803076923076915,0.804615384615376,
0.806153846153838,0.807692307692299,0.809230769230761,0.810769230769222,
0.812307692307684,0.813846153846145,0.815384615384607,0.816923076923068,
0.81846153846153,0.819999999999991,0.821538461538453,0.823076923076914,
0.824615384615376,0.826153846153837,0.827692307692299,0.82923076923076,
0.830769230769222,0.832307692307683,0.833846153846145,0.835384615384606,
0.836923076923068,0.838461538461529,0.839999999999991,0.841538461538452,
0.843076923076914,0.844615384615375,0.846153846153836,0.847692307692298,
0.849230769230759,0.850769230769221,0.852307692307682,0.853846153846144,
0.855384615384605,0.856923076923067,0.858461538461528,0.85999999999999,
0.861538461538451,0.863076923076913,0.864615384615374,0.866153846153836,
0.867692307692297,0.869230769230759,0.87076923076922,0.872307692307682,
0.873846153846143,0.875384615384605,0.876923076923066,0.878461538461528,
0.879999999999989,0.881538461538451,0.883076923076912,0.884615384615374,
0.886153846153835,0.887692307692297,0.889230769230758,0.89076923076922,
0.892307692307681,0.893846153846143,0.895384615384604,0.896923076923066,
0.898461538461527,0.899999999999989,0.90153846153845,0.903076923076912,
0.904615384615373,0.906153846153835,0.907692307692296,0.909230769230758,
0.910769230769219,0.91230769230768,0.913846153846142,0.915384615384603,
0.916923076923065,0.918461538461526,0.919999999999988,0.921538461538449,
0.923076923076911,0.924615384615372,0.926153846153834,0.927692307692295,
0.929230769230757,0.930769230769218,0.93230769230768,0.933846153846141,
0.935384615384603,0.936923076923064,0.938461538461526,0.939999999999987,
0.941538461538449,0.94307692307691,0.944615384615372,0.946153846153833,
0.947692307692295,0.949230769230756,0.950769230769218,0.952307692307679,
0.953846153846141,0.955384615384602,0.956923076923064,0.958461538461525,
0.959999999999987,0.961538461538448,0.96307692307691,0.964615384615371,
0.966153846153833,0.967692307692294,0.969230769230756,0.970769230769217,
0.972307692307679,0.97384615384614,0.975384615384602,0.976923076923063,
0.978461538461525,0.979999999999986,0.981538461538447,0.983076923076909,
0.98461538461537,0.986153846153832,0.987692307692293,0.989230769230755,
0.990769230769216,0.992307692307678,0.993846153846139,0.995384615384601,
0.996923076923062,0.998461538461524,1.),(-0.592637651872934,0.559014416375768),
 .UNSPECIFIED.)
GEOMETRIC_REPRESENTATION_ITEM()
RATIONAL_B_SPLINE_SURFACE(((1.,1.),(1.,1.),(1.,1.),(1.,1.),(1.,1.),(1.,
1.),(1.,1.),(1.,1.),(1.,1.),(1.,1.),(1.,1.),(1.,1.),(1.,1.),(1.,1.),(1.,
1.),(1.,1.),(1.,1.),(1.,1.),(1.,1.),(1.,1.),(1.,1.),(1.,1.),(1.,1.),(1.,
1.),(1.,1.),(1.,1.),(1.,1.),(1.,1.),(1.,1.),(1.,1.),(1.,1.),(1.,1.),(1.,
1.),(1.,1.),(1.,1.),(1.,1.),(1.,1.),(1.,1.),(1.,1.),(1.,1.),(1.,1.),(1.,
1.),(1.,1.),(1.,1.),(1.,1.),(1.,1.),(1.,1.),(1.,1.),(1.,1.),(1.,1.),(1.,
1.),(1.,1.),(1.,1.),(1.,1.),(1.,1.),(1.,1.),(1.,1.),(1.,1.),(1.,1.),(1.,
1.),(1.,1.),(1.,1.),(1.,1.),(1.,1.),(1.,1.),(1.,1.),(1.,1.),(1.,1.),(1.,
1.),(1.,1.),(1.,1.),(1.,1.),(1.,1.),(1.,1.),(1.,1.),(1.,1.),(1.,1.),(1.,
1.),(1.,1.),(1.,1.),(1.,1.),(1.,1.),(1.,1.),(1.,1.),(1.,1.),(1.,1.),(1.,
1.),(1.,1.),(1.,1.),(1.,1.),(1.,1.),(1.,1.),(1.,1.),(1.,1.),(1.,1.),(1.,
1.),(1.,1.),(1.,1.),(1.,1.),(1.,1.),(1.,1.),(1.,1.),(1.,1.),(1.,1.),(1.,
1.),(1.,1.),(1.,1.),(1.,1.),(1.,1.),(1.,1.),(1.,1.),(1.,1.),(1.,1.),(1.,
1.),(1.,1.),(1.,1.),(1.,1.),(1.,1.),(1.,1.),(1.,1.),(1.,1.),(1.,1.),(1.,
1.),(1.,1.),(1.,1.),(1.,1.),(1.,1.),(1.,1.),(1.,1.),(1.,1.),(1.,1.),(1.,
1.),(1.,1.),(1.,1.),(1.,1.),(1.,1.),(1.,1.),(1.,1.),(1.,1.),(1.,1.),(1.,
1.),(1.,1.),(1.,1.),(1.,1.),(1.,1.),(1.,1.),(1.,1.),(1.,1.),(1.,1.),(1.,
1.),(1.,1.),(1.,1.),(1.,1.),(1.,1.),(1.,1.),(1.,1.),(1.,1.),(1.,1.),(1.,
1.),(1.,1.),(1.,1.),(1.,1.),(1.,1.),(1.,1.),(1.,1.),(1.,1.),(1.,1.),(1.,
1.),(1.,1.),(1.,1.),(1.,1.),(1.,1.),(1.,1.),(1.,1.),(1.,1.),(1.,1.),(1.,
1.),(1.,1.),(1.,1.),(1.,1.),(1.,1.),(1.,1.),(1.,1.),(1.,1.),(1.,1.),(1.,
1.),(1.,1.),(1.,1.),(1.,1.),(1.,1.),(1.,1.),(1.,1.),(1.,1.),(1.,1.),(1.,
1.),(1.,1.),(1.,1.),(1.,1.),(1.,1.),(1.,1.),(1.,1.),(1.,1.),(1.,1.),(1.,
1.),(1.,1.),(1.,1.),(1.,1.),(1.,1.),(1.,1.),(1.,1.),(1.,1.),(1.,1.),(1.,
1.),(1.,1.),(1.,1.),(1.,1.),(1.,1.),(1.,1.),(1.,1.),(1.,1.),(1.,1.),(1.,
1.),(1.,1.),(1.,1.),(1.,1.),(1.,1.),(1.,1.),(1.,1.),(1.,1.),(1.,1.),(1.,
1.),(1.,1.),(1.,1.),(1.,1.),(1.,1.),(1.,1.),(1.,1.),(1.,1.),(1.,1.),(1.,
1.),(1.,1.),(1.,1.),(1.,1.),(1.,1.),(1.,1.),(1.,1.),(1.,1.),(1.,1.),(1.,
1.),(1.,1.),(1.,1.),(1.,1.),(1.,1.),(1.,1.),(1.,1.),(1.,1.),(1.,1.),(1.,
1.),(1.,1.),(1.,1.),(1.,1.),(1.,1.),(1.,1.),(1.,1.),(1.,1.),(1.,1.),(1.,
1.),(1.,1.),(1.,1.),(1.,1.),(1.,1.),(1.,1.),(1.,1.),(1.,1.),(1.,1.),(1.,
1.),(1.,1.),(1.,1.),(1.,1.),(1.,1.),(1.,1.),(1.,1.),(1.,1.),(1.,1.),(1.,
1.),(1.,1.),(1.,1.),(1.,1.),(1.,1.),(1.,1.),(1.,1.),(1.,1.),(1.,1.),(1.,
1.),(1.,1.),(1.,1.),(1.,1.),(1.,1.),(1.,1.),(1.,1.),(1.,1.),(1.,1.),(1.,
1.),(1.,1.),(1.,1.),(1.,1.),(1.,1.),(1.,1.),(1.,1.),(1.,1.),(1.,1.),(1.,
1.),(1.,1.),(1.,1.),(1.,1.),(1.,1.),(1.,1.),(1.,1.),(1.,1.),(1.,1.),(1.,
1.),(1.,1.),(1.,1.),(1.,1.),(1.,1.),(1.,1.),(1.,1.),(1.,1.),(1.,1.),(1.,
1.),(1.,1.),(1.,1.),(1.,1.),(1.,1.),(1.,1.),(1.,1.),(1.,1.),(1.,1.),(1.,
1.),(1.,1.),(1.,1.),(1.,1.),(1.,1.),(1.,1.),(1.,1.),(1.,1.),(1.,1.),(1.,
1.),(1.,1.),(1.,1.),(1.,1.),(1.,1.),(1.,1.),(1.,1.),(1.,1.),(1.,1.),(1.,
1.),(1.,1.),(1.,1.),(1.,1.),(1.,1.),(1.,1.),(1.,1.),(1.,1.),(1.,1.),(1.,
1.),(1.,1.),(1.,1.),(1.,1.),(1.,1.),(1.,1.),(1.,1.),(1.,1.),(1.,1.),(1.,
1.),(1.,1.),(1.,1.),(1.,1.),(1.,1.),(1.,1.),(1.,1.),(1.,1.),(1.,1.),(1.,
1.),(1.,1.),(1.,1.),(1.,1.),(1.,1.),(1.,1.),(1.,1.),(1.,1.),(1.,1.),(1.,
1.),(1.,1.),(1.,1.),(1.,1.),(1.,1.),(1.,1.),(1.,1.),(1.,1.),(1.,1.),(1.,
1.),(1.,1.),(1.,1.),(1.,1.),(1.,1.),(1.,1.),(1.,1.),(1.,1.),(1.,1.),(1.,
1.),(1.,1.),(1.,1.),(1.,1.),(1.,1.),(1.,1.),(1.,1.),(1.,1.),(1.,1.),(1.,
1.),(1.,1.),(1.,1.),(1.,1.),(1.,1.),(1.,1.),(1.,1.),(1.,1.),(1.,1.),(1.,
1.),(1.,1.),(1.,1.),(1.,1.),(1.,1.),(1.,1.),(1.,1.),(1.,1.),(1.,1.),(1.,
1.),(1.,1.),(1.,1.),(1.,1.),(1.,1.),(1.,1.),(1.,1.),(1.,1.),(1.,1.),(1.,
1.),(1.,1.),(1.,1.),(1.,1.),(1.,1.),(1.,1.),(1.,1.),(1.,1.),(1.,1.),(1.,
1.),(1.,1.),(1.,1.),(1.,1.),(1.,1.),(1.,1.),(1.,1.),(1.,1.),(1.,1.),(1.,
1.),(1.,1.),(1.,1.),(1.,1.),(1.,1.),(1.,1.),(1.,1.),(1.,1.),(1.,1.),(1.,
1.),(1.,1.),(1.,1.),(1.,1.),(1.,1.),(1.,1.),(1.,1.),(1.,1.),(1.,1.),(1.,
1.),(1.,1.),(1.,1.),(1.,1.),(1.,1.),(1.,1.),(1.,1.),(1.,1.),(1.,1.),(1.,
1.),(1.,1.),(1.,1.),(1.,1.),(1.,1.),(1.,1.),(1.,1.),(1.,1.),(1.,1.),(1.,
1.),(1.,1.),(1.,1.),(1.,1.),(1.,1.),(1.,1.),(1.,1.),(1.,1.),(1.,1.),(1.,
1.),(1.,1.),(1.,1.),(1.,1.),(1.,1.),(1.,1.),(1.,1.),(1.,1.),(1.,1.),(1.,
1.),(1.,1.),(1.,1.),(1.,1.),(1.,1.),(1.,1.),(1.,1.),(1.,1.),(1.,1.),(1.,
1.),(1.,1.),(1.,1.),(1.,1.),(1.,1.),(1.,1.),(1.,1.),(1.,1.),(1.,1.),(1.,
1.),(1.,1.),(1.,1.),(1.,1.),(1.,1.),(1.,1.),(1.,1.),(1.,1.),(1.,1.),(1.,
1.),(1.,1.),(1.,1.),(1.,1.),(1.,1.),(1.,1.),(1.,1.),(1.,1.),(1.,1.),(1.,
1.),(1.,1.),(1.,1.),(1.,1.),(1.,1.),(1.,1.),(1.,1.),(1.,1.),(1.,1.),(1.,
1.),(1.,1.),(1.,1.),(1.,1.),(1.,1.),(1.,1.),(1.,1.),(1.,1.),(1.,1.),(1.,
1.),(1.,1.),(1.,1.),(1.,1.),(1.,1.),(1.,1.),(1.,1.),(1.,1.),(1.,1.),(1.,
1.),(1.,1.),(1.,1.),(1.,1.),(1.,1.),(1.,1.),(1.,1.),(1.,1.),(1.,1.),(1.,
1.),(1.,1.),(1.,1.),(1.,1.),(1.,1.),(1.,1.),(1.,1.),(1.,1.),(1.,1.),(1.,
1.),(1.,1.),(1.,1.),(1.,1.),(1.,1.),(1.,1.),(1.,1.),(1.,1.),(1.,1.),(1.,
1.),(1.,1.),(1.,1.),(1.,1.),(1.,1.),(1.,1.),(1.,1.),(1.,1.),(1.,1.),(1.,
1.),(1.,1.),(1.,1.),(1.,1.),(1.,1.),(1.,1.),(1.,1.),(1.,1.),(1.,1.),(1.,
1.),(1.,1.),(1.,1.),(1.,1.),(1.,1.),(1.,1.),(1.,1.),(1.,1.),(1.,1.),(1.,
1.),(1.,1.),(1.,1.),(1.,1.),(1.,1.),(1.,1.),(1.,1.),(1.,1.),(1.,1.),(1.,
1.),(1.,1.),(1.,1.),(1.,1.),(1.,1.),(1.,1.),(1.,1.),(1.,1.),(1.,1.),(1.,
1.),(1.,1.)))
REPRESENTATION_ITEM('')
SURFACE()
);
#18=(
BOUNDED_SURFACE()
B_SPLINE_SURFACE(5,1,((#2766,#2767),(#2768,#2769),(#2770,#2771),(#2772,
#2773),(#2774,#2775),(#2776,#2777),(#2778,#2779),(#2780,#2781),(#2782,#2783),
(#2784,#2785),(#2786,#2787),(#2788,#2789),(#2790,#2791),(#2792,#2793),(#2794,
#2795),(#2796,#2797),(#2798,#2799),(#2800,#2801),(#2802,#2803),(#2804,#2805),
(#2806,#2807),(#2808,#2809),(#2810,#2811),(#2812,#2813),(#2814,#2815),(#2816,
#2817),(#2818,#2819),(#2820,#2821),(#2822,#2823),(#2824,#2825),(#2826,#2827),
(#2828,#2829),(#2830,#2831),(#2832,#2833),(#2834,#2835),(#2836,#2837),(#2838,
#2839),(#2840,#2841),(#2842,#2843),(#2844,#2845),(#2846,#2847),(#2848,#2849),
(#2850,#2851),(#2852,#2853),(#2854,#2855),(#2856,#2857),(#2858,#2859),(#2860,
#2861),(#2862,#2863),(#2864,#2865),(#2866,#2867),(#2868,#2869),(#2870,#2871),
(#2872,#2873),(#2874,#2875),(#2876,#2877),(#2878,#2879),(#2880,#2881),(#2882,
#2883),(#2884,#2885),(#2886,#2887),(#2888,#2889),(#2890,#2891),(#2892,#2893),
(#2894,#2895),(#2896,#2897),(#2898,#2899),(#2900,#2901),(#2902,#2903),(#2904,
#2905),(#2906,#2907),(#2908,#2909),(#2910,#2911),(#2912,#2913),(#2914,#2915),
(#2916,#2917),(#2918,#2919),(#2920,#2921),(#2922,#2923),(#2924,#2925),(#2926,
#2927),(#2928,#2929),(#2930,#2931),(#2932,#2933),(#2934,#2935),(#2936,#2937),
(#2938,#2939),(#2940,#2941),(#2942,#2943),(#2944,#2945),(#2946,#2947),(#2948,
#2949),(#2950,#2951),(#2952,#2953),(#2954,#2955),(#2956,#2957),(#2958,#2959),
(#2960,#2961),(#2962,#2963),(#2964,#2965),(#2966,#2967),(#2968,#2969),(#2970,
#2971),(#2972,#2973),(#2974,#2975),(#2976,#2977),(#2978,#2979),(#2980,#2981),
(#2982,#2983),(#2984,#2985),(#2986,#2987),(#2988,#2989),(#2990,#2991),(#2992,
#2993),(#2994,#2995),(#2996,#2997),(#2998,#2999),(#3000,#3001),(#3002,#3003),
(#3004,#3005),(#3006,#3007),(#3008,#3009),(#3010,#3011),(#3012,#3013),(#3014,
#3015),(#3016,#3017),(#3018,#3019),(#3020,#3021),(#3022,#3023),(#3024,#3025),
(#3026,#3027),(#3028,#3029),(#3030,#3031),(#3032,#3033),(#3034,#3035),(#3036,
#3037),(#3038,#3039),(#3040,#3041),(#3042,#3043),(#3044,#3045),(#3046,#3047),
(#3048,#3049),(#3050,#3051),(#3052,#3053),(#3054,#3055),(#3056,#3057),(#3058,
#3059),(#3060,#3061),(#3062,#3063),(#3064,#3065),(#3066,#3067),(#3068,#3069),
(#3070,#3071),(#3072,#3073),(#3074,#3075),(#3076,#3077),(#3078,#3079),(#3080,
#3081),(#3082,#3083),(#3084,#3085),(#3086,#3087),(#3088,#3089),(#3090,#3091),
(#3092,#3093),(#3094,#3095),(#3096,#3097),(#3098,#3099),(#3100,#3101),(#3102,
#3103),(#3104,#3105),(#3106,#3107),(#3108,#3109),(#3110,#3111),(#3112,#3113),
(#3114,#3115),(#3116,#3117),(#3118,#3119),(#3120,#3121),(#3122,#3123),(#3124,
#3125),(#3126,#3127),(#3128,#3129),(#3130,#3131),(#3132,#3133),(#3134,#3135),
(#3136,#3137),(#3138,#3139),(#3140,#3141),(#3142,#3143),(#3144,#3145),(#3146,
#3147),(#3148,#3149),(#3150,#3151),(#3152,#3153),(#3154,#3155),(#3156,#3157),
(#3158,#3159),(#3160,#3161),(#3162,#3163),(#3164,#3165),(#3166,#3167),(#3168,
#3169),(#3170,#3171),(#3172,#3173),(#3174,#3175),(#3176,#3177),(#3178,#3179),
(#3180,#3181),(#3182,#3183),(#3184,#3185),(#3186,#3187),(#3188,#3189),(#3190,
#3191),(#3192,#3193),(#3194,#3195),(#3196,#3197),(#3198,#3199),(#3200,#3201),
(#3202,#3203),(#3204,#3205),(#3206,#3207),(#3208,#3209),(#3210,#3211),(#3212,
#3213),(#3214,#3215),(#3216,#3217),(#3218,#3219),(#3220,#3221),(#3222,#3223),
(#3224,#3225),(#3226,#3227),(#3228,#3229),(#3230,#3231),(#3232,#3233),(#3234,
#3235),(#3236,#3237),(#3238,#3239),(#3240,#3241),(#3242,#3243),(#3244,#3245),
(#3246,#3247),(#3248,#3249),(#3250,#3251),(#3252,#3253),(#3254,#3255),(#3256,
#3257),(#3258,#3259),(#3260,#3261),(#3262,#3263),(#3264,#3265),(#3266,#3267),
(#3268,#3269),(#3270,#3271),(#3272,#3273),(#3274,#3275),(#3276,#3277),(#3278,
#3279),(#3280,#3281),(#3282,#3283),(#3284,#3285),(#3286,#3287),(#3288,#3289),
(#3290,#3291),(#3292,#3293),(#3294,#3295),(#3296,#3297),(#3298,#3299),(#3300,
#3301),(#3302,#3303),(#3304,#3305),(#3306,#3307),(#3308,#3309),(#3310,#3311),
(#3312,#3313),(#3314,#3315),(#3316,#3317),(#3318,#3319),(#3320,#3321),(#3322,
#3323),(#3324,#3325),(#3326,#3327),(#3328,#3329),(#3330,#3331),(#3332,#3333),
(#3334,#3335),(#3336,#3337),(#3338,#3339),(#3340,#3341),(#3342,#3343),(#3344,
#3345),(#3346,#3347),(#3348,#3349),(#3350,#3351),(#3352,#3353),(#3354,#3355),
(#3356,#3357),(#3358,#3359),(#3360,#3361),(#3362,#3363),(#3364,#3365),(#3366,
#3367),(#3368,#3369),(#3370,#3371),(#3372,#3373),(#3374,#3375),(#3376,#3377),
(#3378,#3379),(#3380,#3381),(#3382,#3383),(#3384,#3385),(#3386,#3387),(#3388,
#3389),(#3390,#3391),(#3392,#3393),(#3394,#3395),(#3396,#3397),(#3398,#3399),
(#3400,#3401),(#3402,#3403),(#3404,#3405),(#3406,#3407),(#3408,#3409),(#3410,
#3411),(#3412,#3413),(#3414,#3415),(#3416,#3417),(#3418,#3419),(#3420,#3421),
(#3422,#3423),(#3424,#3425),(#3426,#3427),(#3428,#3429),(#3430,#3431),(#3432,
#3433),(#3434,#3435),(#3436,#3437),(#3438,#3439),(#3440,#3441),(#3442,#3443),
(#3444,#3445),(#3446,#3447),(#3448,#3449),(#3450,#3451),(#3452,#3453),(#3454,
#3455),(#3456,#3457),(#3458,#3459),(#3460,#3461),(#3462,#3463),(#3464,#3465),
(#3466,#3467),(#3468,#3469),(#3470,#3471),(#3472,#3473),(#3474,#3475),(#3476,
#3477),(#3478,#3479),(#3480,#3481),(#3482,#3483),(#3484,#3485),(#3486,#3487),
(#3488,#3489),(#3490,#3491),(#3492,#3493),(#3494,#3495),(#3496,#3497),(#3498,
#3499),(#3500,#3501),(#3502,#3503),(#3504,#3505),(#3506,#3507),(#3508,#3509),
(#3510,#3511),(#3512,#3513),(#3514,#3515),(#3516,#3517),(#3518,#3519),(#3520,
#3521),(#3522,#3523),(#3524,#3525),(#3526,#3527),(#3528,#3529),(#3530,#3531),
(#3532,#3533),(#3534,#3535),(#3536,#3537),(#3538,#3539),(#3540,#3541),(#3542,
#3543),(#3544,#3545),(#3546,#3547),(#3548,#3549),(#3550,#3551),(#3552,#3553),
(#3554,#3555),(#3556,#3557),(#3558,#3559),(#3560,#3561),(#3562,#3563),(#3564,
#3565),(#3566,#3567),(#3568,#3569),(#3570,#3571),(#3572,#3573),(#3574,#3575),
(#3576,#3577),(#3578,#3579),(#3580,#3581),(#3582,#3583),(#3584,#3585),(#3586,
#3587),(#3588,#3589),(#3590,#3591),(#3592,#3593),(#3594,#3595),(#3596,#3597),
(#3598,#3599),(#3600,#3601),(#3602,#3603),(#3604,#3605),(#3606,#3607),(#3608,
#3609),(#3610,#3611),(#3612,#3613),(#3614,#3615),(#3616,#3617),(#3618,#3619),
(#3620,#3621),(#3622,#3623),(#3624,#3625),(#3626,#3627),(#3628,#3629),(#3630,
#3631),(#3632,#3633),(#3634,#3635),(#3636,#3637),(#3638,#3639),(#3640,#3641),
(#3642,#3643),(#3644,#3645),(#3646,#3647),(#3648,#3649),(#3650,#3651),(#3652,
#3653),(#3654,#3655),(#3656,#3657),(#3658,#3659),(#3660,#3661),(#3662,#3663),
(#3664,#3665),(#3666,#3667),(#3668,#3669),(#3670,#3671),(#3672,#3673),(#3674,
#3675),(#3676,#3677),(#3678,#3679),(#3680,#3681),(#3682,#3683),(#3684,#3685),
(#3686,#3687),(#3688,#3689),(#3690,#3691),(#3692,#3693),(#3694,#3695),(#3696,
#3697),(#3698,#3699),(#3700,#3701),(#3702,#3703),(#3704,#3705),(#3706,#3707),
(#3708,#3709),(#3710,#3711),(#3712,#3713),(#3714,#3715),(#3716,#3717),(#3718,
#3719),(#3720,#3721),(#3722,#3723),(#3724,#3725),(#3726,#3727),(#3728,#3729),
(#3730,#3731),(#3732,#3733),(#3734,#3735),(#3736,#3737),(#3738,#3739),(#3740,
#3741),(#3742,#3743),(#3744,#3745),(#3746,#3747),(#3748,#3749),(#3750,#3751),
(#3752,#3753),(#3754,#3755),(#3756,#3757),(#3758,#3759),(#3760,#3761),(#3762,
#3763),(#3764,#3765),(#3766,#3767),(#3768,#3769),(#3770,#3771),(#3772,#3773),
(#3774,#3775),(#3776,#3777),(#3778,#3779),(#3780,#3781),(#3782,#3783),(#3784,
#3785),(#3786,#3787),(#3788,#3789),(#3790,#3791),(#3792,#3793),(#3794,#3795),
(#3796,#3797),(#3798,#3799),(#3800,#3801),(#3802,#3803),(#3804,#3805),(#3806,
#3807),(#3808,#3809),(#3810,#3811),(#3812,#3813),(#3814,#3815),(#3816,#3817),
(#3818,#3819),(#3820,#3821),(#3822,#3823),(#3824,#3825),(#3826,#3827),(#3828,
#3829),(#3830,#3831),(#3832,#3833),(#3834,#3835),(#3836,#3837),(#3838,#3839),
(#3840,#3841),(#3842,#3843),(#3844,#3845),(#3846,#3847),(#3848,#3849),(#3850,
#3851),(#3852,#3853),(#3854,#3855),(#3856,#3857),(#3858,#3859),(#3860,#3861),
(#3862,#3863),(#3864,#3865),(#3866,#3867),(#3868,#3869),(#3870,#3871),(#3872,
#3873),(#3874,#3875),(#3876,#3877),(#3878,#3879),(#3880,#3881),(#3882,#3883),
(#3884,#3885),(#3886,#3887),(#3888,#3889),(#3890,#3891),(#3892,#3893),(#3894,
#3895),(#3896,#3897),(#3898,#3899),(#3900,#3901),(#3902,#3903),(#3904,#3905),
(#3906,#3907),(#3908,#3909),(#3910,#3911),(#3912,#3913),(#3914,#3915),(#3916,
#3917),(#3918,#3919),(#3920,#3921),(#3922,#3923),(#3924,#3925),(#3926,#3927),
(#3928,#3929),(#3930,#3931),(#3932,#3933),(#3934,#3935),(#3936,#3937),(#3938,
#3939),(#3940,#3941),(#3942,#3943),(#3944,#3945),(#3946,#3947),(#3948,#3949),
(#3950,#3951),(#3952,#3953),(#3954,#3955),(#3956,#3957),(#3958,#3959),(#3960,
#3961),(#3962,#3963),(#3964,#3965),(#3966,#3967),(#3968,#3969),(#3970,#3971),
(#3972,#3973),(#3974,#3975),(#3976,#3977),(#3978,#3979),(#3980,#3981),(#3982,
#3983),(#3984,#3985),(#3986,#3987),(#3988,#3989),(#3990,#3991),(#3992,#3993),
(#3994,#3995),(#3996,#3997),(#3998,#3999),(#4000,#4001),(#4002,#4003),(#4004,
#4005),(#4006,#4007),(#4008,#4009),(#4010,#4011),(#4012,#4013),(#4014,#4015),
(#4016,#4017),(#4018,#4019),(#4020,#4021),(#4022,#4023),(#4024,#4025),(#4026,
#4027),(#4028,#4029),(#4030,#4031),(#4032,#4033),(#4034,#4035),(#4036,#4037),
(#4038,#4039),(#4040,#4041),(#4042,#4043),(#4044,#4045),(#4046,#4047),(#4048,
#4049),(#4050,#4051),(#4052,#4053),(#4054,#4055),(#4056,#4057),(#4058,#4059),
(#4060,#4061),(#4062,#4063),(#4064,#4065),(#4066,#4067),(#4068,#4069),(#4070,
#4071),(#4072,#4073),(#4074,#4075)),.UNSPECIFIED.,.F.,.F.,.F.)
B_SPLINE_SURFACE_WITH_KNOTS((6,1,1,1,1,1,1,1,1,1,1,1,1,1,1,1,1,1,1,1,1,
1,1,1,1,1,1,1,1,1,1,1,1,1,1,1,1,1,1,1,1,1,1,1,1,1,1,1,1,1,1,1,1,1,1,1,1,
1,1,1,1,1,1,1,1,1,1,1,1,1,1,1,1,1,1,1,1,1,1,1,1,1,1,1,1,1,1,1,1,1,1,1,1,
1,1,1,1,1,1,1,1,1,1,1,1,1,1,1,1,1,1,1,1,1,1,1,1,1,1,1,1,1,1,1,1,1,1,1,1,
1,1,1,1,1,1,1,1,1,1,1,1,1,1,1,1,1,1,1,1,1,1,1,1,1,1,1,1,1,1,1,1,1,1,1,1,
1,1,1,1,1,1,1,1,1,1,1,1,1,1,1,1,1,1,1,1,1,1,1,1,1,1,1,1,1,1,1,1,1,1,1,1,
1,1,1,1,1,1,1,1,1,1,1,1,1,1,1,1,1,1,1,1,1,1,1,1,1,1,1,1,1,1,1,1,1,1,1,1,
1,1,1,1,1,1,1,1,1,1,1,1,1,1,1,1,1,1,1,1,1,1,1,1,1,1,1,1,1,1,1,1,1,1,1,1,
1,1,1,1,1,1,1,1,1,1,1,1,1,1,1,1,1,1,1,1,1,1,1,1,1,1,1,1,1,1,1,1,1,1,1,1,
1,1,1,1,1,1,1,1,1,1,1,1,1,1,1,1,1,1,1,1,1,1,1,1,1,1,1,1,1,1,1,1,1,1,1,1,
1,1,1,1,1,1,1,1,1,1,1,1,1,1,1,1,1,1,1,1,1,1,1,1,1,1,1,1,1,1,1,1,1,1,1,1,
1,1,1,1,1,1,1,1,1,1,1,1,1,1,1,1,1,1,1,1,1,1,1,1,1,1,1,1,1,1,1,1,1,1,1,1,
1,1,1,1,1,1,1,1,1,1,1,1,1,1,1,1,1,1,1,1,1,1,1,1,1,1,1,1,1,1,1,1,1,1,1,1,
1,1,1,1,1,1,1,1,1,1,1,1,1,1,1,1,1,1,1,1,1,1,1,1,1,1,1,1,1,1,1,1,1,1,1,1,
1,1,1,1,1,1,1,1,1,1,1,1,1,1,1,1,1,1,1,1,1,1,1,1,1,1,1,1,1,1,1,1,1,1,1,1,
1,1,1,1,1,1,1,1,1,1,1,1,1,1,1,1,1,1,1,1,1,1,1,1,1,1,1,1,1,1,1,1,1,1,1,1,
1,1,1,1,1,1,1,1,1,1,1,1,1,1,1,1,1,1,1,1,1,1,1,1,1,1,1,1,1,1,1,1,1,1,1,1,
1,1,1,1,1,1,1,1,1,1,1,1,1,1,1,1,1,1,1,1,1,1,1,1,1,1,1,1,1,1,1,1,1,1,1,1,
1,1,1,1,1,1,1,1,1,1,1,1,1,1,1,1,1,6),(2,2),(0.,0.00153846153846154,0.00307692307692308,
0.00461538461538461,0.00615384615384615,0.00769230769230769,0.00923076923076923,
0.0107692307692308,0.0123076923076923,0.0138461538461538,0.0153846153846154,
0.0169230769230769,0.0184615384615385,0.02,0.0215384615384615,0.0230769230769231,
0.0246153846153846,0.0261538461538461,0.0276923076923077,0.0292307692307692,
0.0307692307692308,0.0323076923076923,0.0338461538461538,0.0353846153846154,
0.0369230769230769,0.0384615384615384,0.04,0.0415384615384615,0.0430769230769231,
0.0446153846153846,0.0461538461538461,0.0476923076923077,0.0492307692307692,
0.0507692307692307,0.0523076923076923,0.0538461538461538,0.0553846153846154,
0.0569230769230769,0.0584615384615384,0.06,0.0615384615384615,0.063076923076923,
0.0646153846153846,0.0661538461538461,0.0676923076923077,0.0692307692307692,
0.0707692307692308,0.0723076923076923,0.0738461538461539,0.0753846153846154,
0.0769230769230769,0.0784615384615385,0.08,0.0815384615384616,0.0830769230769231,
0.0846153846153847,0.0861538461538462,0.0876923076923077,0.0892307692307693,
0.0907692307692308,0.0923076923076924,0.0938461538461539,0.0953846153846155,
0.096923076923077,0.0984615384615386,0.1,0.101538461538462,0.103076923076923,
0.104615384615385,0.106153846153846,0.107692307692308,0.109230769230769,
0.110769230769231,0.112307692307692,0.113846153846154,0.115384615384616,
0.116923076923077,0.118461538461539,0.12,0.121538461538462,0.123076923076923,
0.124615384615385,0.126153846153846,0.127692307692308,0.129230769230769,
0.130769230769231,0.132307692307693,0.133846153846154,0.135384615384616,
0.136923076923077,0.138461538461539,0.14,0.141538461538462,0.143076923076923,
0.144615384615385,0.146153846153846,0.147692307692308,0.149230769230769,
0.150769230769231,0.152307692307693,0.153846153846154,0.155384615384616,
0.156923076923077,0.158461538461539,0.16,0.161538461538462,0.163076923076923,
0.164615384615385,0.166153846153846,0.167692307692308,0.16923076923077,
0.170769230769231,0.172307692307693,0.173846153846154,0.175384615384616,
0.176923076923077,0.178461538461539,0.18,0.181538461538462,0.183076923076923,
0.184615384615385,0.186153846153847,0.187692307692308,0.18923076923077,
0.190769230769231,0.192307692307693,0.193846153846154,0.195384615384616,
0.196923076923077,0.198461538461539,0.2,0.201538461538462,0.203076923076924,
0.204615384615385,0.206153846153847,0.207692307692308,0.20923076923077,
0.210769230769231,0.212307692307693,0.213846153846154,0.215384615384616,
0.216923076923077,0.218461538461539,0.220000000000001,0.221538461538462,
0.223076923076924,0.224615384615385,0.226153846153847,0.227692307692308,
0.22923076923077,0.230769230769231,0.232307692307693,0.233846153846154,
0.235384615384616,0.236923076923078,0.238461538461539,0.240000000000001,
0.241538461538462,0.243076923076924,0.244615384615385,0.246153846153847,
0.247692307692308,0.24923076923077,0.250769230769231,0.252307692307693,
0.253846153846154,0.255384615384616,0.256923076923078,0.258461538461539,
0.260000000000001,0.261538461538462,0.263076923076924,0.264615384615385,
0.266153846153847,0.267692307692308,0.26923076923077,0.270769230769231,
0.272307692307693,0.273846153846155,0.275384615384616,0.276923076923078,
0.278461538461539,0.280000000000001,0.281538461538462,0.283076923076924,
0.284615384615385,0.286153846153847,0.287692307692308,0.28923076923077,
0.290769230769232,0.292307692307693,0.293846153846155,0.295384615384616,
0.296923076923078,0.298461538461539,0.300000000000001,0.301538461538462,
0.303076923076924,0.304615384615385,0.306153846153847,0.307692307692309,
0.30923076923077,0.310769230769232,0.312307692307693,0.313846153846155,
0.315384615384616,0.316923076923078,0.318461538461539,0.320000000000001,
0.321538461538462,0.323076923076924,0.324615384615386,0.326153846153847,
0.327692307692309,0.32923076923077,0.330769230769232,0.332307692307693,
0.333846153846155,0.335384615384616,0.336923076923078,0.338461538461539,
0.340000000000001,0.341538461538463,0.343076923076924,0.344615384615386,
0.346153846153847,0.347692307692309,0.34923076923077,0.350769230769232,
0.352307692307693,0.353846153846155,0.355384615384616,0.356923076923078,
0.358461538461539,0.360000000000001,0.361538461538463,0.363076923076924,
0.364615384615386,0.366153846153847,0.367692307692309,0.36923076923077,
0.370769230769232,0.372307692307693,0.373846153846155,0.375384615384616,
0.376923076923078,0.37846153846154,0.380000000000001,0.381538461538463,
0.383076923076924,0.384615384615386,0.386153846153847,0.387692307692309,
0.38923076923077,0.390769230769232,0.392307692307693,0.393846153846155,
0.395384615384617,0.396923076923078,0.39846153846154,0.400000000000001,
0.401538461538463,0.403076923076924,0.404615384615386,0.406153846153847,
0.407692307692309,0.40923076923077,0.410769230769232,0.412307692307694,
0.413846153846155,0.415384615384617,0.416923076923078,0.41846153846154,
0.420000000000001,0.421538461538463,0.423076923076924,0.424615384615386,
0.426153846153847,0.427692307692309,0.429230769230771,0.430769230769232,
0.432307692307694,0.433846153846155,0.435384615384617,0.436923076923078,
0.43846153846154,0.440000000000001,0.441538461538463,0.443076923076924,
0.444615384615386,0.446153846153848,0.447692307692309,0.449230769230771,
0.450769230769232,0.452307692307694,0.453846153846155,0.455384615384617,
0.456923076923078,0.45846153846154,0.460000000000001,0.461538461538463,
0.463076923076924,0.464615384615386,0.466153846153848,0.467692307692309,
0.469230769230771,0.470769230769232,0.472307692307694,0.473846153846155,
0.475384615384617,0.476923076923078,0.47846153846154,0.480000000000001,
0.481538461538463,0.483076923076925,0.484615384615386,0.486153846153848,
0.487692307692309,0.489230769230771,0.490769230769232,0.492307692307694,
0.493846153846155,0.495384615384617,0.496923076923078,0.49846153846154,
0.500000000000002,0.501538461538463,0.503076923076925,0.504615384615386,
0.506153846153848,0.507692307692309,0.50923076923077,0.510769230769232,
0.512307692307693,0.513846153846155,0.515384615384616,0.516923076923078,
0.518461538461539,0.520000000000001,0.521538461538462,0.523076923076924,
0.524615384615385,0.526153846153847,0.527692307692308,0.52923076923077,
0.530769230769231,0.532307692307693,0.533846153846154,0.535384615384616,
0.536923076923077,0.538461538461539,0.54,0.541538461538462,0.543076923076923,
0.544615384615385,0.546153846153846,0.547692307692308,0.549230769230769,
0.550769230769231,0.552307692307692,0.553846153846154,0.555384615384615,
0.556923076923077,0.558461538461538,0.56,0.561538461538461,0.563076923076923,
0.564615384615384,0.566153846153846,0.567692307692307,0.569230769230769,
0.57076923076923,0.572307692307692,0.573846153846153,0.575384615384614,
0.576923076923076,0.578461538461537,0.579999999999999,0.58153846153846,
0.583076923076922,0.584615384615383,0.586153846153845,0.587692307692306,
0.589230769230768,0.590769230769229,0.592307692307691,0.593846153846152,
0.595384615384614,0.596923076923075,0.598461538461537,0.599999999999998,
0.60153846153846,0.603076923076921,0.604615384615383,0.606153846153844,
0.607692307692306,0.609230769230767,0.610769230769229,0.61230769230769,
0.613846153846152,0.615384615384613,0.616923076923075,0.618461538461536,
0.619999999999998,0.621538461538459,0.623076923076921,0.624615384615382,
0.626153846153844,0.627692307692305,0.629230769230767,0.630769230769228,
0.63230769230769,0.633846153846151,0.635384615384613,0.636923076923074,
0.638461538461536,0.639999999999997,0.641538461538459,0.64307692307692,
0.644615384615381,0.646153846153843,0.647692307692304,0.649230769230766,
0.650769230769227,0.652307692307689,0.65384615384615,0.655384615384612,
0.656923076923073,0.658461538461535,0.659999999999996,0.661538461538458,
0.663076923076919,0.664615384615381,0.666153846153842,0.667692307692304,
0.669230769230765,0.670769230769227,0.672307692307688,0.67384615384615,
0.675384615384611,0.676923076923073,0.678461538461534,0.679999999999996,
0.681538461538457,0.683076923076919,0.68461538461538,0.686153846153842,
0.687692307692303,0.689230769230765,0.690769230769226,0.692307692307688,
0.693846153846149,0.695384615384611,0.696923076923072,0.698461538461534,
0.699999999999995,0.701538461538457,0.703076923076918,0.70461538461538,
0.706153846153841,0.707692307692303,0.709230769230764,0.710769230769225,
0.712307692307687,0.713846153846148,0.71538461538461,0.716923076923071,
0.718461538461533,0.719999999999994,0.721538461538456,0.723076923076917,
0.724615384615379,0.72615384615384,0.727692307692302,0.729230769230763,
0.730769230769225,0.732307692307686,0.733846153846148,0.735384615384609,
0.736923076923071,0.738461538461532,0.739999999999994,0.741538461538455,
0.743076923076917,0.744615384615378,0.74615384615384,0.747692307692301,
0.749230769230763,0.750769230769224,0.752307692307686,0.753846153846147,
0.755384615384609,0.75692307692307,0.758461538461532,0.759999999999993,
0.761538461538455,0.763076923076916,0.764615384615378,0.766153846153839,
0.767692307692301,0.769230769230762,0.770769230769224,0.772307692307685,
0.773846153846147,0.775384615384608,0.776923076923069,0.778461538461531,
0.779999999999992,0.781538461538454,0.783076923076915,0.784615384615377,
0.786153846153838,0.7876923076923,0.789230769230761,0.790769230769223,0.792307692307684,
0.793846153846146,0.795384615384607,0.796923076923069,0.79846153846153,
0.799999999999992,0.801538461538453,0.803076923076915,0.804615384615376,
0.806153846153838,0.807692307692299,0.809230769230761,0.810769230769222,
0.812307692307684,0.813846153846145,0.815384615384607,0.816923076923068,
0.81846153846153,0.819999999999991,0.821538461538453,0.823076923076914,
0.824615384615376,0.826153846153837,0.827692307692299,0.82923076923076,
0.830769230769222,0.832307692307683,0.833846153846145,0.835384615384606,
0.836923076923068,0.838461538461529,0.839999999999991,0.841538461538452,
0.843076923076914,0.844615384615375,0.846153846153836,0.847692307692298,
0.849230769230759,0.850769230769221,0.852307692307682,0.853846153846144,
0.855384615384605,0.856923076923067,0.858461538461528,0.85999999999999,
0.861538461538451,0.863076923076913,0.864615384615374,0.866153846153836,
0.867692307692297,0.869230769230759,0.87076923076922,0.872307692307682,
0.873846153846143,0.875384615384605,0.876923076923066,0.878461538461528,
0.879999999999989,0.881538461538451,0.883076923076912,0.884615384615374,
0.886153846153835,0.887692307692297,0.889230769230758,0.89076923076922,
0.892307692307681,0.893846153846143,0.895384615384604,0.896923076923066,
0.898461538461527,0.899999999999989,0.90153846153845,0.903076923076912,
0.904615384615373,0.906153846153835,0.907692307692296,0.909230769230758,
0.910769230769219,0.91230769230768,0.913846153846142,0.915384615384603,
0.916923076923065,0.918461538461526,0.919999999999988,0.921538461538449,
0.923076923076911,0.924615384615372,0.926153846153834,0.927692307692295,
0.929230769230757,0.930769230769218,0.93230769230768,0.933846153846141,
0.935384615384603,0.936923076923064,0.938461538461526,0.939999999999987,
0.941538461538449,0.94307692307691,0.944615384615372,0.946153846153833,
0.947692307692295,0.949230769230756,0.950769230769218,0.952307692307679,
0.953846153846141,0.955384615384602,0.956923076923064,0.958461538461525,
0.959999999999987,0.961538461538448,0.96307692307691,0.964615384615371,
0.966153846153833,0.967692307692294,0.969230769230756,0.970769230769217,
0.972307692307679,0.97384615384614,0.975384615384602,0.976923076923063,
0.978461538461525,0.979999999999986,0.981538461538447,0.983076923076909,
0.98461538461537,0.986153846153832,0.987692307692293,0.989230769230755,
0.990769230769216,0.992307692307678,0.993846153846139,0.995384615384601,
0.996923076923062,0.998461538461524,1.),(-0.592536541099602,0.559014366813462),
 .UNSPECIFIED.)
GEOMETRIC_REPRESENTATION_ITEM()
RATIONAL_B_SPLINE_SURFACE(((1.,1.),(1.,1.),(1.,1.),(1.,1.),(1.,1.),(1.,
1.),(1.,1.),(1.,1.),(1.,1.),(1.,1.),(1.,1.),(1.,1.),(1.,1.),(1.,1.),(1.,
1.),(1.,1.),(1.,1.),(1.,1.),(1.,1.),(1.,1.),(1.,1.),(1.,1.),(1.,1.),(1.,
1.),(1.,1.),(1.,1.),(1.,1.),(1.,1.),(1.,1.),(1.,1.),(1.,1.),(1.,1.),(1.,
1.),(1.,1.),(1.,1.),(1.,1.),(1.,1.),(1.,1.),(1.,1.),(1.,1.),(1.,1.),(1.,
1.),(1.,1.),(1.,1.),(1.,1.),(1.,1.),(1.,1.),(1.,1.),(1.,1.),(1.,1.),(1.,
1.),(1.,1.),(1.,1.),(1.,1.),(1.,1.),(1.,1.),(1.,1.),(1.,1.),(1.,1.),(1.,
1.),(1.,1.),(1.,1.),(1.,1.),(1.,1.),(1.,1.),(1.,1.),(1.,1.),(1.,1.),(1.,
1.),(1.,1.),(1.,1.),(1.,1.),(1.,1.),(1.,1.),(1.,1.),(1.,1.),(1.,1.),(1.,
1.),(1.,1.),(1.,1.),(1.,1.),(1.,1.),(1.,1.),(1.,1.),(1.,1.),(1.,1.),(1.,
1.),(1.,1.),(1.,1.),(1.,1.),(1.,1.),(1.,1.),(1.,1.),(1.,1.),(1.,1.),(1.,
1.),(1.,1.),(1.,1.),(1.,1.),(1.,1.),(1.,1.),(1.,1.),(1.,1.),(1.,1.),(1.,
1.),(1.,1.),(1.,1.),(1.,1.),(1.,1.),(1.,1.),(1.,1.),(1.,1.),(1.,1.),(1.,
1.),(1.,1.),(1.,1.),(1.,1.),(1.,1.),(1.,1.),(1.,1.),(1.,1.),(1.,1.),(1.,
1.),(1.,1.),(1.,1.),(1.,1.),(1.,1.),(1.,1.),(1.,1.),(1.,1.),(1.,1.),(1.,
1.),(1.,1.),(1.,1.),(1.,1.),(1.,1.),(1.,1.),(1.,1.),(1.,1.),(1.,1.),(1.,
1.),(1.,1.),(1.,1.),(1.,1.),(1.,1.),(1.,1.),(1.,1.),(1.,1.),(1.,1.),(1.,
1.),(1.,1.),(1.,1.),(1.,1.),(1.,1.),(1.,1.),(1.,1.),(1.,1.),(1.,1.),(1.,
1.),(1.,1.),(1.,1.),(1.,1.),(1.,1.),(1.,1.),(1.,1.),(1.,1.),(1.,1.),(1.,
1.),(1.,1.),(1.,1.),(1.,1.),(1.,1.),(1.,1.),(1.,1.),(1.,1.),(1.,1.),(1.,
1.),(1.,1.),(1.,1.),(1.,1.),(1.,1.),(1.,1.),(1.,1.),(1.,1.),(1.,1.),(1.,
1.),(1.,1.),(1.,1.),(1.,1.),(1.,1.),(1.,1.),(1.,1.),(1.,1.),(1.,1.),(1.,
1.),(1.,1.),(1.,1.),(1.,1.),(1.,1.),(1.,1.),(1.,1.),(1.,1.),(1.,1.),(1.,
1.),(1.,1.),(1.,1.),(1.,1.),(1.,1.),(1.,1.),(1.,1.),(1.,1.),(1.,1.),(1.,
1.),(1.,1.),(1.,1.),(1.,1.),(1.,1.),(1.,1.),(1.,1.),(1.,1.),(1.,1.),(1.,
1.),(1.,1.),(1.,1.),(1.,1.),(1.,1.),(1.,1.),(1.,1.),(1.,1.),(1.,1.),(1.,
1.),(1.,1.),(1.,1.),(1.,1.),(1.,1.),(1.,1.),(1.,1.),(1.,1.),(1.,1.),(1.,
1.),(1.,1.),(1.,1.),(1.,1.),(1.,1.),(1.,1.),(1.,1.),(1.,1.),(1.,1.),(1.,
1.),(1.,1.),(1.,1.),(1.,1.),(1.,1.),(1.,1.),(1.,1.),(1.,1.),(1.,1.),(1.,
1.),(1.,1.),(1.,1.),(1.,1.),(1.,1.),(1.,1.),(1.,1.),(1.,1.),(1.,1.),(1.,
1.),(1.,1.),(1.,1.),(1.,1.),(1.,1.),(1.,1.),(1.,1.),(1.,1.),(1.,1.),(1.,
1.),(1.,1.),(1.,1.),(1.,1.),(1.,1.),(1.,1.),(1.,1.),(1.,1.),(1.,1.),(1.,
1.),(1.,1.),(1.,1.),(1.,1.),(1.,1.),(1.,1.),(1.,1.),(1.,1.),(1.,1.),(1.,
1.),(1.,1.),(1.,1.),(1.,1.),(1.,1.),(1.,1.),(1.,1.),(1.,1.),(1.,1.),(1.,
1.),(1.,1.),(1.,1.),(1.,1.),(1.,1.),(1.,1.),(1.,1.),(1.,1.),(1.,1.),(1.,
1.),(1.,1.),(1.,1.),(1.,1.),(1.,1.),(1.,1.),(1.,1.),(1.,1.),(1.,1.),(1.,
1.),(1.,1.),(1.,1.),(1.,1.),(1.,1.),(1.,1.),(1.,1.),(1.,1.),(1.,1.),(1.,
1.),(1.,1.),(1.,1.),(1.,1.),(1.,1.),(1.,1.),(1.,1.),(1.,1.),(1.,1.),(1.,
1.),(1.,1.),(1.,1.),(1.,1.),(1.,1.),(1.,1.),(1.,1.),(1.,1.),(1.,1.),(1.,
1.),(1.,1.),(1.,1.),(1.,1.),(1.,1.),(1.,1.),(1.,1.),(1.,1.),(1.,1.),(1.,
1.),(1.,1.),(1.,1.),(1.,1.),(1.,1.),(1.,1.),(1.,1.),(1.,1.),(1.,1.),(1.,
1.),(1.,1.),(1.,1.),(1.,1.),(1.,1.),(1.,1.),(1.,1.),(1.,1.),(1.,1.),(1.,
1.),(1.,1.),(1.,1.),(1.,1.),(1.,1.),(1.,1.),(1.,1.),(1.,1.),(1.,1.),(1.,
1.),(1.,1.),(1.,1.),(1.,1.),(1.,1.),(1.,1.),(1.,1.),(1.,1.),(1.,1.),(1.,
1.),(1.,1.),(1.,1.),(1.,1.),(1.,1.),(1.,1.),(1.,1.),(1.,1.),(1.,1.),(1.,
1.),(1.,1.),(1.,1.),(1.,1.),(1.,1.),(1.,1.),(1.,1.),(1.,1.),(1.,1.),(1.,
1.),(1.,1.),(1.,1.),(1.,1.),(1.,1.),(1.,1.),(1.,1.),(1.,1.),(1.,1.),(1.,
1.),(1.,1.),(1.,1.),(1.,1.),(1.,1.),(1.,1.),(1.,1.),(1.,1.),(1.,1.),(1.,
1.),(1.,1.),(1.,1.),(1.,1.),(1.,1.),(1.,1.),(1.,1.),(1.,1.),(1.,1.),(1.,
1.),(1.,1.),(1.,1.),(1.,1.),(1.,1.),(1.,1.),(1.,1.),(1.,1.),(1.,1.),(1.,
1.),(1.,1.),(1.,1.),(1.,1.),(1.,1.),(1.,1.),(1.,1.),(1.,1.),(1.,1.),(1.,
1.),(1.,1.),(1.,1.),(1.,1.),(1.,1.),(1.,1.),(1.,1.),(1.,1.),(1.,1.),(1.,
1.),(1.,1.),(1.,1.),(1.,1.),(1.,1.),(1.,1.),(1.,1.),(1.,1.),(1.,1.),(1.,
1.),(1.,1.),(1.,1.),(1.,1.),(1.,1.),(1.,1.),(1.,1.),(1.,1.),(1.,1.),(1.,
1.),(1.,1.),(1.,1.),(1.,1.),(1.,1.),(1.,1.),(1.,1.),(1.,1.),(1.,1.),(1.,
1.),(1.,1.),(1.,1.),(1.,1.),(1.,1.),(1.,1.),(1.,1.),(1.,1.),(1.,1.),(1.,
1.),(1.,1.),(1.,1.),(1.,1.),(1.,1.),(1.,1.),(1.,1.),(1.,1.),(1.,1.),(1.,
1.),(1.,1.),(1.,1.),(1.,1.),(1.,1.),(1.,1.),(1.,1.),(1.,1.),(1.,1.),(1.,
1.),(1.,1.),(1.,1.),(1.,1.),(1.,1.),(1.,1.),(1.,1.),(1.,1.),(1.,1.),(1.,
1.),(1.,1.),(1.,1.),(1.,1.),(1.,1.),(1.,1.),(1.,1.),(1.,1.),(1.,1.),(1.,
1.),(1.,1.),(1.,1.),(1.,1.),(1.,1.),(1.,1.),(1.,1.),(1.,1.),(1.,1.),(1.,
1.),(1.,1.),(1.,1.),(1.,1.),(1.,1.),(1.,1.),(1.,1.),(1.,1.),(1.,1.),(1.,
1.),(1.,1.),(1.,1.),(1.,1.),(1.,1.),(1.,1.),(1.,1.),(1.,1.),(1.,1.),(1.,
1.),(1.,1.),(1.,1.),(1.,1.),(1.,1.),(1.,1.),(1.,1.),(1.,1.),(1.,1.),(1.,
1.),(1.,1.),(1.,1.),(1.,1.),(1.,1.),(1.,1.),(1.,1.),(1.,1.),(1.,1.),(1.,
1.),(1.,1.),(1.,1.),(1.,1.),(1.,1.),(1.,1.),(1.,1.),(1.,1.),(1.,1.),(1.,
1.),(1.,1.),(1.,1.),(1.,1.),(1.,1.),(1.,1.),(1.,1.),(1.,1.),(1.,1.),(1.,
1.),(1.,1.),(1.,1.),(1.,1.),(1.,1.),(1.,1.),(1.,1.),(1.,1.),(1.,1.),(1.,
1.),(1.,1.),(1.,1.),(1.,1.),(1.,1.),(1.,1.),(1.,1.),(1.,1.),(1.,1.),(1.,
1.),(1.,1.),(1.,1.),(1.,1.),(1.,1.),(1.,1.),(1.,1.),(1.,1.),(1.,1.),(1.,
1.),(1.,1.),(1.,1.),(1.,1.),(1.,1.),(1.,1.),(1.,1.),(1.,1.),(1.,1.),(1.,
1.),(1.,1.),(1.,1.),(1.,1.),(1.,1.),(1.,1.),(1.,1.),(1.,1.),(1.,1.),(1.,
1.),(1.,1.),(1.,1.),(1.,1.),(1.,1.),(1.,1.),(1.,1.),(1.,1.),(1.,1.),(1.,
1.),(1.,1.)))
REPRESENTATION_ITEM('')
SURFACE()
);
#19=FACE_BOUND('',#77,.T.);
#20=FACE_BOUND('',#78,.T.);
#21=FACE_BOUND('',#79,.T.);
#22=FACE_BOUND('',#80,.T.);
#23=FACE_BOUND('',#88,.T.);
#24=FACE_BOUND('',#89,.T.);
#25=FACE_BOUND('',#94,.T.);
#26=FACE_BOUND('',#95,.T.);
#27=FACE_BOUND('',#97,.T.);
#28=FACE_BOUND('',#99,.T.);
#29=B_SPLINE_CURVE_WITH_KNOTS('',3,(#476,#477,#478,#479,#480,#481,#482,
#483,#484,#485,#486,#487,#488,#489,#490,#491,#492,#493,#494,#495,#496,#497,
#498,#499,#500,#501,#502,#503,#504,#505,#506,#507,#508,#509),
 .UNSPECIFIED.,.T.,.F.,(4,2,2,2,2,2,2,2,2,2,2,2,2,2,2,2,4),(0.,0.0377137162696005,
0.075427432539201,0.113140795629718,0.150854158720236,0.188567521810753,
0.22628088490127,0.263994601170871,0.301708317440472,0.339422033710072,
0.377135749979673,0.41484911307019,0.452562476160707,0.490275839251225,
0.527989202341742,0.565702918611342,0.603416634880943),.UNSPECIFIED.);
#30=B_SPLINE_CURVE_WITH_KNOTS('',3,(#511,#512,#513,#514,#515,#516,#517,
#518,#519,#520,#521,#522,#523,#524,#525,#526,#527,#528,#529,#530,#531,#532,
#533,#534,#535,#536,#537,#538,#539,#540,#541,#542,#543,#544),
 .UNSPECIFIED.,.T.,.F.,(4,2,2,2,2,2,2,2,2,2,2,2,2,2,2,2,4),(0.,0.0377137157062639,
0.0754274314125277,0.113140793939735,0.150854156466942,0.188567518994149,
0.226280881521356,0.263994597227619,0.301708312933883,0.339422028640147,
0.377135744346411,0.414849106873618,0.452562469400825,0.490275831928032,
0.527989194455239,0.565702910161503,0.603416625867767),.UNSPECIFIED.);
#31=B_SPLINE_CURVE_WITH_KNOTS('',3,(#546,#547,#548,#549,#550,#551,#552,
#553,#554,#555,#556,#557,#558,#559,#560,#561,#562,#563,#564,#565,#566,#567,
#568,#569,#570,#571,#572,#573,#574,#575,#576,#577,#578,#579),
 .UNSPECIFIED.,.T.,.F.,(4,2,2,2,2,2,2,2,2,2,2,2,2,2,2,2,4),(0.,0.0377137157062638,
0.0754274314125276,0.113140793939735,0.150854156466942,0.188567518994149,
0.226280881521356,0.26399459722762,0.301708312933883,0.339422028640147,
0.377135744346411,0.414849106873618,0.452562469400825,0.490275831928032,
0.527989194455239,0.565702910161503,0.603416625867767),.UNSPECIFIED.);
#32=B_SPLINE_CURVE_WITH_KNOTS('',3,(#581,#582,#583,#584,#585,#586,#587,
#588,#589,#590,#591,#592,#593,#594,#595,#596,#597,#598,#599,#600,#601,#602,
#603,#604,#605,#606,#607,#608,#609,#610,#611,#612,#613,#614),
 .UNSPECIFIED.,.T.,.F.,(4,2,2,2,2,2,2,2,2,2,2,2,2,2,2,2,4),(0.,0.0377137157062639,
0.0754274314125278,0.113140793939735,0.150854156466942,0.188567518994149,
0.226280881521356,0.26399459722762,0.301708312933884,0.339422028640147,
0.377135744346411,0.414849106873618,0.452562469400825,0.490275831928032,
0.527989194455239,0.565702910161503,0.603416625867767),.UNSPECIFIED.);
#33=B_SPLINE_CURVE_WITH_KNOTS('',3,(#2606,#2607,#2608,#2609,#2610,#2611,
#2612,#2613,#2614,#2615,#2616,#2617,#2618,#2619,#2620,#2621,#2622,#2623,
#2624,#2625,#2626,#2627,#2628,#2629,#2630,#2631,#2632,#2633,#2634,#2635,
#2636,#2637,#2638,#2639,#2640,#2641),.UNSPECIFIED.,.F.,.F.,(4,2,2,2,2,2,
2,2,2,2,2,2,2,2,2,2,2,4),(1.31607488972079,1.31832478023177,1.32350383892994,
1.33135805053305,1.34347514585308,1.36884754162796,1.40530289801644,1.51846224309029,
1.5582352971283,1.58930521629952,1.62634946127002,1.71210745402243,1.95518192155037,
2.00252498809501,2.02537718620857,2.0343485476046,2.03769992990468,2.04014031900141),
 .UNSPECIFIED.);
#34=B_SPLINE_CURVE_WITH_KNOTS('',3,(#2642,#2643,#2644,#2645,#2646,#2647,
#2648,#2649,#2650,#2651,#2652,#2653,#2654,#2655,#2656,#2657,#2658,#2659,
#2660,#2661,#2662,#2663,#2664,#2665,#2666,#2667,#2668,#2669,#2670,#2671),
 .UNSPECIFIED.,.F.,.F.,(4,2,2,2,2,2,2,2,2,2,2,2,2,2,4),(0.,0.013214775973624,
0.147636961510573,0.429015768876401,0.768353741179892,0.876272383065606,
0.94210092875803,1.00698127359637,1.10831965716039,1.22176526940948,1.28408254454709,
1.2994264889233,1.30976358351664,1.31449144869833,1.31607488972079),
 .UNSPECIFIED.);
#35=B_SPLINE_CURVE_WITH_KNOTS('',3,(#2681,#2682,#2683,#2684,#2685,#2686,
#2687,#2688,#2689,#2690,#2691,#2692,#2693,#2694,#2695,#2696,#2697,#2698,
#2699,#2700,#2701,#2702,#2703,#2704,#2705,#2706,#2707,#2708,#2709,#2710,
#2711,#2712,#2713,#2714,#2715,#2716,#2717,#2718),.UNSPECIFIED.,.F.,.F.,
(4,2,2,2,2,2,2,2,2,2,2,2,2,2,2,2,2,2,4),(3.24252680497905,3.2453874260663,
3.25080284033968,3.25731792059308,3.26077143523959,3.26637668386503,3.28100525645667,
3.28598881528227,3.2898581063175,3.29444558733523,3.30489211180729,3.33542944580145,
3.341386150013,3.34428191275891,3.3455470275128,3.34603399565971,3.34629857575218,
3.34641661581938,3.34650632076651),.UNSPECIFIED.);
#36=B_SPLINE_CURVE_WITH_KNOTS('',3,(#2722,#2723,#2724,#2725,#2726,#2727,
#2728,#2729,#2730,#2731,#2732,#2733,#2734,#2735,#2736,#2737,#2738,#2739,
#2740,#2741,#2742,#2743,#2744,#2745,#2746,#2747,#2748,#2749,#2750,#2751,
#2752,#2753,#2754,#2755,#2756,#2757),.UNSPECIFIED.,.F.,.F.,(4,2,2,2,2,2,
2,2,2,2,2,2,2,2,2,2,2,4),(0.,0.000431899003112883,0.00193900200958474,0.0155015326214196,
0.350180178057664,1.02313577374491,2.0077655586614,2.21214182506872,2.366151865863,
2.54136994879284,2.87312728407189,2.98634277586913,3.11857340788841,3.19152410844492,
3.22202228443796,3.2365749432334,3.24147381123336,3.24248739359857),
 .UNSPECIFIED.);
#37=CIRCLE('',#347,7.7765);
#38=CIRCLE('',#348,7.7765);
#39=CIRCLE('',#350,1.);
#40=CIRCLE('',#352,1.);
#41=CIRCLE('',#354,1.);
#42=CIRCLE('',#356,1.00000001490116);
#43=CIRCLE('',#358,12.7765);
#44=CIRCLE('',#361,12.7765);
#45=CIRCLE('',#362,12.7765);
#46=CIRCLE('',#363,12.7765);
#47=CIRCLE('',#364,12.7765);
#48=CIRCLE('',#365,12.7765);
#49=CIRCLE('',#367,12.7765);
#50=CYLINDRICAL_SURFACE('',#346,7.7765);
#51=CYLINDRICAL_SURFACE('',#349,1.);
#52=CYLINDRICAL_SURFACE('',#351,1.);
#53=CYLINDRICAL_SURFACE('',#353,1.);
#54=CYLINDRICAL_SURFACE('',#355,1.00000001490116);
#55=CYLINDRICAL_SURFACE('',#360,12.7765);
#56=FACE_OUTER_BOUND('',#73,.T.);
#57=FACE_OUTER_BOUND('',#74,.T.);
#58=FACE_OUTER_BOUND('',#75,.T.);
#59=FACE_OUTER_BOUND('',#76,.T.);
#60=FACE_OUTER_BOUND('',#81,.T.);
#61=FACE_OUTER_BOUND('',#82,.T.);
#62=FACE_OUTER_BOUND('',#83,.T.);
#63=FACE_OUTER_BOUND('',#84,.T.);
#64=FACE_OUTER_BOUND('',#85,.T.);
#65=FACE_OUTER_BOUND('',#86,.T.);
#66=FACE_OUTER_BOUND('',#87,.T.);
#67=FACE_OUTER_BOUND('',#90,.T.);
#68=FACE_OUTER_BOUND('',#91,.T.);
#69=FACE_OUTER_BOUND('',#92,.T.);
#70=FACE_OUTER_BOUND('',#93,.T.);
#71=FACE_OUTER_BOUND('',#96,.T.);
#72=FACE_OUTER_BOUND('',#98,.T.);
#73=EDGE_LOOP('',(#215,#216,#217,#218));
#74=EDGE_LOOP('',(#219,#220,#221,#222));
#75=EDGE_LOOP('',(#223,#224,#225,#226));
#76=EDGE_LOOP('',(#227,#228,#229,#230));
#77=EDGE_LOOP('',(#231));
#78=EDGE_LOOP('',(#232));
#79=EDGE_LOOP('',(#233));
#80=EDGE_LOOP('',(#234));
#81=EDGE_LOOP('',(#235,#236,#237,#238));
#82=EDGE_LOOP('',(#239,#240,#241,#242));
#83=EDGE_LOOP('',(#243,#244,#245,#246));
#84=EDGE_LOOP('',(#247,#248,#249,#250));
#85=EDGE_LOOP('',(#251,#252,#253,#254));
#86=EDGE_LOOP('',(#255,#256,#257,#258,#259));
#87=EDGE_LOOP('',(#260,#261));
#88=EDGE_LOOP('',(#262));
#89=EDGE_LOOP('',(#263));
#90=EDGE_LOOP('',(#264,#265,#266,#267,#268,#269,#270,#271,#272,#273,#274,
#275));
#91=EDGE_LOOP('',(#276,#277,#278,#279));
#92=EDGE_LOOP('',(#280,#281,#282,#283,#284,#285));
#93=EDGE_LOOP('',(#286,#287));
#94=EDGE_LOOP('',(#288));
#95=EDGE_LOOP('',(#289));
#96=EDGE_LOOP('',(#290));
#97=EDGE_LOOP('',(#291,#292,#293,#294));
#98=EDGE_LOOP('',(#295,#296,#297,#298));
#99=EDGE_LOOP('',(#299,#300,#301,#302));
#100=LINE('',#454,#121);
#101=LINE('',#456,#122);
#102=LINE('',#458,#123);
#103=LINE('',#459,#124);
#104=LINE('',#462,#125);
#105=LINE('',#464,#126);
#106=LINE('',#465,#127);
#107=LINE('',#468,#128);
#108=LINE('',#470,#129);
#109=LINE('',#471,#130);
#110=LINE('',#618,#131);
#111=LINE('',#622,#132);
#112=LINE('',#626,#133);
#113=LINE('',#630,#134);
#114=LINE('',#634,#135);
#115=LINE('',#636,#136);
#116=LINE('',#638,#137);
#117=LINE('',#2677,#138);
#118=LINE('',#2762,#139);
#119=LINE('',#2764,#140);
#120=LINE('',#2765,#141);
#121=VECTOR('',#375,10.);
#122=VECTOR('',#376,10.);
#123=VECTOR('',#377,10.);
#124=VECTOR('',#378,10.);
#125=VECTOR('',#381,10.);
#126=VECTOR('',#382,10.);
#127=VECTOR('',#383,10.);
#128=VECTOR('',#386,10.);
#129=VECTOR('',#387,10.);
#130=VECTOR('',#388,10.);
#131=VECTOR('',#399,1.);
#132=VECTOR('',#404,1.);
#133=VECTOR('',#409,1.);
#134=VECTOR('',#414,1.00000001490116);
#135=VECTOR('',#417,10.);
#136=VECTOR('',#418,10.);
#137=VECTOR('',#419,10.);
#138=VECTOR('',#428,12.7765);
#139=VECTOR('',#439,10.);
#140=VECTOR('',#440,10.);
#141=VECTOR('',#441,10.);
#142=VERTEX_POINT('',#452);
#143=VERTEX_POINT('',#453);
#144=VERTEX_POINT('',#455);
#145=VERTEX_POINT('',#457);
#146=VERTEX_POINT('',#461);
#147=VERTEX_POINT('',#463);
#148=VERTEX_POINT('',#467);
#149=VERTEX_POINT('',#469);
#150=VERTEX_POINT('',#475);
#151=VERTEX_POINT('',#510);
#152=VERTEX_POINT('',#545);
#153=VERTEX_POINT('',#580);
#154=VERTEX_POINT('',#616);
#155=VERTEX_POINT('',#620);
#156=VERTEX_POINT('',#624);
#157=VERTEX_POINT('',#628);
#158=VERTEX_POINT('',#632);
#159=VERTEX_POINT('',#633);
#160=VERTEX_POINT('',#635);
#161=VERTEX_POINT('',#637);
#162=VERTEX_POINT('',#2605);
#163=VERTEX_POINT('',#2674);
#164=VERTEX_POINT('',#2676);
#165=VERTEX_POINT('',#2678);
#166=VERTEX_POINT('',#2680);
#167=VERTEX_POINT('',#2719);
#168=VERTEX_POINT('',#2721);
#169=VERTEX_POINT('',#2761);
#170=VERTEX_POINT('',#2763);
#171=EDGE_CURVE('',#142,#143,#100,.T.);
#172=EDGE_CURVE('',#143,#144,#101,.T.);
#173=EDGE_CURVE('',#145,#144,#102,.T.);
#174=EDGE_CURVE('',#142,#145,#103,.T.);
#175=EDGE_CURVE('',#146,#142,#104,.T.);
#176=EDGE_CURVE('',#147,#145,#105,.T.);
#177=EDGE_CURVE('',#146,#147,#106,.T.);
#178=EDGE_CURVE('',#143,#148,#107,.T.);
#179=EDGE_CURVE('',#149,#148,#108,.T.);
#180=EDGE_CURVE('',#144,#149,#109,.T.);
#181=EDGE_CURVE('',#148,#146,#37,.T.);
#182=EDGE_CURVE('',#149,#147,#38,.T.);
#183=EDGE_CURVE('',#150,#150,#29,.T.);
#184=EDGE_CURVE('',#151,#151,#30,.T.);
#185=EDGE_CURVE('',#152,#152,#31,.T.);
#186=EDGE_CURVE('',#153,#153,#32,.T.);
#187=EDGE_CURVE('',#154,#154,#39,.T.);
#188=EDGE_CURVE('',#154,#153,#110,.T.);
#189=EDGE_CURVE('',#155,#155,#40,.T.);
#190=EDGE_CURVE('',#155,#152,#111,.T.);
#191=EDGE_CURVE('',#156,#156,#41,.T.);
#192=EDGE_CURVE('',#156,#151,#112,.T.);
#193=EDGE_CURVE('',#157,#157,#42,.T.);
#194=EDGE_CURVE('',#157,#150,#113,.T.);
#195=EDGE_CURVE('',#158,#159,#114,.T.);
#196=EDGE_CURVE('',#160,#158,#115,.T.);
#197=EDGE_CURVE('',#161,#160,#116,.T.);
#198=EDGE_CURVE('',#159,#161,#43,.T.);
#199=EDGE_CURVE('',#158,#160,#15,.T.);
#200=EDGE_CURVE('',#162,#159,#33,.T.);
#201=EDGE_CURVE('',#161,#162,#34,.T.);
#202=EDGE_CURVE('',#163,#163,#44,.T.);
#203=EDGE_CURVE('',#163,#164,#117,.T.);
#204=EDGE_CURVE('',#164,#165,#45,.T.);
#205=EDGE_CURVE('',#165,#166,#35,.T.);
#206=EDGE_CURVE('',#166,#167,#46,.T.);
#207=EDGE_CURVE('',#167,#168,#36,.T.);
#208=EDGE_CURVE('',#168,#162,#47,.T.);
#209=EDGE_CURVE('',#162,#164,#48,.T.);
#210=EDGE_CURVE('',#169,#166,#118,.T.);
#211=EDGE_CURVE('',#170,#169,#119,.T.);
#212=EDGE_CURVE('',#167,#170,#120,.T.);
#213=EDGE_CURVE('',#165,#168,#49,.T.);
#214=EDGE_CURVE('',#169,#170,#16,.T.);
#215=ORIENTED_EDGE('',*,*,#171,.T.);
#216=ORIENTED_EDGE('',*,*,#172,.T.);
#217=ORIENTED_EDGE('',*,*,#173,.F.);
#218=ORIENTED_EDGE('',*,*,#174,.F.);
#219=ORIENTED_EDGE('',*,*,#175,.T.);
#220=ORIENTED_EDGE('',*,*,#174,.T.);
#221=ORIENTED_EDGE('',*,*,#176,.F.);
#222=ORIENTED_EDGE('',*,*,#177,.F.);
#223=ORIENTED_EDGE('',*,*,#178,.T.);
#224=ORIENTED_EDGE('',*,*,#179,.F.);
#225=ORIENTED_EDGE('',*,*,#180,.F.);
#226=ORIENTED_EDGE('',*,*,#172,.F.);
#227=ORIENTED_EDGE('',*,*,#179,.T.);
#228=ORIENTED_EDGE('',*,*,#181,.T.);
#229=ORIENTED_EDGE('',*,*,#177,.T.);
#230=ORIENTED_EDGE('',*,*,#182,.F.);
#231=ORIENTED_EDGE('',*,*,#183,.T.);
#232=ORIENTED_EDGE('',*,*,#184,.T.);
#233=ORIENTED_EDGE('',*,*,#185,.T.);
#234=ORIENTED_EDGE('',*,*,#186,.T.);
#235=ORIENTED_EDGE('',*,*,#187,.F.);
#236=ORIENTED_EDGE('',*,*,#188,.T.);
#237=ORIENTED_EDGE('',*,*,#186,.F.);
#238=ORIENTED_EDGE('',*,*,#188,.F.);
#239=ORIENTED_EDGE('',*,*,#189,.F.);
#240=ORIENTED_EDGE('',*,*,#190,.T.);
#241=ORIENTED_EDGE('',*,*,#185,.F.);
#242=ORIENTED_EDGE('',*,*,#190,.F.);
#243=ORIENTED_EDGE('',*,*,#191,.F.);
#244=ORIENTED_EDGE('',*,*,#192,.T.);
#245=ORIENTED_EDGE('',*,*,#184,.F.);
#246=ORIENTED_EDGE('',*,*,#192,.F.);
#247=ORIENTED_EDGE('',*,*,#193,.F.);
#248=ORIENTED_EDGE('',*,*,#194,.T.);
#249=ORIENTED_EDGE('',*,*,#183,.F.);
#250=ORIENTED_EDGE('',*,*,#194,.F.);
#251=ORIENTED_EDGE('',*,*,#195,.F.);
#252=ORIENTED_EDGE('',*,*,#196,.F.);
#253=ORIENTED_EDGE('',*,*,#197,.F.);
#254=ORIENTED_EDGE('',*,*,#198,.F.);
#255=ORIENTED_EDGE('',*,*,#197,.T.);
#256=ORIENTED_EDGE('',*,*,#199,.F.);
#257=ORIENTED_EDGE('',*,*,#195,.T.);
#258=ORIENTED_EDGE('',*,*,#200,.F.);
#259=ORIENTED_EDGE('',*,*,#201,.F.);
#260=ORIENTED_EDGE('',*,*,#199,.T.);
#261=ORIENTED_EDGE('',*,*,#196,.T.);
#262=ORIENTED_EDGE('',*,*,#187,.T.);
#263=ORIENTED_EDGE('',*,*,#189,.T.);
#264=ORIENTED_EDGE('',*,*,#202,.F.);
#265=ORIENTED_EDGE('',*,*,#203,.T.);
#266=ORIENTED_EDGE('',*,*,#204,.T.);
#267=ORIENTED_EDGE('',*,*,#205,.T.);
#268=ORIENTED_EDGE('',*,*,#206,.T.);
#269=ORIENTED_EDGE('',*,*,#207,.T.);
#270=ORIENTED_EDGE('',*,*,#208,.T.);
#271=ORIENTED_EDGE('',*,*,#200,.T.);
#272=ORIENTED_EDGE('',*,*,#198,.T.);
#273=ORIENTED_EDGE('',*,*,#201,.T.);
#274=ORIENTED_EDGE('',*,*,#209,.T.);
#275=ORIENTED_EDGE('',*,*,#203,.F.);
#276=ORIENTED_EDGE('',*,*,#210,.F.);
#277=ORIENTED_EDGE('',*,*,#211,.F.);
#278=ORIENTED_EDGE('',*,*,#212,.F.);
#279=ORIENTED_EDGE('',*,*,#206,.F.);
#280=ORIENTED_EDGE('',*,*,#213,.T.);
#281=ORIENTED_EDGE('',*,*,#207,.F.);
#282=ORIENTED_EDGE('',*,*,#212,.T.);
#283=ORIENTED_EDGE('',*,*,#214,.F.);
#284=ORIENTED_EDGE('',*,*,#210,.T.);
#285=ORIENTED_EDGE('',*,*,#205,.F.);
#286=ORIENTED_EDGE('',*,*,#214,.T.);
#287=ORIENTED_EDGE('',*,*,#211,.T.);
#288=ORIENTED_EDGE('',*,*,#191,.T.);
#289=ORIENTED_EDGE('',*,*,#193,.T.);
#290=ORIENTED_EDGE('',*,*,#202,.T.);
#291=ORIENTED_EDGE('',*,*,#182,.T.);
#292=ORIENTED_EDGE('',*,*,#176,.T.);
#293=ORIENTED_EDGE('',*,*,#173,.T.);
#294=ORIENTED_EDGE('',*,*,#180,.T.);
#295=ORIENTED_EDGE('',*,*,#208,.F.);
#296=ORIENTED_EDGE('',*,*,#213,.F.);
#297=ORIENTED_EDGE('',*,*,#204,.F.);
#298=ORIENTED_EDGE('',*,*,#209,.F.);
#299=ORIENTED_EDGE('',*,*,#181,.F.);
#300=ORIENTED_EDGE('',*,*,#178,.F.);
#301=ORIENTED_EDGE('',*,*,#171,.F.);
#302=ORIENTED_EDGE('',*,*,#175,.F.);
#303=PLANE('',#343);
#304=PLANE('',#344);
#305=PLANE('',#345);
#306=PLANE('',#357);
#307=PLANE('',#359);
#308=PLANE('',#366);
#309=PLANE('',#368);
#310=PLANE('',#369);
#311=PLANE('',#370);
#312=ADVANCED_FACE('',(#56),#303,.T.);
#313=ADVANCED_FACE('',(#57),#304,.T.);
#314=ADVANCED_FACE('',(#58),#305,.T.);
#315=ADVANCED_FACE('',(#59,#19,#20,#21,#22),#50,.F.);
#316=ADVANCED_FACE('',(#60),#51,.F.);
#317=ADVANCED_FACE('',(#61),#52,.F.);
#318=ADVANCED_FACE('',(#62),#53,.F.);
#319=ADVANCED_FACE('',(#63),#54,.F.);
#320=ADVANCED_FACE('',(#64),#306,.T.);
#321=ADVANCED_FACE('',(#65),#17,.T.);
#322=ADVANCED_FACE('',(#66,#23,#24),#307,.T.);
#323=ADVANCED_FACE('',(#67),#55,.T.);
#324=ADVANCED_FACE('',(#68),#308,.T.);
#325=ADVANCED_FACE('',(#69),#18,.T.);
#326=ADVANCED_FACE('',(#70,#25,#26),#309,.T.);
#327=ADVANCED_FACE('',(#71,#27),#310,.T.);
#328=ADVANCED_FACE('',(#72,#28),#311,.F.);
#329=CLOSED_SHELL('',(#312,#313,#314,#315,#316,#317,#318,#319,#320,#321,
#322,#323,#324,#325,#326,#327,#328));
#330=DERIVED_UNIT_ELEMENT(#332,1.);
#331=DERIVED_UNIT_ELEMENT(#4740,-3.);
#332=(
MASS_UNIT()
NAMED_UNIT(*)
SI_UNIT(.KILO.,.GRAM.)
);
#333=DERIVED_UNIT((#330,#331));
#334=MEASURE_REPRESENTATION_ITEM('density measure',
POSITIVE_RATIO_MEASURE(7850.),#333);
#335=PROPERTY_DEFINITION_REPRESENTATION(#340,#337);
#336=PROPERTY_DEFINITION_REPRESENTATION(#341,#338);
#337=REPRESENTATION('material name',(#339),#4737);
#338=REPRESENTATION('density',(#334),#4737);
#339=DESCRIPTIVE_REPRESENTATION_ITEM('Steel','Steel');
#340=PROPERTY_DEFINITION('material property','material name',#4747);
#341=PROPERTY_DEFINITION('material property','density of part',#4747);
#342=AXIS2_PLACEMENT_3D('',#450,#371,#372);
#343=AXIS2_PLACEMENT_3D('',#451,#373,#374);
#344=AXIS2_PLACEMENT_3D('',#460,#379,#380);
#345=AXIS2_PLACEMENT_3D('',#466,#384,#385);
#346=AXIS2_PLACEMENT_3D('',#472,#389,#390);
#347=AXIS2_PLACEMENT_3D('',#473,#391,#392);
#348=AXIS2_PLACEMENT_3D('',#474,#393,#394);
#349=AXIS2_PLACEMENT_3D('',#615,#395,#396);
#350=AXIS2_PLACEMENT_3D('',#617,#397,#398);
#351=AXIS2_PLACEMENT_3D('',#619,#400,#401);
#352=AXIS2_PLACEMENT_3D('',#621,#402,#403);
#353=AXIS2_PLACEMENT_3D('',#623,#405,#406);
#354=AXIS2_PLACEMENT_3D('',#625,#407,#408);
#355=AXIS2_PLACEMENT_3D('',#627,#410,#411);
#356=AXIS2_PLACEMENT_3D('',#629,#412,#413);
#357=AXIS2_PLACEMENT_3D('',#631,#415,#416);
#358=AXIS2_PLACEMENT_3D('',#639,#420,#421);
#359=AXIS2_PLACEMENT_3D('',#2672,#422,#423);
#360=AXIS2_PLACEMENT_3D('',#2673,#424,#425);
#361=AXIS2_PLACEMENT_3D('',#2675,#426,#427);
#362=AXIS2_PLACEMENT_3D('',#2679,#429,#430);
#363=AXIS2_PLACEMENT_3D('',#2720,#431,#432);
#364=AXIS2_PLACEMENT_3D('',#2758,#433,#434);
#365=AXIS2_PLACEMENT_3D('',#2759,#435,#436);
#366=AXIS2_PLACEMENT_3D('',#2760,#437,#438);
#367=AXIS2_PLACEMENT_3D('',#4076,#442,#443);
#368=AXIS2_PLACEMENT_3D('',#4732,#444,#445);
#369=AXIS2_PLACEMENT_3D('',#4733,#446,#447);
#370=AXIS2_PLACEMENT_3D('',#4734,#448,#449);
#371=DIRECTION('axis',(0.,0.,1.));
#372=DIRECTION('refdir',(1.,0.,0.));
#373=DIRECTION('center_axis',(0.,-1.,0.));
#374=DIRECTION('ref_axis',(1.,0.,0.));
#375=DIRECTION('',(1.,0.,0.));
#376=DIRECTION('',(0.,0.,1.));
#377=DIRECTION('',(1.,0.,0.));
#378=DIRECTION('',(0.,0.,1.));
#379=DIRECTION('center_axis',(-1.,-1.11022302462516E-15,0.));
#380=DIRECTION('ref_axis',(1.11022302462516E-15,-1.,0.));
#381=DIRECTION('',(1.11022302462516E-15,-1.,0.));
#382=DIRECTION('',(1.11022302462516E-15,-1.,0.));
#383=DIRECTION('',(0.,0.,1.));
#384=DIRECTION('center_axis',(1.,6.24500451351651E-16,0.));
#385=DIRECTION('ref_axis',(-6.24500451351651E-16,1.,0.));
#386=DIRECTION('',(-6.24500451351651E-16,1.,0.));
#387=DIRECTION('',(0.,0.,-1.));
#388=DIRECTION('',(-6.24500451351651E-16,1.,0.));
#389=DIRECTION('center_axis',(0.,0.,1.));
#390=DIRECTION('ref_axis',(1.83758917935762E-15,-1.,0.));
#391=DIRECTION('center_axis',(0.,0.,-1.));
#392=DIRECTION('ref_axis',(1.,0.,0.));
#393=DIRECTION('center_axis',(0.,0.,-1.));
#394=DIRECTION('ref_axis',(1.,0.,0.));
#395=DIRECTION('center_axis',(0.707106781186548,-0.707106781186547,0.));
#396=DIRECTION('ref_axis',(-0.707106781186547,-0.707106781186548,0.));
#397=DIRECTION('center_axis',(0.707106781186548,-0.707106781186547,0.));
#398=DIRECTION('ref_axis',(-0.707106781186547,-0.707106781186548,0.));
#399=DIRECTION('',(0.707106781186548,-0.707106781186547,0.));
#400=DIRECTION('center_axis',(0.707106781186548,-0.707106781186547,0.));
#401=DIRECTION('ref_axis',(-0.707106781186547,-0.707106781186548,0.));
#402=DIRECTION('center_axis',(0.707106781186548,-0.707106781186547,0.));
#403=DIRECTION('ref_axis',(-0.707106781186547,-0.707106781186548,0.));
#404=DIRECTION('',(0.707106781186548,-0.707106781186547,0.));
#405=DIRECTION('center_axis',(-0.707106781186548,-0.707106781186547,0.));
#406=DIRECTION('ref_axis',(-0.707106781186547,0.707106781186548,0.));
#407=DIRECTION('center_axis',(-0.707106781186548,-0.707106781186547,0.));
#408=DIRECTION('ref_axis',(-0.707106781186547,0.707106781186548,0.));
#409=DIRECTION('',(-0.707106781186548,-0.707106781186547,0.));
#410=DIRECTION('center_axis',(-0.707106781186548,-0.707106781186547,0.));
#411=DIRECTION('ref_axis',(-0.707106781186547,0.707106781186548,0.));
#412=DIRECTION('center_axis',(-0.707106781186548,-0.707106781186547,0.));
#413=DIRECTION('ref_axis',(-0.707106781186547,0.707106781186548,0.));
#414=DIRECTION('',(-0.707106781186548,-0.707106781186547,0.));
#415=DIRECTION('center_axis',(0.,0.,1.));
#416=DIRECTION('ref_axis',(0.707106781186547,0.707106781186548,0.));
#417=DIRECTION('',(0.707106781186548,-0.707106781186547,0.));
#418=DIRECTION('',(0.707106781186547,0.707106781186548,0.));
#419=DIRECTION('',(-0.707106781186547,0.707106781186547,0.));
#420=DIRECTION('center_axis',(0.,0.,1.));
#421=DIRECTION('ref_axis',(1.,0.,0.));
#422=DIRECTION('center_axis',(-0.707106781186548,0.707106781186547,0.));
#423=DIRECTION('ref_axis',(0.707106781186547,0.707106781186548,0.));
#424=DIRECTION('center_axis',(0.,0.,1.));
#425=DIRECTION('ref_axis',(1.,0.,0.));
#426=DIRECTION('center_axis',(0.,0.,1.));
#427=DIRECTION('ref_axis',(1.,0.,0.));
#428=DIRECTION('',(0.,0.,-1.));
#429=DIRECTION('center_axis',(0.,0.,1.));
#430=DIRECTION('ref_axis',(1.,0.,0.));
#431=DIRECTION('center_axis',(0.,0.,1.));
#432=DIRECTION('ref_axis',(1.,0.,0.));
#433=DIRECTION('center_axis',(0.,0.,1.));
#434=DIRECTION('ref_axis',(1.,0.,0.));
#435=DIRECTION('center_axis',(0.,0.,1.));
#436=DIRECTION('ref_axis',(1.,0.,0.));
#437=DIRECTION('center_axis',(0.,0.,1.));
#438=DIRECTION('ref_axis',(0.707106781186534,-0.707106781186561,0.));
#439=DIRECTION('',(-0.707106781186548,-0.707106781186547,0.));
#440=DIRECTION('',(0.707106781186534,-0.707106781186561,0.));
#441=DIRECTION('',(0.707106781186547,0.707106781186547,0.));
#442=DIRECTION('center_axis',(0.,0.,1.));
#443=DIRECTION('ref_axis',(1.,0.,0.));
#444=DIRECTION('center_axis',(0.707106781186548,0.707106781186547,0.));
#445=DIRECTION('ref_axis',(0.707106781186547,-0.707106781186548,0.));
#446=DIRECTION('center_axis',(0.,0.,1.));
#447=DIRECTION('ref_axis',(1.,0.,0.));
#448=DIRECTION('center_axis',(0.,0.,1.));
#449=DIRECTION('ref_axis',(1.,0.,0.));
#450=CARTESIAN_POINT('',(0.,0.,0.));
#451=CARTESIAN_POINT('Origin',(-0.500000000000011,6.76040928366539,0.));
#452=CARTESIAN_POINT('',(-0.500000000000011,6.76040928366539,0.));
#453=CARTESIAN_POINT('',(0.499999999999989,6.76040928366539,0.));
#454=CARTESIAN_POINT('',(0.249999999999989,6.76040928366539,0.));
#455=CARTESIAN_POINT('',(0.499999999999989,6.76040928366539,50.));
#456=CARTESIAN_POINT('',(0.499999999999989,6.76040928366539,0.));
#457=CARTESIAN_POINT('',(-0.500000000000011,6.76040928366539,50.));
#458=CARTESIAN_POINT('',(0.249999999999989,6.76040928366539,50.));
#459=CARTESIAN_POINT('',(-0.500000000000011,6.76040928366539,0.));
#460=CARTESIAN_POINT('Origin',(-0.500000000000012,7.76040928366539,0.));
#461=CARTESIAN_POINT('',(-0.500000000000012,7.76040928366539,0.));
#462=CARTESIAN_POINT('',(-0.500000000000011,7.01443196274904,0.));
#463=CARTESIAN_POINT('',(-0.500000000000012,7.76040928366539,50.));
#464=CARTESIAN_POINT('',(-0.500000000000011,7.01443196274904,50.));
#465=CARTESIAN_POINT('',(-0.500000000000012,7.76040928366539,0.));
#466=CARTESIAN_POINT('Origin',(0.499999999999989,6.76040928366539,0.));
#467=CARTESIAN_POINT('',(0.499999999999988,7.76040928366539,0.));
#468=CARTESIAN_POINT('',(0.499999999999989,7.51443196274904,0.));
#469=CARTESIAN_POINT('',(0.499999999999988,7.76040928366539,50.));
#470=CARTESIAN_POINT('',(0.499999999999988,7.76040928366539,0.));
#471=CARTESIAN_POINT('',(0.499999999999989,7.51443196274904,50.));
#472=CARTESIAN_POINT('Origin',(0.,0.,0.));
#473=CARTESIAN_POINT('Origin',(0.,0.,0.));
#474=CARTESIAN_POINT('Origin',(0.,0.,50.));
#475=CARTESIAN_POINT('',(6.1602688203172,4.74605523687069,27.94));
#476=CARTESIAN_POINT('Ctrl Pts',(6.1602688203172,4.74605523687069,27.94));
#477=CARTESIAN_POINT('Ctrl Pts',(6.1602688203172,4.74605523687069,27.8142876124347));
#478=CARTESIAN_POINT('Ctrl Pts',(6.14488139072554,4.7662383687859,27.6802920833822));
#479=CARTESIAN_POINT('Ctrl Pts',(6.08132539664035,4.84706889732021,27.4339545848526));
#480=CARTESIAN_POINT('Ctrl Pts',(6.03303485513158,4.90758365091256,27.3216005949513));
#481=CARTESIAN_POINT('Ctrl Pts',(5.91903876078542,5.04448876038456,27.1441866523236));
#482=CARTESIAN_POINT('Ctrl Pts',(5.84568221810115,5.13002526418513,27.0672490393074));
#483=CARTESIAN_POINT('Ctrl Pts',(5.68008099875929,5.31279960597654,26.9651518732729));
#484=CARTESIAN_POINT('Ctrl Pts',(5.5877071331727,5.40992463462167,26.9399999850988));
#485=CARTESIAN_POINT('Ctrl Pts',(5.40992463462167,5.58770713317271,26.9399999850988));
#486=CARTESIAN_POINT('Ctrl Pts',(5.31279960597653,5.68008099875929,26.9651518732729));
#487=CARTESIAN_POINT('Ctrl Pts',(5.13002526418513,5.84568221810115,27.0672490393074));
#488=CARTESIAN_POINT('Ctrl Pts',(5.04448876038456,5.91903876078543,27.1441866523236));
#489=CARTESIAN_POINT('Ctrl Pts',(4.90758365091256,6.03303485513158,27.3216005949513));
#490=CARTESIAN_POINT('Ctrl Pts',(4.8470688973202,6.08132539664035,27.4339545848526));
#491=CARTESIAN_POINT('Ctrl Pts',(4.76623836878589,6.14488139072554,27.6802920833822));
#492=CARTESIAN_POINT('Ctrl Pts',(4.74605523687068,6.16026882031721,27.8142876124347));
#493=CARTESIAN_POINT('Ctrl Pts',(4.74605523687068,6.16026882031721,28.0657123875653));
#494=CARTESIAN_POINT('Ctrl Pts',(4.76623836878589,6.14488139072554,28.1997079166178));
#495=CARTESIAN_POINT('Ctrl Pts',(4.8470688973202,6.08132539664035,28.4460454151474));
#496=CARTESIAN_POINT('Ctrl Pts',(4.90758365091256,6.03303485513158,28.5583994050487));
#497=CARTESIAN_POINT('Ctrl Pts',(5.04448876038456,5.91903876078543,28.7358133476764));
#498=CARTESIAN_POINT('Ctrl Pts',(5.13002526418513,5.84568221810115,28.8127509606926));
#499=CARTESIAN_POINT('Ctrl Pts',(5.31279960597653,5.68008099875929,28.9148481267271));
#500=CARTESIAN_POINT('Ctrl Pts',(5.40992463462167,5.58770713317271,28.9400000149012));
#501=CARTESIAN_POINT('Ctrl Pts',(5.5877071331727,5.40992463462167,28.9400000149012));
#502=CARTESIAN_POINT('Ctrl Pts',(5.68008099875929,5.31279960597654,28.9148481267271));
#503=CARTESIAN_POINT('Ctrl Pts',(5.84568221810115,5.13002526418513,28.8127509606926));
#504=CARTESIAN_POINT('Ctrl Pts',(5.91903876078542,5.04448876038457,28.7358133476764));
#505=CARTESIAN_POINT('Ctrl Pts',(6.03303485513157,4.90758365091256,28.5583994050487));
#506=CARTESIAN_POINT('Ctrl Pts',(6.08132539664035,4.84706889732021,28.4460454151474));
#507=CARTESIAN_POINT('Ctrl Pts',(6.14488139072554,4.7662383687859,28.1997079166178));
#508=CARTESIAN_POINT('Ctrl Pts',(6.1602688203172,4.74605523687069,28.0657123875653));
#509=CARTESIAN_POINT('Ctrl Pts',(6.1602688203172,4.74605523687069,27.94));
#510=CARTESIAN_POINT('',(6.16026881114678,4.74605524877369,11.64));
#511=CARTESIAN_POINT('Ctrl Pts',(6.16026881114678,4.74605524877369,11.64));
#512=CARTESIAN_POINT('Ctrl Pts',(6.16026881114678,4.74605524877369,11.5142876143125));
#513=CARTESIAN_POINT('Ctrl Pts',(6.14488138174912,4.76623838035037,11.3802920872586));
#514=CARTESIAN_POINT('Ctrl Pts',(6.08132538848126,4.84706890754867,11.1339545923984));
#515=CARTESIAN_POINT('Ctrl Pts',(6.0330348475995,4.90758366014771,11.0216006041685));
#516=CARTESIAN_POINT('Ctrl Pts',(5.91903875477688,5.04448876741121,10.8441866641798));
#517=CARTESIAN_POINT('Ctrl Pts',(5.84568221309264,5.13002526984807,10.7672490523094));
#518=CARTESIAN_POINT('Ctrl Pts',(5.68008099608923,5.31279960878844,10.6651518877975));
#519=CARTESIAN_POINT('Ctrl Pts',(5.58770713184497,5.40992463594941,10.64));
#520=CARTESIAN_POINT('Ctrl Pts',(5.4099246359494,5.58770713184497,10.64));
#521=CARTESIAN_POINT('Ctrl Pts',(5.31279960878844,5.68008099608923,10.6651518877975));
#522=CARTESIAN_POINT('Ctrl Pts',(5.13002526984807,5.84568221309264,10.7672490523094));
#523=CARTESIAN_POINT('Ctrl Pts',(5.04448876741121,5.91903875477688,10.8441866641798));
#524=CARTESIAN_POINT('Ctrl Pts',(4.90758366014771,6.0330348475995,11.0216006041685));
#525=CARTESIAN_POINT('Ctrl Pts',(4.84706890754867,6.08132538848126,11.1339545923984));
#526=CARTESIAN_POINT('Ctrl Pts',(4.76623838035037,6.14488138174912,11.3802920872586));
#527=CARTESIAN_POINT('Ctrl Pts',(4.74605524877368,6.16026881114678,11.5142876143125));
#528=CARTESIAN_POINT('Ctrl Pts',(4.74605524877368,6.16026881114678,11.7657123856875));
#529=CARTESIAN_POINT('Ctrl Pts',(4.76623838035037,6.14488138174912,11.8997079127414));
#530=CARTESIAN_POINT('Ctrl Pts',(4.84706890754867,6.08132538848126,12.1460454076016));
#531=CARTESIAN_POINT('Ctrl Pts',(4.90758366014771,6.0330348475995,12.2583993958315));
#532=CARTESIAN_POINT('Ctrl Pts',(5.0444887674112,5.91903875477688,12.4358133358202));
#533=CARTESIAN_POINT('Ctrl Pts',(5.13002526984807,5.84568221309264,12.5127509476906));
#534=CARTESIAN_POINT('Ctrl Pts',(5.31279960878844,5.68008099608923,12.6148481122025));
#535=CARTESIAN_POINT('Ctrl Pts',(5.4099246359494,5.58770713184497,12.64));
#536=CARTESIAN_POINT('Ctrl Pts',(5.58770713184497,5.40992463594941,12.64));
#537=CARTESIAN_POINT('Ctrl Pts',(5.68008099608923,5.31279960878844,12.6148481122025));
#538=CARTESIAN_POINT('Ctrl Pts',(5.84568221309264,5.13002526984807,12.5127509476906));
#539=CARTESIAN_POINT('Ctrl Pts',(5.91903875477688,5.04448876741121,12.4358133358202));
#540=CARTESIAN_POINT('Ctrl Pts',(6.0330348475995,4.90758366014771,12.2583993958315));
#541=CARTESIAN_POINT('Ctrl Pts',(6.08132538848126,4.84706890754867,12.1460454076016));
#542=CARTESIAN_POINT('Ctrl Pts',(6.14488138174912,4.76623838035037,11.8997079127414));
#543=CARTESIAN_POINT('Ctrl Pts',(6.16026881114678,4.74605524877369,11.7657123856876));
#544=CARTESIAN_POINT('Ctrl Pts',(6.16026881114678,4.74605524877369,11.64));
#545=CARTESIAN_POINT('',(-4.74605524877369,6.16026881114678,29.74));
#546=CARTESIAN_POINT('Ctrl Pts',(-4.74605524877369,6.16026881114678,29.74));
#547=CARTESIAN_POINT('Ctrl Pts',(-4.74605524877369,6.16026881114678,29.6142876143125));
#548=CARTESIAN_POINT('Ctrl Pts',(-4.76623838035037,6.14488138174912,29.4802920872586));
#549=CARTESIAN_POINT('Ctrl Pts',(-4.84706890754868,6.08132538848126,29.2339545923984));
#550=CARTESIAN_POINT('Ctrl Pts',(-4.90758366014771,6.0330348475995,29.1216006041685));
#551=CARTESIAN_POINT('Ctrl Pts',(-5.04448876741121,5.91903875477688,28.9441866641798));
#552=CARTESIAN_POINT('Ctrl Pts',(-5.13002526984808,5.84568221309264,28.8672490523094));
#553=CARTESIAN_POINT('Ctrl Pts',(-5.31279960878844,5.68008099608923,28.7651518877975));
#554=CARTESIAN_POINT('Ctrl Pts',(-5.40992463594941,5.58770713184497,28.74));
#555=CARTESIAN_POINT('Ctrl Pts',(-5.58770713184497,5.4099246359494,28.74));
#556=CARTESIAN_POINT('Ctrl Pts',(-5.68008099608924,5.31279960878843,28.7651518877975));
#557=CARTESIAN_POINT('Ctrl Pts',(-5.84568221309265,5.13002526984807,28.8672490523094));
#558=CARTESIAN_POINT('Ctrl Pts',(-5.91903875477688,5.0444887674112,28.9441866641798));
#559=CARTESIAN_POINT('Ctrl Pts',(-6.0330348475995,4.9075836601477,29.1216006041685));
#560=CARTESIAN_POINT('Ctrl Pts',(-6.08132538848126,4.84706890754867,29.2339545923984));
#561=CARTESIAN_POINT('Ctrl Pts',(-6.14488138174912,4.76623838035037,29.4802920872586));
#562=CARTESIAN_POINT('Ctrl Pts',(-6.16026881114678,4.74605524877368,29.6142876143125));
#563=CARTESIAN_POINT('Ctrl Pts',(-6.16026881114678,4.74605524877368,29.8657123856875));
#564=CARTESIAN_POINT('Ctrl Pts',(-6.14488138174912,4.76623838035036,29.9997079127414));
#565=CARTESIAN_POINT('Ctrl Pts',(-6.08132538848126,4.84706890754867,30.2460454076016));
#566=CARTESIAN_POINT('Ctrl Pts',(-6.0330348475995,4.9075836601477,30.3583993958315));
#567=CARTESIAN_POINT('Ctrl Pts',(-5.91903875477688,5.0444887674112,30.5358133358202));
#568=CARTESIAN_POINT('Ctrl Pts',(-5.84568221309265,5.13002526984807,30.6127509476906));
#569=CARTESIAN_POINT('Ctrl Pts',(-5.68008099608923,5.31279960878843,30.7148481122025));
#570=CARTESIAN_POINT('Ctrl Pts',(-5.58770713184497,5.4099246359494,30.74));
#571=CARTESIAN_POINT('Ctrl Pts',(-5.40992463594941,5.58770713184497,30.74));
#572=CARTESIAN_POINT('Ctrl Pts',(-5.31279960878844,5.68008099608923,30.7148481122025));
#573=CARTESIAN_POINT('Ctrl Pts',(-5.13002526984808,5.84568221309264,30.6127509476906));
#574=CARTESIAN_POINT('Ctrl Pts',(-5.04448876741121,5.91903875477688,30.5358133358202));
#575=CARTESIAN_POINT('Ctrl Pts',(-4.90758366014771,6.0330348475995,30.3583993958315));
#576=CARTESIAN_POINT('Ctrl Pts',(-4.84706890754868,6.08132538848126,30.2460454076016));
#577=CARTESIAN_POINT('Ctrl Pts',(-4.76623838035037,6.14488138174912,29.9997079127414));
#578=CARTESIAN_POINT('Ctrl Pts',(-4.74605524877369,6.16026881114678,29.8657123856875));
#579=CARTESIAN_POINT('Ctrl Pts',(-4.74605524877369,6.16026881114678,29.74));
#580=CARTESIAN_POINT('',(-4.74605524877369,6.16026881114678,11.64));
#581=CARTESIAN_POINT('Ctrl Pts',(-4.74605524877369,6.16026881114678,11.64));
#582=CARTESIAN_POINT('Ctrl Pts',(-4.74605524877369,6.16026881114678,11.5142876143125));
#583=CARTESIAN_POINT('Ctrl Pts',(-4.76623838035037,6.14488138174912,11.3802920872586));
#584=CARTESIAN_POINT('Ctrl Pts',(-4.84706890754868,6.08132538848126,11.1339545923984));
#585=CARTESIAN_POINT('Ctrl Pts',(-4.90758366014771,6.0330348475995,11.0216006041685));
#586=CARTESIAN_POINT('Ctrl Pts',(-5.04448876741121,5.91903875477688,10.8441866641798));
#587=CARTESIAN_POINT('Ctrl Pts',(-5.13002526984807,5.84568221309264,10.7672490523094));
#588=CARTESIAN_POINT('Ctrl Pts',(-5.31279960878844,5.68008099608923,10.6651518877975));
#589=CARTESIAN_POINT('Ctrl Pts',(-5.40992463594941,5.58770713184497,10.64));
#590=CARTESIAN_POINT('Ctrl Pts',(-5.58770713184497,5.4099246359494,10.64));
#591=CARTESIAN_POINT('Ctrl Pts',(-5.68008099608923,5.31279960878843,10.6651518877975));
#592=CARTESIAN_POINT('Ctrl Pts',(-5.84568221309265,5.13002526984807,10.7672490523094));
#593=CARTESIAN_POINT('Ctrl Pts',(-5.91903875477688,5.0444887674112,10.8441866641798));
#594=CARTESIAN_POINT('Ctrl Pts',(-6.0330348475995,4.90758366014771,11.0216006041685));
#595=CARTESIAN_POINT('Ctrl Pts',(-6.08132538848126,4.84706890754867,11.1339545923984));
#596=CARTESIAN_POINT('Ctrl Pts',(-6.14488138174912,4.76623838035037,11.3802920872586));
#597=CARTESIAN_POINT('Ctrl Pts',(-6.16026881114678,4.74605524877368,11.5142876143125));
#598=CARTESIAN_POINT('Ctrl Pts',(-6.16026881114678,4.74605524877368,11.7657123856875));
#599=CARTESIAN_POINT('Ctrl Pts',(-6.14488138174912,4.76623838035037,11.8997079127414));
#600=CARTESIAN_POINT('Ctrl Pts',(-6.08132538848126,4.84706890754867,12.1460454076016));
#601=CARTESIAN_POINT('Ctrl Pts',(-6.0330348475995,4.90758366014771,12.2583993958315));
#602=CARTESIAN_POINT('Ctrl Pts',(-5.91903875477688,5.0444887674112,12.4358133358202));
#603=CARTESIAN_POINT('Ctrl Pts',(-5.84568221309265,5.13002526984807,12.5127509476906));
#604=CARTESIAN_POINT('Ctrl Pts',(-5.68008099608923,5.31279960878843,12.6148481122025));
#605=CARTESIAN_POINT('Ctrl Pts',(-5.58770713184497,5.4099246359494,12.64));
#606=CARTESIAN_POINT('Ctrl Pts',(-5.40992463594941,5.58770713184497,12.64));
#607=CARTESIAN_POINT('Ctrl Pts',(-5.31279960878844,5.68008099608923,12.6148481122025));
#608=CARTESIAN_POINT('Ctrl Pts',(-5.13002526984807,5.84568221309264,12.5127509476906));
#609=CARTESIAN_POINT('Ctrl Pts',(-5.04448876741121,5.91903875477688,12.4358133358202));
#610=CARTESIAN_POINT('Ctrl Pts',(-4.90758366014771,6.0330348475995,12.2583993958315));
#611=CARTESIAN_POINT('Ctrl Pts',(-4.84706890754868,6.08132538848126,12.1460454076016));
#612=CARTESIAN_POINT('Ctrl Pts',(-4.76623838035037,6.14488138174912,11.8997079127414));
#613=CARTESIAN_POINT('Ctrl Pts',(-4.74605524877369,6.16026881114678,11.7657123856875));
#614=CARTESIAN_POINT('Ctrl Pts',(-4.74605524877369,6.16026881114678,11.64));
#615=CARTESIAN_POINT('Origin',(-9.74145657101648,9.74145657101648,11.64));
#616=CARTESIAN_POINT('',(-9.03434978982993,10.448563352203,11.64));
#617=CARTESIAN_POINT('Origin',(-9.74145657101648,9.74145657101648,11.64));
#618=CARTESIAN_POINT('',(-9.03434978982993,10.448563352203,11.64));
#619=CARTESIAN_POINT('Origin',(-9.74145657101648,9.74145657101647,29.74));
#620=CARTESIAN_POINT('',(-9.03434978982994,10.448563352203,29.74));
#621=CARTESIAN_POINT('Origin',(-9.74145657101648,9.74145657101647,29.74));
#622=CARTESIAN_POINT('',(-9.03434978982994,10.448563352203,29.74));
#623=CARTESIAN_POINT('Origin',(9.74145657101648,9.74145657101648,11.64));
#624=CARTESIAN_POINT('',(10.448563352203,9.03434978982993,11.64));
#625=CARTESIAN_POINT('Origin',(9.74145657101648,9.74145657101648,11.64));
#626=CARTESIAN_POINT('',(10.448563352203,9.03434978982993,11.64));
#627=CARTESIAN_POINT('Origin',(9.74145657101648,9.74145657101648,27.94));
#628=CARTESIAN_POINT('',(10.4485633627397,9.03434977929322,27.94));
#629=CARTESIAN_POINT('Origin',(9.74145657101648,9.74145657101648,27.94));
#630=CARTESIAN_POINT('',(10.4485633627397,9.03434977929322,27.94));
#631=CARTESIAN_POINT('Origin',(-9.0758414015364,8.99285817812346,46.57));
#632=CARTESIAN_POINT('',(-9.69996495931002,9.78294818272293,46.57));
#633=CARTESIAN_POINT('',(-8.99276289938399,9.0757461227969,46.5700000000001));
#634=CARTESIAN_POINT('',(-8.99285817812348,9.07584140153638,46.57));
#635=CARTESIAN_POINT('',(-9.78294818272295,9.69996495931,46.57));
#636=CARTESIAN_POINT('',(-9.69996495931002,9.78294818272293,46.57));
#637=CARTESIAN_POINT('',(-9.07574612279692,8.99276289938397,46.5700000000001));
#638=CARTESIAN_POINT('',(-9.0758414015364,8.99285817812346,46.57));
#639=CARTESIAN_POINT('Origin',(0.,0.,46.57));
#640=CARTESIAN_POINT('Ctrl Pts',(-4.80227715386523,4.88526037727814,46.57));
#641=CARTESIAN_POINT('Ctrl Pts',(-12.9456870241269,13.0286702475398,46.57));
#642=CARTESIAN_POINT('Ctrl Pts',(-4.80205242602461,4.88548510511876,46.5677383440217));
#643=CARTESIAN_POINT('Ctrl Pts',(-12.9454622962863,13.0288949753805,46.5677383440217));
#644=CARTESIAN_POINT('Ctrl Pts',(-4.80144033387147,4.88609719727191,46.5615719364921));
#645=CARTESIAN_POINT('Ctrl Pts',(-12.9448502041332,13.0295070675336,46.5615719364921));
#646=CARTESIAN_POINT('Ctrl Pts',(-4.80003556014511,4.88750197099827,46.5474058444141));
#647=CARTESIAN_POINT('Ctrl Pts',(-12.9434454304068,13.03091184126,46.5474058444141));
#648=CARTESIAN_POINT('Ctrl Pts',(-4.79717744094403,4.89036009019935,46.5185659740919));
#649=CARTESIAN_POINT('Ctrl Pts',(-12.9405873112057,13.033769960461,46.5185659740919));
#650=CARTESIAN_POINT('Ctrl Pts',(-4.79239657518406,4.89514095595931,46.4702856127382));
#651=CARTESIAN_POINT('Ctrl Pts',(-12.9358064454458,13.038550826221,46.4702856127382));
#652=CARTESIAN_POINT('Ctrl Pts',(-4.78701292446401,4.90052460667937,46.4158512902368));
#653=CARTESIAN_POINT('Ctrl Pts',(-12.9304227947257,13.0439344769411,46.4158512902368));
#654=CARTESIAN_POINT('Ctrl Pts',(-4.78122808473632,4.90630944640706,46.3572686984939));
#655=CARTESIAN_POINT('Ctrl Pts',(-12.924637954998,13.0497193166688,46.3572686984939));
#656=CARTESIAN_POINT('Ctrl Pts',(-4.77499163153627,4.91254589960711,46.2940049220001));
#657=CARTESIAN_POINT('Ctrl Pts',(-12.918401501798,13.0559557698688,46.2940049220001));
#658=CARTESIAN_POINT('Ctrl Pts',(-4.76827903747582,4.91925849366755,46.2257921003348));
#659=CARTESIAN_POINT('Ctrl Pts',(-12.9116889077375,13.0626683639293,46.2257921003348));
#660=CARTESIAN_POINT('Ctrl Pts',(-4.76116404669676,4.92637348444661,46.1533569139465));
#661=CARTESIAN_POINT('Ctrl Pts',(-12.9045739169585,13.0697833547083,46.1533569139465));
#662=CARTESIAN_POINT('Ctrl Pts',(-4.75373439982031,4.93380313132307,46.0775689394479));
#663=CARTESIAN_POINT('Ctrl Pts',(-12.897144270082,13.0772130015848,46.0775689394479));
#664=CARTESIAN_POINT('Ctrl Pts',(-4.74603877855629,4.94149875258709,45.9989039663519));
#665=CARTESIAN_POINT('Ctrl Pts',(-12.889448648818,13.0849086228488,45.9989039663519));
#666=CARTESIAN_POINT('Ctrl Pts',(-4.73808831602425,4.94944921511913,45.9174592875369));
#667=CARTESIAN_POINT('Ctrl Pts',(-12.8814981862859,13.0928590853808,45.9174592875369));
#668=CARTESIAN_POINT('Ctrl Pts',(-4.72988262471459,4.95765490642879,45.8332167249464));
#669=CARTESIAN_POINT('Ctrl Pts',(-12.8732924949763,13.1010647766905,45.8332167249464));
#670=CARTESIAN_POINT('Ctrl Pts',(-4.72143065707475,4.96610687406863,45.7462535420735));
#671=CARTESIAN_POINT('Ctrl Pts',(-12.8648405273364,13.1095167443303,45.7462535420735));
#672=CARTESIAN_POINT('Ctrl Pts',(-4.71275221268758,4.9747853184558,45.6567572658485));
#673=CARTESIAN_POINT('Ctrl Pts',(-12.8561620829493,13.1181951887175,45.6567572658485));
#674=CARTESIAN_POINT('Ctrl Pts',(-4.70386951046418,4.9836680206792,45.56494000095));
#675=CARTESIAN_POINT('Ctrl Pts',(-12.8472793807259,13.1270778909409,45.56494000095));
#676=CARTESIAN_POINT('Ctrl Pts',(-4.69480119995247,4.99273633119091,45.4709772814912));
#677=CARTESIAN_POINT('Ctrl Pts',(-12.8382110702142,13.1361462014526,45.4709772814912));
#678=CARTESIAN_POINT('Ctrl Pts',(-4.68555857414207,5.00197895700131,45.3749697030604));
#679=CARTESIAN_POINT('Ctrl Pts',(-12.8289684444038,13.145388827263,45.3749697030604));
#680=CARTESIAN_POINT('Ctrl Pts',(-4.67614933083204,5.01138820031134,45.2769819503727));
#681=CARTESIAN_POINT('Ctrl Pts',(-12.8195592010937,13.154798070573,45.2769819503727));
#682=CARTESIAN_POINT('Ctrl Pts',(-4.66657935409564,5.02095817704773,45.1770614658229));
#683=CARTESIAN_POINT('Ctrl Pts',(-12.8099892243573,13.1643680473094,45.1770614658229));
#684=CARTESIAN_POINT('Ctrl Pts',(-4.65685570893105,5.03068182221233,45.0752697608269));
#685=CARTESIAN_POINT('Ctrl Pts',(-12.8002655791927,13.174091692474,45.0752697608269));
#686=CARTESIAN_POINT('Ctrl Pts',(-4.64698659308119,5.04055093806218,44.9716813124019));
#687=CARTESIAN_POINT('Ctrl Pts',(-12.7903964633429,13.1839608083239,44.9716813124019));
#688=CARTESIAN_POINT('Ctrl Pts',(-4.63698045506991,5.05055707607347,44.866373446381));
#689=CARTESIAN_POINT('Ctrl Pts',(-12.7803903253316,13.1939669463352,44.866373446381));
#690=CARTESIAN_POINT('Ctrl Pts',(-4.62684540530083,5.06069212584255,44.7594194457924));
#691=CARTESIAN_POINT('Ctrl Pts',(-12.7702552755625,13.2041019961042,44.7594194457924));
#692=CARTESIAN_POINT('Ctrl Pts',(-4.61658842443518,5.07094910670819,44.6508793172689));
#693=CARTESIAN_POINT('Ctrl Pts',(-12.7599982946969,13.2143589769699,44.6508793172689));
#694=CARTESIAN_POINT('Ctrl Pts',(-4.60621551983079,5.08132201131259,44.540802265415));
#695=CARTESIAN_POINT('Ctrl Pts',(-12.7496253900925,13.2247318815743,44.540802265415));
#696=CARTESIAN_POINT('Ctrl Pts',(-4.59573200647016,5.09180552467322,44.42923079154));
#697=CARTESIAN_POINT('Ctrl Pts',(-12.7391418767319,13.2352153949349,44.42923079154));
#698=CARTESIAN_POINT('Ctrl Pts',(-4.58514273362917,5.1023947975142,44.3162040028444));
#699=CARTESIAN_POINT('Ctrl Pts',(-12.7285526038909,13.2458046677759,44.3162040028444));
#700=CARTESIAN_POINT('Ctrl Pts',(-4.57445236428475,5.11308516685863,44.2017618404903));
#701=CARTESIAN_POINT('Ctrl Pts',(-12.7178622345464,13.2564950371203,44.2017618404903));
#702=CARTESIAN_POINT('Ctrl Pts',(-4.56366543300178,5.1238720981416,44.0859449666179));
#703=CARTESIAN_POINT('Ctrl Pts',(-12.7070753032635,13.2672819684033,44.0859449666179));
#704=CARTESIAN_POINT('Ctrl Pts',(-4.55278634339207,5.1347511877513,43.9687933444025));
#705=CARTESIAN_POINT('Ctrl Pts',(-12.6961962136538,13.278161058013,43.9687933444025));
#706=CARTESIAN_POINT('Ctrl Pts',(-4.54181938254716,5.14571814859621,43.8503453472681));
#707=CARTESIAN_POINT('Ctrl Pts',(-12.6852292528089,13.2891280188579,43.8503453472681));
#708=CARTESIAN_POINT('Ctrl Pts',(-4.53076873522954,5.15676879591384,43.7306364204927));
#709=CARTESIAN_POINT('Ctrl Pts',(-12.6741786054912,13.3001786661755,43.7306364204927));
#710=CARTESIAN_POINT('Ctrl Pts',(-4.51963847302029,5.16789905812309,43.6096987688799));
#711=CARTESIAN_POINT('Ctrl Pts',(-12.663048343282,13.3113089283848,43.6096987688799));
#712=CARTESIAN_POINT('Ctrl Pts',(-4.50843250621837,5.17910502492501,43.4875622096759));
#713=CARTESIAN_POINT('Ctrl Pts',(-12.6518423764801,13.3225148951867,43.4875622096759));
#714=CARTESIAN_POINT('Ctrl Pts',(-4.49715454466358,5.1903829864798,43.364254742526));
#715=CARTESIAN_POINT('Ctrl Pts',(-12.6405644149253,13.3337928567415,43.364254742526));
#716=CARTESIAN_POINT('Ctrl Pts',(-4.48580805660435,5.20172947453903,43.2398032209116));
#717=CARTESIAN_POINT('Ctrl Pts',(-12.6292179268661,13.3451393448007,43.2398032209116));
#718=CARTESIAN_POINT('Ctrl Pts',(-4.47439622383198,5.2131413073114,43.1142340151281));
#719=CARTESIAN_POINT('Ctrl Pts',(-12.6178060940937,13.3565511775731,43.1142340151281));
#720=CARTESIAN_POINT('Ctrl Pts',(-4.46292200234287,5.22461552880051,42.9875729084228));
#721=CARTESIAN_POINT('Ctrl Pts',(-12.6063318726046,13.3680253990622,42.9875729084228));
#722=CARTESIAN_POINT('Ctrl Pts',(-4.45138819181355,5.23614933932983,42.8598449292802));
#723=CARTESIAN_POINT('Ctrl Pts',(-12.5947980620752,13.3795592095915,42.8598449292802));
#724=CARTESIAN_POINT('Ctrl Pts',(-4.43979749841416,5.24774003272921,42.7310742167491));
#725=CARTESIAN_POINT('Ctrl Pts',(-12.5832073686759,13.3911499029909,42.7310742167491));
#726=CARTESIAN_POINT('Ctrl Pts',(-4.42815260845471,5.25938492268866,42.6012838501659));
#727=CARTESIAN_POINT('Ctrl Pts',(-12.5715624787164,13.4027947929504,42.6012838501659));
#728=CARTESIAN_POINT('Ctrl Pts',(-4.41645623249378,5.27108129864959,42.4704957612537));
#729=CARTESIAN_POINT('Ctrl Pts',(-12.5598661027555,13.4144911689113,42.4704957612537));
#730=CARTESIAN_POINT('Ctrl Pts',(-4.40471105610731,5.28282647503606,42.3387308981188));
#731=CARTESIAN_POINT('Ctrl Pts',(-12.548120926369,13.4262363452978,42.3387308981188));
#732=CARTESIAN_POINT('Ctrl Pts',(-4.3929197045534,5.29461782658997,42.2060093507347));
#733=CARTESIAN_POINT('Ctrl Pts',(-12.5363295748151,13.4380276968517,42.2060093507347));
#734=CARTESIAN_POINT('Ctrl Pts',(-4.38108470542214,5.30645282572123,42.0723504849651));
#735=CARTESIAN_POINT('Ctrl Pts',(-12.5244945756838,13.4498626959829,42.0723504849651));
#736=CARTESIAN_POINT('Ctrl Pts',(-4.36920844389127,5.3183290872521,41.9377730886571));
#737=CARTESIAN_POINT('Ctrl Pts',(-12.512618314153,13.4617389575138,41.9377730886571));
#738=CARTESIAN_POINT('Ctrl Pts',(-4.35729314968597,5.33024438145741,41.8022954580788));
#739=CARTESIAN_POINT('Ctrl Pts',(-12.5007030199477,13.4736542517191,41.8022954580788));
#740=CARTESIAN_POINT('Ctrl Pts',(-4.34534093866042,5.34219659248296,41.6659353787007));
#741=CARTESIAN_POINT('Ctrl Pts',(-12.4887508089221,13.4856064627447,41.6659353787007));
#742=CARTESIAN_POINT('Ctrl Pts',(-4.33335384281592,5.35418368832746,41.5287101296929));
#743=CARTESIAN_POINT('Ctrl Pts',(-12.4767637130776,13.4975935585892,41.5287101296929));
#744=CARTESIAN_POINT('Ctrl Pts',(-4.32133384275622,5.36620368838716,41.390636480401));
#745=CARTESIAN_POINT('Ctrl Pts',(-12.4647437130179,13.5096135586489,41.390636480401));
#746=CARTESIAN_POINT('Ctrl Pts',(-4.30928290442073,5.37825462672265,41.2517306865448));
#747=CARTESIAN_POINT('Ctrl Pts',(-12.4526927746824,13.5216644969843,41.2517306865448));
#748=CARTESIAN_POINT('Ctrl Pts',(-4.29720299591933,5.39033453522405,41.1120084990901));
#749=CARTESIAN_POINT('Ctrl Pts',(-12.440612866181,13.5337444054858,41.1120084990901));
#750=CARTESIAN_POINT('Ctrl Pts',(-4.28509606547399,5.40244146566939,40.9714852006922));
#751=CARTESIAN_POINT('Ctrl Pts',(-12.4285059357357,13.5458513359311,40.9714852006922));
#752=CARTESIAN_POINT('Ctrl Pts',(-4.27296402766774,5.41457350347564,40.8301756361091));
#753=CARTESIAN_POINT('Ctrl Pts',(-12.4163738979294,13.5579833737373,40.8301756361091));
#754=CARTESIAN_POINT('Ctrl Pts',(-4.26080874702914,5.42672878411424,40.688094244624));
#755=CARTESIAN_POINT('Ctrl Pts',(-12.4042186172908,13.5701386543759,40.688094244624));
#756=CARTESIAN_POINT('Ctrl Pts',(-4.24863202116873,5.43890550997465,40.5452550925774));
#757=CARTESIAN_POINT('Ctrl Pts',(-12.3920418914304,13.5823153802363,40.5452550925774));
#758=CARTESIAN_POINT('Ctrl Pts',(-4.23643556889154,5.45110196225183,40.4016719029158));
#759=CARTESIAN_POINT('Ctrl Pts',(-12.3798454391532,13.5945118325135,40.4016719029158));
#760=CARTESIAN_POINT('Ctrl Pts',(-4.22422104538827,5.46331648575511,40.2573580683114));
#761=CARTESIAN_POINT('Ctrl Pts',(-12.36763091565,13.6067263560168,40.2573580683114));
#762=CARTESIAN_POINT('Ctrl Pts',(-4.2119900535659,5.47554747757748,40.1123266664954));
#763=CARTESIAN_POINT('Ctrl Pts',(-12.3553999238276,13.6189573478392,40.1123266664954));
#764=CARTESIAN_POINT('Ctrl Pts',(-4.1997441571707,5.48779337397268,39.9665904748227));
#765=CARTESIAN_POINT('Ctrl Pts',(-12.3431540274324,13.6312032442344,39.9665904748227));
#766=CARTESIAN_POINT('Ctrl Pts',(-4.1874848924822,5.50005263866118,39.8201619849289));
#767=CARTESIAN_POINT('Ctrl Pts',(-12.3308947627439,13.6434625089229,39.8201619849289));
#768=CARTESIAN_POINT('Ctrl Pts',(-4.17521378237972,5.51232374876366,39.6730534179587));
#769=CARTESIAN_POINT('Ctrl Pts',(-12.3186236526414,13.6557336190254,39.6730534179587));
#770=CARTESIAN_POINT('Ctrl Pts',(-4.16293232953269,5.52460520161069,39.52527673244));
#771=CARTESIAN_POINT('Ctrl Pts',(-12.3063421997944,13.6680150718724,39.52527673244));
#772=CARTESIAN_POINT('Ctrl Pts',(-4.15064200715459,5.53689552398878,39.3768436311294));
#773=CARTESIAN_POINT('Ctrl Pts',(-12.2940518774163,13.6803053942505,39.3768436311294));
#774=CARTESIAN_POINT('Ctrl Pts',(-4.13834424998972,5.54919328115366,39.227765568197));
#775=CARTESIAN_POINT('Ctrl Pts',(-12.2817541202514,13.6926031514154,39.227765568197));
#776=CARTESIAN_POINT('Ctrl Pts',(-4.12604044660991,5.56149708453347,39.0780537563152));
#777=CARTESIAN_POINT('Ctrl Pts',(-12.2694503168716,13.7049069547952,39.0780537563152));
#778=CARTESIAN_POINT('Ctrl Pts',(-4.11373192771069,5.57380560343269,38.927719173664));
#779=CARTESIAN_POINT('Ctrl Pts',(-12.2571417979724,13.7172154736944,38.927719173664));
#780=CARTESIAN_POINT('Ctrl Pts',(-4.10141996869913,5.58611756244425,38.7767725714135));
#781=CARTESIAN_POINT('Ctrl Pts',(-12.2448298389608,13.7295274327059,38.7767725714135));
#782=CARTESIAN_POINT('Ctrl Pts',(-4.08910581176206,5.59843171938132,38.6252244818779));
#783=CARTESIAN_POINT('Ctrl Pts',(-12.2325156820238,13.741841589643,38.6252244818779));
#784=CARTESIAN_POINT('Ctrl Pts',(-4.0767906828478,5.61074684829558,38.4730852265303));
#785=CARTESIAN_POINT('Ctrl Pts',(-12.2202005531095,13.7541567185573,38.4730852265303));
#786=CARTESIAN_POINT('Ctrl Pts',(-4.06447581124602,5.62306171989736,38.3203649239985));
#787=CARTESIAN_POINT('Ctrl Pts',(-12.2078856815077,13.7664715901591,38.3203649239985));
#788=CARTESIAN_POINT('Ctrl Pts',(-4.0521624468049,5.63537508433849,38.1670734982366));
#789=CARTESIAN_POINT('Ctrl Pts',(-12.1955723170666,13.7787849546002,38.1670734982366));
#790=CARTESIAN_POINT('Ctrl Pts',(-4.03985188148344,5.64768564965994,38.0132206861673));
#791=CARTESIAN_POINT('Ctrl Pts',(-12.1832617517451,13.7910955199216,38.0132206861673));
#792=CARTESIAN_POINT('Ctrl Pts',(-4.02754543187118,5.6599920992722,37.8588160504544));
#793=CARTESIAN_POINT('Ctrl Pts',(-12.1709553021329,13.8034019695339,37.8588160504544));
#794=CARTESIAN_POINT('Ctrl Pts',(-4.01524441657173,5.67229311457165,37.7038689928604));
#795=CARTESIAN_POINT('Ctrl Pts',(-12.1586542868334,13.8157029848334,37.7038689928604));
#796=CARTESIAN_POINT('Ctrl Pts',(-4.00295013495593,5.68458739618745,37.5483887676421));
#797=CARTESIAN_POINT('Ctrl Pts',(-12.1463600052176,13.8279972664491,37.5483887676421));
#798=CARTESIAN_POINT('Ctrl Pts',(-3.99066384632589,5.69687368481749,37.3923844943746));
#799=CARTESIAN_POINT('Ctrl Pts',(-12.1340737165876,13.8402835550792,37.3923844943746));
#800=CARTESIAN_POINT('Ctrl Pts',(-3.97838674654603,5.70915078459735,37.2358651723377));
#801=CARTESIAN_POINT('Ctrl Pts',(-12.1217966168077,13.852560654859,37.2358651723377));
#802=CARTESIAN_POINT('Ctrl Pts',(-3.96611995292563,5.72141757821775,37.0788396902121));
#803=CARTESIAN_POINT('Ctrl Pts',(-12.1095298231873,13.8648274484794,37.0788396902121));
#804=CARTESIAN_POINT('Ctrl Pts',(-3.95386452629916,5.73367300484422,36.9213168147153));
#805=CARTESIAN_POINT('Ctrl Pts',(-12.0972743965609,13.8770828751059,36.9213168147153));
#806=CARTESIAN_POINT('Ctrl Pts',(-3.94162148758793,5.74591604355546,36.7633051825323));
#807=CARTESIAN_POINT('Ctrl Pts',(-12.0850313578496,13.8893259138172,36.7633051825323));
#808=CARTESIAN_POINT('Ctrl Pts',(-3.92939183702748,5.7581456941159,36.6048132902986));
#809=CARTESIAN_POINT('Ctrl Pts',(-12.0728017072892,13.9015555643776,36.6048132902986));
#810=CARTESIAN_POINT('Ctrl Pts',(-3.91717657107866,5.77036096006473,36.4458494869275));
#811=CARTESIAN_POINT('Ctrl Pts',(-12.0605864413404,13.9137708303264,36.4458494869275));
#812=CARTESIAN_POINT('Ctrl Pts',(-3.90497670321658,5.7825608279268,36.2864219612255));
#813=CARTESIAN_POINT('Ctrl Pts',(-12.0483865734783,13.9259706981885,36.2864219612255));
#814=CARTESIAN_POINT('Ctrl Pts',(-3.89279327265251,5.79474425849087,36.1265387449249));
#815=CARTESIAN_POINT('Ctrl Pts',(-12.0362031429142,13.9381541287526,36.1265387449249));
#816=CARTESIAN_POINT('Ctrl Pts',(-3.88062733632611,5.80691019481727,35.9662077376033));
#817=CARTESIAN_POINT('Ctrl Pts',(-12.0240372065878,13.950320065079,35.9662077376033));
#818=CARTESIAN_POINT('Ctrl Pts',(-3.8684799649838,5.81905756615958,35.8054367258587));
#819=CARTESIAN_POINT('Ctrl Pts',(-12.0118898352455,13.9624674364213,35.8054367258587));
#820=CARTESIAN_POINT('Ctrl Pts',(-3.85635223755967,5.83118529358372,35.6442334056987));
#821=CARTESIAN_POINT('Ctrl Pts',(-11.9997621078214,13.9745951638454,35.6442334056987));
#822=CARTESIAN_POINT('Ctrl Pts',(-3.84424523638762,5.84329229475576,35.4826054014943));
#823=CARTESIAN_POINT('Ctrl Pts',(-11.9876551066493,13.9867021650175,35.4826054014943));
#824=CARTESIAN_POINT('Ctrl Pts',(-3.83216004179568,5.8553774893477,35.3205602915336));
#825=CARTESIAN_POINT('Ctrl Pts',(-11.9755699120574,13.9987873596094,35.3205602915336));
#826=CARTESIAN_POINT('Ctrl Pts',(-3.82009772804689,5.86743980309649,35.1581056090499));
#827=CARTESIAN_POINT('Ctrl Pts',(-11.9635075983086,14.0108496733582,35.1581056090499));
#828=CARTESIAN_POINT('Ctrl Pts',(-3.8080593601303,5.87947817101307,34.9952488231784));
#829=CARTESIAN_POINT('Ctrl Pts',(-11.951469230392,14.0228880412748,34.9952488231784));
#830=CARTESIAN_POINT('Ctrl Pts',(-3.7960459904505,5.89149154069287,34.8319973259864));
#831=CARTESIAN_POINT('Ctrl Pts',(-11.9394558607122,14.0349014109546,34.8319973259864));
#832=CARTESIAN_POINT('Ctrl Pts',(-3.78405865526818,5.9034788758752,34.668358416217));
#833=CARTESIAN_POINT('Ctrl Pts',(-11.9274685255299,14.0468887461369,34.668358416217));
#834=CARTESIAN_POINT('Ctrl Pts',(-3.77209837191956,5.91543915922382,34.5043392862759));
#835=CARTESIAN_POINT('Ctrl Pts',(-11.9155082421813,14.0588490294855,34.5043392862759));
#836=CARTESIAN_POINT('Ctrl Pts',(-3.76016613401568,5.92737139712769,34.3399470032218));
#837=CARTESIAN_POINT('Ctrl Pts',(-11.9035760042774,14.0707812673894,34.3399470032218));
#838=CARTESIAN_POINT('Ctrl Pts',(-3.74826291515053,5.93927461599284,34.1751885131471));
#839=CARTESIAN_POINT('Ctrl Pts',(-11.8916727854122,14.0826844862545,34.1751885131471));
#840=CARTESIAN_POINT('Ctrl Pts',(-3.73638967854018,5.95114785260319,34.0100706614764));
#841=CARTESIAN_POINT('Ctrl Pts',(-11.8797995488019,14.0945577228649,34.0100706614764));
#842=CARTESIAN_POINT('Ctrl Pts',(-3.72454738470639,5.96299014643698,33.8446002082573));
#843=CARTESIAN_POINT('Ctrl Pts',(-11.8679572549681,14.1064000166987,33.8446002082573));
#844=CARTESIAN_POINT('Ctrl Pts',(-3.71273700039423,5.97480053074914,33.6787838461607));
#845=CARTESIAN_POINT('Ctrl Pts',(-11.8561468706559,14.1182104010108,33.6787838461607));
#846=CARTESIAN_POINT('Ctrl Pts',(-3.70095950596931,5.98657802517407,33.5126282158211));
#847=CARTESIAN_POINT('Ctrl Pts',(-11.844369376231,14.1299878954358,33.5126282158211));
#848=CARTESIAN_POINT('Ctrl Pts',(-3.6892159059391,5.99832162520427,33.3461399260511));
#849=CARTESIAN_POINT('Ctrl Pts',(-11.8326257762008,14.141731495466,33.3461399260511));
#850=CARTESIAN_POINT('Ctrl Pts',(-3.67750722756861,6.01003030357477,33.1793255560173));
#851=CARTESIAN_POINT('Ctrl Pts',(-11.8209170978303,14.1534401738365,33.1793255560173));
#852=CARTESIAN_POINT('Ctrl Pts',(-3.66583450997716,6.02170302116622,33.0121916431297));
#853=CARTESIAN_POINT('Ctrl Pts',(-11.8092443802389,14.1651128914279,33.0121916431297));
#854=CARTESIAN_POINT('Ctrl Pts',(-3.65419879615556,6.03333873498782,32.8447446752295));
#855=CARTESIAN_POINT('Ctrl Pts',(-11.7976086664173,14.1767486052495,32.8447446752295));
#856=CARTESIAN_POINT('Ctrl Pts',(-3.64260112336518,6.04493640777821,32.6769910805576));
#857=CARTESIAN_POINT('Ctrl Pts',(-11.7860109936269,14.1883462780399,32.6769910805576));
#858=CARTESIAN_POINT('Ctrl Pts',(-3.63104251519725,6.05649501594613,32.5089372197228));
#859=CARTESIAN_POINT('Ctrl Pts',(-11.7744523854589,14.1999048862078,32.5089372197228));
#860=CARTESIAN_POINT('Ctrl Pts',(-3.61952397054478,6.0680135605986,32.3405893742325));
#861=CARTESIAN_POINT('Ctrl Pts',(-11.7629338408065,14.2114234308603,32.3405893742325));
#862=CARTESIAN_POINT('Ctrl Pts',(-3.60804646274201,6.07949106840137,32.1719537461032));
#863=CARTESIAN_POINT('Ctrl Pts',(-11.7514563330037,14.2229009386631,32.1719537461032));
#864=CARTESIAN_POINT('Ctrl Pts',(-3.5966109512926,6.09092657985078,32.0030364711406));
#865=CARTESIAN_POINT('Ctrl Pts',(-11.7400208215543,14.2343364501125,32.0030364711406));
#866=CARTESIAN_POINT('Ctrl Pts',(-3.58521839029544,6.10231914084794,31.8338436286242));
#867=CARTESIAN_POINT('Ctrl Pts',(-11.7286282605571,14.2457290111096,31.8338436286242));
#868=CARTESIAN_POINT('Ctrl Pts',(-3.57386973844981,6.11366779269357,31.6643812527331));
#869=CARTESIAN_POINT('Ctrl Pts',(-11.7172796087115,14.2570776629553,31.6643812527331));
#870=CARTESIAN_POINT('Ctrl Pts',(-3.56256596783401,6.12497156330937,31.4946553425752));
#871=CARTESIAN_POINT('Ctrl Pts',(-11.7059758380957,14.2683814335711,31.4946553425752));
#872=CARTESIAN_POINT('Ctrl Pts',(-3.5513080745383,6.13622945660508,31.3246718743849));
#873=CARTESIAN_POINT('Ctrl Pts',(-11.6947179448,14.2796393268668,31.3246718743849));
#874=CARTESIAN_POINT('Ctrl Pts',(-3.54009708425029,6.14744044689309,31.1544368077676));
#875=CARTESIAN_POINT('Ctrl Pts',(-11.683506954512,14.2908503171548,31.1544368077676));
#876=CARTESIAN_POINT('Ctrl Pts',(-3.52893404450912,6.15860348663426,30.9839560761873));
#877=CARTESIAN_POINT('Ctrl Pts',(-11.6723439147708,14.302013356896,30.9839560761873));
#878=CARTESIAN_POINT('Ctrl Pts',(-3.51782001942949,6.16971751171389,30.8132355803839));
#879=CARTESIAN_POINT('Ctrl Pts',(-11.6612298896912,14.3131273819756,30.8132355803839));
#880=CARTESIAN_POINT('Ctrl Pts',(-3.50675608342282,6.18078144772056,30.6422811805793));
#881=CARTESIAN_POINT('Ctrl Pts',(-11.6501659536845,14.3241913179823,30.6422811805793));
#882=CARTESIAN_POINT('Ctrl Pts',(-3.49574331540604,6.19179421573734,30.4710986893192));
#883=CARTESIAN_POINT('Ctrl Pts',(-11.6391531856677,14.335204085999,30.4710986893192));
#884=CARTESIAN_POINT('Ctrl Pts',(-3.48478279265971,6.20275473848367,30.2996938637592));
#885=CARTESIAN_POINT('Ctrl Pts',(-11.6281926629214,14.3461646087454,30.2996938637592));
#886=CARTESIAN_POINT('Ctrl Pts',(-3.47387558523587,6.21366194590751,30.1280723989825));
#887=CARTESIAN_POINT('Ctrl Pts',(-11.6172854554976,14.3570718161692,30.1280723989825));
#888=CARTESIAN_POINT('Ctrl Pts',(-3.46302275919397,6.22451477194941,29.9562399386487));
#889=CARTESIAN_POINT('Ctrl Pts',(-11.6064326294557,14.3679246422111,29.9562399386487));
#890=CARTESIAN_POINT('Ctrl Pts',(-3.45222537945424,6.23531215168913,29.7842020849389));
#891=CARTESIAN_POINT('Ctrl Pts',(-11.5956352497159,14.3787220219508,29.7842020849389));
#892=CARTESIAN_POINT('Ctrl Pts',(-3.44148451276617,6.24605301837721,29.6119644085988));
#893=CARTESIAN_POINT('Ctrl Pts',(-11.5848943830279,14.3894628886389,29.6119644085988));
#894=CARTESIAN_POINT('Ctrl Pts',(-3.43080123069201,6.25673630045136,29.4395324593143));
#895=CARTESIAN_POINT('Ctrl Pts',(-11.5742111009537,14.4001461707131,29.4395324593143));
#896=CARTESIAN_POINT('Ctrl Pts',(-3.42017661243367,6.2673609187097,29.2669117750721));
#897=CARTESIAN_POINT('Ctrl Pts',(-11.5635864826954,14.4107707889714,29.2669117750721));
#898=CARTESIAN_POINT('Ctrl Pts',(-3.40961174811781,6.27792578302557,29.0941078942283));
#899=CARTESIAN_POINT('Ctrl Pts',(-11.5530216183795,14.4213356532873,29.0941078942283));
#900=CARTESIAN_POINT('Ctrl Pts',(-3.39910773901709,6.28842979212629,28.9211263496249));
#901=CARTESIAN_POINT('Ctrl Pts',(-11.5425176092788,14.431839662388,28.9211263496249));
#902=CARTESIAN_POINT('Ctrl Pts',(-3.38866569697463,6.29887183416875,28.7479726578841));
#903=CARTESIAN_POINT('Ctrl Pts',(-11.5320755672363,14.4422817044305,28.7479726578841));
#904=CARTESIAN_POINT('Ctrl Pts',(-3.3782867440894,6.30925078705398,28.5746523105773));
#905=CARTESIAN_POINT('Ctrl Pts',(-11.5216966143511,14.4526606573157,28.5746523105773));
#906=CARTESIAN_POINT('Ctrl Pts',(-3.36797201231361,6.31956551882977,28.4011707640733));
#907=CARTESIAN_POINT('Ctrl Pts',(-11.5113818825753,14.4629753890915,28.4011707640733));
#908=CARTESIAN_POINT('Ctrl Pts',(-3.35772264303863,6.32981488810475,28.2275334311952));
#909=CARTESIAN_POINT('Ctrl Pts',(-11.5011325133003,14.4732247583664,28.2275334311952));
#910=CARTESIAN_POINT('Ctrl Pts',(-3.34753978680731,6.33999774433607,28.0537456690406));
#911=CARTESIAN_POINT('Ctrl Pts',(-11.490949657069,14.4834076145978,28.0537456690406));
#912=CARTESIAN_POINT('Ctrl Pts',(-3.33742460250639,6.35011292863699,27.8798127801539));
#913=CARTESIAN_POINT('Ctrl Pts',(-11.4808344727681,14.4935227988987,27.8798127801539));
#914=CARTESIAN_POINT('Ctrl Pts',(-3.32737825594914,6.36015927519424,27.7057400286666));
#915=CARTESIAN_POINT('Ctrl Pts',(-11.4707881262108,14.5035691454559,27.7057400286666));
#916=CARTESIAN_POINT('Ctrl Pts',(-3.31740191863528,6.3701356125081,27.5315326524393));
#917=CARTESIAN_POINT('Ctrl Pts',(-11.460811788897,14.5135454827698,27.5315326524393));
#918=CARTESIAN_POINT('Ctrl Pts',(-3.30749676640251,6.38004076474087,27.3571958770007));
#919=CARTESIAN_POINT('Ctrl Pts',(-11.4509066366642,14.5234506350026,27.3571958770007));
#920=CARTESIAN_POINT('Ctrl Pts',(-3.29766397820773,6.38987355293565,27.1827349283264));
#921=CARTESIAN_POINT('Ctrl Pts',(-11.4410738484694,14.5332834231973,27.1827349283264));
#922=CARTESIAN_POINT('Ctrl Pts',(-3.28790473465401,6.39963279648936,27.008155047047));
#923=CARTESIAN_POINT('Ctrl Pts',(-11.4313146049157,14.5430426667511,27.008155047047));
#924=CARTESIAN_POINT('Ctrl Pts',(-3.27822021720723,6.40931731393614,26.8334614993201));
#925=CARTESIAN_POINT('Ctrl Pts',(-11.4216300874689,14.5527271841978,26.8334614993201));
#926=CARTESIAN_POINT('Ctrl Pts',(-3.26861161233956,6.41892591880381,26.6586595644847));
#927=CARTESIAN_POINT('Ctrl Pts',(-11.4120214826013,14.5623357890655,26.6586595644847));
#928=CARTESIAN_POINT('Ctrl Pts',(-3.25908011521707,6.42845741592631,26.4837545249375));
#929=CARTESIAN_POINT('Ctrl Pts',(-11.4024899854788,14.571867286188,26.4837545249375));
#930=CARTESIAN_POINT('Ctrl Pts',(-3.24962693348966,6.43791059765371,26.30875165532));
#931=CARTESIAN_POINT('Ctrl Pts',(-11.3930368037514,14.5813204679154,26.30875165532));
#932=CARTESIAN_POINT('Ctrl Pts',(-3.24025329120293,6.44728423994045,26.1336562116312));
#933=CARTESIAN_POINT('Ctrl Pts',(-11.3836631614646,14.5906941102021,26.1336562116312));
#934=CARTESIAN_POINT('Ctrl Pts',(-3.23096043227035,6.45657709887303,25.9584734212346));
#935=CARTESIAN_POINT('Ctrl Pts',(-11.374370302532,14.5999869691347,25.9584734212346));
#936=CARTESIAN_POINT('Ctrl Pts',(-3.22174962513823,6.46578790600515,25.7832084702459));
#937=CARTESIAN_POINT('Ctrl Pts',(-11.3651594953999,14.6091977762668,25.7832084702459));
#938=CARTESIAN_POINT('Ctrl Pts',(-3.21262216012711,6.47491537101627,25.6078665071897));
#939=CARTESIAN_POINT('Ctrl Pts',(-11.3560320303888,14.618325241278,25.6078665071897));
#940=CARTESIAN_POINT('Ctrl Pts',(-3.2035793445424,6.48395818660098,25.4324526515738));
#941=CARTESIAN_POINT('Ctrl Pts',(-11.3469892148041,14.6273680568627,25.4324526515738));
#942=CARTESIAN_POINT('Ctrl Pts',(-3.19462249860166,6.49291503254171,25.2569720007519));
#943=CARTESIAN_POINT('Ctrl Pts',(-11.3380323688634,14.6363249028034,25.2569720007519));
#944=CARTESIAN_POINT('Ctrl Pts',(-3.18575295086569,6.50178458027769,25.0814296376442));
#945=CARTESIAN_POINT('Ctrl Pts',(-11.3291628211274,14.6451944505394,25.0814296376442));
#946=CARTESIAN_POINT('Ctrl Pts',(-3.17697203424151,6.51056549690187,24.90583063776));
#947=CARTESIAN_POINT('Ctrl Pts',(-11.3203819045032,14.6539753671636,24.90583063776));
#948=CARTESIAN_POINT('Ctrl Pts',(-3.16828108086604,6.51925645027733,24.7301800773217));
#949=CARTESIAN_POINT('Ctrl Pts',(-11.3116909511277,14.662666320539,24.7301800773217));
#950=CARTESIAN_POINT('Ctrl Pts',(-3.15968142049168,6.5278561106517,24.5544830381454));
#951=CARTESIAN_POINT('Ctrl Pts',(-11.3030912907534,14.6712659809134,24.5544830381454));
#952=CARTESIAN_POINT('Ctrl Pts',(-3.15117438480721,6.53636314633617,24.3787446070929));
#953=CARTESIAN_POINT('Ctrl Pts',(-11.2945842550689,14.6797730165979,24.3787446070929));
#954=CARTESIAN_POINT('Ctrl Pts',(-3.14276131041594,6.54477622072743,24.2029698767518));
#955=CARTESIAN_POINT('Ctrl Pts',(-11.2861711806776,14.6881860909891,24.2029698767518));
#956=CARTESIAN_POINT('Ctrl Pts',(-3.13444354234859,6.55309398879479,24.0271639456203));
#957=CARTESIAN_POINT('Ctrl Pts',(-11.2778534126103,14.6965038590565,24.0271639456203));
#958=CARTESIAN_POINT('Ctrl Pts',(-3.1262224373588,6.56131509378457,23.8513319185092));
#959=CARTESIAN_POINT('Ctrl Pts',(-11.2696323076205,14.7047249640463,23.8513319185092));
#960=CARTESIAN_POINT('Ctrl Pts',(-3.11809936728561,6.56943816385776,23.6754789068376));
#961=CARTESIAN_POINT('Ctrl Pts',(-11.2615092375473,14.7128480341195,23.6754789068376));
#962=CARTESIAN_POINT('Ctrl Pts',(-3.11007572246108,6.57746180868229,23.4996100290095));
#963=CARTESIAN_POINT('Ctrl Pts',(-11.2534855927228,14.720871678944,23.4996100290095));
#964=CARTESIAN_POINT('Ctrl Pts',(-3.10215291027965,6.58538462086372,23.3237304082241));
#965=CARTESIAN_POINT('Ctrl Pts',(-11.2455627805413,14.7287944911254,23.3237304082241));
#966=CARTESIAN_POINT('Ctrl Pts',(-3.09433235365991,6.59320517748347,23.1478451702106));
#967=CARTESIAN_POINT('Ctrl Pts',(-11.2377422239216,14.7366150477452,23.1478451702106));
#968=CARTESIAN_POINT('Ctrl Pts',(-3.08661548955827,6.60092204158511,22.9719594410545));
#969=CARTESIAN_POINT('Ctrl Pts',(-11.23002535982,14.7443319118468,22.9719594410545));
#970=CARTESIAN_POINT('Ctrl Pts',(-3.07900376743439,6.60853376370898,22.7960783448432));
#971=CARTESIAN_POINT('Ctrl Pts',(-11.2224136376961,14.7519436339707,22.7960783448432));
#972=CARTESIAN_POINT('Ctrl Pts',(-3.07149864779905,6.61603888334432,22.6202070017203));
#973=CARTESIAN_POINT('Ctrl Pts',(-11.2149085180608,14.759448753606,22.6202070017203));
#974=CARTESIAN_POINT('Ctrl Pts',(-3.06410160057259,6.62343593057079,22.4443505249342));
#975=CARTESIAN_POINT('Ctrl Pts',(-11.2075114708343,14.7668458008325,22.4443505249342));
#976=CARTESIAN_POINT('Ctrl Pts',(-3.05681410420735,6.63072342693603,22.268514022012));
#977=CARTESIAN_POINT('Ctrl Pts',(-11.200223974469,14.7741332971977,22.268514022012));
#978=CARTESIAN_POINT('Ctrl Pts',(-3.04963764534293,6.63789988580045,22.0927025988759));
#979=CARTESIAN_POINT('Ctrl Pts',(-11.1930475156046,14.7813097560621,22.0927025988759));
#980=CARTESIAN_POINT('Ctrl Pts',(-3.04257371831788,6.6449638128255,21.9169213630773));
#981=CARTESIAN_POINT('Ctrl Pts',(-11.1859835885796,14.7883736830872,21.9169213630773));
#982=CARTESIAN_POINT('Ctrl Pts',(-3.03562382471188,6.6519137064315,21.7411754274296));
#983=CARTESIAN_POINT('Ctrl Pts',(-11.1790336949736,14.7953235766932,21.7411754274296));
#984=CARTESIAN_POINT('Ctrl Pts',(-3.02878947294131,6.65874805820207,21.5654699133899));
#985=CARTESIAN_POINT('Ctrl Pts',(-11.172199343203,14.8021579284638,21.5654699133899));
#986=CARTESIAN_POINT('Ctrl Pts',(-3.02207217767285,6.66546535347053,21.3898099547404));
#987=CARTESIAN_POINT('Ctrl Pts',(-11.1654820479345,14.8088752237322,21.3898099547404));
#988=CARTESIAN_POINT('Ctrl Pts',(-3.01547345979494,6.67206407134844,21.2142007005627));
#989=CARTESIAN_POINT('Ctrl Pts',(-11.1588833300566,14.8154739416101,21.2142007005627));
#990=CARTESIAN_POINT('Ctrl Pts',(-3.00899484897509,6.67854268216829,21.0386473150795));
#991=CARTESIAN_POINT('Ctrl Pts',(-11.1524047192368,14.82195255243,21.0386473150795));
#992=CARTESIAN_POINT('Ctrl Pts',(-3.00263788588134,6.68489964526204,20.8631549779202));
#993=CARTESIAN_POINT('Ctrl Pts',(-11.146047756143,14.8283095155237,20.8631549779202));
#994=CARTESIAN_POINT('Ctrl Pts',(-2.99640412449904,6.69113340664434,20.687728884223));
#995=CARTESIAN_POINT('Ctrl Pts',(-11.1398139947607,14.834543276906,20.687728884223));
#996=CARTESIAN_POINT('Ctrl Pts',(-2.99029513448791,6.69724239665547,20.5123742448027));
#997=CARTESIAN_POINT('Ctrl Pts',(-11.1337050047496,14.8406522669172,20.5123742448027));
#998=CARTESIAN_POINT('Ctrl Pts',(-2.98431250333207,6.7032250278113,20.3370962863028));
#999=CARTESIAN_POINT('Ctrl Pts',(-11.1277223735938,14.846634898073,20.3370962863028));
#1000=CARTESIAN_POINT('Ctrl Pts',(-2.97845783907614,6.70907969206724,20.1619002513224));
#1001=CARTESIAN_POINT('Ctrl Pts',(-11.1218677093378,14.8524895623289,20.1619002513224));
#1002=CARTESIAN_POINT('Ctrl Pts',(-2.97273276881544,6.71480476232793,19.9867913988016));
#1003=CARTESIAN_POINT('Ctrl Pts',(-11.1161426390771,14.8582146325896,19.9867913988016));
#1004=CARTESIAN_POINT('Ctrl Pts',(-2.96713893621377,6.7203985949296,19.811775004466));
#1005=CARTESIAN_POINT('Ctrl Pts',(-11.1105488064755,14.8638084651913,19.811775004466));
#1006=CARTESIAN_POINT('Ctrl Pts',(-2.96167799936715,6.72585953177622,19.6368563612584));
#1007=CARTESIAN_POINT('Ctrl Pts',(-11.1050878696288,14.8692694020379,19.6368563612584));
#1008=CARTESIAN_POINT('Ctrl Pts',(-2.95635162849511,6.73118590264826,19.4620407797566));
#1009=CARTESIAN_POINT('Ctrl Pts',(-11.0997614987568,14.87459577291,19.4620407797566));
#1010=CARTESIAN_POINT('Ctrl Pts',(-2.95116150376966,6.73637602737371,19.2873335886445));
#1011=CARTESIAN_POINT('Ctrl Pts',(-11.0945713740314,14.8797858976354,19.2873335886445));
#1012=CARTESIAN_POINT('Ctrl Pts',(-2.94610931292933,6.74142821821405,19.112740135044));
#1013=CARTESIAN_POINT('Ctrl Pts',(-11.089519183191,14.8848380884757,19.112740135044));
#1014=CARTESIAN_POINT('Ctrl Pts',(-2.94119674956018,6.74634078158319,18.9382657853401));
#1015=CARTESIAN_POINT('Ctrl Pts',(-11.0846066198219,14.8897506518449,18.9382657853401));
#1016=CARTESIAN_POINT('Ctrl Pts',(-2.93642551219273,6.75111201895065,18.763915926635));
#1017=CARTESIAN_POINT('Ctrl Pts',(-11.0798353824544,14.8945218892123,18.763915926635));
#1018=CARTESIAN_POINT('Ctrl Pts',(-2.93179730320986,6.75574022793351,18.5896959680433));
#1019=CARTESIAN_POINT('Ctrl Pts',(-11.0752071734716,14.8991500981952,18.5896959680433));
#1020=CARTESIAN_POINT('Ctrl Pts',(-2.92731382779658,6.76022370334679,18.4156113420498));
#1021=CARTESIAN_POINT('Ctrl Pts',(-11.0707236980583,14.9036335736085,18.4156113420498));
#1022=CARTESIAN_POINT('Ctrl Pts',(-2.92297679295186,6.76456073819152,18.2416675058464));
#1023=CARTESIAN_POINT('Ctrl Pts',(-11.0663866632136,14.9079706084532,18.2416675058464));
#1024=CARTESIAN_POINT('Ctrl Pts',(-2.91878790628299,6.76874962486039,18.067869942666));
#1025=CARTESIAN_POINT('Ctrl Pts',(-11.0621977765447,14.9121594951221,18.067869942666));
#1026=CARTESIAN_POINT('Ctrl Pts',(-2.91474887544501,6.77278865569837,17.8942241631532));
#1027=CARTESIAN_POINT('Ctrl Pts',(-11.0581587457067,14.9161985259601,17.8942241631532));
#1028=CARTESIAN_POINT('Ctrl Pts',(-2.9108614133376,6.77667611780578,17.7207357071044));
#1029=CARTESIAN_POINT('Ctrl Pts',(-11.0542712835993,14.9200859880675,17.7207357071044));
#1030=CARTESIAN_POINT('Ctrl Pts',(-2.90712724284905,6.78041028829433,17.5474101451865));
#1031=CARTESIAN_POINT('Ctrl Pts',(-11.0505371131107,14.923820158556,17.5474101451865));
#1032=CARTESIAN_POINT('Ctrl Pts',(-2.90354810169034,6.78398942945304,17.3742530806401));
#1033=CARTESIAN_POINT('Ctrl Pts',(-11.046957971952,14.9273992997147,17.3742530806401));
#1034=CARTESIAN_POINT('Ctrl Pts',(-2.90012574737946,6.78741178376392,17.2012701510445));
#1035=CARTESIAN_POINT('Ctrl Pts',(-11.0435356176412,14.9308216540256,17.2012701510445));
#1036=CARTESIAN_POINT('Ctrl Pts',(-2.89686196171902,6.79067556942436,17.028467029928));
#1037=CARTESIAN_POINT('Ctrl Pts',(-11.0402718319807,14.9340854396861,17.028467029928));
#1038=CARTESIAN_POINT('Ctrl Pts',(-2.89375855665049,6.79377897449289,16.8558494287826));
#1039=CARTESIAN_POINT('Ctrl Pts',(-11.0371684269122,14.9371888447546,16.8558494287826));
#1040=CARTESIAN_POINT('Ctrl Pts',(-2.89081737012633,6.79672016101705,16.6834230961452));
#1041=CARTESIAN_POINT('Ctrl Pts',(-11.034227240388,14.9401300312787,16.6834230961452));
#1042=CARTESIAN_POINT('Ctrl Pts',(-2.88804025966269,6.79949727148068,16.5111938159688));
#1043=CARTESIAN_POINT('Ctrl Pts',(-11.0314501299244,14.9429071417424,16.5111938159688));
#1044=CARTESIAN_POINT('Ctrl Pts',(-2.88542909680623,6.80210843433714,16.3391674063251));
#1045=CARTESIAN_POINT('Ctrl Pts',(-11.0288389670679,14.9455183045988,16.3391674063251));
#1046=CARTESIAN_POINT('Ctrl Pts',(-2.88298576095343,6.80455177018994,16.1673497177729));
#1047=CARTESIAN_POINT('Ctrl Pts',(-11.0263956312151,14.9479616404516,16.1673497177729));
#1048=CARTESIAN_POINT('Ctrl Pts',(-2.88071213406227,6.8068253970811,15.9957466323252));
#1049=CARTESIAN_POINT('Ctrl Pts',(-11.024122004324,14.9502352673428,15.9957466323252));
#1050=CARTESIAN_POINT('Ctrl Pts',(-2.87861009345126,6.80892743769212,15.8243640610269));
#1051=CARTESIAN_POINT('Ctrl Pts',(-11.022019963713,14.9523373079538,15.8243640610269));
#1052=CARTESIAN_POINT('Ctrl Pts',(-2.87668151187459,6.81085601926878,15.6532079469158));
#1053=CARTESIAN_POINT('Ctrl Pts',(-11.0200913821363,14.9542658895305,15.6532079469158));
#1054=CARTESIAN_POINT('Ctrl Pts',(-2.87492826360318,6.81260926754019,15.482284272459));
#1055=CARTESIAN_POINT('Ctrl Pts',(-11.0183381338649,14.9560191378019,15.482284272459));
#1056=CARTESIAN_POINT('Ctrl Pts',(-2.8733522287156,6.81418530242777,15.3115990656315));
#1057=CARTESIAN_POINT('Ctrl Pts',(-11.0167620989773,14.9575951726895,15.3115990656315));
#1058=CARTESIAN_POINT('Ctrl Pts',(-2.87195529830151,6.81558223284187,15.1411584067366));
#1059=CARTESIAN_POINT('Ctrl Pts',(-11.0153651685632,14.9589921031036,15.1411584067366));
#1060=CARTESIAN_POINT('Ctrl Pts',(-2.87073937886406,6.81679815227932,14.9709684344846));
#1061=CARTESIAN_POINT('Ctrl Pts',(-11.0141492491258,14.960208022541,14.9709684344846));
#1062=CARTESIAN_POINT('Ctrl Pts',(-2.86970639806058,6.81783113308279,14.801035353418));
#1063=CARTESIAN_POINT('Ctrl Pts',(-11.0131162683223,14.9612410033445,14.801035353418));
#1064=CARTESIAN_POINT('Ctrl Pts',(-2.86885830654204,6.81867922460134,14.6313654373254));
#1065=CARTESIAN_POINT('Ctrl Pts',(-11.0122681768037,14.962089094863,14.6313654373254));
#1066=CARTESIAN_POINT('Ctrl Pts',(-2.86819707187372,6.81934045926965,14.4619650244949));
#1067=CARTESIAN_POINT('Ctrl Pts',(-11.0116069421354,14.9627503295314,14.4619650244949));
#1068=CARTESIAN_POINT('Ctrl Pts',(-2.86772467417631,6.81981285696707,14.2928405147227));
#1069=CARTESIAN_POINT('Ctrl Pts',(-11.011134544438,14.9632227272288,14.2928405147227));
#1070=CARTESIAN_POINT('Ctrl Pts',(-2.86744310095745,6.82009443018593,14.123998365536));
#1071=CARTESIAN_POINT('Ctrl Pts',(-11.0108529712191,14.9635043004476,14.123998365536));
#1072=CARTESIAN_POINT('Ctrl Pts',(-2.86735434256996,6.82018318857341,13.955445088949));
#1073=CARTESIAN_POINT('Ctrl Pts',(-11.0107642128317,14.9635930588351,13.955445088949));
#1074=CARTESIAN_POINT('Ctrl Pts',(-2.86746038672927,6.8200771444141,13.7871872475192));
#1075=CARTESIAN_POINT('Ctrl Pts',(-11.010870256991,14.9634870146758,13.7871872475192));
#1076=CARTESIAN_POINT('Ctrl Pts',(-2.86776321545665,6.81977431568672,13.619231452125));
#1077=CARTESIAN_POINT('Ctrl Pts',(-11.0111730857184,14.9631841859484,13.619231452125));
#1078=CARTESIAN_POINT('Ctrl Pts',(-2.86826481361728,6.8192727175261,13.4515843678602));
#1079=CARTESIAN_POINT('Ctrl Pts',(-11.011674683879,14.9626825877878,13.4515843678602));
#1080=CARTESIAN_POINT('Ctrl Pts',(-2.86896717589823,6.81857035524514,13.284252718856));
#1081=CARTESIAN_POINT('Ctrl Pts',(-11.0123770461599,14.9619802255068,13.284252718856));
#1082=CARTESIAN_POINT('Ctrl Pts',(-2.86987231446675,6.81766521667662,13.1172432935387));
#1083=CARTESIAN_POINT('Ctrl Pts',(-11.0132821847284,14.9610750869383,13.1172432935387));
#1084=CARTESIAN_POINT('Ctrl Pts',(-2.87098226616767,6.8165552649757,12.9505629496595));
#1085=CARTESIAN_POINT('Ctrl Pts',(-11.0143921364294,14.9599651352374,12.9505629496595));
#1086=CARTESIAN_POINT('Ctrl Pts',(-2.87229910032573,6.81523843081764,12.7842186195269));
#1087=CARTESIAN_POINT('Ctrl Pts',(-11.0157089705874,14.9586483010793,12.7842186195269));
#1088=CARTESIAN_POINT('Ctrl Pts',(-2.87382492511862,6.81371260602476,12.6182173148532));
#1089=CARTESIAN_POINT('Ctrl Pts',(-11.0172347953803,14.9571224762865,12.6182173148532));
#1090=CARTESIAN_POINT('Ctrl Pts',(-2.87556187826488,6.81197565287849,12.4525661275965));
#1091=CARTESIAN_POINT('Ctrl Pts',(-11.0189717485266,14.9553855231402,12.4525661275965));
#1092=CARTESIAN_POINT('Ctrl Pts',(-2.87751211885273,6.81002541229065,12.2872722310907));
#1093=CARTESIAN_POINT('Ctrl Pts',(-11.0209219891144,14.9534352825523,12.2872722310907));
#1094=CARTESIAN_POINT('Ctrl Pts',(-2.87967781867882,6.80785971246456,12.1223428810524));
#1095=CARTESIAN_POINT('Ctrl Pts',(-11.0230876889405,14.9512695827263,12.1223428810524));
#1096=CARTESIAN_POINT('Ctrl Pts',(-2.88206115392496,6.80547637721842,11.9577854166756));
#1097=CARTESIAN_POINT('Ctrl Pts',(-11.0254710241867,14.9488862474801,11.9577854166756));
#1098=CARTESIAN_POINT('Ctrl Pts',(-2.88466429638193,6.80287323476145,11.7936072616077));
#1099=CARTESIAN_POINT('Ctrl Pts',(-11.0280741666436,14.9462831050231,11.7936072616077));
#1100=CARTESIAN_POINT('Ctrl Pts',(-2.8874894057442,6.80004812539917,11.6298159252133));
#1101=CARTESIAN_POINT('Ctrl Pts',(-11.0308992760059,14.9434579956609,11.6298159252133));
#1102=CARTESIAN_POINT('Ctrl Pts',(-2.89053863782091,6.79699889332247,11.4664190081452));
#1103=CARTESIAN_POINT('Ctrl Pts',(-11.0339485080826,14.9404087635842,11.4664190081452));
#1104=CARTESIAN_POINT('Ctrl Pts',(-2.89381415183883,6.79372337930454,11.3034242076638));
#1105=CARTESIAN_POINT('Ctrl Pts',(-11.0372240221005,14.9371332495662,11.3034242076638));
#1106=CARTESIAN_POINT('Ctrl Pts',(-2.89731811814289,6.79021941300048,11.1408393230805));
#1107=CARTESIAN_POINT('Ctrl Pts',(-11.0407279884046,14.9336292832622,11.1408393230805));
#1108=CARTESIAN_POINT('Ctrl Pts',(-2.9010527256031,6.78648480554028,10.9786722610874));
#1109=CARTESIAN_POINT('Ctrl Pts',(-11.0444625958648,14.929894675802,10.9786722610874));
#1110=CARTESIAN_POINT('Ctrl Pts',(-2.90502018944422,6.78251734169916,10.8169310412871));
#1111=CARTESIAN_POINT('Ctrl Pts',(-11.0484300597059,14.9259272119609,10.8169310412871));
#1112=CARTESIAN_POINT('Ctrl Pts',(-2.90922275802811,6.77831477311527,10.6556238011976));
#1113=CARTESIAN_POINT('Ctrl Pts',(-11.0526326282898,14.921724643377,10.6556238011976));
#1114=CARTESIAN_POINT('Ctrl Pts',(-2.91366271190993,6.77387481923344,10.4947587972269));
#1115=CARTESIAN_POINT('Ctrl Pts',(-11.0570725821716,14.9172846894951,10.4947587972269));
#1116=CARTESIAN_POINT('Ctrl Pts',(-2.9183423636159,6.76919516752748,10.3343444060776));
#1117=CARTESIAN_POINT('Ctrl Pts',(-11.0617522338776,14.9126050377892,10.3343444060776));
#1118=CARTESIAN_POINT('Ctrl Pts',(-2.92326405719147,6.7642734739519,10.1743891259067));
#1119=CARTESIAN_POINT('Ctrl Pts',(-11.0666739274532,14.9076833442136,10.1743891259067));
#1120=CARTESIAN_POINT('Ctrl Pts',(-2.92843016774104,6.75910736340233,10.0149015777783));
#1121=CARTESIAN_POINT('Ctrl Pts',(-11.0718400380027,14.902517233664,10.0149015777783));
#1122=CARTESIAN_POINT('Ctrl Pts',(-2.93384310122761,6.75369442991576,9.85589050654218));
#1123=CARTESIAN_POINT('Ctrl Pts',(-11.0772529714893,14.8971043001775,9.85589050654218));
#1124=CARTESIAN_POINT('Ctrl Pts',(-2.93950529333955,6.74803223780382,9.69736478339082));
#1125=CARTESIAN_POINT('Ctrl Pts',(-11.0829151636013,14.8914421080655,9.69736478339082));
#1126=CARTESIAN_POINT('Ctrl Pts',(-2.94541920546793,6.74211832567545,9.5393334132298));
#1127=CARTESIAN_POINT('Ctrl Pts',(-11.0888290757296,14.8855281959371,9.5393334132298));
#1128=CARTESIAN_POINT('Ctrl Pts',(-2.95158732133331,6.73595020981007,9.38180554116024));
#1129=CARTESIAN_POINT('Ctrl Pts',(-11.094997191595,14.8793600800718,9.38180554116024));
#1130=CARTESIAN_POINT('Ctrl Pts',(-2.95801214308749,6.72952538805588,9.22479045936874));
#1131=CARTESIAN_POINT('Ctrl Pts',(-11.1014220133492,14.8729352583176,9.22479045936874));
#1132=CARTESIAN_POINT('Ctrl Pts',(-2.9646961882567,6.72284134288668,9.06829761371912));
#1133=CARTESIAN_POINT('Ctrl Pts',(-11.1081060585184,14.8662512131484,9.06829761371912));
#1134=CARTESIAN_POINT('Ctrl Pts',(-2.97164198479844,6.71589554634493,8.91233661078643));
#1135=CARTESIAN_POINT('Ctrl Pts',(-11.1150518550601,14.8593054166066,8.91233661078643));
#1136=CARTESIAN_POINT('Ctrl Pts',(-2.97885207303095,6.70868545811243,8.75691722345488));
#1137=CARTESIAN_POINT('Ctrl Pts',(-11.1222619432926,14.8520953283741,8.75691722345488));
#1138=CARTESIAN_POINT('Ctrl Pts',(-2.9863290143093,6.70120851683407,8.60204939508407));
#1139=CARTESIAN_POINT('Ctrl Pts',(-11.129738884571,14.8446183870958,8.60204939508407));
#1140=CARTESIAN_POINT('Ctrl Pts',(-2.99407539785459,6.69346213328879,8.44774324414687));
#1141=CARTESIAN_POINT('Ctrl Pts',(-11.1374852681163,14.8368720035505,8.44774324414687));
#1142=CARTESIAN_POINT('Ctrl Pts',(-3.0020938483642,6.68544368277918,8.29400906849945));
#1143=CARTESIAN_POINT('Ctrl Pts',(-11.1455037186259,14.8288535530409,8.29400906849945));
#1144=CARTESIAN_POINT('Ctrl Pts',(-3.01038703322718,6.6771504979162,8.14085735022436));
#1145=CARTESIAN_POINT('Ctrl Pts',(-11.1537969034889,14.8205603681779,8.14085735022436));
#1146=CARTESIAN_POINT('Ctrl Pts',(-3.01895767007319,6.66857986107018,7.98829875914272));
#1147=CARTESIAN_POINT('Ctrl Pts',(-11.1623675403349,14.8119897313319,7.98829875914272));
#1148=CARTESIAN_POINT('Ctrl Pts',(-3.02780853244847,6.65972899869491,7.83634416716596));
#1149=CARTESIAN_POINT('Ctrl Pts',(-11.1712184027102,14.8031388689566,7.83634416716596));
#1150=CARTESIAN_POINT('Ctrl Pts',(-3.03694245503323,6.65059507611015,7.68500466441565));
#1151=CARTESIAN_POINT('Ctrl Pts',(-11.1803523252949,14.7940049463718,7.68500466441565));
#1152=CARTESIAN_POINT('Ctrl Pts',(-3.04636233932294,6.64117519182044,7.53429157496642));
#1153=CARTESIAN_POINT('Ctrl Pts',(-11.1897722095846,14.7845850620821,7.53429157496642));
#1154=CARTESIAN_POINT('Ctrl Pts',(-3.0560711584294,6.63146637271397,7.38421647221855));
#1155=CARTESIAN_POINT('Ctrl Pts',(-11.1994810286911,14.7748762429757,7.38421647221855));
#1156=CARTESIAN_POINT('Ctrl Pts',(-3.06607196390996,6.62146556723342,7.23479119571171));
#1157=CARTESIAN_POINT('Ctrl Pts',(-11.2094818341717,14.7648754374951,7.23479119571171));
#1158=CARTESIAN_POINT('Ctrl Pts',(-3.07636788638405,6.61116964475933,7.08602786318856));
#1159=CARTESIAN_POINT('Ctrl Pts',(-11.2197777566457,14.754579515021,7.08602786318856));
#1160=CARTESIAN_POINT('Ctrl Pts',(-3.08696211975087,6.6005754113925,6.93793887004388));
#1161=CARTESIAN_POINT('Ctrl Pts',(-11.2303719900126,14.7439852816542,6.93793887004388));
#1162=CARTESIAN_POINT('Ctrl Pts',(-3.09785790891456,6.58967962222882,6.79053689137654));
#1163=CARTESIAN_POINT('Ctrl Pts',(-11.2412677791763,14.7330894924905,6.79053689137654));
#1164=CARTESIAN_POINT('Ctrl Pts',(-3.1090585352769,6.57847899586648,6.64383488258339));
#1165=CARTESIAN_POINT('Ctrl Pts',(-11.2524684055386,14.7218888661282,6.64383488258339));
#1166=CARTESIAN_POINT('Ctrl Pts',(-3.12056730513502,6.56697022600835,6.49784608157553));
#1167=CARTESIAN_POINT('Ctrl Pts',(-11.2639771753967,14.7103800962701,6.49784608157553));
#1168=CARTESIAN_POINT('Ctrl Pts',(-3.13238753169691,6.55514999944647,6.35258400767436));
#1169=CARTESIAN_POINT('Ctrl Pts',(-11.2757974019586,14.6985598697082,6.35258400767436));
#1170=CARTESIAN_POINT('Ctrl Pts',(-3.14452257039336,6.54301496075001,6.20806248816117));
#1171=CARTESIAN_POINT('Ctrl Pts',(-11.2879324406551,14.6864248310117,6.20806248816117));
#1172=CARTESIAN_POINT('Ctrl Pts',(-3.15697586154805,6.53056166959533,6.06429568896548));
#1173=CARTESIAN_POINT('Ctrl Pts',(-11.3003857318097,14.673971539857,6.06429568896548));
#1174=CARTESIAN_POINT('Ctrl Pts',(-3.16975097275616,6.51778655838722,5.92129814447972));
#1175=CARTESIAN_POINT('Ctrl Pts',(-11.3131608430179,14.6611964286489,5.92129814447972));
#1176=CARTESIAN_POINT('Ctrl Pts',(-3.18285163623864,6.50468589490473,5.77908478646181));
#1177=CARTESIAN_POINT('Ctrl Pts',(-11.3262615065003,14.6480957651664,5.77908478646181));
#1178=CARTESIAN_POINT('Ctrl Pts',(-3.19628180108481,6.49125573005857,5.63767097650916));
#1179=CARTESIAN_POINT('Ctrl Pts',(-11.3396916713465,14.6346656003203,5.63767097650916));
#1180=CARTESIAN_POINT('Ctrl Pts',(-3.2100456263706,6.47749190477278,5.49707252391559));
#1181=CARTESIAN_POINT('Ctrl Pts',(-11.3534554966323,14.6209017750345,5.49707252391559));
#1182=CARTESIAN_POINT('Ctrl Pts',(-3.22414742577626,6.46339010536712,5.35730569174551));
#1183=CARTESIAN_POINT('Ctrl Pts',(-11.367557296038,14.6067999756288,5.35730569174551));
#1184=CARTESIAN_POINT('Ctrl Pts',(-3.2385916231895,6.44894590795387,5.21838720514446));
#1185=CARTESIAN_POINT('Ctrl Pts',(-11.3820014934512,14.5923557782156,5.21838720514446));
#1186=CARTESIAN_POINT('Ctrl Pts',(-3.25338270981044,6.43415482133294,5.08033426116497));
#1187=CARTESIAN_POINT('Ctrl Pts',(-11.3967925800721,14.5775646915946,5.08033426116497));
#1188=CARTESIAN_POINT('Ctrl Pts',(-3.26852518614966,6.41901234499372,4.94316453210808));
#1189=CARTESIAN_POINT('Ctrl Pts',(-11.4119350564114,14.5624222152554,4.94316453210808));
#1190=CARTESIAN_POINT('Ctrl Pts',(-3.2840235596725,6.40351397147088,4.80689619153011));
#1191=CARTESIAN_POINT('Ctrl Pts',(-11.4274334299342,14.5469238417326,4.80689619153011));
#1192=CARTESIAN_POINT('Ctrl Pts',(-3.29988244372845,6.38765508741493,4.67154798132274));
#1193=CARTESIAN_POINT('Ctrl Pts',(-11.4432923139901,14.5310649576766,4.67154798132274));
#1194=CARTESIAN_POINT('Ctrl Pts',(-3.31610663683387,6.3714308943095,4.53713927061079));
#1195=CARTESIAN_POINT('Ctrl Pts',(-11.4595165070956,14.5148407645712,4.53713927061079));
#1196=CARTESIAN_POINT('Ctrl Pts',(-3.33270120371517,6.35483632742821,4.403690115963));
#1197=CARTESIAN_POINT('Ctrl Pts',(-11.4761110739769,14.4982461976899,4.403690115963));
#1198=CARTESIAN_POINT('Ctrl Pts',(-3.34967157023449,6.33786596090888,4.27122132577451));
#1199=CARTESIAN_POINT('Ctrl Pts',(-11.4930814404962,14.4812758311706,4.27122132577451));
#1200=CARTESIAN_POINT('Ctrl Pts',(-3.36702356425228,6.3205139668911,4.13975450743551));
#1201=CARTESIAN_POINT('Ctrl Pts',(-11.510433434514,14.4639238371528,4.13975450743551));
#1202=CARTESIAN_POINT('Ctrl Pts',(-3.38476333907819,6.30277419206519,4.00931207797765));
#1203=CARTESIAN_POINT('Ctrl Pts',(-11.5281732093399,14.4461840623269,4.00931207797765));
#1204=CARTESIAN_POINT('Ctrl Pts',(-3.40289731691047,6.28464021423291,3.87991727956693));
#1205=CARTESIAN_POINT('Ctrl Pts',(-11.5463071871722,14.4280500844946,3.87991727956693));
#1206=CARTESIAN_POINT('Ctrl Pts',(-3.4214321334886,6.26610539765477,3.75159419889128));
#1207=CARTESIAN_POINT('Ctrl Pts',(-11.5648420037503,14.4095152679165,3.75159419889128));
#1208=CARTESIAN_POINT('Ctrl Pts',(-3.44037456003538,6.247162971108,3.62436777083742));
#1209=CARTESIAN_POINT('Ctrl Pts',(-11.5837844302971,14.3905728413697,3.62436777083742));
#1210=CARTESIAN_POINT('Ctrl Pts',(-3.45973151606961,6.22780601507376,3.49826384047491));
#1211=CARTESIAN_POINT('Ctrl Pts',(-11.6031413863313,14.3712158853355,3.49826384047491));
#1212=CARTESIAN_POINT('Ctrl Pts',(-3.47951020125547,6.20802732988791,3.37330930167232));
#1213=CARTESIAN_POINT('Ctrl Pts',(-11.6229200715172,14.3514372001496,3.37330930167232));
#1214=CARTESIAN_POINT('Ctrl Pts',(-3.4997182009903,6.18781933015307,3.24953221716198));
#1215=CARTESIAN_POINT('Ctrl Pts',(-11.643128071252,14.3312292004148,3.24953221716198));
#1216=CARTESIAN_POINT('Ctrl Pts',(-3.5203635947318,6.16717393641158,3.12696194474234));
#1217=CARTESIAN_POINT('Ctrl Pts',(-11.6637734649935,14.3105838066733,3.12696194474234));
#1218=CARTESIAN_POINT('Ctrl Pts',(-3.54145508323911,6.14608244790426,3.00562926444639));
#1219=CARTESIAN_POINT('Ctrl Pts',(-11.6848649535008,14.289492318166,3.00562926444639));
#1220=CARTESIAN_POINT('Ctrl Pts',(-3.56300199042589,6.12453554071748,2.8855664839789));
#1221=CARTESIAN_POINT('Ctrl Pts',(-11.7064118606876,14.2679454109792,2.8855664839789));
#1222=CARTESIAN_POINT('Ctrl Pts',(-3.58501421194328,6.1025233192001,2.76680753300486));
#1223=CARTESIAN_POINT('Ctrl Pts',(-11.728424082205,14.2459331894618,2.76680753300486));
#1224=CARTESIAN_POINT('Ctrl Pts',(-3.60750218469593,6.08003534644745,2.64938806357983));
#1225=CARTESIAN_POINT('Ctrl Pts',(-11.7509120549576,14.2234452167091,2.64938806357983));
#1226=CARTESIAN_POINT('Ctrl Pts',(-3.6304768395848,6.05706069155857,2.53334554248892));
#1227=CARTESIAN_POINT('Ctrl Pts',(-11.7738867098465,14.2004705618203,2.53334554248892));
#1228=CARTESIAN_POINT('Ctrl Pts',(-3.6539495850568,6.03358794608658,2.41871936358532));
#1229=CARTESIAN_POINT('Ctrl Pts',(-11.7973594553185,14.1769978163483,2.41871936358532));
#1230=CARTESIAN_POINT('Ctrl Pts',(-3.67793245685082,6.00960507429256,2.3055510849642));
#1231=CARTESIAN_POINT('Ctrl Pts',(-11.8213423271125,14.1530149445543,2.3055510849642));
#1232=CARTESIAN_POINT('Ctrl Pts',(-3.70243825112715,5.98509928001623,2.19388464836033));
#1233=CARTESIAN_POINT('Ctrl Pts',(-11.8458481213888,14.1285091502779,2.19388464836033));
#1234=CARTESIAN_POINT('Ctrl Pts',(-3.72748066034808,5.96005687079529,2.08376661316989));
#1235=CARTESIAN_POINT('Ctrl Pts',(-11.8708905306098,14.103466741057,2.08376661316989));
#1236=CARTESIAN_POINT('Ctrl Pts',(-3.75307441728562,5.93446311385775,1.97524636478146));
#1237=CARTESIAN_POINT('Ctrl Pts',(-11.8964842875473,14.0778729841194,1.97524636478146));
#1238=CARTESIAN_POINT('Ctrl Pts',(-3.77923537046608,5.9083021606773,1.86837646310307));
#1239=CARTESIAN_POINT('Ctrl Pts',(-11.9226452407278,14.051712030939,1.86837646310307));
#1240=CARTESIAN_POINT('Ctrl Pts',(-3.80598053709761,5.88155699404576,1.76321302221589));
#1241=CARTESIAN_POINT('Ctrl Pts',(-11.9493904073593,14.0249668643075,1.76321302221589));
#1242=CARTESIAN_POINT('Ctrl Pts',(-3.83332816686243,5.85420936428095,1.65981609502677));
#1243=CARTESIAN_POINT('Ctrl Pts',(-11.9767380371241,13.9976192345426,1.65981609502677));
#1244=CARTESIAN_POINT('Ctrl Pts',(-3.86129779349134,5.82623973765204,1.55825001931695));
#1245=CARTESIAN_POINT('Ctrl Pts',(-12.004707663753,13.9696496079137,1.55825001931695));
#1246=CARTESIAN_POINT('Ctrl Pts',(-3.88991032363874,5.79762720750464,1.45858393396364));
#1247=CARTESIAN_POINT('Ctrl Pts',(-12.0333201939004,13.9410370777663,1.45858393396364));
#1248=CARTESIAN_POINT('Ctrl Pts',(-3.91918814607564,5.76834938506773,1.36089240102467));
#1249=CARTESIAN_POINT('Ctrl Pts',(-12.0625980163373,13.9117592553294,1.36089240102467));
#1250=CARTESIAN_POINT('Ctrl Pts',(-3.94915524420233,5.73838228694104,1.2652560329469));
#1251=CARTESIAN_POINT('Ctrl Pts',(-12.092565114464,13.8817921572027,1.2652560329469));
#1252=CARTESIAN_POINT('Ctrl Pts',(-3.97983728547752,5.70770024566586,1.17176203326303));
#1253=CARTESIAN_POINT('Ctrl Pts',(-12.1232471557392,13.8511101159276,1.17176203326303));
#1254=CARTESIAN_POINT('Ctrl Pts',(-4.01126182171914,5.67627570942424,1.08050513587369));
#1255=CARTESIAN_POINT('Ctrl Pts',(-12.1546716919808,13.8196855796859,1.08050513587369));
#1256=CARTESIAN_POINT('Ctrl Pts',(-4.04345860301924,5.64407892812413,0.991588830671383));
#1257=CARTESIAN_POINT('Ctrl Pts',(-12.1868684732809,13.7874887983858,0.991588830671383));
#1258=CARTESIAN_POINT('Ctrl Pts',(-4.07645981270605,5.61107771843733,0.905126534088179));
#1259=CARTESIAN_POINT('Ctrl Pts',(-12.2198696829677,13.754487588699,0.905126534088179));
#1260=CARTESIAN_POINT('Ctrl Pts',(-4.11030044647925,5.57723708466413,0.821242712255306));
#1261=CARTESIAN_POINT('Ctrl Pts',(-12.2537103167409,13.7206469549258,0.821242712255306));
#1262=CARTESIAN_POINT('Ctrl Pts',(-4.14501786109346,5.54251967004992,0.740074536084821));
#1263=CARTESIAN_POINT('Ctrl Pts',(-12.2884277313552,13.6859295403116,0.740074536084821));
#1264=CARTESIAN_POINT('Ctrl Pts',(-4.18065110892622,5.50688642221716,0.661773730712139));
#1265=CARTESIAN_POINT('Ctrl Pts',(-12.3240609791879,13.6502962924789,0.661773730712139));
#1266=CARTESIAN_POINT('Ctrl Pts',(-4.21724031603587,5.4702972151075,0.586508296171905));
#1267=CARTESIAN_POINT('Ctrl Pts',(-12.3606501862976,13.6137070853692,0.586508296171905));
#1268=CARTESIAN_POINT('Ctrl Pts',(-4.25482614749551,5.43271138364786,0.514464469611206));
#1269=CARTESIAN_POINT('Ctrl Pts',(-12.3982360177572,13.5761212539096,0.514464469611206));
#1270=CARTESIAN_POINT('Ctrl Pts',(-4.2934505295772,5.39408700156617,0.44584987853401));
#1271=CARTESIAN_POINT('Ctrl Pts',(-12.4368603998389,13.5374968718279,0.44584987853401));
#1272=CARTESIAN_POINT('Ctrl Pts',(-4.33315671140344,5.35438081973994,0.380896420648848));
#1273=CARTESIAN_POINT('Ctrl Pts',(-12.4765665816651,13.4977906900016,0.380896420648848));
#1274=CARTESIAN_POINT('Ctrl Pts',(-4.37399069267401,5.31354683846937,0.319863527436053));
#1275=CARTESIAN_POINT('Ctrl Pts',(-12.5174005629357,13.4569567087311,0.319863527436053));
#1276=CARTESIAN_POINT('Ctrl Pts',(-4.41599419003299,5.27154334111038,0.263038802757275));
#1277=CARTESIAN_POINT('Ctrl Pts',(-12.5594040602947,13.4149532113721,0.263038802757275));
#1278=CARTESIAN_POINT('Ctrl Pts',(-4.45919675319602,5.22834077794736,0.210737711111457));
#1279=CARTESIAN_POINT('Ctrl Pts',(-12.6026066234577,13.3717506482091,0.210737711111457));
#1280=CARTESIAN_POINT('Ctrl Pts',(-4.50360612335987,5.18393140778351,0.163304345010497));
#1281=CARTESIAN_POINT('Ctrl Pts',(-12.6470159936216,13.3273412780452,0.163304345010497));
#1282=CARTESIAN_POINT('Ctrl Pts',(-4.54920794238886,5.13832958875452,0.12110724336375));
#1283=CARTESIAN_POINT('Ctrl Pts',(-12.6926178126506,13.2817394590162,0.12110724336375));
#1284=CARTESIAN_POINT('Ctrl Pts',(-4.59596794804222,5.09156958310115,0.0845293088956916));
#1285=CARTESIAN_POINT('Ctrl Pts',(-12.7393778183039,13.2349794533629,0.0845293088956916));
#1286=CARTESIAN_POINT('Ctrl Pts',(-4.64383880546007,5.04369872568331,0.0539650555054084));
#1287=CARTESIAN_POINT('Ctrl Pts',(-12.7872486757218,13.187108595945,0.0539650555054084));
#1288=CARTESIAN_POINT('Ctrl Pts',(-4.69274104410695,4.99479648703642,0.0297901603544322));
#1289=CARTESIAN_POINT('Ctrl Pts',(-12.8361509143687,13.1382063572981,0.0297901603544322));
#1290=CARTESIAN_POINT('Ctrl Pts',(-4.74253352723029,4.94500400391308,0.0123200749909857));
#1291=CARTESIAN_POINT('Ctrl Pts',(-12.885943397492,13.0884138741748,0.0123200749909857));
#1292=CARTESIAN_POINT('Ctrl Pts',(-4.79297930043089,4.89455823071248,0.00176505162565037));
#1293=CARTESIAN_POINT('Ctrl Pts',(-12.9363891706926,13.0379681009742,0.00176505162565037));
#1294=CARTESIAN_POINT('Ctrl Pts',(-4.84376876557175,4.84376876557163,-0.00176398234111097));
#1295=CARTESIAN_POINT('Ctrl Pts',(-12.9871786358334,12.9871786358333,-0.00176398234111097));
#1296=CARTESIAN_POINT('Ctrl Pts',(-4.8945582307126,4.79297930043078,0.0017650516255571));
#1297=CARTESIAN_POINT('Ctrl Pts',(-13.0379681009743,12.9363891706925,0.0017650516255571));
#1298=CARTESIAN_POINT('Ctrl Pts',(-4.9450040039132,4.74253352723018,0.012320074990944));
#1299=CARTESIAN_POINT('Ctrl Pts',(-13.0884138741749,12.8859433974919,0.012320074990944));
#1300=CARTESIAN_POINT('Ctrl Pts',(-4.99479648703653,4.69274104410684,0.0297901603545047));
#1301=CARTESIAN_POINT('Ctrl Pts',(-13.1382063572982,12.8361509143685,0.0297901603545047));
#1302=CARTESIAN_POINT('Ctrl Pts',(-5.04369872568342,4.64383880545996,0.0539650555055382));
#1303=CARTESIAN_POINT('Ctrl Pts',(-13.1871085959451,12.7872486757217,0.0539650555055382));
#1304=CARTESIAN_POINT('Ctrl Pts',(-5.09156958310126,4.59596794804212,0.0845293088957963));
#1305=CARTESIAN_POINT('Ctrl Pts',(-13.234979453363,12.7393778183038,0.0845293088957963));
#1306=CARTESIAN_POINT('Ctrl Pts',(-5.13832958875462,4.54920794238876,0.121107243363807));
#1307=CARTESIAN_POINT('Ctrl Pts',(-13.2817394590163,12.6926178126505,0.121107243363807));
#1308=CARTESIAN_POINT('Ctrl Pts',(-5.18393140778361,4.50360612335976,0.163304345010547));
#1309=CARTESIAN_POINT('Ctrl Pts',(-13.3273412780453,12.6470159936215,0.163304345010547));
#1310=CARTESIAN_POINT('Ctrl Pts',(-5.22834077794746,4.45919675319592,0.210737711111538));
#1311=CARTESIAN_POINT('Ctrl Pts',(-13.3717506482092,12.6026066234576,0.210737711111538));
#1312=CARTESIAN_POINT('Ctrl Pts',(-5.27154334111047,4.41599419003291,0.263038802757391));
#1313=CARTESIAN_POINT('Ctrl Pts',(-13.4149532113722,12.5594040602946,0.263038802757391));
#1314=CARTESIAN_POINT('Ctrl Pts',(-5.31354683846943,4.37399069267394,0.31986352743619));
#1315=CARTESIAN_POINT('Ctrl Pts',(-13.4569567087311,12.5174005629356,0.31986352743619));
#1316=CARTESIAN_POINT('Ctrl Pts',(-5.35438081974001,4.33315671140337,0.380896420648982));
#1317=CARTESIAN_POINT('Ctrl Pts',(-13.4977906900017,12.4765665816651,0.380896420648982));
#1318=CARTESIAN_POINT('Ctrl Pts',(-5.39408700156625,4.29345052957712,0.445849878534119));
#1319=CARTESIAN_POINT('Ctrl Pts',(-13.5374968718279,12.4368603998388,0.445849878534119));
#1320=CARTESIAN_POINT('Ctrl Pts',(-5.43271138364795,4.25482614749543,0.51446446961133));
#1321=CARTESIAN_POINT('Ctrl Pts',(-13.5761212539096,12.3982360177571,0.51446446961133));
#1322=CARTESIAN_POINT('Ctrl Pts',(-5.47029721510759,4.21724031603579,0.586508296172034));
#1323=CARTESIAN_POINT('Ctrl Pts',(-13.6137070853693,12.3606501862975,0.586508296172034));
#1324=CARTESIAN_POINT('Ctrl Pts',(-5.50688642221723,4.18065110892615,0.661773730712287));
#1325=CARTESIAN_POINT('Ctrl Pts',(-13.6502962924789,12.3240609791878,0.661773730712287));
#1326=CARTESIAN_POINT('Ctrl Pts',(-5.54251967004997,4.1450178610934,0.740074536084932));
#1327=CARTESIAN_POINT('Ctrl Pts',(-13.6859295403117,12.2884277313551,0.740074536084932));
#1328=CARTESIAN_POINT('Ctrl Pts',(-5.57723708466418,4.1103004464792,0.821242712255396));
#1329=CARTESIAN_POINT('Ctrl Pts',(-13.7206469549259,12.2537103167409,0.821242712255396));
#1330=CARTESIAN_POINT('Ctrl Pts',(-5.61107771843738,4.07645981270599,0.905126534088282));
#1331=CARTESIAN_POINT('Ctrl Pts',(-13.7544875886991,12.2198696829677,0.905126534088282));
#1332=CARTESIAN_POINT('Ctrl Pts',(-5.64407892812419,4.04345860301918,0.991588830671519));
#1333=CARTESIAN_POINT('Ctrl Pts',(-13.7874887983859,12.1868684732809,0.991588830671519));
#1334=CARTESIAN_POINT('Ctrl Pts',(-5.6762757094243,4.01126182171908,1.08050513587393));
#1335=CARTESIAN_POINT('Ctrl Pts',(-13.819685579686,12.1546716919808,1.08050513587393));
#1336=CARTESIAN_POINT('Ctrl Pts',(-5.70770024566591,3.97983728547746,1.17176203326331));
#1337=CARTESIAN_POINT('Ctrl Pts',(-13.8511101159276,12.1232471557392,1.17176203326331));
#1338=CARTESIAN_POINT('Ctrl Pts',(-5.73838228694109,3.94915524420228,1.26525603294709));
#1339=CARTESIAN_POINT('Ctrl Pts',(-13.8817921572028,12.092565114464,1.26525603294709));
#1340=CARTESIAN_POINT('Ctrl Pts',(-5.76834938506778,3.9191881460756,1.36089240102476));
#1341=CARTESIAN_POINT('Ctrl Pts',(-13.9117592553295,12.0625980163373,1.36089240102476));
#1342=CARTESIAN_POINT('Ctrl Pts',(-5.79762720750468,3.88991032363869,1.45858393396371));
#1343=CARTESIAN_POINT('Ctrl Pts',(-13.9410370777664,12.0333201939004,1.45858393396371));
#1344=CARTESIAN_POINT('Ctrl Pts',(-5.82623973765209,3.86129779349129,1.5582500193171));
#1345=CARTESIAN_POINT('Ctrl Pts',(-13.9696496079138,12.004707663753,1.5582500193171));
#1346=CARTESIAN_POINT('Ctrl Pts',(-5.85420936428099,3.83332816686238,1.65981609502694));
#1347=CARTESIAN_POINT('Ctrl Pts',(-13.9976192345427,11.9767380371241,1.65981609502694));
#1348=CARTESIAN_POINT('Ctrl Pts',(-5.8815569940458,3.80598053709757,1.76321302221601));
#1349=CARTESIAN_POINT('Ctrl Pts',(-14.0249668643075,11.9493904073593,1.76321302221601));
#1350=CARTESIAN_POINT('Ctrl Pts',(-5.90830216067733,3.77923537046604,1.86837646310308));
#1351=CARTESIAN_POINT('Ctrl Pts',(-14.051712030939,11.9226452407277,1.86837646310308));
#1352=CARTESIAN_POINT('Ctrl Pts',(-5.93446311385778,3.7530744172856,1.97524636478143));
#1353=CARTESIAN_POINT('Ctrl Pts',(-14.0778729841195,11.8964842875473,1.97524636478143));
#1354=CARTESIAN_POINT('Ctrl Pts',(-5.96005687079532,3.72748066034805,2.08376661316993));
#1355=CARTESIAN_POINT('Ctrl Pts',(-14.103466741057,11.8708905306097,2.08376661316993));
#1356=CARTESIAN_POINT('Ctrl Pts',(-5.98509928001627,3.70243825112711,2.1938846483605));
#1357=CARTESIAN_POINT('Ctrl Pts',(-14.128509150278,11.8458481213888,2.1938846483605));
#1358=CARTESIAN_POINT('Ctrl Pts',(-6.00960507429261,3.67793245685077,2.30555108496445));
#1359=CARTESIAN_POINT('Ctrl Pts',(-14.1530149445543,11.8213423271125,2.30555108496445));
#1360=CARTESIAN_POINT('Ctrl Pts',(-6.03358794608662,3.65394958505675,2.4187193635856));
#1361=CARTESIAN_POINT('Ctrl Pts',(-14.1769978163483,11.7973594553184,2.4187193635856));
#1362=CARTESIAN_POINT('Ctrl Pts',(-6.05706069155862,3.63047683958476,2.53334554248914));
#1363=CARTESIAN_POINT('Ctrl Pts',(-14.2004705618203,11.7738867098465,2.53334554248914));
#1364=CARTESIAN_POINT('Ctrl Pts',(-6.08003534644748,3.60750218469589,2.64938806357995));
#1365=CARTESIAN_POINT('Ctrl Pts',(-14.2234452167092,11.7509120549576,2.64938806357995));
#1366=CARTESIAN_POINT('Ctrl Pts',(-6.10252331920011,3.58501421194326,2.76680753300494));
#1367=CARTESIAN_POINT('Ctrl Pts',(-14.2459331894618,11.728424082205,2.76680753300494));
#1368=CARTESIAN_POINT('Ctrl Pts',(-6.12453554071749,3.56300199042588,2.88556648397899));
#1369=CARTESIAN_POINT('Ctrl Pts',(-14.2679454109792,11.7064118606876,2.88556648397899));
#1370=CARTESIAN_POINT('Ctrl Pts',(-6.14608244790427,3.54145508323911,3.00562926444654));
#1371=CARTESIAN_POINT('Ctrl Pts',(-14.289492318166,11.6848649535008,3.00562926444654));
#1372=CARTESIAN_POINT('Ctrl Pts',(-6.16717393641159,3.52036359473179,3.12696194474252));
#1373=CARTESIAN_POINT('Ctrl Pts',(-14.3105838066733,11.6637734649935,3.12696194474252));
#1374=CARTESIAN_POINT('Ctrl Pts',(-6.1878193301531,3.49971820099027,3.24953221716206));
#1375=CARTESIAN_POINT('Ctrl Pts',(-14.3312292004148,11.643128071252,3.24953221716206));
#1376=CARTESIAN_POINT('Ctrl Pts',(-6.20802732988797,3.47951020125541,3.37330930167229));
#1377=CARTESIAN_POINT('Ctrl Pts',(-14.3514372001497,11.6229200715171,3.37330930167229));
#1378=CARTESIAN_POINT('Ctrl Pts',(-6.22780601507383,3.45973151606954,3.49826384047486));
#1379=CARTESIAN_POINT('Ctrl Pts',(-14.3712158853355,11.6031413863312,3.49826384047486));
#1380=CARTESIAN_POINT('Ctrl Pts',(-6.24716297110806,3.44037456003532,3.62436777083752));
#1381=CARTESIAN_POINT('Ctrl Pts',(-14.3905728413698,11.583784430297,3.62436777083752));
#1382=CARTESIAN_POINT('Ctrl Pts',(-6.26610539765481,3.42143213348857,3.75159419889147));
#1383=CARTESIAN_POINT('Ctrl Pts',(-14.4095152679165,11.5648420037503,3.75159419889147));
#1384=CARTESIAN_POINT('Ctrl Pts',(-6.28464021423291,3.40289731691047,3.87991727956696));
#1385=CARTESIAN_POINT('Ctrl Pts',(-14.4280500844946,11.5463071871722,3.87991727956696));
#1386=CARTESIAN_POINT('Ctrl Pts',(-6.30277419206515,3.38476333907823,4.00931207797729));
#1387=CARTESIAN_POINT('Ctrl Pts',(-14.4461840623268,11.5281732093399,4.00931207797729));
#1388=CARTESIAN_POINT('Ctrl Pts',(-6.32051396689105,3.36702356425233,4.13975450743479));
#1389=CARTESIAN_POINT('Ctrl Pts',(-14.4639238371527,11.510433434514,4.13975450743479));
#1390=CARTESIAN_POINT('Ctrl Pts',(-6.33786596090885,3.34967157023453,4.2712213257738));
#1391=CARTESIAN_POINT('Ctrl Pts',(-14.4812758311705,11.4930814404962,4.2712213257738));
#1392=CARTESIAN_POINT('Ctrl Pts',(-6.35483632742821,3.33270120371516,4.40369011596281));
#1393=CARTESIAN_POINT('Ctrl Pts',(-14.4982461976899,11.4761110739769,4.40369011596281));
#1394=CARTESIAN_POINT('Ctrl Pts',(-6.37143089430954,3.31610663683384,4.53713927061134));
#1395=CARTESIAN_POINT('Ctrl Pts',(-14.5148407645712,11.4595165070955,4.53713927061134));
#1396=CARTESIAN_POINT('Ctrl Pts',(-6.38765508741496,3.29988244372841,4.67154798132381));
#1397=CARTESIAN_POINT('Ctrl Pts',(-14.5310649576767,11.4432923139901,4.67154798132381));
#1398=CARTESIAN_POINT('Ctrl Pts',(-6.4035139714709,3.28402355967248,4.8068961915314));
#1399=CARTESIAN_POINT('Ctrl Pts',(-14.5469238417326,11.4274334299342,4.8068961915314));
#1400=CARTESIAN_POINT('Ctrl Pts',(-6.41901234499372,3.26852518614966,4.94316453210909));
#1401=CARTESIAN_POINT('Ctrl Pts',(-14.5624222152554,11.4119350564114,4.94316453210909));
#1402=CARTESIAN_POINT('Ctrl Pts',(-6.43415482133294,3.25338270981043,5.08033426116532));
#1403=CARTESIAN_POINT('Ctrl Pts',(-14.5775646915946,11.3967925800721,5.08033426116532));
#1404=CARTESIAN_POINT('Ctrl Pts',(-6.4489459079539,3.23859162318948,5.21838720514401));
#1405=CARTESIAN_POINT('Ctrl Pts',(-14.5923557782156,11.3820014934512,5.21838720514401));
#1406=CARTESIAN_POINT('Ctrl Pts',(-6.46339010536718,3.2241474257762,5.3573056917445));
#1407=CARTESIAN_POINT('Ctrl Pts',(-14.6067999756289,11.3675572960379,5.3573056917445));
#1408=CARTESIAN_POINT('Ctrl Pts',(-6.47749190477285,3.21004562637053,5.49707252391444));
#1409=CARTESIAN_POINT('Ctrl Pts',(-14.6209017750345,11.3534554966322,5.49707252391444));
#1410=CARTESIAN_POINT('Ctrl Pts',(-6.49125573005862,3.19628180108476,5.63767097650828));
#1411=CARTESIAN_POINT('Ctrl Pts',(-14.6346656003203,11.3396916713465,5.63767097650828));
#1412=CARTESIAN_POINT('Ctrl Pts',(-6.50468589490474,3.18285163623863,5.77908478646148));
#1413=CARTESIAN_POINT('Ctrl Pts',(-14.6480957651664,11.3262615065003,5.77908478646148));
#1414=CARTESIAN_POINT('Ctrl Pts',(-6.51778655838722,3.16975097275616,5.92129814448006));
#1415=CARTESIAN_POINT('Ctrl Pts',(-14.6611964286489,11.3131608430179,5.92129814448006));
#1416=CARTESIAN_POINT('Ctrl Pts',(-6.53056166959535,3.15697586154803,6.06429568896638));
#1417=CARTESIAN_POINT('Ctrl Pts',(-14.673971539857,11.3003857318097,6.06429568896638));
#1418=CARTESIAN_POINT('Ctrl Pts',(-6.54301496075006,3.14452257039331,6.20806248816221));
#1419=CARTESIAN_POINT('Ctrl Pts',(-14.6864248310118,11.287932440655,6.20806248816221));
#1420=CARTESIAN_POINT('Ctrl Pts',(-6.55514999944653,3.13238753169684,6.35258400767519));
#1421=CARTESIAN_POINT('Ctrl Pts',(-14.6985598697082,11.2757974019585,6.35258400767519));
#1422=CARTESIAN_POINT('Ctrl Pts',(-6.5669702260084,3.12056730513498,6.49784608157593));
#1423=CARTESIAN_POINT('Ctrl Pts',(-14.7103800962701,11.2639771753967,6.49784608157593));
#1424=CARTESIAN_POINT('Ctrl Pts',(-6.57847899586648,3.10905853527689,6.64383488258331));
#1425=CARTESIAN_POINT('Ctrl Pts',(-14.7218888661282,11.2524684055386,6.64383488258331));
#1426=CARTESIAN_POINT('Ctrl Pts',(-6.58967962222877,3.0978579089146,6.79053689137598));
#1427=CARTESIAN_POINT('Ctrl Pts',(-14.7330894924905,11.2412677791763,6.79053689137598));
#1428=CARTESIAN_POINT('Ctrl Pts',(-6.60057541139243,3.08696211975095,6.93793887004305));
#1429=CARTESIAN_POINT('Ctrl Pts',(-14.7439852816541,11.2303719900126,6.93793887004305));
#1430=CARTESIAN_POINT('Ctrl Pts',(-6.61116964475926,3.07636788638412,7.0860278631877));
#1431=CARTESIAN_POINT('Ctrl Pts',(-14.754579515021,11.2197777566458,7.0860278631877));
#1432=CARTESIAN_POINT('Ctrl Pts',(-6.62146556723338,3.06607196391,7.23479119571102));
#1433=CARTESIAN_POINT('Ctrl Pts',(-14.7648754374951,11.2094818341717,7.23479119571102));
#1434=CARTESIAN_POINT('Ctrl Pts',(-6.63146637271397,3.0560711584294,7.38421647221831));
#1435=CARTESIAN_POINT('Ctrl Pts',(-14.7748762429757,11.1994810286911,7.38421647221831));
#1436=CARTESIAN_POINT('Ctrl Pts',(-6.64117519182046,3.04636233932291,7.53429157496683));
#1437=CARTESIAN_POINT('Ctrl Pts',(-14.7845850620822,11.1897722095846,7.53429157496683));
#1438=CARTESIAN_POINT('Ctrl Pts',(-6.65059507611018,3.03694245503319,7.68500466441662));
#1439=CARTESIAN_POINT('Ctrl Pts',(-14.7940049463719,11.1803523252949,7.68500466441662));
#1440=CARTESIAN_POINT('Ctrl Pts',(-6.65972899869494,3.02780853244844,7.8363441671672));
#1441=CARTESIAN_POINT('Ctrl Pts',(-14.8031388689566,11.1712184027101,7.8363441671672));
#1442=CARTESIAN_POINT('Ctrl Pts',(-6.6685798610702,3.01895767007317,7.98829875914383));
#1443=CARTESIAN_POINT('Ctrl Pts',(-14.8119897313319,11.1623675403349,7.98829875914383));
#1444=CARTESIAN_POINT('Ctrl Pts',(-6.67715049791621,3.01038703322717,8.14085735022498));
#1445=CARTESIAN_POINT('Ctrl Pts',(-14.8205603681779,11.1537969034889,8.14085735022498));
#1446=CARTESIAN_POINT('Ctrl Pts',(-6.68544368277919,3.00209384836419,8.29400906849928));
#1447=CARTESIAN_POINT('Ctrl Pts',(-14.8288535530409,11.1455037186259,8.29400906849928));
#1448=CARTESIAN_POINT('Ctrl Pts',(-6.69346213328876,2.99407539785461,8.44774324414582));
#1449=CARTESIAN_POINT('Ctrl Pts',(-14.8368720035505,11.1374852681163,8.44774324414582));
#1450=CARTESIAN_POINT('Ctrl Pts',(-6.701208516834,2.98632901430937,8.60204939508224));
#1451=CARTESIAN_POINT('Ctrl Pts',(-14.8446183870957,11.1297388845711,8.60204939508224));
#1452=CARTESIAN_POINT('Ctrl Pts',(-6.70868545811233,2.97885207303105,8.75691722345272));
#1453=CARTESIAN_POINT('Ctrl Pts',(-14.852095328374,11.1222619432927,8.75691722345272));
#1454=CARTESIAN_POINT('Ctrl Pts',(-6.71589554634484,2.97164198479853,8.91233661078466));
#1455=CARTESIAN_POINT('Ctrl Pts',(-14.8593054166065,11.1150518550602,8.91233661078466));
#1456=CARTESIAN_POINT('Ctrl Pts',(-6.72284134288664,2.96469618825673,9.06829761371836));
#1457=CARTESIAN_POINT('Ctrl Pts',(-14.8662512131483,11.1081060585184,9.06829761371836));
#1458=CARTESIAN_POINT('Ctrl Pts',(-6.72952538805592,2.95801214308745,9.22479045936928));
#1459=CARTESIAN_POINT('Ctrl Pts',(-14.8729352583176,11.1014220133491,9.22479045936928));
#1460=CARTESIAN_POINT('Ctrl Pts',(-6.73595020981017,2.9515873213332,9.38180554116188));
#1461=CARTESIAN_POINT('Ctrl Pts',(-14.8793600800719,11.0949971915949,9.38180554116188));
#1462=CARTESIAN_POINT('Ctrl Pts',(-6.74211832567557,2.94541920546781,9.53933341323187));
#1463=CARTESIAN_POINT('Ctrl Pts',(-14.8855281959373,11.0888290757295,9.53933341323187));
#1464=CARTESIAN_POINT('Ctrl Pts',(-6.74803223780392,2.93950529333945,9.69736478339276));
#1465=CARTESIAN_POINT('Ctrl Pts',(-14.8914421080656,11.0829151636011,9.69736478339276));
#1466=CARTESIAN_POINT('Ctrl Pts',(-6.75369442991582,2.93384310122756,9.85589050654345));
#1467=CARTESIAN_POINT('Ctrl Pts',(-14.8971043001775,11.0772529714893,9.85589050654345));
#1468=CARTESIAN_POINT('Ctrl Pts',(-6.75910736340234,2.92843016774103,10.0149015777786));
#1469=CARTESIAN_POINT('Ctrl Pts',(-14.902517233664,11.0718400380027,10.0149015777786));
#1470=CARTESIAN_POINT('Ctrl Pts',(-6.76427347395188,2.92326405719149,10.1743891259056));
#1471=CARTESIAN_POINT('Ctrl Pts',(-14.9076833442136,11.0666739274532,10.1743891259056));
#1472=CARTESIAN_POINT('Ctrl Pts',(-6.76919516752746,2.91834236361591,10.3343444060754));
#1473=CARTESIAN_POINT('Ctrl Pts',(-14.9126050377892,11.0617522338776,10.3343444060754));
#1474=CARTESIAN_POINT('Ctrl Pts',(-6.77387481923344,2.91366271190993,10.4947587972241));
#1475=CARTESIAN_POINT('Ctrl Pts',(-14.9172846894951,11.0570725821716,10.4947587972241));
#1476=CARTESIAN_POINT('Ctrl Pts',(-6.77831477311528,2.9092227580281,10.6556238011949));
#1477=CARTESIAN_POINT('Ctrl Pts',(-14.921724643377,11.0526326282898,10.6556238011949));
#1478=CARTESIAN_POINT('Ctrl Pts',(-6.78251734169917,2.9050201894442,10.8169310412852));
#1479=CARTESIAN_POINT('Ctrl Pts',(-14.9259272119609,11.0484300597059,10.8169310412852));
#1480=CARTESIAN_POINT('Ctrl Pts',(-6.78648480554028,2.90105272560309,10.978672261087));
#1481=CARTESIAN_POINT('Ctrl Pts',(-14.929894675802,11.0444625958648,10.978672261087));
#1482=CARTESIAN_POINT('Ctrl Pts',(-6.79021941300048,2.89731811814289,11.1408393230819));
#1483=CARTESIAN_POINT('Ctrl Pts',(-14.9336292832622,11.0407279884046,11.1408393230819));
#1484=CARTESIAN_POINT('Ctrl Pts',(-6.79372337930453,2.89381415183884,11.3034242076666));
#1485=CARTESIAN_POINT('Ctrl Pts',(-14.9371332495662,11.0372240221005,11.3034242076666));
#1486=CARTESIAN_POINT('Ctrl Pts',(-6.79699889332244,2.89053863782093,11.4664190081486));
#1487=CARTESIAN_POINT('Ctrl Pts',(-14.9404087635841,11.0339485080826,11.4664190081486));
#1488=CARTESIAN_POINT('Ctrl Pts',(-6.80004812539915,2.88748940574423,11.6298159252162));
#1489=CARTESIAN_POINT('Ctrl Pts',(-14.9434579956608,11.0308992760059,11.6298159252162));
#1490=CARTESIAN_POINT('Ctrl Pts',(-6.80287323476142,2.88466429638195,11.7936072616092));
#1491=CARTESIAN_POINT('Ctrl Pts',(-14.9462831050231,11.0280741666437,11.7936072616092));
#1492=CARTESIAN_POINT('Ctrl Pts',(-6.80547637721842,2.88206115392496,11.9577854166754));
#1493=CARTESIAN_POINT('Ctrl Pts',(-14.9488862474801,11.0254710241867,11.9577854166754));
#1494=CARTESIAN_POINT('Ctrl Pts',(-6.8078597124646,2.87967781867878,12.1223428810508));
#1495=CARTESIAN_POINT('Ctrl Pts',(-14.9512695827263,11.0230876889405,12.1223428810508));
#1496=CARTESIAN_POINT('Ctrl Pts',(-6.81002541229074,2.87751211885264,12.2872722310882));
#1497=CARTESIAN_POINT('Ctrl Pts',(-14.9534352825524,11.0209219891143,12.2872722310882));
#1498=CARTESIAN_POINT('Ctrl Pts',(-6.81197565287861,2.87556187826477,12.4525661275936));
#1499=CARTESIAN_POINT('Ctrl Pts',(-14.9553855231403,11.0189717485265,12.4525661275936));
#1500=CARTESIAN_POINT('Ctrl Pts',(-6.81371260602487,2.87382492511851,12.6182173148505));
#1501=CARTESIAN_POINT('Ctrl Pts',(-14.9571224762866,11.0172347953802,12.6182173148505));
#1502=CARTESIAN_POINT('Ctrl Pts',(-6.81523843081772,2.87229910032565,12.784218619525));
#1503=CARTESIAN_POINT('Ctrl Pts',(-14.9586483010794,11.0157089705874,12.784218619525));
#1504=CARTESIAN_POINT('Ctrl Pts',(-6.81655526497571,2.87098226616766,12.9505629496591));
#1505=CARTESIAN_POINT('Ctrl Pts',(-14.9599651352374,11.0143921364294,12.9505629496591));
#1506=CARTESIAN_POINT('Ctrl Pts',(-6.81766521667657,2.8698723144668,13.11724329354));
#1507=CARTESIAN_POINT('Ctrl Pts',(-14.9610750869383,11.0132821847285,13.11724329354));
#1508=CARTESIAN_POINT('Ctrl Pts',(-6.81857035524506,2.86896717589831,13.2842527188587));
#1509=CARTESIAN_POINT('Ctrl Pts',(-14.9619802255068,11.01237704616,13.2842527188587));
#1510=CARTESIAN_POINT('Ctrl Pts',(-6.81927271752602,2.86826481361736,13.4515843678637));
#1511=CARTESIAN_POINT('Ctrl Pts',(-14.9626825877877,11.0116746838791,13.4515843678637));
#1512=CARTESIAN_POINT('Ctrl Pts',(-6.81977431568668,2.8677632154567,13.6192314521281));
#1513=CARTESIAN_POINT('Ctrl Pts',(-14.9631841859484,11.0111730857184,13.6192314521281));
#1514=CARTESIAN_POINT('Ctrl Pts',(-6.82007714441408,2.86746038672929,13.787187247521));
#1515=CARTESIAN_POINT('Ctrl Pts',(-14.9634870146758,11.010870256991,13.787187247521));
#1516=CARTESIAN_POINT('Ctrl Pts',(-6.82018318857342,2.86735434256996,13.9554450889489));
#1517=CARTESIAN_POINT('Ctrl Pts',(-14.9635930588351,11.0107642128317,13.9554450889489));
#1518=CARTESIAN_POINT('Ctrl Pts',(-6.82009443018596,2.86744310095742,14.1239983655344));
#1519=CARTESIAN_POINT('Ctrl Pts',(-14.9635043004477,11.0108529712191,14.1239983655344));
#1520=CARTESIAN_POINT('Ctrl Pts',(-6.81981285696711,2.86772467417626,14.2928405147203));
#1521=CARTESIAN_POINT('Ctrl Pts',(-14.9632227272288,11.011134544438,14.2928405147203));
#1522=CARTESIAN_POINT('Ctrl Pts',(-6.81934045926971,2.86819707187366,14.4619650244925));
#1523=CARTESIAN_POINT('Ctrl Pts',(-14.9627503295314,11.0116069421354,14.4619650244925));
#1524=CARTESIAN_POINT('Ctrl Pts',(-6.8186792246014,2.86885830654198,14.6313654373236));
#1525=CARTESIAN_POINT('Ctrl Pts',(-14.9620890948631,11.0122681768037,14.6313654373236));
#1526=CARTESIAN_POINT('Ctrl Pts',(-6.81783113308283,2.86970639806054,14.8010353534169));
#1527=CARTESIAN_POINT('Ctrl Pts',(-14.9612410033445,11.0131162683222,14.8010353534169));
#1528=CARTESIAN_POINT('Ctrl Pts',(-6.81679815227934,2.87073937886404,14.9709684344842));
#1529=CARTESIAN_POINT('Ctrl Pts',(-14.960208022541,11.0141492491257,14.9709684344842));
#1530=CARTESIAN_POINT('Ctrl Pts',(-6.81558223284186,2.87195529830151,15.1411584067365));
#1531=CARTESIAN_POINT('Ctrl Pts',(-14.9589921031036,11.0153651685632,15.1411584067365));
#1532=CARTESIAN_POINT('Ctrl Pts',(-6.81418530242776,2.87335222871562,15.3115990656314));
#1533=CARTESIAN_POINT('Ctrl Pts',(-14.9575951726895,11.0167620989773,15.3115990656314));
#1534=CARTESIAN_POINT('Ctrl Pts',(-6.81260926754017,2.8749282636032,15.4822842724586));
#1535=CARTESIAN_POINT('Ctrl Pts',(-14.9560191378019,11.0183381338649,15.4822842724586));
#1536=CARTESIAN_POINT('Ctrl Pts',(-6.81085601926878,2.87668151187459,15.6532079469153));
#1537=CARTESIAN_POINT('Ctrl Pts',(-14.9542658895305,11.0200913821363,15.6532079469153));
#1538=CARTESIAN_POINT('Ctrl Pts',(-6.80892743769213,2.87861009345124,15.8243640610265));
#1539=CARTESIAN_POINT('Ctrl Pts',(-14.9523373079538,11.0220199637129,15.8243640610265));
#1540=CARTESIAN_POINT('Ctrl Pts',(-6.80682539708112,2.88071213406225,15.9957466323249));
#1541=CARTESIAN_POINT('Ctrl Pts',(-14.9502352673428,11.0241220043239,15.9957466323249));
#1542=CARTESIAN_POINT('Ctrl Pts',(-6.80455177018995,2.88298576095342,16.1673497177725));
#1543=CARTESIAN_POINT('Ctrl Pts',(-14.9479616404517,11.0263956312151,16.1673497177725));
#1544=CARTESIAN_POINT('Ctrl Pts',(-6.80210843433712,2.88542909680626,16.3391674063246));
#1545=CARTESIAN_POINT('Ctrl Pts',(-14.9455183045988,11.028838967068,16.3391674063246));
#1546=CARTESIAN_POINT('Ctrl Pts',(-6.79949727148061,2.88804025966276,16.5111938159679));
#1547=CARTESIAN_POINT('Ctrl Pts',(-14.9429071417423,11.0314501299245,16.5111938159679));
#1548=CARTESIAN_POINT('Ctrl Pts',(-6.79672016101696,2.89081737012642,16.683423096144));
#1549=CARTESIAN_POINT('Ctrl Pts',(-14.9401300312787,11.0342272403881,16.683423096144));
#1550=CARTESIAN_POINT('Ctrl Pts',(-6.79377897449281,2.89375855665057,16.8558494287813));
#1551=CARTESIAN_POINT('Ctrl Pts',(-14.9371888447545,11.0371684269123,16.8558494287813));
#1552=CARTESIAN_POINT('Ctrl Pts',(-6.79067556942432,2.89686196171905,17.028467029927));
#1553=CARTESIAN_POINT('Ctrl Pts',(-14.934085439686,11.0402718319807,17.028467029927));
#1554=CARTESIAN_POINT('Ctrl Pts',(-6.78741178376395,2.90012574737943,17.2012701510442));
#1555=CARTESIAN_POINT('Ctrl Pts',(-14.9308216540256,11.0435356176411,17.2012701510442));
#1556=CARTESIAN_POINT('Ctrl Pts',(-6.78398942945313,2.90354810169025,17.3742530806407));
#1557=CARTESIAN_POINT('Ctrl Pts',(-14.9273992997148,11.0469579719519,17.3742530806407));
#1558=CARTESIAN_POINT('Ctrl Pts',(-6.78041028829447,2.90712724284891,17.5474101451879));
#1559=CARTESIAN_POINT('Ctrl Pts',(-14.9238201585562,11.0505371131106,17.5474101451879));
#1560=CARTESIAN_POINT('Ctrl Pts',(-6.77667611780594,2.91086141333744,17.7207357071063));
#1561=CARTESIAN_POINT('Ctrl Pts',(-14.9200859880676,11.0542712835991,17.7207357071063));
#1562=CARTESIAN_POINT('Ctrl Pts',(-6.77278865569852,2.91474887544486,17.894224163155));
#1563=CARTESIAN_POINT('Ctrl Pts',(-14.9161985259602,11.0581587457066,17.894224163155));
#1564=CARTESIAN_POINT('Ctrl Pts',(-6.76874962486049,2.91878790628289,18.067869942667));
#1565=CARTESIAN_POINT('Ctrl Pts',(-14.9121594951222,11.0621977765446,18.067869942667));
#1566=CARTESIAN_POINT('Ctrl Pts',(-6.76456073819155,2.92297679295182,18.2416675058462));
#1567=CARTESIAN_POINT('Ctrl Pts',(-14.9079706084532,11.0663866632135,18.2416675058462));
#1568=CARTESIAN_POINT('Ctrl Pts',(-6.76022370334675,2.92731382779662,18.4156113420479));
#1569=CARTESIAN_POINT('Ctrl Pts',(-14.9036335736085,11.0707236980583,18.4156113420479));
#1570=CARTESIAN_POINT('Ctrl Pts',(-6.75574022793342,2.93179730320996,18.5896959680401));
#1571=CARTESIAN_POINT('Ctrl Pts',(-14.8991500981951,11.0752071734717,18.5896959680401));
#1572=CARTESIAN_POINT('Ctrl Pts',(-6.75111201895055,2.93642551219283,18.7639159266311));
#1573=CARTESIAN_POINT('Ctrl Pts',(-14.8945218892122,11.0798353824545,18.7639159266311));
#1574=CARTESIAN_POINT('Ctrl Pts',(-6.74634078158311,2.94119674956026,18.9382657853363));
#1575=CARTESIAN_POINT('Ctrl Pts',(-14.8897506518448,11.084606619822,18.9382657853363));
#1576=CARTESIAN_POINT('Ctrl Pts',(-6.74142821821401,2.94610931292936,19.1127401350411));
#1577=CARTESIAN_POINT('Ctrl Pts',(-14.8848380884757,11.0895191831911,19.1127401350411));
#1578=CARTESIAN_POINT('Ctrl Pts',(-6.73637602737372,2.95116150376965,19.2873335886432));
#1579=CARTESIAN_POINT('Ctrl Pts',(-14.8797858976354,11.0945713740313,19.2873335886432));
#1580=CARTESIAN_POINT('Ctrl Pts',(-6.73118590264831,2.95635162849506,19.4620407797571));
#1581=CARTESIAN_POINT('Ctrl Pts',(-14.87459577291,11.0997614987568,19.4620407797571));
#1582=CARTESIAN_POINT('Ctrl Pts',(-6.72585953177629,2.96167799936709,19.6368563612602));
#1583=CARTESIAN_POINT('Ctrl Pts',(-14.869269402038,11.1050878696288,19.6368563612602));
#1584=CARTESIAN_POINT('Ctrl Pts',(-6.72039859492965,2.96713893621372,19.8117750044682));
#1585=CARTESIAN_POINT('Ctrl Pts',(-14.8638084651914,11.1105488064754,19.8117750044682));
#1586=CARTESIAN_POINT('Ctrl Pts',(-6.71480476232796,2.97273276881541,19.9867913988036));
#1587=CARTESIAN_POINT('Ctrl Pts',(-14.8582146325897,11.1161426390771,19.9867913988036));
#1588=CARTESIAN_POINT('Ctrl Pts',(-6.70907969206724,2.97845783907613,20.1619002513235));
#1589=CARTESIAN_POINT('Ctrl Pts',(-14.8524895623289,11.1218677093378,20.1619002513235));
#1590=CARTESIAN_POINT('Ctrl Pts',(-6.70322502781131,2.98431250333207,20.337096286303));
#1591=CARTESIAN_POINT('Ctrl Pts',(-14.846634898073,11.1277223735938,20.337096286303));
#1592=CARTESIAN_POINT('Ctrl Pts',(-6.6972423966555,2.99029513448787,20.5123742448019));
#1593=CARTESIAN_POINT('Ctrl Pts',(-14.8406522669172,11.1337050047496,20.5123742448019));
#1594=CARTESIAN_POINT('Ctrl Pts',(-6.69113340664441,2.99640412449896,20.6877288842216));
#1595=CARTESIAN_POINT('Ctrl Pts',(-14.8345432769061,11.1398139947607,20.6877288842216));
#1596=CARTESIAN_POINT('Ctrl Pts',(-6.68489964526217,3.0026378858812,20.8631549779185));
#1597=CARTESIAN_POINT('Ctrl Pts',(-14.8283095155239,11.1460477561429,20.8631549779185));
#1598=CARTESIAN_POINT('Ctrl Pts',(-6.67854268216848,3.0089948489749,21.0386473150779));
#1599=CARTESIAN_POINT('Ctrl Pts',(-14.8219525524302,11.1524047192366,21.0386473150779));
#1600=CARTESIAN_POINT('Ctrl Pts',(-6.67206407134863,3.01547345979475,21.2142007005611));
#1601=CARTESIAN_POINT('Ctrl Pts',(-14.8154739416103,11.1588833300564,21.2142007005611));
#1602=CARTESIAN_POINT('Ctrl Pts',(-6.66546535347068,3.0220721776727,21.3898099547391));
#1603=CARTESIAN_POINT('Ctrl Pts',(-14.8088752237324,11.1654820479344,21.3898099547391));
#1604=CARTESIAN_POINT('Ctrl Pts',(-6.65874805820213,3.02878947294125,21.5654699133891));
#1605=CARTESIAN_POINT('Ctrl Pts',(-14.8021579284638,11.1721993432029,21.5654699133891));
#1606=CARTESIAN_POINT('Ctrl Pts',(-6.65191370643144,3.03562382471194,21.7411754274296));
#1607=CARTESIAN_POINT('Ctrl Pts',(-14.7953235766931,11.1790336949736,21.7411754274296));
#1608=CARTESIAN_POINT('Ctrl Pts',(-6.64496381282532,3.04257371831806,21.9169213630782));
#1609=CARTESIAN_POINT('Ctrl Pts',(-14.788373683087,11.1859835885798,21.9169213630782));
#1610=CARTESIAN_POINT('Ctrl Pts',(-6.63789988580019,3.04963764534319,22.0927025988773));
#1611=CARTESIAN_POINT('Ctrl Pts',(-14.7813097560619,11.1930475156049,22.0927025988773));
#1612=CARTESIAN_POINT('Ctrl Pts',(-6.63072342693575,3.05681410420762,22.2685140220134));
#1613=CARTESIAN_POINT('Ctrl Pts',(-14.7741332971975,11.2002239744693,22.2685140220134));
#1614=CARTESIAN_POINT('Ctrl Pts',(-6.62343593057059,3.06410160057279,22.444350524935));
#1615=CARTESIAN_POINT('Ctrl Pts',(-14.7668458008323,11.2075114708345,22.444350524935));
#1616=CARTESIAN_POINT('Ctrl Pts',(-6.61603888334426,3.07149864779911,22.6202070017203));
#1617=CARTESIAN_POINT('Ctrl Pts',(-14.759448753606,11.2149085180608,22.6202070017203));
#1618=CARTESIAN_POINT('Ctrl Pts',(-6.60853376370909,3.07900376743428,22.7960783448421));
#1619=CARTESIAN_POINT('Ctrl Pts',(-14.7519436339708,11.222413637696,22.7960783448421));
#1620=CARTESIAN_POINT('Ctrl Pts',(-6.60092204158536,3.08661548955801,22.9719594410526));
#1621=CARTESIAN_POINT('Ctrl Pts',(-14.7443319118471,11.2300253598197,22.9719594410526));
#1622=CARTESIAN_POINT('Ctrl Pts',(-6.59320517748381,3.09433235365956,23.1478451702084));
#1623=CARTESIAN_POINT('Ctrl Pts',(-14.7366150477455,11.2377422239213,23.1478451702084));
#1624=CARTESIAN_POINT('Ctrl Pts',(-6.58538462086407,3.1021529102793,23.3237304082222));
#1625=CARTESIAN_POINT('Ctrl Pts',(-14.7287944911258,11.245562780541,23.3237304082222));
#1626=CARTESIAN_POINT('Ctrl Pts',(-6.57746180868257,3.1100757224608,23.4996100290081));
#1627=CARTESIAN_POINT('Ctrl Pts',(-14.7208716789443,11.2534855927225,23.4996100290081));
#1628=CARTESIAN_POINT('Ctrl Pts',(-6.56943816385792,3.11809936728545,23.6754789068365));
#1629=CARTESIAN_POINT('Ctrl Pts',(-14.7128480341196,11.2615092375472,23.6754789068365));
#1630=CARTESIAN_POINT('Ctrl Pts',(-6.5613150937846,3.12622243735877,23.8513319185085));
#1631=CARTESIAN_POINT('Ctrl Pts',(-14.7047249640463,11.2696323076205,23.8513319185085));
#1632=CARTESIAN_POINT('Ctrl Pts',(-6.55309398879472,3.13444354234865,24.02716394562));
#1633=CARTESIAN_POINT('Ctrl Pts',(-14.6965038590564,11.2778534126103,24.02716394562));
#1634=CARTESIAN_POINT('Ctrl Pts',(-6.54477622072733,3.14276131041605,24.2029698767519));
#1635=CARTESIAN_POINT('Ctrl Pts',(-14.688186090989,11.2861711806777,24.2029698767519));
#1636=CARTESIAN_POINT('Ctrl Pts',(-6.53636314633608,3.1511743848073,24.3787446070933));
#1637=CARTESIAN_POINT('Ctrl Pts',(-14.6797730165978,11.294584255069,24.3787446070933));
#1638=CARTESIAN_POINT('Ctrl Pts',(-6.52785611065165,3.15968142049172,24.5544830381459));
#1639=CARTESIAN_POINT('Ctrl Pts',(-14.6712659809133,11.3030912907534,24.5544830381459));
#1640=CARTESIAN_POINT('Ctrl Pts',(-6.51925645027733,3.16828108086604,24.7301800773219));
#1641=CARTESIAN_POINT('Ctrl Pts',(-14.662666320539,11.3116909511277,24.7301800773219));
#1642=CARTESIAN_POINT('Ctrl Pts',(-6.51056549690191,3.17697203424147,24.9058306377596));
#1643=CARTESIAN_POINT('Ctrl Pts',(-14.6539753671636,11.3203819045032,24.9058306377596));
#1644=CARTESIAN_POINT('Ctrl Pts',(-6.50178458027775,3.18575295086562,25.081429637643));
#1645=CARTESIAN_POINT('Ctrl Pts',(-14.6451944505395,11.3291628211273,25.081429637643));
#1646=CARTESIAN_POINT('Ctrl Pts',(-6.49291503254179,3.19462249860159,25.2569720007499));
#1647=CARTESIAN_POINT('Ctrl Pts',(-14.6363249028035,11.3380323688633,25.2569720007499));
#1648=CARTESIAN_POINT('Ctrl Pts',(-6.48395818660105,3.20357934454232,25.432452651571));
#1649=CARTESIAN_POINT('Ctrl Pts',(-14.6273680568627,11.346989214804,25.432452651571));
#1650=CARTESIAN_POINT('Ctrl Pts',(-6.47491537101634,3.21262216012704,25.6078665071866));
#1651=CARTESIAN_POINT('Ctrl Pts',(-14.618325241278,11.3560320303887,25.6078665071866));
#1652=CARTESIAN_POINT('Ctrl Pts',(-6.46578790600521,3.22174962513817,25.7832084702431));
#1653=CARTESIAN_POINT('Ctrl Pts',(-14.6091977762669,11.3651594953999,25.7832084702431));
#1654=CARTESIAN_POINT('Ctrl Pts',(-6.45657709887308,3.23096043227029,25.9584734212328));
#1655=CARTESIAN_POINT('Ctrl Pts',(-14.5999869691348,11.374370302532,25.9584734212328));
#1656=CARTESIAN_POINT('Ctrl Pts',(-6.44728423994049,3.24025329120288,26.1336562116307));
#1657=CARTESIAN_POINT('Ctrl Pts',(-14.5906941102022,11.3836631614646,26.1336562116307));
#1658=CARTESIAN_POINT('Ctrl Pts',(-6.43791059765376,3.24962693348962,26.3087516553212));
#1659=CARTESIAN_POINT('Ctrl Pts',(-14.5813204679155,11.3930368037513,26.3087516553212));
#1660=CARTESIAN_POINT('Ctrl Pts',(-6.42845741592635,3.25908011521702,26.4837545249401));
#1661=CARTESIAN_POINT('Ctrl Pts',(-14.571867286188,11.4024899854787,26.4837545249401));
#1662=CARTESIAN_POINT('Ctrl Pts',(-6.41892591880387,3.26861161233951,26.6586595644879));
#1663=CARTESIAN_POINT('Ctrl Pts',(-14.5623357890656,11.4120214826012,26.6586595644879));
#1664=CARTESIAN_POINT('Ctrl Pts',(-6.4093173139362,3.27822021720717,26.8334614993228));
#1665=CARTESIAN_POINT('Ctrl Pts',(-14.5527271841979,11.4216300874689,26.8334614993228));
#1666=CARTESIAN_POINT('Ctrl Pts',(-6.39963279648942,3.28790473465395,27.0081550470481));
#1667=CARTESIAN_POINT('Ctrl Pts',(-14.5430426667511,11.4313146049157,27.0081550470481));
#1668=CARTESIAN_POINT('Ctrl Pts',(-6.3898735529357,3.29766397820767,27.1827349283258));
#1669=CARTESIAN_POINT('Ctrl Pts',(-14.5332834231974,11.4410738484694,27.1827349283258));
#1670=CARTESIAN_POINT('Ctrl Pts',(-6.38004076474093,3.30749676640245,27.3571958769985));
#1671=CARTESIAN_POINT('Ctrl Pts',(-14.5234506350026,11.4509066366641,27.3571958769985));
#1672=CARTESIAN_POINT('Ctrl Pts',(-6.37013561250818,3.3174019186352,27.5315326524362));
#1673=CARTESIAN_POINT('Ctrl Pts',(-14.5135454827699,11.4608117888969,27.5315326524362));
#1674=CARTESIAN_POINT('Ctrl Pts',(-6.36015927519437,3.32737825594901,27.7057400286632));
#1675=CARTESIAN_POINT('Ctrl Pts',(-14.5035691454561,11.4707881262107,27.7057400286632));
#1676=CARTESIAN_POINT('Ctrl Pts',(-6.35011292863716,3.33742460250622,27.8798127801511));
#1677=CARTESIAN_POINT('Ctrl Pts',(-14.4935227988989,11.4808344727679,27.8798127801511));
#1678=CARTESIAN_POINT('Ctrl Pts',(-6.33999774433624,3.34753978680714,28.0537456690389));
#1679=CARTESIAN_POINT('Ctrl Pts',(-14.4834076145979,11.4909496570688,28.0537456690389));
#1680=CARTESIAN_POINT('Ctrl Pts',(-6.32981488810486,3.35772264303852,28.2275334311943));
#1681=CARTESIAN_POINT('Ctrl Pts',(-14.4732247583666,11.5011325133002,28.2275334311943));
#1682=CARTESIAN_POINT('Ctrl Pts',(-6.31956551882979,3.3679720123136,28.4011707640727));
#1683=CARTESIAN_POINT('Ctrl Pts',(-14.4629753890915,11.5113818825753,28.4011707640727));
#1684=CARTESIAN_POINT('Ctrl Pts',(-6.30925078705386,3.37828674408953,28.574652310576));
#1685=CARTESIAN_POINT('Ctrl Pts',(-14.4526606573156,11.5216966143512,28.574652310576));
#1686=CARTESIAN_POINT('Ctrl Pts',(-6.2988718341685,3.38866569697488,28.7479726578818));
#1687=CARTESIAN_POINT('Ctrl Pts',(-14.4422817044302,11.5320755672366,28.7479726578818));
#1688=CARTESIAN_POINT('Ctrl Pts',(-6.28842979212596,3.39910773901742,28.9211263496217));
#1689=CARTESIAN_POINT('Ctrl Pts',(-14.4318396623877,11.5425176092791,28.9211263496217));
#1690=CARTESIAN_POINT('Ctrl Pts',(-6.27792578302526,3.40961174811811,29.094107894225));
#1691=CARTESIAN_POINT('Ctrl Pts',(-14.421335653287,11.5530216183798,29.094107894225));
#1692=CARTESIAN_POINT('Ctrl Pts',(-6.26736091870956,3.42017661243382,29.2669117750697));
#1693=CARTESIAN_POINT('Ctrl Pts',(-14.4107707889713,11.5635864826955,29.2669117750697));
#1694=CARTESIAN_POINT('Ctrl Pts',(-6.25673630045148,3.4308012306919,29.4395324593138));
#1695=CARTESIAN_POINT('Ctrl Pts',(-14.4001461707132,11.5742111009536,29.4395324593138));
#1696=CARTESIAN_POINT('Ctrl Pts',(-6.24605301837762,3.44148451276575,29.6119644086007));
#1697=CARTESIAN_POINT('Ctrl Pts',(-14.3894628886393,11.5848943830275,29.6119644086007));
#1698=CARTESIAN_POINT('Ctrl Pts',(-6.23531215168981,3.45222537945357,29.7842020849434));
#1699=CARTESIAN_POINT('Ctrl Pts',(-14.3787220219515,11.5956352497153,29.7842020849434));
#1700=CARTESIAN_POINT('Ctrl Pts',(-6.2245147719502,3.46302275919318,29.9562399386544));
#1701=CARTESIAN_POINT('Ctrl Pts',(-14.3679246422119,11.6064326294549,29.9562399386544));
#1702=CARTESIAN_POINT('Ctrl Pts',(-6.2136619459082,3.47387558523518,30.1280723989872));
#1703=CARTESIAN_POINT('Ctrl Pts',(-14.3570718161699,11.6172854554969,30.1280723989872));
#1704=CARTESIAN_POINT('Ctrl Pts',(-6.2027547384841,3.48478279265928,30.2996938637615));
#1705=CARTESIAN_POINT('Ctrl Pts',(-14.3461646087458,11.628192662921,30.2996938637615));
#1706=CARTESIAN_POINT('Ctrl Pts',(-6.19179421573743,3.49574331540596,30.4710986893183));
#1707=CARTESIAN_POINT('Ctrl Pts',(-14.3352040859991,11.6391531856677,30.4710986893183));
#1708=CARTESIAN_POINT('Ctrl Pts',(-6.18078144772031,3.50675608342307,30.6422811805759));
#1709=CARTESIAN_POINT('Ctrl Pts',(-14.324191317982,11.6501659536848,30.6422811805759));
#1710=CARTESIAN_POINT('Ctrl Pts',(-6.16971751171341,3.51782001942998,30.813235580379));
#1711=CARTESIAN_POINT('Ctrl Pts',(-14.3131273819751,11.6612298896917,30.813235580379));
#1712=CARTESIAN_POINT('Ctrl Pts',(-6.15860348663368,3.5289340445097,30.9839560761822));
#1713=CARTESIAN_POINT('Ctrl Pts',(-14.3020133568954,11.6723439147714,30.9839560761822));
#1714=CARTESIAN_POINT('Ctrl Pts',(-6.14744044689258,3.54009708425081,31.1544368077632));
#1715=CARTESIAN_POINT('Ctrl Pts',(-14.2908503171543,11.6835069545125,31.1544368077632));
#1716=CARTESIAN_POINT('Ctrl Pts',(-6.13622945660478,3.55130807453861,31.3246718743819));
#1717=CARTESIAN_POINT('Ctrl Pts',(-14.2796393268665,11.6947179448003,31.3246718743819));
#1718=CARTESIAN_POINT('Ctrl Pts',(-6.12497156330937,3.56256596783401,31.4946553425739));
#1719=CARTESIAN_POINT('Ctrl Pts',(-14.2683814335711,11.7059758380957,31.4946553425739));
#1720=CARTESIAN_POINT('Ctrl Pts',(-6.11366779269387,3.57386973844951,31.6643812527333));
#1721=CARTESIAN_POINT('Ctrl Pts',(-14.2570776629556,11.7172796087112,31.6643812527333));
#1722=CARTESIAN_POINT('Ctrl Pts',(-6.10231914084847,3.58521839029491,31.8338436286254));
#1723=CARTESIAN_POINT('Ctrl Pts',(-14.2457290111102,11.7286282605566,31.8338436286254));
#1724=CARTESIAN_POINT('Ctrl Pts',(-6.0909265798514,3.59661095129198,32.0030364711419));
#1725=CARTESIAN_POINT('Ctrl Pts',(-14.2343364501131,11.7400208215537,32.0030364711419));
#1726=CARTESIAN_POINT('Ctrl Pts',(-6.07949106840193,3.60804646274145,32.1719537461039));
#1727=CARTESIAN_POINT('Ctrl Pts',(-14.2229009386636,11.7514563330031,32.1719537461039));
#1728=CARTESIAN_POINT('Ctrl Pts',(-6.06801356059899,3.61952397054439,32.3405893742324));
#1729=CARTESIAN_POINT('Ctrl Pts',(-14.2114234308607,11.7629338408061,32.3405893742324));
#1730=CARTESIAN_POINT('Ctrl Pts',(-6.0564950159463,3.63104251519708,32.5089372197221));
#1731=CARTESIAN_POINT('Ctrl Pts',(-14.199904886208,11.7744523854588,32.5089372197221));
#1732=CARTESIAN_POINT('Ctrl Pts',(-6.04493640777816,3.64260112336521,32.6769910805564));
#1733=CARTESIAN_POINT('Ctrl Pts',(-14.1883462780399,11.7860109936269,32.6769910805564));
#1734=CARTESIAN_POINT('Ctrl Pts',(-6.03333873498764,3.65419879615574,32.8447446752282));
#1735=CARTESIAN_POINT('Ctrl Pts',(-14.1767486052493,11.7976086664174,32.8447446752282));
#1736=CARTESIAN_POINT('Ctrl Pts',(-6.02170302116599,3.66583450997739,33.0121916431283));
#1737=CARTESIAN_POINT('Ctrl Pts',(-14.1651128914277,11.8092443802391,33.0121916431283));
#1738=CARTESIAN_POINT('Ctrl Pts',(-6.01003030357457,3.67750722756881,33.1793255560158));
#1739=CARTESIAN_POINT('Ctrl Pts',(-14.1534401738363,11.8209170978305,33.1793255560158));
#1740=CARTESIAN_POINT('Ctrl Pts',(-5.99832162520416,3.68921590593922,33.3461399260494));
#1741=CARTESIAN_POINT('Ctrl Pts',(-14.1417314954659,11.8326257762009,33.3461399260494));
#1742=CARTESIAN_POINT('Ctrl Pts',(-5.98657802517408,3.7009595059693,33.5126282158195));
#1743=CARTESIAN_POINT('Ctrl Pts',(-14.1299878954358,11.844369376231,33.5126282158195));
#1744=CARTESIAN_POINT('Ctrl Pts',(-5.97480053074929,3.71273700039409,33.6787838461601));
#1745=CARTESIAN_POINT('Ctrl Pts',(-14.118210401011,11.8561468706558,33.6787838461601));
#1746=CARTESIAN_POINT('Ctrl Pts',(-5.96299014643724,3.72454738470614,33.8446002082583));
#1747=CARTESIAN_POINT('Ctrl Pts',(-14.1064000166989,11.8679572549678,33.8446002082583));
#1748=CARTESIAN_POINT('Ctrl Pts',(-5.9511478526035,3.73638967853987,34.0100706614792));
#1749=CARTESIAN_POINT('Ctrl Pts',(-14.0945577228652,11.8797995488016,34.0100706614792));
#1750=CARTESIAN_POINT('Ctrl Pts',(-5.93927461599317,3.7482629151502,34.1751885131511));
#1751=CARTESIAN_POINT('Ctrl Pts',(-14.0826844862549,11.8916727854119,34.1751885131511));
#1752=CARTESIAN_POINT('Ctrl Pts',(-5.92737139712796,3.76016613401541,34.3399470032256));
#1753=CARTESIAN_POINT('Ctrl Pts',(-14.0707812673897,11.9035760042771,34.3399470032256));
#1754=CARTESIAN_POINT('Ctrl Pts',(-5.91543915922398,3.77209837191939,34.5043392862774));
#1755=CARTESIAN_POINT('Ctrl Pts',(-14.0588490294857,11.9155082421811,34.5043392862774));
#1756=CARTESIAN_POINT('Ctrl Pts',(-5.90347887587523,3.78405865526815,34.6683584162144));
#1757=CARTESIAN_POINT('Ctrl Pts',(-14.0468887461369,11.9274685255298,34.6683584162144));
#1758=CARTESIAN_POINT('Ctrl Pts',(-5.89149154069279,3.79604599045058,34.8319973259792));
#1759=CARTESIAN_POINT('Ctrl Pts',(-14.0349014109545,11.9394558607123,34.8319973259792));
#1760=CARTESIAN_POINT('Ctrl Pts',(-5.87947817101293,3.80805936013045,34.995248823168));
#1761=CARTESIAN_POINT('Ctrl Pts',(-14.0228880412746,11.9514692303921,34.995248823168));
#1762=CARTESIAN_POINT('Ctrl Pts',(-5.86743980309635,3.82009772804703,35.1581056090389));
#1763=CARTESIAN_POINT('Ctrl Pts',(-14.010849673358,11.9635075983087,35.1581056090389));
#1764=CARTESIAN_POINT('Ctrl Pts',(-5.85537748934762,3.83216004179576,35.3205602915249));
#1765=CARTESIAN_POINT('Ctrl Pts',(-13.9987873596093,11.9755699120575,35.3205602915249));
#1766=CARTESIAN_POINT('Ctrl Pts',(-5.84329229475578,3.8442452363876,35.4826054014904));
#1767=CARTESIAN_POINT('Ctrl Pts',(-13.9867021650175,11.9876551066493,35.4826054014904));
#1768=CARTESIAN_POINT('Ctrl Pts',(-5.83118529358386,3.85635223755952,35.6442334057001));
#1769=CARTESIAN_POINT('Ctrl Pts',(-13.9745951638456,11.9997621078212,35.6442334057001));
#1770=CARTESIAN_POINT('Ctrl Pts',(-5.81905756615982,3.86847996498356,35.8054367258646));
#1771=CARTESIAN_POINT('Ctrl Pts',(-13.9624674364215,12.0118898352453,35.8054367258646));
#1772=CARTESIAN_POINT('Ctrl Pts',(-5.80691019481756,3.88062733632582,35.9662077376112));
#1773=CARTESIAN_POINT('Ctrl Pts',(-13.9503200650793,12.0240372065875,35.9662077376112));
#1774=CARTESIAN_POINT('Ctrl Pts',(-5.79474425849114,3.89279327265224,36.1265387449323));
#1775=CARTESIAN_POINT('Ctrl Pts',(-13.9381541287528,12.0362031429139,36.1265387449323));
#1776=CARTESIAN_POINT('Ctrl Pts',(-5.782560827927,3.90497670321638,36.2864219612298));
#1777=CARTESIAN_POINT('Ctrl Pts',(-13.9259706981887,12.0483865734781,36.2864219612298));
#1778=CARTESIAN_POINT('Ctrl Pts',(-5.77036096006484,3.91717657107854,36.4458494869278));
#1779=CARTESIAN_POINT('Ctrl Pts',(-13.9137708303265,12.0605864413402,36.4458494869278));
#1780=CARTESIAN_POINT('Ctrl Pts',(-5.75814569411595,3.92939183702743,36.6048132902955));
#1781=CARTESIAN_POINT('Ctrl Pts',(-13.9015555643777,12.0728017072891,36.6048132902955));
#1782=CARTESIAN_POINT('Ctrl Pts',(-5.74591604355551,3.94162148758787,36.7633051825275));
#1783=CARTESIAN_POINT('Ctrl Pts',(-13.8893259138172,12.0850313578496,36.7633051825275));
#1784=CARTESIAN_POINT('Ctrl Pts',(-5.73367300484431,3.95386452629907,36.9213168147103));
#1785=CARTESIAN_POINT('Ctrl Pts',(-13.877082875106,12.0972743965608,36.9213168147103));
#1786=CARTESIAN_POINT('Ctrl Pts',(-5.72141757821788,3.9661199529255,37.078839690208));
#1787=CARTESIAN_POINT('Ctrl Pts',(-13.8648274484796,12.1095298231872,37.078839690208));
#1788=CARTESIAN_POINT('Ctrl Pts',(-5.70915078459748,3.9783867465459,37.2358651723351));
#1789=CARTESIAN_POINT('Ctrl Pts',(-13.8525606548592,12.1217966168076,37.2358651723351));
#1790=CARTESIAN_POINT('Ctrl Pts',(-5.6968736848176,3.99066384632578,37.3923844943735));
#1791=CARTESIAN_POINT('Ctrl Pts',(-13.8402835550793,12.1340737165875,37.3923844943735));
#1792=CARTESIAN_POINT('Ctrl Pts',(-5.68458739618751,4.00295013495587,37.548388767642));
#1793=CARTESIAN_POINT('Ctrl Pts',(-13.8279972664492,12.1463600052176,37.548388767642));
#1794=CARTESIAN_POINT('Ctrl Pts',(-5.67229311457167,4.01524441657171,37.7038689928609));
#1795=CARTESIAN_POINT('Ctrl Pts',(-13.8157029848334,12.1586542868334,37.7038689928609));
#1796=CARTESIAN_POINT('Ctrl Pts',(-5.65999209927222,4.02754543187117,37.8588160504549));
#1797=CARTESIAN_POINT('Ctrl Pts',(-13.8034019695339,12.1709553021329,37.8588160504549));
#1798=CARTESIAN_POINT('Ctrl Pts',(-5.64768564965999,4.0398518814834,38.0132206861677));
#1799=CARTESIAN_POINT('Ctrl Pts',(-13.7910955199217,12.1832617517451,38.0132206861677));
#1800=CARTESIAN_POINT('Ctrl Pts',(-5.63537508433857,4.05216244680481,38.1670734982363));
#1801=CARTESIAN_POINT('Ctrl Pts',(-13.7787849546003,12.1955723170665,38.1670734982363));
#1802=CARTESIAN_POINT('Ctrl Pts',(-5.62306171989746,4.06447581124592,38.3203649239974));
#1803=CARTESIAN_POINT('Ctrl Pts',(-13.7664715901592,12.2078856815076,38.3203649239974));
#1804=CARTESIAN_POINT('Ctrl Pts',(-5.61074684829569,4.07679068284769,38.473085226528));
#1805=CARTESIAN_POINT('Ctrl Pts',(-13.7541567185574,12.2202005531094,38.473085226528));
#1806=CARTESIAN_POINT('Ctrl Pts',(-5.59843171938141,4.08910581176197,38.6252244818748));
#1807=CARTESIAN_POINT('Ctrl Pts',(-13.7418415896431,12.2325156820237,38.6252244818748));
#1808=CARTESIAN_POINT('Ctrl Pts',(-5.58611756244435,4.10141996869903,38.7767725714102));
#1809=CARTESIAN_POINT('Ctrl Pts',(-13.729527432706,12.2448298389607,38.7767725714102));
#1810=CARTESIAN_POINT('Ctrl Pts',(-5.57380560343279,4.11373192771059,38.9277191736612));
#1811=CARTESIAN_POINT('Ctrl Pts',(-13.7172154736945,12.2571417979723,38.9277191736612));
#1812=CARTESIAN_POINT('Ctrl Pts',(-5.56149708453358,4.1260404466098,39.0780537563136));
#1813=CARTESIAN_POINT('Ctrl Pts',(-13.7049069547953,12.2694503168715,39.0780537563136));
#1814=CARTESIAN_POINT('Ctrl Pts',(-5.54919328115377,4.13834424998961,39.2277655681966));
#1815=CARTESIAN_POINT('Ctrl Pts',(-13.6926031514155,12.2817541202513,39.2277655681966));
#1816=CARTESIAN_POINT('Ctrl Pts',(-5.53689552398889,4.15064200715449,39.3768436311302));
#1817=CARTESIAN_POINT('Ctrl Pts',(-13.6803053942506,12.2940518774162,39.3768436311302));
#1818=CARTESIAN_POINT('Ctrl Pts',(-5.52460520161078,4.1629323295326,39.5252767324411));
#1819=CARTESIAN_POINT('Ctrl Pts',(-13.6680150718725,12.3063421997943,39.5252767324411));
#1820=CARTESIAN_POINT('Ctrl Pts',(-5.51232374876375,4.17521378237963,39.6730534179594));
#1821=CARTESIAN_POINT('Ctrl Pts',(-13.6557336190255,12.3186236526413,39.6730534179594));
#1822=CARTESIAN_POINT('Ctrl Pts',(-5.50005263866128,4.18748489248209,39.8201619849288));
#1823=CARTESIAN_POINT('Ctrl Pts',(-13.643462508923,12.3308947627438,39.8201619849288));
#1824=CARTESIAN_POINT('Ctrl Pts',(-5.48779337397279,4.19974415717059,39.9665904748214));
#1825=CARTESIAN_POINT('Ctrl Pts',(-13.6312032442345,12.3431540274323,39.9665904748214));
#1826=CARTESIAN_POINT('Ctrl Pts',(-5.47554747757759,4.21199005356579,40.1123266664933));
#1827=CARTESIAN_POINT('Ctrl Pts',(-13.6189573478393,12.3553999238275,40.1123266664933));
#1828=CARTESIAN_POINT('Ctrl Pts',(-5.46331648575521,4.22422104538816,40.2573580683092));
#1829=CARTESIAN_POINT('Ctrl Pts',(-13.6067263560169,12.3676309156499,40.2573580683092));
#1830=CARTESIAN_POINT('Ctrl Pts',(-5.45110196225194,4.23643556889144,40.4016719029139));
#1831=CARTESIAN_POINT('Ctrl Pts',(-13.5945118325136,12.3798454391531,40.4016719029139));
#1832=CARTESIAN_POINT('Ctrl Pts',(-5.43890550997475,4.24863202116863,40.545255092576));
#1833=CARTESIAN_POINT('Ctrl Pts',(-13.5823153802364,12.3920418914303,40.545255092576));
#1834=CARTESIAN_POINT('Ctrl Pts',(-5.42672878411435,4.26080874702903,40.688094244623));
#1835=CARTESIAN_POINT('Ctrl Pts',(-13.570138654376,12.4042186172907,40.688094244623));
#1836=CARTESIAN_POINT('Ctrl Pts',(-5.41457350347575,4.27296402766763,40.8301756361081));
#1837=CARTESIAN_POINT('Ctrl Pts',(-13.5579833737375,12.4163738979293,40.8301756361081));
#1838=CARTESIAN_POINT('Ctrl Pts',(-5.40244146566951,4.28509606547388,40.9714852006911));
#1839=CARTESIAN_POINT('Ctrl Pts',(-13.5458513359312,12.4285059357356,40.9714852006911));
#1840=CARTESIAN_POINT('Ctrl Pts',(-5.39033453522418,4.29720299591921,41.1120084990888));
#1841=CARTESIAN_POINT('Ctrl Pts',(-13.5337444054859,12.4406128661809,41.1120084990888));
#1842=CARTESIAN_POINT('Ctrl Pts',(-5.37825462672277,4.30928290442061,41.2517306865432));
#1843=CARTESIAN_POINT('Ctrl Pts',(-13.5216644969845,12.4526927746823,41.2517306865432));
#1844=CARTESIAN_POINT('Ctrl Pts',(-5.36620368838728,4.32133384275611,41.3906364803996));
#1845=CARTESIAN_POINT('Ctrl Pts',(-13.509613558649,12.4647437130178,41.3906364803996));
#1846=CARTESIAN_POINT('Ctrl Pts',(-5.35418368832756,4.33335384281582,41.5287101296922));
#1847=CARTESIAN_POINT('Ctrl Pts',(-13.4975935585893,12.4767637130775,41.5287101296922));
#1848=CARTESIAN_POINT('Ctrl Pts',(-5.34219659248306,4.34534093866032,41.6659353787007));
#1849=CARTESIAN_POINT('Ctrl Pts',(-13.4856064627448,12.488750808922,41.6659353787007));
#1850=CARTESIAN_POINT('Ctrl Pts',(-5.3302443814575,4.35729314968588,41.802295458079));
#1851=CARTESIAN_POINT('Ctrl Pts',(-13.4736542517192,12.5007030199476,41.802295458079));
#1852=CARTESIAN_POINT('Ctrl Pts',(-5.3183290872522,4.36920844389118,41.937773088657));
#1853=CARTESIAN_POINT('Ctrl Pts',(-13.4617389575139,12.5126183141529,41.937773088657));
#1854=CARTESIAN_POINT('Ctrl Pts',(-5.30645282572134,4.38108470542204,42.0723504849643));
#1855=CARTESIAN_POINT('Ctrl Pts',(-13.449862695983,12.5244945756837,42.0723504849643));
#1856=CARTESIAN_POINT('Ctrl Pts',(-5.29461782659009,4.39291970455328,42.2060093507332));
#1857=CARTESIAN_POINT('Ctrl Pts',(-13.4380276968518,12.536329574815,42.2060093507332));
#1858=CARTESIAN_POINT('Ctrl Pts',(-5.28282647503621,4.40471105610717,42.3387308981171));
#1859=CARTESIAN_POINT('Ctrl Pts',(-13.4262363452979,12.5481209263689,42.3387308981171));
#1860=CARTESIAN_POINT('Ctrl Pts',(-5.27108129864976,4.41645623249362,42.4704957612522));
#1861=CARTESIAN_POINT('Ctrl Pts',(-13.4144911689115,12.5598661027553,42.4704957612522));
#1862=CARTESIAN_POINT('Ctrl Pts',(-5.25938492268882,4.42815260845455,42.6012838501646));
#1863=CARTESIAN_POINT('Ctrl Pts',(-13.4027947929505,12.5715624787162,42.6012838501646));
#1864=CARTESIAN_POINT('Ctrl Pts',(-5.24774003272934,4.43979749841404,42.731074216748));
#1865=CARTESIAN_POINT('Ctrl Pts',(-13.391149902991,12.5832073686757,42.731074216748));
#1866=CARTESIAN_POINT('Ctrl Pts',(-5.2361493393299,4.45138819181347,42.8598449292793));
#1867=CARTESIAN_POINT('Ctrl Pts',(-13.3795592095916,12.5947980620752,42.8598449292793));
#1868=CARTESIAN_POINT('Ctrl Pts',(-5.22461552880055,4.46292200234283,42.987572908422));
#1869=CARTESIAN_POINT('Ctrl Pts',(-13.3680253990622,12.6063318726045,42.987572908422));
#1870=CARTESIAN_POINT('Ctrl Pts',(-5.21314130731143,4.47439622383195,43.1142340151273));
#1871=CARTESIAN_POINT('Ctrl Pts',(-13.3565511775731,12.6178060940936,43.1142340151273));
#1872=CARTESIAN_POINT('Ctrl Pts',(-5.20172947453909,4.48580805660429,43.2398032209108));
#1873=CARTESIAN_POINT('Ctrl Pts',(-13.3451393448008,12.629217926866,43.2398032209108));
#1874=CARTESIAN_POINT('Ctrl Pts',(-5.19038298647991,4.49715454466347,43.364254742525));
#1875=CARTESIAN_POINT('Ctrl Pts',(-13.3337928567416,12.6405644149252,43.364254742525));
#1876=CARTESIAN_POINT('Ctrl Pts',(-5.17910502492517,4.50843250621821,43.4875622096745));
#1877=CARTESIAN_POINT('Ctrl Pts',(-13.3225148951869,12.6518423764799,43.4875622096745));
#1878=CARTESIAN_POINT('Ctrl Pts',(-5.16789905812327,4.51963847302011,43.6096987688782));
#1879=CARTESIAN_POINT('Ctrl Pts',(-13.311308928385,12.6630483432818,43.6096987688782));
#1880=CARTESIAN_POINT('Ctrl Pts',(-5.15676879591401,4.53076873522937,43.730636420491));
#1881=CARTESIAN_POINT('Ctrl Pts',(-13.3001786661757,12.6741786054911,43.730636420491));
#1882=CARTESIAN_POINT('Ctrl Pts',(-5.14571814859634,4.54181938254704,43.8503453472668));
#1883=CARTESIAN_POINT('Ctrl Pts',(-13.289128018858,12.6852292528087,43.8503453472668));
#1884=CARTESIAN_POINT('Ctrl Pts',(-5.13475118775139,4.55278634339199,43.9687933444019));
#1885=CARTESIAN_POINT('Ctrl Pts',(-13.2781610580131,12.6961962136537,43.9687933444019));
#1886=CARTESIAN_POINT('Ctrl Pts',(-5.12387209814166,4.56366543300171,44.0859449666181));
#1887=CARTESIAN_POINT('Ctrl Pts',(-13.2672819684034,12.7070753032634,44.0859449666181));
#1888=CARTESIAN_POINT('Ctrl Pts',(-5.1130851668587,4.57445236428468,44.2017618404906));
#1889=CARTESIAN_POINT('Ctrl Pts',(-13.2564950371204,12.7178622345464,44.2017618404906));
#1890=CARTESIAN_POINT('Ctrl Pts',(-5.10239479751429,4.58514273362908,44.316204002844));
#1891=CARTESIAN_POINT('Ctrl Pts',(-13.245804667776,12.7285526038908,44.316204002844));
#1892=CARTESIAN_POINT('Ctrl Pts',(-5.09180552467333,4.59573200647004,44.4292307915388));
#1893=CARTESIAN_POINT('Ctrl Pts',(-13.235215394935,12.7391418767317,44.4292307915388));
#1894=CARTESIAN_POINT('Ctrl Pts',(-5.08132201131272,4.60621551983066,44.5408022654133));
#1895=CARTESIAN_POINT('Ctrl Pts',(-13.2247318815744,12.7496253900924,44.5408022654133));
#1896=CARTESIAN_POINT('Ctrl Pts',(-5.07094910670833,4.61658842443505,44.6508793172675));
#1897=CARTESIAN_POINT('Ctrl Pts',(-13.21435897697,12.7599982946967,44.6508793172675));
#1898=CARTESIAN_POINT('Ctrl Pts',(-5.06069212584267,4.62684540530071,44.7594194457915));
#1899=CARTESIAN_POINT('Ctrl Pts',(-13.2041019961044,12.7702552755624,44.7594194457915));
#1900=CARTESIAN_POINT('Ctrl Pts',(-5.05055707607357,4.6369804550698,44.8663734463802));
#1901=CARTESIAN_POINT('Ctrl Pts',(-13.1939669463353,12.7803903253315,44.8663734463802));
#1902=CARTESIAN_POINT('Ctrl Pts',(-5.04055093806227,4.6469865930811,44.9716813124007));
#1903=CARTESIAN_POINT('Ctrl Pts',(-13.183960808324,12.7903964633428,44.9716813124007));
#1904=CARTESIAN_POINT('Ctrl Pts',(-5.03068182221241,4.65685570893097,45.0752697608253));
#1905=CARTESIAN_POINT('Ctrl Pts',(-13.1740916924741,12.8002655791927,45.0752697608253));
#1906=CARTESIAN_POINT('Ctrl Pts',(-5.02095817704783,4.66657935409555,45.1770614658216));
#1907=CARTESIAN_POINT('Ctrl Pts',(-13.1643680473095,12.8099892243572,45.1770614658216));
#1908=CARTESIAN_POINT('Ctrl Pts',(-5.01138820031144,4.67614933083193,45.2769819503721));
#1909=CARTESIAN_POINT('Ctrl Pts',(-13.1547980705731,12.8195592010936,45.2769819503721));
#1910=CARTESIAN_POINT('Ctrl Pts',(-5.00197895700142,4.68555857414195,45.3749697030599));
#1911=CARTESIAN_POINT('Ctrl Pts',(-13.1453888272631,12.8289684444037,45.3749697030599));
#1912=CARTESIAN_POINT('Ctrl Pts',(-4.99273633119102,4.69480119995235,45.4709772814908));
#1913=CARTESIAN_POINT('Ctrl Pts',(-13.1361462014527,12.838211070214,45.4709772814908));
#1914=CARTESIAN_POINT('Ctrl Pts',(-4.9836680206793,4.70386951046407,45.5649400009493));
#1915=CARTESIAN_POINT('Ctrl Pts',(-13.127077890941,12.8472793807258,45.5649400009493));
#1916=CARTESIAN_POINT('Ctrl Pts',(-4.97478531845589,4.71275221268749,45.6567572658475));
#1917=CARTESIAN_POINT('Ctrl Pts',(-13.1181951887176,12.8561620829492,45.6567572658475));
#1918=CARTESIAN_POINT('Ctrl Pts',(-4.96610687406871,4.72143065707467,45.7462535420723));
#1919=CARTESIAN_POINT('Ctrl Pts',(-13.1095167443304,12.8648405273364,45.7462535420723));
#1920=CARTESIAN_POINT('Ctrl Pts',(-4.95765490642888,4.7298826247145,45.8332167249455));
#1921=CARTESIAN_POINT('Ctrl Pts',(-13.1010647766906,12.8732924949762,45.8332167249455));
#1922=CARTESIAN_POINT('Ctrl Pts',(-4.94944921511923,4.73808831602416,45.9174592875362));
#1923=CARTESIAN_POINT('Ctrl Pts',(-13.0928590853809,12.8814981862859,45.9174592875362));
#1924=CARTESIAN_POINT('Ctrl Pts',(-4.94149875258718,4.7460387785562,45.9989039663513));
#1925=CARTESIAN_POINT('Ctrl Pts',(-13.0849086228489,12.8894486488179,45.9989039663513));
#1926=CARTESIAN_POINT('Ctrl Pts',(-4.93380313132316,4.75373439982022,46.0775689394472));
#1927=CARTESIAN_POINT('Ctrl Pts',(-13.0772130015849,12.8971442700819,46.0775689394472));
#1928=CARTESIAN_POINT('Ctrl Pts',(-4.9263734844467,4.76116404669668,46.1533569139459));
#1929=CARTESIAN_POINT('Ctrl Pts',(-13.0697833547084,12.9045739169584,46.1533569139459));
#1930=CARTESIAN_POINT('Ctrl Pts',(-4.91925849366763,4.76827903747574,46.2257921003342));
#1931=CARTESIAN_POINT('Ctrl Pts',(-13.0626683639293,12.9116889077374,46.2257921003342));
#1932=CARTESIAN_POINT('Ctrl Pts',(-4.91254589960719,4.77499163153619,46.2940049219995));
#1933=CARTESIAN_POINT('Ctrl Pts',(-13.0559557698689,12.9184015017979,46.2940049219995));
#1934=CARTESIAN_POINT('Ctrl Pts',(-4.90630944640714,4.78122808473624,46.3572686984932));
#1935=CARTESIAN_POINT('Ctrl Pts',(-13.0497193166688,12.9246379549979,46.3572686984932));
#1936=CARTESIAN_POINT('Ctrl Pts',(-4.90052460667944,4.78701292446393,46.4158512902363));
#1937=CARTESIAN_POINT('Ctrl Pts',(-13.0439344769411,12.9304227947256,46.4158512902363));
#1938=CARTESIAN_POINT('Ctrl Pts',(-4.89514095595938,4.79239657518399,46.4702856127376));
#1939=CARTESIAN_POINT('Ctrl Pts',(-13.0385508262211,12.9358064454457,46.4702856127376));
#1940=CARTESIAN_POINT('Ctrl Pts',(-4.89036009019939,4.79717744094398,46.518565974092));
#1941=CARTESIAN_POINT('Ctrl Pts',(-13.0337699604611,12.9405873112057,46.518565974092));
#1942=CARTESIAN_POINT('Ctrl Pts',(-4.8875019709983,4.80003556014507,46.5474058444139));
#1943=CARTESIAN_POINT('Ctrl Pts',(-13.03091184126,12.9434454304068,46.5474058444139));
#1944=CARTESIAN_POINT('Ctrl Pts',(-4.88609719727193,4.80144033387144,46.5615719364918));
#1945=CARTESIAN_POINT('Ctrl Pts',(-13.0295070675336,12.9448502041331,46.5615719364918));
#1946=CARTESIAN_POINT('Ctrl Pts',(-4.88548510511878,4.80205242602459,46.5677383440216));
#1947=CARTESIAN_POINT('Ctrl Pts',(-13.0288949753805,12.9454622962863,46.5677383440216));
#1948=CARTESIAN_POINT('Ctrl Pts',(-4.88526037727816,4.80227715386521,46.57));
#1949=CARTESIAN_POINT('Ctrl Pts',(-13.0286702475399,12.9456870241269,46.57));
#1950=CARTESIAN_POINT('Ctrl Pts',(-9.69996495931002,9.78294818272293,46.57));
#1951=CARTESIAN_POINT('Ctrl Pts',(-9.6997402314694,9.78317291056355,46.5677383440217));
#1952=CARTESIAN_POINT('Ctrl Pts',(-9.69912813931626,9.7837850027167,46.5615719364921));
#1953=CARTESIAN_POINT('Ctrl Pts',(-9.6977233655899,9.78518977644306,46.5474058444141));
#1954=CARTESIAN_POINT('Ctrl Pts',(-9.69486524638882,9.78804789564414,46.5185659740919));
#1955=CARTESIAN_POINT('Ctrl Pts',(-9.69008438062885,9.79282876140411,46.4702856127382));
#1956=CARTESIAN_POINT('Ctrl Pts',(-9.6847007299088,9.79821241212416,46.4158512902368));
#1957=CARTESIAN_POINT('Ctrl Pts',(-9.67891589018111,9.80399725185185,46.3572686984939));
#1958=CARTESIAN_POINT('Ctrl Pts',(-9.67267943698106,9.8102337050519,46.2940049220001));
#1959=CARTESIAN_POINT('Ctrl Pts',(-9.66596684292061,9.81694629911234,46.2257921003348));
#1960=CARTESIAN_POINT('Ctrl Pts',(-9.65885185214155,9.82406128989141,46.1533569139465));
#1961=CARTESIAN_POINT('Ctrl Pts',(-9.6514222052651,9.83149093676786,46.0775689394479));
#1962=CARTESIAN_POINT('Ctrl Pts',(-9.64372658400108,9.83918655803188,45.9989039663519));
#1963=CARTESIAN_POINT('Ctrl Pts',(-9.63577612146904,9.84713702056392,45.9174592875369));
#1964=CARTESIAN_POINT('Ctrl Pts',(-9.62757043015938,9.85534271187358,45.8332167249464));
#1965=CARTESIAN_POINT('Ctrl Pts',(-9.61911846251954,9.86379467951342,45.7462535420735));
#1966=CARTESIAN_POINT('Ctrl Pts',(-9.61044001813237,9.87247312390059,45.6567572658485));
#1967=CARTESIAN_POINT('Ctrl Pts',(-9.60155731590897,9.88135582612399,45.56494000095));
#1968=CARTESIAN_POINT('Ctrl Pts',(-9.59248900539726,9.8904241366357,45.4709772814912));
#1969=CARTESIAN_POINT('Ctrl Pts',(-9.58324637958686,9.8996667624461,45.3749697030604));
#1970=CARTESIAN_POINT('Ctrl Pts',(-9.57383713627683,9.90907600575613,45.2769819503727));
#1971=CARTESIAN_POINT('Ctrl Pts',(-9.56426715954043,9.91864598249253,45.1770614658229));
#1972=CARTESIAN_POINT('Ctrl Pts',(-9.55454351437584,9.92836962765712,45.0752697608269));
#1973=CARTESIAN_POINT('Ctrl Pts',(-9.54467439852598,9.93823874350698,44.9716813124019));
#1974=CARTESIAN_POINT('Ctrl Pts',(-9.5346682605147,9.94824488151826,44.866373446381));
#1975=CARTESIAN_POINT('Ctrl Pts',(-9.52453321074562,9.95837993128734,44.7594194457924));
#1976=CARTESIAN_POINT('Ctrl Pts',(-9.51427622987997,9.96863691215298,44.6508793172689));
#1977=CARTESIAN_POINT('Ctrl Pts',(-9.50390332527558,9.97900981675738,44.540802265415));
#1978=CARTESIAN_POINT('Ctrl Pts',(-9.49341981191495,9.98949333011801,44.42923079154));
#1979=CARTESIAN_POINT('Ctrl Pts',(-9.48283053907397,10.000082602959,44.3162040028444));
#1980=CARTESIAN_POINT('Ctrl Pts',(-9.47214016972954,10.0107729723034,44.2017618404903));
#1981=CARTESIAN_POINT('Ctrl Pts',(-9.46135323844657,10.0215599035864,44.0859449666179));
#1982=CARTESIAN_POINT('Ctrl Pts',(-9.45047414883686,10.0324389931961,43.9687933444025));
#1983=CARTESIAN_POINT('Ctrl Pts',(-9.43950718799195,10.043405954041,43.8503453472681));
#1984=CARTESIAN_POINT('Ctrl Pts',(-9.42845654067433,10.0544566013586,43.7306364204927));
#1985=CARTESIAN_POINT('Ctrl Pts',(-9.41732627846508,10.0655868635679,43.6096987688799));
#1986=CARTESIAN_POINT('Ctrl Pts',(-9.40612031166316,10.0767928303698,43.4875622096759));
#1987=CARTESIAN_POINT('Ctrl Pts',(-9.39484235010837,10.0880707919246,43.364254742526));
#1988=CARTESIAN_POINT('Ctrl Pts',(-9.38349586204914,10.0994172799838,43.2398032209116));
#1989=CARTESIAN_POINT('Ctrl Pts',(-9.37208402927677,10.1108291127562,43.1142340151281));
#1990=CARTESIAN_POINT('Ctrl Pts',(-9.36060980778766,10.1223033342453,42.9875729084228));
#1991=CARTESIAN_POINT('Ctrl Pts',(-9.34907599725834,10.1338371447746,42.8598449292802));
#1992=CARTESIAN_POINT('Ctrl Pts',(-9.33748530385895,10.145427838174,42.7310742167491));
#1993=CARTESIAN_POINT('Ctrl Pts',(-9.3258404138995,10.1570727281335,42.6012838501659));
#1994=CARTESIAN_POINT('Ctrl Pts',(-9.31414403793857,10.1687691040944,42.4704957612537));
#1995=CARTESIAN_POINT('Ctrl Pts',(-9.3023988615521,10.1805142804808,42.3387308981188));
#1996=CARTESIAN_POINT('Ctrl Pts',(-9.29060750999819,10.1923056320348,42.2060093507347));
#1997=CARTESIAN_POINT('Ctrl Pts',(-9.27877251086693,10.204140631166,42.0723504849651));
#1998=CARTESIAN_POINT('Ctrl Pts',(-9.26689624933606,10.2160168926969,41.9377730886571));
#1999=CARTESIAN_POINT('Ctrl Pts',(-9.25498095513076,10.2279321869022,41.8022954580788));
#2000=CARTESIAN_POINT('Ctrl Pts',(-9.24302874410521,10.2398843979277,41.6659353787007));
#2001=CARTESIAN_POINT('Ctrl Pts',(-9.23104164826071,10.2518714937722,41.5287101296929));
#2002=CARTESIAN_POINT('Ctrl Pts',(-9.21902164820101,10.263891493832,41.390636480401));
#2003=CARTESIAN_POINT('Ctrl Pts',(-9.20697070986552,10.2759424321674,41.2517306865448));
#2004=CARTESIAN_POINT('Ctrl Pts',(-9.19489080136412,10.2880223406688,41.1120084990901));
#2005=CARTESIAN_POINT('Ctrl Pts',(-9.18278387091878,10.3001292711142,40.9714852006922));
#2006=CARTESIAN_POINT('Ctrl Pts',(-9.17065183311253,10.3122613089204,40.8301756361091));
#2007=CARTESIAN_POINT('Ctrl Pts',(-9.15849655247393,10.324416589559,40.688094244624));
#2008=CARTESIAN_POINT('Ctrl Pts',(-9.14631982661352,10.3365933154194,40.5452550925774));
#2009=CARTESIAN_POINT('Ctrl Pts',(-9.13412337433633,10.3487897676966,40.4016719029158));
#2010=CARTESIAN_POINT('Ctrl Pts',(-9.12190885083306,10.3610042911999,40.2573580683114));
#2011=CARTESIAN_POINT('Ctrl Pts',(-9.10967785901069,10.3732352830223,40.1123266664954));
#2012=CARTESIAN_POINT('Ctrl Pts',(-9.09743196261549,10.3854811794175,39.9665904748227));
#2013=CARTESIAN_POINT('Ctrl Pts',(-9.08517269792699,10.397740444106,39.8201619849289));
#2014=CARTESIAN_POINT('Ctrl Pts',(-9.07290158782451,10.4100115542084,39.6730534179587));
#2015=CARTESIAN_POINT('Ctrl Pts',(-9.06062013497748,10.4222930070555,39.52527673244));
#2016=CARTESIAN_POINT('Ctrl Pts',(-9.04832981259938,10.4345833294336,39.3768436311294));
#2017=CARTESIAN_POINT('Ctrl Pts',(-9.03603205543451,10.4468810865985,39.227765568197));
#2018=CARTESIAN_POINT('Ctrl Pts',(-9.0237282520547,10.4591848899783,39.0780537563152));
#2019=CARTESIAN_POINT('Ctrl Pts',(-9.01141973315548,10.4714934088775,38.927719173664));
#2020=CARTESIAN_POINT('Ctrl Pts',(-8.99910777414392,10.483805367889,38.7767725714135));
#2021=CARTESIAN_POINT('Ctrl Pts',(-8.98679361720685,10.4961195248261,38.6252244818779));
#2022=CARTESIAN_POINT('Ctrl Pts',(-8.97447848829259,10.5084346537404,38.4730852265303));
#2023=CARTESIAN_POINT('Ctrl Pts',(-8.96216361669081,10.5207495253421,38.3203649239985));
#2024=CARTESIAN_POINT('Ctrl Pts',(-8.94985025224969,10.5330628897833,38.1670734982366));
#2025=CARTESIAN_POINT('Ctrl Pts',(-8.93753968692824,10.5453734551047,38.0132206861673));
#2026=CARTESIAN_POINT('Ctrl Pts',(-8.92523323731598,10.557679904717,37.8588160504544));
#2027=CARTESIAN_POINT('Ctrl Pts',(-8.91293222201652,10.5699809200164,37.7038689928604));
#2028=CARTESIAN_POINT('Ctrl Pts',(-8.90063794040072,10.5822752016322,37.5483887676421));
#2029=CARTESIAN_POINT('Ctrl Pts',(-8.88835165177068,10.5945614902623,37.3923844943746));
#2030=CARTESIAN_POINT('Ctrl Pts',(-8.87607455199082,10.6068385900421,37.2358651723377));
#2031=CARTESIAN_POINT('Ctrl Pts',(-8.86380775837042,10.6191053836625,37.0788396902121));
#2032=CARTESIAN_POINT('Ctrl Pts',(-8.85155233174395,10.631360810289,36.9213168147153));
#2033=CARTESIAN_POINT('Ctrl Pts',(-8.83930929303272,10.6436038490002,36.7633051825323));
#2034=CARTESIAN_POINT('Ctrl Pts',(-8.82707964247228,10.6558334995607,36.6048132902986));
#2035=CARTESIAN_POINT('Ctrl Pts',(-8.81486437652345,10.6680487655095,36.4458494869275));
#2036=CARTESIAN_POINT('Ctrl Pts',(-8.80266450866138,10.6802486333716,36.2864219612255));
#2037=CARTESIAN_POINT('Ctrl Pts',(-8.7904810780973,10.6924320639357,36.1265387449249));
#2038=CARTESIAN_POINT('Ctrl Pts',(-8.7783151417709,10.7045980002621,35.9662077376033));
#2039=CARTESIAN_POINT('Ctrl Pts',(-8.76616777042859,10.7167453716044,35.8054367258587));
#2040=CARTESIAN_POINT('Ctrl Pts',(-8.75404004300446,10.7288730990285,35.6442334056987));
#2041=CARTESIAN_POINT('Ctrl Pts',(-8.74193304183241,10.7409801002005,35.4826054014943));
#2042=CARTESIAN_POINT('Ctrl Pts',(-8.72984784724047,10.7530652947925,35.3205602915336));
#2043=CARTESIAN_POINT('Ctrl Pts',(-8.71778553349168,10.7651276085413,35.1581056090499));
#2044=CARTESIAN_POINT('Ctrl Pts',(-8.70574716557509,10.7771659764579,34.9952488231784));
#2045=CARTESIAN_POINT('Ctrl Pts',(-8.69373379589529,10.7891793461377,34.8319973259864));
#2046=CARTESIAN_POINT('Ctrl Pts',(-8.68174646071297,10.80116668132,34.668358416217));
#2047=CARTESIAN_POINT('Ctrl Pts',(-8.66978617736435,10.8131269646686,34.5043392862759));
#2048=CARTESIAN_POINT('Ctrl Pts',(-8.65785393946047,10.8250592025725,34.3399470032218));
#2049=CARTESIAN_POINT('Ctrl Pts',(-8.64595072059532,10.8369624214376,34.1751885131471));
#2050=CARTESIAN_POINT('Ctrl Pts',(-8.63407748398497,10.848835658048,34.0100706614764));
#2051=CARTESIAN_POINT('Ctrl Pts',(-8.62223519015118,10.8606779518818,33.8446002082573));
#2052=CARTESIAN_POINT('Ctrl Pts',(-8.61042480583902,10.8724883361939,33.6787838461607));
#2053=CARTESIAN_POINT('Ctrl Pts',(-8.5986473114141,10.8842658306189,33.5126282158211));
#2054=CARTESIAN_POINT('Ctrl Pts',(-8.5869037113839,10.8960094306491,33.3461399260511));
#2055=CARTESIAN_POINT('Ctrl Pts',(-8.5751950330134,10.9077181090196,33.1793255560173));
#2056=CARTESIAN_POINT('Ctrl Pts',(-8.56352231542195,10.919390826611,33.0121916431297));
#2057=CARTESIAN_POINT('Ctrl Pts',(-8.55188660160035,10.9310265404326,32.8447446752295));
#2058=CARTESIAN_POINT('Ctrl Pts',(-8.54028892880997,10.942624213223,32.6769910805576));
#2059=CARTESIAN_POINT('Ctrl Pts',(-8.52873032064204,10.9541828213909,32.5089372197228));
#2060=CARTESIAN_POINT('Ctrl Pts',(-8.51721177598957,10.9657013660434,32.3405893742325));
#2061=CARTESIAN_POINT('Ctrl Pts',(-8.5057342681868,10.9771788738462,32.1719537461032));
#2062=CARTESIAN_POINT('Ctrl Pts',(-8.49429875673739,10.9886143852956,32.0030364711406));
#2063=CARTESIAN_POINT('Ctrl Pts',(-8.48290619574023,11.0000069462927,31.8338436286242));
#2064=CARTESIAN_POINT('Ctrl Pts',(-8.4715575438946,11.0113555981384,31.6643812527331));
#2065=CARTESIAN_POINT('Ctrl Pts',(-8.4602537732788,11.0226593687542,31.4946553425752));
#2066=CARTESIAN_POINT('Ctrl Pts',(-8.44899587998309,11.0339172620499,31.3246718743849));
#2067=CARTESIAN_POINT('Ctrl Pts',(-8.43778488969508,11.0451282523379,31.1544368077676));
#2068=CARTESIAN_POINT('Ctrl Pts',(-8.42662184995391,11.0562912920791,30.9839560761873));
#2069=CARTESIAN_POINT('Ctrl Pts',(-8.41550782487428,11.0674053171587,30.8132355803839));
#2070=CARTESIAN_POINT('Ctrl Pts',(-8.40444388886761,11.0784692531654,30.6422811805793));
#2071=CARTESIAN_POINT('Ctrl Pts',(-8.39343112085083,11.0894820211821,30.4710986893192));
#2072=CARTESIAN_POINT('Ctrl Pts',(-8.3824705981045,11.1004425439285,30.2996938637592));
#2073=CARTESIAN_POINT('Ctrl Pts',(-8.37156339068066,11.1113497513523,30.1280723989825));
#2074=CARTESIAN_POINT('Ctrl Pts',(-8.36071056463876,11.1222025773942,29.9562399386487));
#2075=CARTESIAN_POINT('Ctrl Pts',(-8.34991318489903,11.1329999571339,29.7842020849389));
#2076=CARTESIAN_POINT('Ctrl Pts',(-8.33917231821096,11.143740823822,29.6119644085988));
#2077=CARTESIAN_POINT('Ctrl Pts',(-8.3284890361368,11.1544241058962,29.4395324593143));
#2078=CARTESIAN_POINT('Ctrl Pts',(-8.31786441787846,11.1650487241545,29.2669117750721));
#2079=CARTESIAN_POINT('Ctrl Pts',(-8.3072995535626,11.1756135884704,29.0941078942283));
#2080=CARTESIAN_POINT('Ctrl Pts',(-8.29679554446188,11.1861175975711,28.9211263496249));
#2081=CARTESIAN_POINT('Ctrl Pts',(-8.28635350241942,11.1965596396135,28.7479726578841));
#2082=CARTESIAN_POINT('Ctrl Pts',(-8.27597454953419,11.2069385924988,28.5746523105773));
#2083=CARTESIAN_POINT('Ctrl Pts',(-8.2656598177584,11.2172533242746,28.4011707640733));
#2084=CARTESIAN_POINT('Ctrl Pts',(-8.25541044848342,11.2275026935495,28.2275334311952));
#2085=CARTESIAN_POINT('Ctrl Pts',(-8.2452275922521,11.2376855497809,28.0537456690406));
#2086=CARTESIAN_POINT('Ctrl Pts',(-8.23511240795118,11.2478007340818,27.8798127801539));
#2087=CARTESIAN_POINT('Ctrl Pts',(-8.22506606139393,11.257847080639,27.7057400286666));
#2088=CARTESIAN_POINT('Ctrl Pts',(-8.21508972408007,11.2678234179529,27.5315326524393));
#2089=CARTESIAN_POINT('Ctrl Pts',(-8.20518457184729,11.2777285701857,27.3571958770007));
#2090=CARTESIAN_POINT('Ctrl Pts',(-8.19535178365252,11.2875613583804,27.1827349283264));
#2091=CARTESIAN_POINT('Ctrl Pts',(-8.1855925400988,11.2973206019342,27.008155047047));
#2092=CARTESIAN_POINT('Ctrl Pts',(-8.17590802265202,11.3070051193809,26.8334614993201));
#2093=CARTESIAN_POINT('Ctrl Pts',(-8.16629941778435,11.3166137242486,26.6586595644847));
#2094=CARTESIAN_POINT('Ctrl Pts',(-8.15676792066186,11.3261452213711,26.4837545249375));
#2095=CARTESIAN_POINT('Ctrl Pts',(-8.14731473893445,11.3355984030985,26.30875165532));
#2096=CARTESIAN_POINT('Ctrl Pts',(-8.13794109664772,11.3449720453852,26.1336562116312));
#2097=CARTESIAN_POINT('Ctrl Pts',(-8.12864823771514,11.3542649043178,25.9584734212346));
#2098=CARTESIAN_POINT('Ctrl Pts',(-8.11943743058302,11.3634757114499,25.7832084702459));
#2099=CARTESIAN_POINT('Ctrl Pts',(-8.1103099655719,11.3726031764611,25.6078665071897));
#2100=CARTESIAN_POINT('Ctrl Pts',(-8.10126714998719,11.3816459920458,25.4324526515738));
#2101=CARTESIAN_POINT('Ctrl Pts',(-8.09231030404645,11.3906028379865,25.2569720007519));
#2102=CARTESIAN_POINT('Ctrl Pts',(-8.08344075631048,11.3994723857225,25.0814296376442));
#2103=CARTESIAN_POINT('Ctrl Pts',(-8.0746598396863,11.4082533023467,24.90583063776));
#2104=CARTESIAN_POINT('Ctrl Pts',(-8.06596888631083,11.4169442557221,24.7301800773217));
#2105=CARTESIAN_POINT('Ctrl Pts',(-8.05736922593647,11.4255439160965,24.5544830381454));
#2106=CARTESIAN_POINT('Ctrl Pts',(-8.048862190252,11.434050951781,24.3787446070929));
#2107=CARTESIAN_POINT('Ctrl Pts',(-8.04044911586073,11.4424640261722,24.2029698767518));
#2108=CARTESIAN_POINT('Ctrl Pts',(-8.03213134779338,11.4507817942396,24.0271639456203));
#2109=CARTESIAN_POINT('Ctrl Pts',(-8.02391024280359,11.4590028992294,23.8513319185092));
#2110=CARTESIAN_POINT('Ctrl Pts',(-8.0157871727304,11.4671259693026,23.6754789068376));
#2111=CARTESIAN_POINT('Ctrl Pts',(-8.00776352790587,11.4751496141271,23.4996100290095));
#2112=CARTESIAN_POINT('Ctrl Pts',(-7.99984071572444,11.4830724263085,23.3237304082241));
#2113=CARTESIAN_POINT('Ctrl Pts',(-7.9920201591047,11.4908929829283,23.1478451702106));
#2114=CARTESIAN_POINT('Ctrl Pts',(-7.98430329500306,11.4986098470299,22.9719594410545));
#2115=CARTESIAN_POINT('Ctrl Pts',(-7.97669157287918,11.5062215691538,22.7960783448432));
#2116=CARTESIAN_POINT('Ctrl Pts',(-7.96918645324384,11.5137266887891,22.6202070017203));
#2117=CARTESIAN_POINT('Ctrl Pts',(-7.96178940601737,11.5211237360156,22.4443505249342));
#2118=CARTESIAN_POINT('Ctrl Pts',(-7.95450190965214,11.5284112323808,22.268514022012));
#2119=CARTESIAN_POINT('Ctrl Pts',(-7.94732545078772,11.5355876912452,22.0927025988759));
#2120=CARTESIAN_POINT('Ctrl Pts',(-7.94026152376267,11.5426516182703,21.9169213630773));
#2121=CARTESIAN_POINT('Ctrl Pts',(-7.93331163015667,11.5496015118763,21.7411754274296));
#2122=CARTESIAN_POINT('Ctrl Pts',(-7.9264772783861,11.5564358636469,21.5654699133899));
#2123=CARTESIAN_POINT('Ctrl Pts',(-7.91975998311763,11.5631531589153,21.3898099547404));
#2124=CARTESIAN_POINT('Ctrl Pts',(-7.91316126523972,11.5697518767932,21.2142007005627));
#2125=CARTESIAN_POINT('Ctrl Pts',(-7.90668265441988,11.5762304876131,21.0386473150795));
#2126=CARTESIAN_POINT('Ctrl Pts',(-7.90032569132613,11.5825874507068,20.8631549779202));
#2127=CARTESIAN_POINT('Ctrl Pts',(-7.89409192994383,11.5888212120891,20.687728884223));
#2128=CARTESIAN_POINT('Ctrl Pts',(-7.8879829399327,11.5949302021003,20.5123742448027));
#2129=CARTESIAN_POINT('Ctrl Pts',(-7.88200030877686,11.6009128332561,20.3370962863028));
#2130=CARTESIAN_POINT('Ctrl Pts',(-7.87614564452093,11.606767497512,20.1619002513224));
#2131=CARTESIAN_POINT('Ctrl Pts',(-7.87042057426023,11.6124925677727,19.9867913988016));
#2132=CARTESIAN_POINT('Ctrl Pts',(-7.86482674165856,11.6180864003744,19.811775004466));
#2133=CARTESIAN_POINT('Ctrl Pts',(-7.85936580481194,11.623547337221,19.6368563612584));
#2134=CARTESIAN_POINT('Ctrl Pts',(-7.8540394339399,11.628873708093,19.4620407797566));
#2135=CARTESIAN_POINT('Ctrl Pts',(-7.84884930921445,11.6340638328185,19.2873335886445));
#2136=CARTESIAN_POINT('Ctrl Pts',(-7.84379711837412,11.6391160236588,19.112740135044));
#2137=CARTESIAN_POINT('Ctrl Pts',(-7.83888455500497,11.644028587028,18.9382657853401));
#2138=CARTESIAN_POINT('Ctrl Pts',(-7.83411331763752,11.6487998243954,18.763915926635));
#2139=CARTESIAN_POINT('Ctrl Pts',(-7.82948510865465,11.6534280333783,18.5896959680433));
#2140=CARTESIAN_POINT('Ctrl Pts',(-7.82500163324137,11.6579115087916,18.4156113420498));
#2141=CARTESIAN_POINT('Ctrl Pts',(-7.82066459839664,11.6622485436363,18.2416675058464));
#2142=CARTESIAN_POINT('Ctrl Pts',(-7.81647571172778,11.6664374303052,18.067869942666));
#2143=CARTESIAN_POINT('Ctrl Pts',(-7.8124366808898,11.6704764611432,17.8942241631532));
#2144=CARTESIAN_POINT('Ctrl Pts',(-7.80854921878239,11.6743639232506,17.7207357071044));
#2145=CARTESIAN_POINT('Ctrl Pts',(-7.80481504829384,11.6780980937391,17.5474101451865));
#2146=CARTESIAN_POINT('Ctrl Pts',(-7.80123590713513,11.6816772348978,17.3742530806401));
#2147=CARTESIAN_POINT('Ctrl Pts',(-7.79781355282425,11.6850995892087,17.2012701510445));
#2148=CARTESIAN_POINT('Ctrl Pts',(-7.79454976716381,11.6883633748691,17.028467029928));
#2149=CARTESIAN_POINT('Ctrl Pts',(-7.79144636209528,11.6914667799377,16.8558494287826));
#2150=CARTESIAN_POINT('Ctrl Pts',(-7.78850517557112,11.6944079664618,16.6834230961452));
#2151=CARTESIAN_POINT('Ctrl Pts',(-7.78572806510748,11.6971850769255,16.5111938159688));
#2152=CARTESIAN_POINT('Ctrl Pts',(-7.78311690225102,11.6997962397819,16.3391674063251));
#2153=CARTESIAN_POINT('Ctrl Pts',(-7.78067356639822,11.7022395756347,16.1673497177729));
#2154=CARTESIAN_POINT('Ctrl Pts',(-7.77839993950706,11.7045132025259,15.9957466323252));
#2155=CARTESIAN_POINT('Ctrl Pts',(-7.77629789889605,11.7066152431369,15.8243640610269));
#2156=CARTESIAN_POINT('Ctrl Pts',(-7.77436931731938,11.7085438247136,15.6532079469158));
#2157=CARTESIAN_POINT('Ctrl Pts',(-7.77261606904797,11.710297072985,15.482284272459));
#2158=CARTESIAN_POINT('Ctrl Pts',(-7.77104003416039,11.7118731078726,15.3115990656315));
#2159=CARTESIAN_POINT('Ctrl Pts',(-7.7696431037463,11.7132700382867,15.1411584067366));
#2160=CARTESIAN_POINT('Ctrl Pts',(-7.76842718430885,11.7144859577241,14.9709684344846));
#2161=CARTESIAN_POINT('Ctrl Pts',(-7.76739420350537,11.7155189385276,14.801035353418));
#2162=CARTESIAN_POINT('Ctrl Pts',(-7.76654611198683,11.7163670300461,14.6313654373254));
#2163=CARTESIAN_POINT('Ctrl Pts',(-7.76588487731851,11.7170282647144,14.4619650244949));
#2164=CARTESIAN_POINT('Ctrl Pts',(-7.7654124796211,11.7175006624119,14.2928405147227));
#2165=CARTESIAN_POINT('Ctrl Pts',(-7.76513090640223,11.7177822356307,14.123998365536));
#2166=CARTESIAN_POINT('Ctrl Pts',(-7.76504214801475,11.7178709940182,13.955445088949));
#2167=CARTESIAN_POINT('Ctrl Pts',(-7.76514819217406,11.7177649498589,13.7871872475192));
#2168=CARTESIAN_POINT('Ctrl Pts',(-7.76545102090144,11.7174621211315,13.619231452125));
#2169=CARTESIAN_POINT('Ctrl Pts',(-7.76595261906207,11.7169605229709,13.4515843678602));
#2170=CARTESIAN_POINT('Ctrl Pts',(-7.76665498134302,11.7162581606899,13.284252718856));
#2171=CARTESIAN_POINT('Ctrl Pts',(-7.76756011991154,11.7153530221214,13.1172432935387));
#2172=CARTESIAN_POINT('Ctrl Pts',(-7.76867007161246,11.7142430704205,12.9505629496595));
#2173=CARTESIAN_POINT('Ctrl Pts',(-7.76998690577052,11.7129262362624,12.7842186195269));
#2174=CARTESIAN_POINT('Ctrl Pts',(-7.77151273056341,11.7114004114695,12.6182173148532));
#2175=CARTESIAN_POINT('Ctrl Pts',(-7.77324968370967,11.7096634583233,12.4525661275965));
#2176=CARTESIAN_POINT('Ctrl Pts',(-7.77519992429752,11.7077132177354,12.2872722310907));
#2177=CARTESIAN_POINT('Ctrl Pts',(-7.77736562412361,11.7055475179093,12.1223428810524));
#2178=CARTESIAN_POINT('Ctrl Pts',(-7.77974895936975,11.7031641826632,11.9577854166756));
#2179=CARTESIAN_POINT('Ctrl Pts',(-7.78235210182672,11.7005610402062,11.7936072616077));
#2180=CARTESIAN_POINT('Ctrl Pts',(-7.78517721118899,11.697735930844,11.6298159252133));
#2181=CARTESIAN_POINT('Ctrl Pts',(-7.7882264432657,11.6946866987673,11.4664190081452));
#2182=CARTESIAN_POINT('Ctrl Pts',(-7.79150195728362,11.6914111847493,11.3034242076638));
#2183=CARTESIAN_POINT('Ctrl Pts',(-7.79500592358768,11.6879072184453,11.1408393230805));
#2184=CARTESIAN_POINT('Ctrl Pts',(-7.79874053104789,11.6841726109851,10.9786722610874));
#2185=CARTESIAN_POINT('Ctrl Pts',(-7.802707994889,11.6802051471439,10.8169310412871));
#2186=CARTESIAN_POINT('Ctrl Pts',(-7.8069105634729,11.6760025785601,10.6556238011976));
#2187=CARTESIAN_POINT('Ctrl Pts',(-7.81135051735472,11.6715626246782,10.4947587972269));
#2188=CARTESIAN_POINT('Ctrl Pts',(-7.81603016906069,11.6668829729723,10.3343444060776));
#2189=CARTESIAN_POINT('Ctrl Pts',(-7.82095186263626,11.6619612793967,10.1743891259067));
#2190=CARTESIAN_POINT('Ctrl Pts',(-7.82611797318583,11.6567951688471,10.0149015777783));
#2191=CARTESIAN_POINT('Ctrl Pts',(-7.8315309066724,11.6513822353606,9.85589050654218));
#2192=CARTESIAN_POINT('Ctrl Pts',(-7.83719309878434,11.6457200432486,9.69736478339082));
#2193=CARTESIAN_POINT('Ctrl Pts',(-7.84310701091272,11.6398061311202,9.5393334132298));
#2194=CARTESIAN_POINT('Ctrl Pts',(-7.8492751267781,11.6336380152549,9.38180554116024));
#2195=CARTESIAN_POINT('Ctrl Pts',(-7.85569994853228,11.6272131935007,9.22479045936874));
#2196=CARTESIAN_POINT('Ctrl Pts',(-7.86238399370149,11.6205291483315,9.06829761371912));
#2197=CARTESIAN_POINT('Ctrl Pts',(-7.86932979024323,11.6135833517897,8.91233661078643));
#2198=CARTESIAN_POINT('Ctrl Pts',(-7.87653987847574,11.6063732635572,8.75691722345488));
#2199=CARTESIAN_POINT('Ctrl Pts',(-7.88401681975409,11.5988963222789,8.60204939508407));
#2200=CARTESIAN_POINT('Ctrl Pts',(-7.89176320329938,11.5911499387336,8.44774324414687));
#2201=CARTESIAN_POINT('Ctrl Pts',(-7.89978165380898,11.583131488224,8.29400906849945));
#2202=CARTESIAN_POINT('Ctrl Pts',(-7.90807483867197,11.574838303361,8.14085735022436));
#2203=CARTESIAN_POINT('Ctrl Pts',(-7.91664547551798,11.566267666515,7.98829875914272));
#2204=CARTESIAN_POINT('Ctrl Pts',(-7.92549633789326,11.5574168041397,7.83634416716596));
#2205=CARTESIAN_POINT('Ctrl Pts',(-7.93463026047802,11.5482828815549,7.68500466441565));
#2206=CARTESIAN_POINT('Ctrl Pts',(-7.94405014476773,11.5388629972652,7.53429157496642));
#2207=CARTESIAN_POINT('Ctrl Pts',(-7.95375896387419,11.5291541781588,7.38421647221855));
#2208=CARTESIAN_POINT('Ctrl Pts',(-7.96375976935475,11.5191533726782,7.23479119571171));
#2209=CARTESIAN_POINT('Ctrl Pts',(-7.97405569182884,11.5088574502041,7.08602786318856));
#2210=CARTESIAN_POINT('Ctrl Pts',(-7.98464992519566,11.4982632168373,6.93793887004388));
#2211=CARTESIAN_POINT('Ctrl Pts',(-7.99554571435934,11.4873674276736,6.79053689137654));
#2212=CARTESIAN_POINT('Ctrl Pts',(-8.00674634072169,11.4761668013113,6.64383488258339));
#2213=CARTESIAN_POINT('Ctrl Pts',(-8.01825511057981,11.4646580314531,6.49784608157553));
#2214=CARTESIAN_POINT('Ctrl Pts',(-8.0300753371417,11.4528378048913,6.35258400767436));
#2215=CARTESIAN_POINT('Ctrl Pts',(-8.04221037583815,11.4407027661948,6.20806248816117));
#2216=CARTESIAN_POINT('Ctrl Pts',(-8.05466366699284,11.4282494750401,6.06429568896548));
#2217=CARTESIAN_POINT('Ctrl Pts',(-8.06743877820095,11.415474363832,5.92129814447972));
#2218=CARTESIAN_POINT('Ctrl Pts',(-8.08053944168343,11.4023737003495,5.77908478646181));
#2219=CARTESIAN_POINT('Ctrl Pts',(-8.0939696065296,11.3889435355034,5.63767097650916));
#2220=CARTESIAN_POINT('Ctrl Pts',(-8.10773343181539,11.3751797102176,5.49707252391559));
#2221=CARTESIAN_POINT('Ctrl Pts',(-8.12183523122105,11.3610779108119,5.35730569174551));
#2222=CARTESIAN_POINT('Ctrl Pts',(-8.13627942863429,11.3466337133987,5.21838720514446));
#2223=CARTESIAN_POINT('Ctrl Pts',(-8.15107051525523,11.3318426267777,5.08033426116497));
#2224=CARTESIAN_POINT('Ctrl Pts',(-8.16621299159445,11.3167001504385,4.94316453210808));
#2225=CARTESIAN_POINT('Ctrl Pts',(-8.18171136511729,11.3012017769157,4.80689619153011));
#2226=CARTESIAN_POINT('Ctrl Pts',(-8.19757024917324,11.2853428928597,4.67154798132274));
#2227=CARTESIAN_POINT('Ctrl Pts',(-8.21379444227867,11.2691186997543,4.53713927061079));
#2228=CARTESIAN_POINT('Ctrl Pts',(-8.23038900915996,11.252524132873,4.403690115963));
#2229=CARTESIAN_POINT('Ctrl Pts',(-8.24735937567928,11.2355537663537,4.27122132577451));
#2230=CARTESIAN_POINT('Ctrl Pts',(-8.26471136969707,11.2182017723359,4.13975450743551));
#2231=CARTESIAN_POINT('Ctrl Pts',(-8.28245114452298,11.20046199751,4.00931207797765));
#2232=CARTESIAN_POINT('Ctrl Pts',(-8.30058512235526,11.1823280196777,3.87991727956693));
#2233=CARTESIAN_POINT('Ctrl Pts',(-8.31911993893339,11.1637932030996,3.75159419889128));
#2234=CARTESIAN_POINT('Ctrl Pts',(-8.33806236548017,11.1448507765528,3.62436777083742));
#2235=CARTESIAN_POINT('Ctrl Pts',(-8.3574193215144,11.1254938205186,3.49826384047491));
#2236=CARTESIAN_POINT('Ctrl Pts',(-8.37719800670026,11.1057151353327,3.37330930167232));
#2237=CARTESIAN_POINT('Ctrl Pts',(-8.39740600643509,11.0855071355979,3.24953221716198));
#2238=CARTESIAN_POINT('Ctrl Pts',(-8.41805140017659,11.0648617418564,3.12696194474234));
#2239=CARTESIAN_POINT('Ctrl Pts',(-8.4391428886839,11.0437702533491,3.00562926444639));
#2240=CARTESIAN_POINT('Ctrl Pts',(-8.46068979587068,11.0222233461623,2.8855664839789));
#2241=CARTESIAN_POINT('Ctrl Pts',(-8.48270201738807,11.0002111246449,2.76680753300486));
#2242=CARTESIAN_POINT('Ctrl Pts',(-8.50518999014072,10.9777231518922,2.64938806357983));
#2243=CARTESIAN_POINT('Ctrl Pts',(-8.52816464502959,10.9547484970034,2.53334554248892));
#2244=CARTESIAN_POINT('Ctrl Pts',(-8.55163739050159,10.9312757515314,2.41871936358532));
#2245=CARTESIAN_POINT('Ctrl Pts',(-8.57562026229561,10.9072928797373,2.3055510849642));
#2246=CARTESIAN_POINT('Ctrl Pts',(-8.60012605657194,10.882787085461,2.19388464836033));
#2247=CARTESIAN_POINT('Ctrl Pts',(-8.62516846579287,10.8577446762401,2.08376661316989));
#2248=CARTESIAN_POINT('Ctrl Pts',(-8.65076222273041,10.8321509193025,1.97524636478146));
#2249=CARTESIAN_POINT('Ctrl Pts',(-8.67692317591087,10.8059899661221,1.86837646310307));
#2250=CARTESIAN_POINT('Ctrl Pts',(-8.7036683425424,10.7792447994906,1.76321302221589));
#2251=CARTESIAN_POINT('Ctrl Pts',(-8.73101597230722,10.7518971697257,1.65981609502677));
#2252=CARTESIAN_POINT('Ctrl Pts',(-8.75898559893613,10.7239275430968,1.55825001931695));
#2253=CARTESIAN_POINT('Ctrl Pts',(-8.78759812908353,10.6953150129494,1.45858393396364));
#2254=CARTESIAN_POINT('Ctrl Pts',(-8.81687595152043,10.6660371905125,1.36089240102467));
#2255=CARTESIAN_POINT('Ctrl Pts',(-8.84684304964712,10.6360700923858,1.2652560329469));
#2256=CARTESIAN_POINT('Ctrl Pts',(-8.87752509092231,10.6053880511106,1.17176203326303));
#2257=CARTESIAN_POINT('Ctrl Pts',(-8.90894962716393,10.573963514869,1.08050513587369));
#2258=CARTESIAN_POINT('Ctrl Pts',(-8.94114640846403,10.5417667335689,0.991588830671383));
#2259=CARTESIAN_POINT('Ctrl Pts',(-8.97414761815084,10.5087655238821,0.905126534088179));
#2260=CARTESIAN_POINT('Ctrl Pts',(-9.00798825192404,10.4749248901089,0.821242712255306));
#2261=CARTESIAN_POINT('Ctrl Pts',(-9.04270566653825,10.4402074754947,0.740074536084821));
#2262=CARTESIAN_POINT('Ctrl Pts',(-9.07833891437101,10.4045742276619,0.661773730712139));
#2263=CARTESIAN_POINT('Ctrl Pts',(-9.11492812148066,10.3679850205523,0.586508296171905));
#2264=CARTESIAN_POINT('Ctrl Pts',(-9.1525139529403,10.3303991890927,0.514464469611206));
#2265=CARTESIAN_POINT('Ctrl Pts',(-9.19113833502199,10.291774807011,0.44584987853401));
#2266=CARTESIAN_POINT('Ctrl Pts',(-9.23084451684823,10.2520686251847,0.380896420648848));
#2267=CARTESIAN_POINT('Ctrl Pts',(-9.2716784981188,10.2112346439142,0.319863527436053));
#2268=CARTESIAN_POINT('Ctrl Pts',(-9.31368199547778,10.1692311465552,0.263038802757275));
#2269=CARTESIAN_POINT('Ctrl Pts',(-9.35688455864081,10.1260285833921,0.210737711111457));
#2270=CARTESIAN_POINT('Ctrl Pts',(-9.40129392880466,10.0816192132283,0.163304345010497));
#2271=CARTESIAN_POINT('Ctrl Pts',(-9.44689574783365,10.0360173941993,0.12110724336375));
#2272=CARTESIAN_POINT('Ctrl Pts',(-9.49365575348701,9.98925738854594,0.0845293088956916));
#2273=CARTESIAN_POINT('Ctrl Pts',(-9.54152661090486,9.9413865311281,0.0539650555054084));
#2274=CARTESIAN_POINT('Ctrl Pts',(-9.59042884955174,9.89248429248121,0.0297901603544322));
#2275=CARTESIAN_POINT('Ctrl Pts',(-9.64022133267508,9.84269180935787,0.0123200749909857));
#2276=CARTESIAN_POINT('Ctrl Pts',(-9.69066710587568,9.79224603615727,0.00176505162565037));
#2277=CARTESIAN_POINT('Ctrl Pts',(-9.74145657101654,9.74145657101642,-0.00176398234111097));
#2278=CARTESIAN_POINT('Ctrl Pts',(-9.79224603615739,9.69066710587557,0.0017650516255571));
#2279=CARTESIAN_POINT('Ctrl Pts',(-9.84269180935799,9.64022133267497,0.012320074990944));
#2280=CARTESIAN_POINT('Ctrl Pts',(-9.89248429248132,9.59042884955163,0.0297901603545047));
#2281=CARTESIAN_POINT('Ctrl Pts',(-9.94138653112821,9.54152661090475,0.0539650555055382));
#2282=CARTESIAN_POINT('Ctrl Pts',(-9.98925738854605,9.49365575348691,0.0845293088957963));
#2283=CARTESIAN_POINT('Ctrl Pts',(-10.0360173941994,9.44689574783355,0.121107243363807));
#2284=CARTESIAN_POINT('Ctrl Pts',(-10.0816192132284,9.40129392880455,0.163304345010547));
#2285=CARTESIAN_POINT('Ctrl Pts',(-10.1260285833922,9.35688455864071,0.210737711111538));
#2286=CARTESIAN_POINT('Ctrl Pts',(-10.1692311465553,9.3136819954777,0.263038802757391));
#2287=CARTESIAN_POINT('Ctrl Pts',(-10.2112346439142,9.27167849811873,0.31986352743619));
#2288=CARTESIAN_POINT('Ctrl Pts',(-10.2520686251848,9.23084451684816,0.380896420648982));
#2289=CARTESIAN_POINT('Ctrl Pts',(-10.291774807011,9.19113833502191,0.445849878534119));
#2290=CARTESIAN_POINT('Ctrl Pts',(-10.3303991890927,9.15251395294022,0.51446446961133));
#2291=CARTESIAN_POINT('Ctrl Pts',(-10.3679850205524,9.11492812148058,0.586508296172034));
#2292=CARTESIAN_POINT('Ctrl Pts',(-10.404574227662,9.07833891437094,0.661773730712287));
#2293=CARTESIAN_POINT('Ctrl Pts',(-10.4402074754948,9.04270566653819,0.740074536084932));
#2294=CARTESIAN_POINT('Ctrl Pts',(-10.474924890109,9.00798825192399,0.821242712255396));
#2295=CARTESIAN_POINT('Ctrl Pts',(-10.5087655238822,8.97414761815078,0.905126534088282));
#2296=CARTESIAN_POINT('Ctrl Pts',(-10.541766733569,8.94114640846397,0.991588830671519));
#2297=CARTESIAN_POINT('Ctrl Pts',(-10.5739635148691,8.90894962716387,1.08050513587393));
#2298=CARTESIAN_POINT('Ctrl Pts',(-10.6053880511107,8.87752509092225,1.17176203326331));
#2299=CARTESIAN_POINT('Ctrl Pts',(-10.6360700923859,8.84684304964707,1.26525603294709));
#2300=CARTESIAN_POINT('Ctrl Pts',(-10.6660371905126,8.81687595152039,1.36089240102476));
#2301=CARTESIAN_POINT('Ctrl Pts',(-10.6953150129495,8.78759812908348,1.45858393396371));
#2302=CARTESIAN_POINT('Ctrl Pts',(-10.7239275430969,8.75898559893608,1.5582500193171));
#2303=CARTESIAN_POINT('Ctrl Pts',(-10.7518971697258,8.73101597230717,1.65981609502694));
#2304=CARTESIAN_POINT('Ctrl Pts',(-10.7792447994906,8.70366834254236,1.76321302221601));
#2305=CARTESIAN_POINT('Ctrl Pts',(-10.8059899661221,8.67692317591083,1.86837646310308));
#2306=CARTESIAN_POINT('Ctrl Pts',(-10.8321509193026,8.65076222273039,1.97524636478143));
#2307=CARTESIAN_POINT('Ctrl Pts',(-10.8577446762401,8.62516846579284,2.08376661316993));
#2308=CARTESIAN_POINT('Ctrl Pts',(-10.8827870854611,8.6001260565719,2.1938846483605));
#2309=CARTESIAN_POINT('Ctrl Pts',(-10.9072928797374,8.57562026229556,2.30555108496445));
#2310=CARTESIAN_POINT('Ctrl Pts',(-10.9312757515314,8.55163739050154,2.4187193635856));
#2311=CARTESIAN_POINT('Ctrl Pts',(-10.9547484970034,8.52816464502955,2.53334554248914));
#2312=CARTESIAN_POINT('Ctrl Pts',(-10.9777231518923,8.50518999014069,2.64938806357995));
#2313=CARTESIAN_POINT('Ctrl Pts',(-11.0002111246449,8.48270201738805,2.76680753300494));
#2314=CARTESIAN_POINT('Ctrl Pts',(-11.0222233461623,8.46068979587067,2.88556648397899));
#2315=CARTESIAN_POINT('Ctrl Pts',(-11.0437702533491,8.4391428886839,3.00562926444654));
#2316=CARTESIAN_POINT('Ctrl Pts',(-11.0648617418564,8.41805140017658,3.12696194474252));
#2317=CARTESIAN_POINT('Ctrl Pts',(-11.0855071355979,8.39740600643506,3.24953221716206));
#2318=CARTESIAN_POINT('Ctrl Pts',(-11.1057151353328,8.3771980067002,3.37330930167229));
#2319=CARTESIAN_POINT('Ctrl Pts',(-11.1254938205186,8.35741932151433,3.49826384047486));
#2320=CARTESIAN_POINT('Ctrl Pts',(-11.1448507765528,8.33806236548011,3.62436777083752));
#2321=CARTESIAN_POINT('Ctrl Pts',(-11.1637932030996,8.31911993893336,3.75159419889147));
#2322=CARTESIAN_POINT('Ctrl Pts',(-11.1823280196777,8.30058512235526,3.87991727956696));
#2323=CARTESIAN_POINT('Ctrl Pts',(-11.2004619975099,8.28245114452302,4.00931207797729));
#2324=CARTESIAN_POINT('Ctrl Pts',(-11.2182017723358,8.26471136969712,4.13975450743479));
#2325=CARTESIAN_POINT('Ctrl Pts',(-11.2355537663536,8.24735937567932,4.2712213257738));
#2326=CARTESIAN_POINT('Ctrl Pts',(-11.252524132873,8.23038900915995,4.40369011596281));
#2327=CARTESIAN_POINT('Ctrl Pts',(-11.2691186997543,8.21379444227863,4.53713927061134));
#2328=CARTESIAN_POINT('Ctrl Pts',(-11.2853428928598,8.1975702491732,4.67154798132381));
#2329=CARTESIAN_POINT('Ctrl Pts',(-11.3012017769157,8.18171136511727,4.8068961915314));
#2330=CARTESIAN_POINT('Ctrl Pts',(-11.3167001504385,8.16621299159445,4.94316453210909));
#2331=CARTESIAN_POINT('Ctrl Pts',(-11.3318426267777,8.15107051525522,5.08033426116532));
#2332=CARTESIAN_POINT('Ctrl Pts',(-11.3466337133987,8.13627942863427,5.21838720514401));
#2333=CARTESIAN_POINT('Ctrl Pts',(-11.361077910812,8.12183523122099,5.3573056917445));
#2334=CARTESIAN_POINT('Ctrl Pts',(-11.3751797102176,8.10773343181532,5.49707252391444));
#2335=CARTESIAN_POINT('Ctrl Pts',(-11.3889435355034,8.09396960652955,5.63767097650828));
#2336=CARTESIAN_POINT('Ctrl Pts',(-11.4023737003495,8.08053944168342,5.77908478646148));
#2337=CARTESIAN_POINT('Ctrl Pts',(-11.415474363832,8.06743877820095,5.92129814448006));
#2338=CARTESIAN_POINT('Ctrl Pts',(-11.4282494750401,8.05466366699281,6.06429568896638));
#2339=CARTESIAN_POINT('Ctrl Pts',(-11.4407027661949,8.0422103758381,6.20806248816221));
#2340=CARTESIAN_POINT('Ctrl Pts',(-11.4528378048913,8.03007533714163,6.35258400767519));
#2341=CARTESIAN_POINT('Ctrl Pts',(-11.4646580314532,8.01825511057977,6.49784608157593));
#2342=CARTESIAN_POINT('Ctrl Pts',(-11.4761668013113,8.00674634072168,6.64383488258331));
#2343=CARTESIAN_POINT('Ctrl Pts',(-11.4873674276736,7.99554571435939,6.79053689137598));
#2344=CARTESIAN_POINT('Ctrl Pts',(-11.4982632168372,7.98464992519574,6.93793887004305));
#2345=CARTESIAN_POINT('Ctrl Pts',(-11.508857450204,7.97405569182891,7.0860278631877));
#2346=CARTESIAN_POINT('Ctrl Pts',(-11.5191533726782,7.96375976935478,7.23479119571102));
#2347=CARTESIAN_POINT('Ctrl Pts',(-11.5291541781588,7.95375896387419,7.38421647221831));
#2348=CARTESIAN_POINT('Ctrl Pts',(-11.5388629972653,7.9440501447677,7.53429157496683));
#2349=CARTESIAN_POINT('Ctrl Pts',(-11.548282881555,7.93463026047798,7.68500466441662));
#2350=CARTESIAN_POINT('Ctrl Pts',(-11.5574168041397,7.92549633789323,7.8363441671672));
#2351=CARTESIAN_POINT('Ctrl Pts',(-11.566267666515,7.91664547551796,7.98829875914383));
#2352=CARTESIAN_POINT('Ctrl Pts',(-11.574838303361,7.90807483867196,8.14085735022498));
#2353=CARTESIAN_POINT('Ctrl Pts',(-11.583131488224,7.89978165380898,8.29400906849928));
#2354=CARTESIAN_POINT('Ctrl Pts',(-11.5911499387336,7.8917632032994,8.44774324414582));
#2355=CARTESIAN_POINT('Ctrl Pts',(-11.5988963222788,7.88401681975416,8.60204939508224));
#2356=CARTESIAN_POINT('Ctrl Pts',(-11.6063732635571,7.87653987847583,8.75691722345272));
#2357=CARTESIAN_POINT('Ctrl Pts',(-11.6135833517896,7.86932979024332,8.91233661078466));
#2358=CARTESIAN_POINT('Ctrl Pts',(-11.6205291483314,7.86238399370152,9.06829761371836));
#2359=CARTESIAN_POINT('Ctrl Pts',(-11.6272131935007,7.85569994853224,9.22479045936928));
#2360=CARTESIAN_POINT('Ctrl Pts',(-11.633638015255,7.84927512677799,9.38180554116188));
#2361=CARTESIAN_POINT('Ctrl Pts',(-11.6398061311204,7.8431070109126,9.53933341323187));
#2362=CARTESIAN_POINT('Ctrl Pts',(-11.6457200432487,7.83719309878424,9.69736478339276));
#2363=CARTESIAN_POINT('Ctrl Pts',(-11.6513822353606,7.83153090667235,9.85589050654345));
#2364=CARTESIAN_POINT('Ctrl Pts',(-11.6567951688471,7.82611797318582,10.0149015777786));
#2365=CARTESIAN_POINT('Ctrl Pts',(-11.6619612793967,7.82095186263628,10.1743891259056));
#2366=CARTESIAN_POINT('Ctrl Pts',(-11.6668829729722,7.8160301690607,10.3343444060754));
#2367=CARTESIAN_POINT('Ctrl Pts',(-11.6715626246782,7.81135051735472,10.4947587972241));
#2368=CARTESIAN_POINT('Ctrl Pts',(-11.6760025785601,7.80691056347289,10.6556238011949));
#2369=CARTESIAN_POINT('Ctrl Pts',(-11.680205147144,7.80270799488899,10.8169310412852));
#2370=CARTESIAN_POINT('Ctrl Pts',(-11.6841726109851,7.79874053104788,10.978672261087));
#2371=CARTESIAN_POINT('Ctrl Pts',(-11.6879072184453,7.79500592358768,11.1408393230819));
#2372=CARTESIAN_POINT('Ctrl Pts',(-11.6914111847493,7.79150195728363,11.3034242076666));
#2373=CARTESIAN_POINT('Ctrl Pts',(-11.6946866987672,7.78822644326572,11.4664190081486));
#2374=CARTESIAN_POINT('Ctrl Pts',(-11.6977359308439,7.78517721118902,11.6298159252162));
#2375=CARTESIAN_POINT('Ctrl Pts',(-11.7005610402062,7.78235210182674,11.7936072616092));
#2376=CARTESIAN_POINT('Ctrl Pts',(-11.7031641826632,7.77974895936975,11.9577854166754));
#2377=CARTESIAN_POINT('Ctrl Pts',(-11.7055475179094,7.77736562412357,12.1223428810508));
#2378=CARTESIAN_POINT('Ctrl Pts',(-11.7077132177355,7.77519992429743,12.2872722310882));
#2379=CARTESIAN_POINT('Ctrl Pts',(-11.7096634583234,7.77324968370956,12.4525661275936));
#2380=CARTESIAN_POINT('Ctrl Pts',(-11.7114004114697,7.77151273056329,12.6182173148505));
#2381=CARTESIAN_POINT('Ctrl Pts',(-11.7129262362625,7.76998690577044,12.784218619525));
#2382=CARTESIAN_POINT('Ctrl Pts',(-11.7142430704205,7.76867007161245,12.9505629496591));
#2383=CARTESIAN_POINT('Ctrl Pts',(-11.7153530221214,7.76756011991159,13.11724329354));
#2384=CARTESIAN_POINT('Ctrl Pts',(-11.7162581606899,7.7666549813431,13.2842527188587));
#2385=CARTESIAN_POINT('Ctrl Pts',(-11.7169605229708,7.76595261906215,13.4515843678637));
#2386=CARTESIAN_POINT('Ctrl Pts',(-11.7174621211315,7.76545102090149,13.6192314521281));
#2387=CARTESIAN_POINT('Ctrl Pts',(-11.7177649498589,7.76514819217408,13.787187247521));
#2388=CARTESIAN_POINT('Ctrl Pts',(-11.7178709940182,7.76504214801475,13.9554450889489));
#2389=CARTESIAN_POINT('Ctrl Pts',(-11.7177822356307,7.76513090640221,14.1239983655344));
#2390=CARTESIAN_POINT('Ctrl Pts',(-11.7175006624119,7.76541247962105,14.2928405147203));
#2391=CARTESIAN_POINT('Ctrl Pts',(-11.7170282647145,7.76588487731845,14.4619650244925));
#2392=CARTESIAN_POINT('Ctrl Pts',(-11.7163670300462,7.76654611198677,14.6313654373236));
#2393=CARTESIAN_POINT('Ctrl Pts',(-11.7155189385276,7.76739420350533,14.8010353534169));
#2394=CARTESIAN_POINT('Ctrl Pts',(-11.7144859577241,7.76842718430883,14.9709684344842));
#2395=CARTESIAN_POINT('Ctrl Pts',(-11.7132700382867,7.7696431037463,15.1411584067365));
#2396=CARTESIAN_POINT('Ctrl Pts',(-11.7118731078725,7.77104003416041,15.3115990656314));
#2397=CARTESIAN_POINT('Ctrl Pts',(-11.710297072985,7.77261606904799,15.4822842724586));
#2398=CARTESIAN_POINT('Ctrl Pts',(-11.7085438247136,7.77436931731938,15.6532079469153));
#2399=CARTESIAN_POINT('Ctrl Pts',(-11.7066152431369,7.77629789889603,15.8243640610265));
#2400=CARTESIAN_POINT('Ctrl Pts',(-11.7045132025259,7.77839993950704,15.9957466323249));
#2401=CARTESIAN_POINT('Ctrl Pts',(-11.7022395756347,7.78067356639821,16.1673497177725));
#2402=CARTESIAN_POINT('Ctrl Pts',(-11.6997962397819,7.78311690225105,16.3391674063246));
#2403=CARTESIAN_POINT('Ctrl Pts',(-11.6971850769254,7.78572806510755,16.5111938159679));
#2404=CARTESIAN_POINT('Ctrl Pts',(-11.6944079664617,7.78850517557121,16.683423096144));
#2405=CARTESIAN_POINT('Ctrl Pts',(-11.6914667799376,7.79144636209535,16.8558494287813));
#2406=CARTESIAN_POINT('Ctrl Pts',(-11.6883633748691,7.79454976716384,17.028467029927));
#2407=CARTESIAN_POINT('Ctrl Pts',(-11.6850995892087,7.79781355282422,17.2012701510442));
#2408=CARTESIAN_POINT('Ctrl Pts',(-11.6816772348979,7.80123590713504,17.3742530806407));
#2409=CARTESIAN_POINT('Ctrl Pts',(-11.6780980937393,7.8048150482937,17.5474101451879));
#2410=CARTESIAN_POINT('Ctrl Pts',(-11.6743639232507,7.80854921878223,17.7207357071063));
#2411=CARTESIAN_POINT('Ctrl Pts',(-11.6704764611433,7.81243668088965,17.894224163155));
#2412=CARTESIAN_POINT('Ctrl Pts',(-11.6664374303053,7.81647571172768,18.067869942667));
#2413=CARTESIAN_POINT('Ctrl Pts',(-11.6622485436363,7.82066459839661,18.2416675058462));
#2414=CARTESIAN_POINT('Ctrl Pts',(-11.6579115087915,7.82500163324141,18.4156113420479));
#2415=CARTESIAN_POINT('Ctrl Pts',(-11.6534280333782,7.82948510865474,18.5896959680401));
#2416=CARTESIAN_POINT('Ctrl Pts',(-11.6487998243953,7.83411331763762,18.7639159266311));
#2417=CARTESIAN_POINT('Ctrl Pts',(-11.6440285870279,7.83888455500505,18.9382657853363));
#2418=CARTESIAN_POINT('Ctrl Pts',(-11.6391160236588,7.84379711837415,19.1127401350411));
#2419=CARTESIAN_POINT('Ctrl Pts',(-11.6340638328185,7.84884930921444,19.2873335886432));
#2420=CARTESIAN_POINT('Ctrl Pts',(-11.6288737080931,7.85403943393985,19.4620407797571));
#2421=CARTESIAN_POINT('Ctrl Pts',(-11.6235473372211,7.85936580481188,19.6368563612602));
#2422=CARTESIAN_POINT('Ctrl Pts',(-11.6180864003744,7.86482674165851,19.8117750044682));
#2423=CARTESIAN_POINT('Ctrl Pts',(-11.6124925677728,7.8704205742602,19.9867913988036));
#2424=CARTESIAN_POINT('Ctrl Pts',(-11.606767497512,7.87614564452092,20.1619002513235));
#2425=CARTESIAN_POINT('Ctrl Pts',(-11.6009128332561,7.88200030877686,20.337096286303));
#2426=CARTESIAN_POINT('Ctrl Pts',(-11.5949302021003,7.88798293993266,20.5123742448019));
#2427=CARTESIAN_POINT('Ctrl Pts',(-11.5888212120892,7.89409192994375,20.6877288842216));
#2428=CARTESIAN_POINT('Ctrl Pts',(-11.582587450707,7.90032569132599,20.8631549779185));
#2429=CARTESIAN_POINT('Ctrl Pts',(-11.5762304876133,7.90668265441969,21.0386473150779));
#2430=CARTESIAN_POINT('Ctrl Pts',(-11.5697518767934,7.91316126523953,21.2142007005611));
#2431=CARTESIAN_POINT('Ctrl Pts',(-11.5631531589155,7.91975998311749,21.3898099547391));
#2432=CARTESIAN_POINT('Ctrl Pts',(-11.5564358636469,7.92647727838604,21.5654699133891));
#2433=CARTESIAN_POINT('Ctrl Pts',(-11.5496015118762,7.93331163015673,21.7411754274296));
#2434=CARTESIAN_POINT('Ctrl Pts',(-11.5426516182701,7.94026152376285,21.9169213630782));
#2435=CARTESIAN_POINT('Ctrl Pts',(-11.535587691245,7.94732545078798,22.0927025988773));
#2436=CARTESIAN_POINT('Ctrl Pts',(-11.5284112323805,7.95450190965241,22.2685140220134));
#2437=CARTESIAN_POINT('Ctrl Pts',(-11.5211237360154,7.96178940601758,22.444350524935));
#2438=CARTESIAN_POINT('Ctrl Pts',(-11.5137266887891,7.9691864532439,22.6202070017203));
#2439=CARTESIAN_POINT('Ctrl Pts',(-11.5062215691539,7.97669157287907,22.7960783448421));
#2440=CARTESIAN_POINT('Ctrl Pts',(-11.4986098470301,7.9843032950028,22.9719594410526));
#2441=CARTESIAN_POINT('Ctrl Pts',(-11.4908929829286,7.99202015910435,23.1478451702084));
#2442=CARTESIAN_POINT('Ctrl Pts',(-11.4830724263089,7.99984071572409,23.3237304082222));
#2443=CARTESIAN_POINT('Ctrl Pts',(-11.4751496141274,8.00776352790559,23.4996100290081));
#2444=CARTESIAN_POINT('Ctrl Pts',(-11.4671259693027,8.01578717273024,23.6754789068365));
#2445=CARTESIAN_POINT('Ctrl Pts',(-11.4590028992294,8.02391024280356,23.8513319185085));
#2446=CARTESIAN_POINT('Ctrl Pts',(-11.4507817942395,8.03213134779344,24.02716394562));
#2447=CARTESIAN_POINT('Ctrl Pts',(-11.4424640261721,8.04044911586084,24.2029698767519));
#2448=CARTESIAN_POINT('Ctrl Pts',(-11.4340509517809,8.04886219025209,24.3787446070933));
#2449=CARTESIAN_POINT('Ctrl Pts',(-11.4255439160964,8.05736922593651,24.5544830381459));
#2450=CARTESIAN_POINT('Ctrl Pts',(-11.4169442557221,8.06596888631083,24.7301800773219));
#2451=CARTESIAN_POINT('Ctrl Pts',(-11.4082533023467,8.07465983968626,24.9058306377596));
#2452=CARTESIAN_POINT('Ctrl Pts',(-11.3994723857225,8.08344075631041,25.081429637643));
#2453=CARTESIAN_POINT('Ctrl Pts',(-11.3906028379866,8.09231030404638,25.2569720007499));
#2454=CARTESIAN_POINT('Ctrl Pts',(-11.3816459920458,8.10126714998711,25.432452651571));
#2455=CARTESIAN_POINT('Ctrl Pts',(-11.3726031764611,8.11030996557183,25.6078665071866));
#2456=CARTESIAN_POINT('Ctrl Pts',(-11.36347571145,8.11943743058296,25.7832084702431));
#2457=CARTESIAN_POINT('Ctrl Pts',(-11.3542649043179,8.12864823771508,25.9584734212328));
#2458=CARTESIAN_POINT('Ctrl Pts',(-11.3449720453853,8.13794109664767,26.1336562116307));
#2459=CARTESIAN_POINT('Ctrl Pts',(-11.3355984030985,8.14731473893441,26.3087516553212));
#2460=CARTESIAN_POINT('Ctrl Pts',(-11.3261452213711,8.15676792066181,26.4837545249401));
#2461=CARTESIAN_POINT('Ctrl Pts',(-11.3166137242487,8.1662994177843,26.6586595644879));
#2462=CARTESIAN_POINT('Ctrl Pts',(-11.307005119381,8.17590802265196,26.8334614993228));
#2463=CARTESIAN_POINT('Ctrl Pts',(-11.2973206019342,8.18559254009874,27.0081550470481));
#2464=CARTESIAN_POINT('Ctrl Pts',(-11.2875613583805,8.19535178365246,27.1827349283258));
#2465=CARTESIAN_POINT('Ctrl Pts',(-11.2777285701857,8.20518457184724,27.3571958769985));
#2466=CARTESIAN_POINT('Ctrl Pts',(-11.267823417953,8.21508972407999,27.5315326524362));
#2467=CARTESIAN_POINT('Ctrl Pts',(-11.2578470806392,8.2250660613938,27.7057400286632));
#2468=CARTESIAN_POINT('Ctrl Pts',(-11.2478007340819,8.23511240795101,27.8798127801511));
#2469=CARTESIAN_POINT('Ctrl Pts',(-11.237685549781,8.24522759225193,28.0537456690389));
#2470=CARTESIAN_POINT('Ctrl Pts',(-11.2275026935497,8.25541044848331,28.2275334311943));
#2471=CARTESIAN_POINT('Ctrl Pts',(-11.2172533242746,8.26565981775839,28.4011707640727));
#2472=CARTESIAN_POINT('Ctrl Pts',(-11.2069385924986,8.27597454953432,28.574652310576));
#2473=CARTESIAN_POINT('Ctrl Pts',(-11.1965596396133,8.28635350241967,28.7479726578818));
#2474=CARTESIAN_POINT('Ctrl Pts',(-11.1861175975708,8.29679554446221,28.9211263496217));
#2475=CARTESIAN_POINT('Ctrl Pts',(-11.1756135884701,8.3072995535629,29.094107894225));
#2476=CARTESIAN_POINT('Ctrl Pts',(-11.1650487241543,8.31786441787861,29.2669117750697));
#2477=CARTESIAN_POINT('Ctrl Pts',(-11.1544241058963,8.32848903613669,29.4395324593138));
#2478=CARTESIAN_POINT('Ctrl Pts',(-11.1437408238224,8.33917231821054,29.6119644086007));
#2479=CARTESIAN_POINT('Ctrl Pts',(-11.1329999571346,8.34991318489836,29.7842020849434));
#2480=CARTESIAN_POINT('Ctrl Pts',(-11.122202577395,8.36071056463797,29.9562399386544));
#2481=CARTESIAN_POINT('Ctrl Pts',(-11.111349751353,8.37156339067997,30.1280723989872));
#2482=CARTESIAN_POINT('Ctrl Pts',(-11.1004425439289,8.38247059810407,30.2996938637615));
#2483=CARTESIAN_POINT('Ctrl Pts',(-11.0894820211822,8.39343112085075,30.4710986893183));
#2484=CARTESIAN_POINT('Ctrl Pts',(-11.0784692531651,8.40444388886786,30.6422811805759));
#2485=CARTESIAN_POINT('Ctrl Pts',(-11.0674053171582,8.41550782487477,30.813235580379));
#2486=CARTESIAN_POINT('Ctrl Pts',(-11.0562912920785,8.42662184995449,30.9839560761822));
#2487=CARTESIAN_POINT('Ctrl Pts',(-11.0451282523374,8.4377848896956,31.1544368077632));
#2488=CARTESIAN_POINT('Ctrl Pts',(-11.0339172620496,8.44899587998339,31.3246718743819));
#2489=CARTESIAN_POINT('Ctrl Pts',(-11.0226593687542,8.4602537732788,31.4946553425739));
#2490=CARTESIAN_POINT('Ctrl Pts',(-11.0113555981387,8.4715575438943,31.6643812527333));
#2491=CARTESIAN_POINT('Ctrl Pts',(-11.0000069462933,8.4829061957397,31.8338436286254));
#2492=CARTESIAN_POINT('Ctrl Pts',(-10.9886143852962,8.49429875673677,32.0030364711419));
#2493=CARTESIAN_POINT('Ctrl Pts',(-10.9771788738467,8.50573426818624,32.1719537461039));
#2494=CARTESIAN_POINT('Ctrl Pts',(-10.9657013660438,8.51721177598918,32.3405893742324));
#2495=CARTESIAN_POINT('Ctrl Pts',(-10.9541828213911,8.52873032064187,32.5089372197221));
#2496=CARTESIAN_POINT('Ctrl Pts',(-10.942624213223,8.54028892881001,32.6769910805564));
#2497=CARTESIAN_POINT('Ctrl Pts',(-10.9310265404324,8.55188660160053,32.8447446752282));
#2498=CARTESIAN_POINT('Ctrl Pts',(-10.9193908266108,8.56352231542218,33.0121916431283));
#2499=CARTESIAN_POINT('Ctrl Pts',(-10.9077181090194,8.5751950330136,33.1793255560158));
#2500=CARTESIAN_POINT('Ctrl Pts',(-10.896009430649,8.58690371138401,33.3461399260494));
#2501=CARTESIAN_POINT('Ctrl Pts',(-10.8842658306189,8.59864731141409,33.5126282158195));
#2502=CARTESIAN_POINT('Ctrl Pts',(-10.8724883361941,8.61042480583888,33.6787838461601));
#2503=CARTESIAN_POINT('Ctrl Pts',(-10.860677951882,8.62223519015093,33.8446002082583));
#2504=CARTESIAN_POINT('Ctrl Pts',(-10.8488356580483,8.63407748398466,34.0100706614792));
#2505=CARTESIAN_POINT('Ctrl Pts',(-10.836962421438,8.64595072059499,34.1751885131511));
#2506=CARTESIAN_POINT('Ctrl Pts',(-10.8250592025728,8.6578539394602,34.3399470032256));
#2507=CARTESIAN_POINT('Ctrl Pts',(-10.8131269646688,8.66978617736418,34.5043392862774));
#2508=CARTESIAN_POINT('Ctrl Pts',(-10.80116668132,8.68174646071294,34.6683584162144));
#2509=CARTESIAN_POINT('Ctrl Pts',(-10.7891793461376,8.69373379589537,34.8319973259792));
#2510=CARTESIAN_POINT('Ctrl Pts',(-10.7771659764577,8.70574716557524,34.995248823168));
#2511=CARTESIAN_POINT('Ctrl Pts',(-10.7651276085411,8.71778553349182,35.1581056090389));
#2512=CARTESIAN_POINT('Ctrl Pts',(-10.7530652947924,8.72984784724055,35.3205602915249));
#2513=CARTESIAN_POINT('Ctrl Pts',(-10.7409801002006,8.74193304183239,35.4826054014904));
#2514=CARTESIAN_POINT('Ctrl Pts',(-10.7288730990287,8.75404004300431,35.6442334057001));
#2515=CARTESIAN_POINT('Ctrl Pts',(-10.7167453716046,8.76616777042835,35.8054367258646));
#2516=CARTESIAN_POINT('Ctrl Pts',(-10.7045980002623,8.77831514177061,35.9662077376112));
#2517=CARTESIAN_POINT('Ctrl Pts',(-10.6924320639359,8.79048107809703,36.1265387449323));
#2518=CARTESIAN_POINT('Ctrl Pts',(-10.6802486333718,8.80266450866117,36.2864219612298));
#2519=CARTESIAN_POINT('Ctrl Pts',(-10.6680487655096,8.81486437652333,36.4458494869278));
#2520=CARTESIAN_POINT('Ctrl Pts',(-10.6558334995607,8.82707964247222,36.6048132902955));
#2521=CARTESIAN_POINT('Ctrl Pts',(-10.6436038490003,8.83930929303266,36.7633051825275));
#2522=CARTESIAN_POINT('Ctrl Pts',(-10.6313608102891,8.85155233174386,36.9213168147103));
#2523=CARTESIAN_POINT('Ctrl Pts',(-10.6191053836627,8.86380775837029,37.078839690208));
#2524=CARTESIAN_POINT('Ctrl Pts',(-10.6068385900423,8.87607455199069,37.2358651723351));
#2525=CARTESIAN_POINT('Ctrl Pts',(-10.5945614902624,8.88835165177057,37.3923844943735));
#2526=CARTESIAN_POINT('Ctrl Pts',(-10.5822752016323,8.90063794040066,37.548388767642));
#2527=CARTESIAN_POINT('Ctrl Pts',(-10.5699809200165,8.9129322220165,37.7038689928609));
#2528=CARTESIAN_POINT('Ctrl Pts',(-10.557679904717,8.92523323731596,37.8588160504549));
#2529=CARTESIAN_POINT('Ctrl Pts',(-10.5453734551048,8.93753968692818,38.0132206861677));
#2530=CARTESIAN_POINT('Ctrl Pts',(-10.5330628897834,8.9498502522496,38.1670734982363));
#2531=CARTESIAN_POINT('Ctrl Pts',(-10.5207495253423,8.96216361669071,38.3203649239974));
#2532=CARTESIAN_POINT('Ctrl Pts',(-10.5084346537405,8.97447848829249,38.473085226528));
#2533=CARTESIAN_POINT('Ctrl Pts',(-10.4961195248262,8.98679361720676,38.6252244818748));
#2534=CARTESIAN_POINT('Ctrl Pts',(-10.4838053678891,8.99910777414382,38.7767725714102));
#2535=CARTESIAN_POINT('Ctrl Pts',(-10.4714934088776,9.01141973315538,38.9277191736612));
#2536=CARTESIAN_POINT('Ctrl Pts',(-10.4591848899784,9.02372825205459,39.0780537563136));
#2537=CARTESIAN_POINT('Ctrl Pts',(-10.4468810865986,9.0360320554344,39.2277655681966));
#2538=CARTESIAN_POINT('Ctrl Pts',(-10.4345833294337,9.04832981259928,39.3768436311302));
#2539=CARTESIAN_POINT('Ctrl Pts',(-10.4222930070556,9.06062013497739,39.5252767324411));
#2540=CARTESIAN_POINT('Ctrl Pts',(-10.4100115542085,9.07290158782441,39.6730534179594));
#2541=CARTESIAN_POINT('Ctrl Pts',(-10.3977404441061,9.08517269792689,39.8201619849288));
#2542=CARTESIAN_POINT('Ctrl Pts',(-10.3854811794176,9.09743196261538,39.9665904748214));
#2543=CARTESIAN_POINT('Ctrl Pts',(-10.3732352830224,9.10967785901058,40.1123266664933));
#2544=CARTESIAN_POINT('Ctrl Pts',(-10.3610042912,9.12190885083296,40.2573580683092));
#2545=CARTESIAN_POINT('Ctrl Pts',(-10.3487897676967,9.13412337433623,40.4016719029139));
#2546=CARTESIAN_POINT('Ctrl Pts',(-10.3365933154195,9.14631982661342,40.545255092576));
#2547=CARTESIAN_POINT('Ctrl Pts',(-10.3244165895591,9.15849655247382,40.688094244623));
#2548=CARTESIAN_POINT('Ctrl Pts',(-10.3122613089205,9.17065183311242,40.8301756361081));
#2549=CARTESIAN_POINT('Ctrl Pts',(-10.3001292711143,9.18278387091867,40.9714852006911));
#2550=CARTESIAN_POINT('Ctrl Pts',(-10.288022340669,9.194890801364,41.1120084990888));
#2551=CARTESIAN_POINT('Ctrl Pts',(-10.2759424321676,9.2069707098654,41.2517306865432));
#2552=CARTESIAN_POINT('Ctrl Pts',(-10.2638914938321,9.2190216482009,41.3906364803996));
#2553=CARTESIAN_POINT('Ctrl Pts',(-10.2518714937724,9.23104164826061,41.5287101296922));
#2554=CARTESIAN_POINT('Ctrl Pts',(-10.2398843979278,9.24302874410511,41.6659353787007));
#2555=CARTESIAN_POINT('Ctrl Pts',(-10.2279321869023,9.25498095513067,41.802295458079));
#2556=CARTESIAN_POINT('Ctrl Pts',(-10.216016892697,9.26689624933597,41.937773088657));
#2557=CARTESIAN_POINT('Ctrl Pts',(-10.2041406311661,9.27877251086683,42.0723504849643));
#2558=CARTESIAN_POINT('Ctrl Pts',(-10.1923056320349,9.29060750999807,42.2060093507332));
#2559=CARTESIAN_POINT('Ctrl Pts',(-10.180514280481,9.30239886155196,42.3387308981171));
#2560=CARTESIAN_POINT('Ctrl Pts',(-10.1687691040945,9.31414403793841,42.4704957612522));
#2561=CARTESIAN_POINT('Ctrl Pts',(-10.1570727281336,9.32584041389934,42.6012838501646));
#2562=CARTESIAN_POINT('Ctrl Pts',(-10.1454278381741,9.33748530385883,42.731074216748));
#2563=CARTESIAN_POINT('Ctrl Pts',(-10.1338371447747,9.34907599725826,42.8598449292793));
#2564=CARTESIAN_POINT('Ctrl Pts',(-10.1223033342453,9.36060980778762,42.987572908422));
#2565=CARTESIAN_POINT('Ctrl Pts',(-10.1108291127562,9.37208402927674,43.1142340151273));
#2566=CARTESIAN_POINT('Ctrl Pts',(-10.0994172799839,9.38349586204908,43.2398032209108));
#2567=CARTESIAN_POINT('Ctrl Pts',(-10.0880707919247,9.39484235010826,43.364254742525));
#2568=CARTESIAN_POINT('Ctrl Pts',(-10.07679283037,9.406120311663,43.4875622096745));
#2569=CARTESIAN_POINT('Ctrl Pts',(-10.0655868635681,9.4173262784649,43.6096987688782));
#2570=CARTESIAN_POINT('Ctrl Pts',(-10.0544566013588,9.42845654067416,43.730636420491));
#2571=CARTESIAN_POINT('Ctrl Pts',(-10.0434059540411,9.43950718799183,43.8503453472668));
#2572=CARTESIAN_POINT('Ctrl Pts',(-10.0324389931962,9.45047414883678,43.9687933444019));
#2573=CARTESIAN_POINT('Ctrl Pts',(-10.0215599035865,9.4613532384465,44.0859449666181));
#2574=CARTESIAN_POINT('Ctrl Pts',(-10.0107729723035,9.47214016972947,44.2017618404906));
#2575=CARTESIAN_POINT('Ctrl Pts',(-10.0000826029591,9.48283053907387,44.316204002844));
#2576=CARTESIAN_POINT('Ctrl Pts',(-9.98949333011813,9.49341981191483,44.4292307915388));
#2577=CARTESIAN_POINT('Ctrl Pts',(-9.97900981675751,9.50390332527545,44.5408022654133));
#2578=CARTESIAN_POINT('Ctrl Pts',(-9.96863691215312,9.51427622987984,44.6508793172675));
#2579=CARTESIAN_POINT('Ctrl Pts',(-9.95837993128746,9.5245332107455,44.7594194457915));
#2580=CARTESIAN_POINT('Ctrl Pts',(-9.94824488151836,9.53466826051459,44.8663734463802));
#2581=CARTESIAN_POINT('Ctrl Pts',(-9.93823874350706,9.54467439852589,44.9716813124007));
#2582=CARTESIAN_POINT('Ctrl Pts',(-9.9283696276572,9.55454351437576,45.0752697608253));
#2583=CARTESIAN_POINT('Ctrl Pts',(-9.91864598249262,9.56426715954034,45.1770614658216));
#2584=CARTESIAN_POINT('Ctrl Pts',(-9.90907600575623,9.57383713627672,45.2769819503721));
#2585=CARTESIAN_POINT('Ctrl Pts',(-9.89966676244621,9.58324637958675,45.3749697030599));
#2586=CARTESIAN_POINT('Ctrl Pts',(-9.89042413663581,9.59248900539714,45.4709772814908));
#2587=CARTESIAN_POINT('Ctrl Pts',(-9.88135582612409,9.60155731590886,45.5649400009493));
#2588=CARTESIAN_POINT('Ctrl Pts',(-9.87247312390068,9.61044001813228,45.6567572658475));
#2589=CARTESIAN_POINT('Ctrl Pts',(-9.8637946795135,9.61911846251946,45.7462535420723));
#2590=CARTESIAN_POINT('Ctrl Pts',(-9.85534271187367,9.62757043015929,45.8332167249455));
#2591=CARTESIAN_POINT('Ctrl Pts',(-9.84713702056402,9.63577612146895,45.9174592875362));
#2592=CARTESIAN_POINT('Ctrl Pts',(-9.83918655803197,9.64372658400099,45.9989039663513));
#2593=CARTESIAN_POINT('Ctrl Pts',(-9.83149093676795,9.65142220526501,46.0775689394472));
#2594=CARTESIAN_POINT('Ctrl Pts',(-9.82406128989149,9.65885185214147,46.1533569139459));
#2595=CARTESIAN_POINT('Ctrl Pts',(-9.81694629911242,9.66596684292053,46.2257921003342));
#2596=CARTESIAN_POINT('Ctrl Pts',(-9.81023370505198,9.67267943698098,46.2940049219995));
#2597=CARTESIAN_POINT('Ctrl Pts',(-9.80399725185192,9.67891589018103,46.3572686984932));
#2598=CARTESIAN_POINT('Ctrl Pts',(-9.79821241212423,9.68470072990872,46.4158512902363));
#2599=CARTESIAN_POINT('Ctrl Pts',(-9.79282876140417,9.69008438062878,46.4702856127376));
#2600=CARTESIAN_POINT('Ctrl Pts',(-9.78804789564419,9.69486524638877,46.518565974092));
#2601=CARTESIAN_POINT('Ctrl Pts',(-9.78518977644309,9.69772336558987,46.5474058444139));
#2602=CARTESIAN_POINT('Ctrl Pts',(-9.78378500271672,9.69912813931623,46.5615719364918));
#2603=CARTESIAN_POINT('Ctrl Pts',(-9.78317291056358,9.69974023146938,46.5677383440216));
#2604=CARTESIAN_POINT('Ctrl Pts',(-9.78294818272295,9.69996495931,46.57));
#2605=CARTESIAN_POINT('',(-9.03434978982999,9.03434978982987,5.92923062345849E-20));
#2606=CARTESIAN_POINT('Ctrl Pts',(-9.03434978982999,9.03434978982987,1.1858461246917E-19));
#2607=CARTESIAN_POINT('Ctrl Pts',(-9.01370411822129,9.05499546143857,1.64494273673899E-14));
#2608=CARTESIAN_POINT('Ctrl Pts',(-8.99299914812729,9.07555860628388,0.00174870055051429));
#2609=CARTESIAN_POINT('Ctrl Pts',(-8.92464797216468,9.14298040451743,0.0132795362471085));
#2610=CARTESIAN_POINT('Ctrl Pts',(-8.87817718833824,9.1880824142861,0.0303365948508926));
#2611=CARTESIAN_POINT('Ctrl Pts',(-8.76409707335025,9.29723657478037,0.0932961729665626));
#2612=CARTESIAN_POINT('Ctrl Pts',(-8.70000484342662,9.35709469426111,0.148449645964364));
#2613=CARTESIAN_POINT('Ctrl Pts',(-8.55071775480276,9.49417185049463,0.311619442911018));
#2614=CARTESIAN_POINT('Ctrl Pts',(-8.46969803423747,9.56618044918035,0.435751440708166));
#2615=CARTESIAN_POINT('Ctrl Pts',(-8.25298577210388,9.7552583128559,0.829047270036722));
#2616=CARTESIAN_POINT('Ctrl Pts',(-8.12885920628673,9.85782242262669,1.15502696282497));
#2617=CARTESIAN_POINT('Ctrl Pts',(-7.88864697942871,10.0519332117045,1.89516514020164));
#2618=CARTESIAN_POINT('Ctrl Pts',(-7.76970428305477,10.1432373061446,2.37784122681604));
#2619=CARTESIAN_POINT('Ctrl Pts',(-7.37298693914871,10.4412086342122,4.25621729071567));
#2620=CARTESIAN_POINT('Ctrl Pts',(-7.11208585500601,10.6154511051763,6.25453693995016));
#2621=CARTESIAN_POINT('Ctrl Pts',(-6.91384700471171,10.7443684759044,9.86628638103339));
#2622=CARTESIAN_POINT('Ctrl Pts',(-6.88043827884675,10.7656420639245,10.8174557739207));
#2623=CARTESIAN_POINT('Ctrl Pts',(-6.84592152898067,10.7876147826365,12.4934351870779));
#2624=CARTESIAN_POINT('Ctrl Pts',(-6.83913294409908,10.7919049673257,13.2320886819679));
#2625=CARTESIAN_POINT('Ctrl Pts',(-6.83918700815184,10.7918707052455,14.843507405307));
#2626=CARTESIAN_POINT('Ctrl Pts',(-6.84889793416082,10.7857298747876,15.723800803546));
#2627=CARTESIAN_POINT('Ctrl Pts',(-6.90616363184035,10.7492374088084,18.6287804137973));
#2628=CARTESIAN_POINT('Ctrl Pts',(-6.98793309531046,10.6968805592314,20.6949995912792));
#2629=CARTESIAN_POINT('Ctrl Pts',(-7.38516224054042,10.4318234624767,28.4493707167081));
#2630=CARTESIAN_POINT('Ctrl Pts',(-7.90441723894007,10.0613943745101,34.8677611650634));
#2631=CARTESIAN_POINT('Ctrl Pts',(-8.52204534483793,9.52006407815649,41.6742280946865));
#2632=CARTESIAN_POINT('Ctrl Pts',(-8.62658357296992,9.42563450186485,42.796649343921));
#2633=CARTESIAN_POINT('Ctrl Pts',(-8.78554829899745,9.27675162877823,44.4587777672349));
#2634=CARTESIAN_POINT('Ctrl Pts',(-8.83744401857119,9.22734713860756,44.9946681849538));
#2635=CARTESIAN_POINT('Ctrl Pts',(-8.91093926122613,9.15614252538704,45.7440652270204));
#2636=CARTESIAN_POINT('Ctrl Pts',(-8.93223547281329,9.13537194311248,45.9601871881589));
#2637=CARTESIAN_POINT('Ctrl Pts',(-8.96161213211876,9.10651336548202,46.2567450107927));
#2638=CARTESIAN_POINT('Ctrl Pts',(-8.96986679513766,9.09838332679877,46.3399261634434));
#2639=CARTESIAN_POINT('Ctrl Pts',(-8.98427060325757,9.08415690881406,46.4847558380599));
#2640=CARTESIAN_POINT('Ctrl Pts',(-8.9904776266962,9.07801050031074,46.5471062108961));
#2641=CARTESIAN_POINT('Ctrl Pts',(-8.99276289938399,9.0757461227969,46.57));
#2642=CARTESIAN_POINT('Ctrl Pts',(-9.07574612279692,8.99276289938397,46.57));
#2643=CARTESIAN_POINT('Ctrl Pts',(-9.08006055352561,8.98840865604451,46.5263793287087));
#2644=CARTESIAN_POINT('Ctrl Pts',(-9.09218510946312,8.97616767424307,46.4034692726044));
#2645=CARTESIAN_POINT('Ctrl Pts',(-9.26095596504874,8.80463801900239,44.673812451268));
#2646=CARTESIAN_POINT('Ctrl Pts',(-9.40173783470277,8.65355107370387,43.0921588568366));
#2647=CARTESIAN_POINT('Ctrl Pts',(-9.80155103412034,8.20570532384037,38.230966555391));
#2648=CARTESIAN_POINT('Ctrl Pts',(-10.034696968278,7.91462601139211,34.8203026316131));
#2649=CARTESIAN_POINT('Ctrl Pts',(-10.447920305648,7.36353929896444,27.5697750160154));
#2650=CARTESIAN_POINT('Ctrl Pts',(-10.6338101755803,7.08448884178869,23.3031193244518));
#2651=CARTESIAN_POINT('Ctrl Pts',(-10.7556501879788,6.8962213707633,18.0224302390866));
#2652=CARTESIAN_POINT('Ctrl Pts',(-10.7766467781734,6.86317363830731,16.7364729001805));
#2653=CARTESIAN_POINT('Ctrl Pts',(-10.7919849336864,6.83901535228539,14.6830088845262));
#2654=CARTESIAN_POINT('Ctrl Pts',(-10.7935825865118,6.83648834592121,13.9016911287656));
#2655=CARTESIAN_POINT('Ctrl Pts',(-10.7863937254371,6.8478249866947,12.3564347948802));
#2656=CARTESIAN_POINT('Ctrl Pts',(-10.7777318178176,6.86150391895216,11.585616034368));
#2657=CARTESIAN_POINT('Ctrl Pts',(-10.73900322874,6.92204317222927,9.62169469529364));
#2658=CARTESIAN_POINT('Ctrl Pts',(-10.6990903870186,6.98442836112191,8.39893686908833));
#2659=CARTESIAN_POINT('Ctrl Pts',(-10.5609626811238,7.19182466421598,5.87591422219616));
#2660=CARTESIAN_POINT('Ctrl Pts',(-10.4480247555708,7.36052943888943,4.41477286050644));
#2661=CARTESIAN_POINT('Ctrl Pts',(-10.1565445896354,7.7532978181975,2.41668850394142));
#2662=CARTESIAN_POINT('Ctrl Pts',(-9.97868410790993,7.9908879093122,1.39635817171293));
#2663=CARTESIAN_POINT('Ctrl Pts',(-9.62538361973827,8.40252518099847,0.547153639382115));
#2664=CARTESIAN_POINT('Ctrl Pts',(-9.53997310810566,8.50002975813978,0.378014312289937));
#2665=CARTESIAN_POINT('Ctrl Pts',(-9.37023861614439,8.68607254101849,0.158463219287476));
#2666=CARTESIAN_POINT('Ctrl Pts',(-9.29184443130479,8.77022674218864,0.0836106720807492));
#2667=CARTESIAN_POINT('Ctrl Pts',(-9.16279298505775,8.90424540531085,0.020577680039223));
#2668=CARTESIAN_POINT('Ctrl Pts',(-9.12097466547898,8.9470963178788,0.00778001661238339));
#2669=CARTESIAN_POINT('Ctrl Pts',(-9.06338071542044,9.00524868700416,0.000866125447006851));
#2670=CARTESIAN_POINT('Ctrl Pts',(-9.04887992060838,9.01981965905147,-1.15765260942723E-14));
#2671=CARTESIAN_POINT('Ctrl Pts',(-9.03434978982999,9.03434978982987,1.1858461246917E-19));
#2672=CARTESIAN_POINT('Origin',(-9.74145657101648,9.74145657101648,23.2841180088295));
#2673=CARTESIAN_POINT('Origin',(0.,0.,0.));
#2674=CARTESIAN_POINT('',(-12.7765,-1.56466998293062E-15,50.));
#2675=CARTESIAN_POINT('Origin',(0.,0.,50.));
#2676=CARTESIAN_POINT('',(-12.7765,-1.56466998293062E-15,-1.92408520545161E-6));
#2677=CARTESIAN_POINT('',(-12.7765,-1.56466998293062E-15,0.));
#2678=CARTESIAN_POINT('',(9.03434978983031,9.03434978982954,6.54783880000457E-12));
#2679=CARTESIAN_POINT('Origin',(0.,0.,0.));
#2680=CARTESIAN_POINT('',(9.0757461227969,8.99276289938399,46.57));
#2681=CARTESIAN_POINT('Ctrl Pts',(9.03434978983031,9.03434978982954,6.54783880000457E-12));
#2682=CARTESIAN_POINT('Ctrl Pts',(9.06053655157394,9.00816302808591,9.30939987788963E-5));
#2683=CARTESIAN_POINT('Ctrl Pts',(9.08616451893404,8.98231253176045,0.00356750643378869));
#2684=CARTESIAN_POINT('Ctrl Pts',(9.1612766137857,8.90589015315252,0.0227665567751265));
#2685=CARTESIAN_POINT('Ctrl Pts',(9.21158625202095,8.85380288611621,0.0467148783008619));
#2686=CARTESIAN_POINT('Ctrl Pts',(9.30993775503915,8.75043326363147,0.111100007668016));
#2687=CARTESIAN_POINT('Ctrl Pts',(9.40482442797195,8.64969808406833,0.186182885329685));
#2688=CARTESIAN_POINT('Ctrl Pts',(9.57877787832916,8.45542006280125,0.46705899896371));
#2689=CARTESIAN_POINT('Ctrl Pts',(9.67354869613847,8.34801808774498,0.642032553391547));
#2690=CARTESIAN_POINT('Ctrl Pts',(9.95592464451936,8.01200801901997,1.45045562575875));
#2691=CARTESIAN_POINT('Ctrl Pts',(10.0848485356649,7.84591514966478,2.07183445459722));
#2692=CARTESIAN_POINT('Ctrl Pts',(10.4200949106393,7.40414279925586,4.04762794435223));
#2693=CARTESIAN_POINT('Ctrl Pts',(10.6064202886352,7.12578293854434,6.10008882383772));
#2694=CARTESIAN_POINT('Ctrl Pts',(10.7412689185043,6.91867314634404,9.82338925967272));
#2695=CARTESIAN_POINT('Ctrl Pts',(10.7630086447765,6.88455880934102,10.7817184227333));
#2696=CARTESIAN_POINT('Ctrl Pts',(10.7854502258517,6.84933200638295,12.4653382284437));
#2697=CARTESIAN_POINT('Ctrl Pts',(10.7898797071241,6.8423276880786,13.2048260377894));
#2698=CARTESIAN_POINT('Ctrl Pts',(10.7900994899062,6.84198109449925,14.8130587485331));
#2699=CARTESIAN_POINT('Ctrl Pts',(10.784133436714,6.85141024830177,15.6893521256085));
#2700=CARTESIAN_POINT('Ctrl Pts',(10.7487175948192,6.9069615540974,18.548092126598));
#2701=CARTESIAN_POINT('Ctrl Pts',(10.6982706114714,6.98573032432885,20.5699694055286));
#2702=CARTESIAN_POINT('Ctrl Pts',(10.4365404469005,7.37842962121862,28.3397227767841));
#2703=CARTESIAN_POINT('Ctrl Pts',(10.0623044335557,7.9038798763047,34.8366316592228));
#2704=CARTESIAN_POINT('Ctrl Pts',(9.51494542594698,8.5277850845181,41.711651964028));
#2705=CARTESIAN_POINT('Ctrl Pts',(9.41905094142428,8.63381091519122,42.8497380930154));
#2706=CARTESIAN_POINT('Ctrl Pts',(9.26733080962908,8.7954984166084,44.5389324675774));
#2707=CARTESIAN_POINT('Ctrl Pts',(9.21703102236987,8.84813960924294,45.0823590548655));
#2708=CARTESIAN_POINT('Ctrl Pts',(9.15156076088966,8.91564385839555,45.7694194424163));
#2709=CARTESIAN_POINT('Ctrl Pts',(9.13166785232753,8.93602009902344,45.9783370562805));
#2710=CARTESIAN_POINT('Ctrl Pts',(9.10318359664498,8.9649946003258,46.267504594509));
#2711=CARTESIAN_POINT('Ctrl Pts',(9.09576631724268,8.97252019935573,46.347976453576));
#2712=CARTESIAN_POINT('Ctrl Pts',(9.08333231728918,8.98510239482703,46.4719766469392));
#2713=CARTESIAN_POINT('Ctrl Pts',(9.0804379289893,8.98802595207824,46.4975658413161));
#2714=CARTESIAN_POINT('Ctrl Pts',(9.07702517137187,8.99147198889022,46.5327171379746));
#2715=CARTESIAN_POINT('Ctrl Pts',(9.0759765016702,8.99253041332224,46.5444469366102));
#2716=CARTESIAN_POINT('Ctrl Pts',(9.07515162416587,8.99336285849032,46.5605329194602));
#2717=CARTESIAN_POINT('Ctrl Pts',(9.07508221934635,8.99343292918847,46.5668339349145));
#2718=CARTESIAN_POINT('Ctrl Pts',(9.0757461227969,8.99276289938399,46.57));
#2719=CARTESIAN_POINT('',(8.99276289938397,9.07574612279692,46.57));
#2720=CARTESIAN_POINT('Origin',(0.,0.,46.57));
#2721=CARTESIAN_POINT('',(9.0332671204726,9.03543232945656,0.));
#2722=CARTESIAN_POINT('Ctrl Pts',(8.99276289938397,9.07574612279692,46.57));
#2723=CARTESIAN_POINT('Ctrl Pts',(8.99215861176465,9.07634488516973,46.5688385566577));
#2724=CARTESIAN_POINT('Ctrl Pts',(8.99163369356918,9.07686488538474,46.567287411624));
#2725=CARTESIAN_POINT('Ctrl Pts',(8.9896756144145,9.07880439190185,46.5603906057586));
#2726=CARTESIAN_POINT('Ctrl Pts',(8.98843384475773,9.08003364466254,46.552353869776));
#2727=CARTESIAN_POINT('Ctrl Pts',(8.97911381864982,9.08925775605628,46.4822264934745));
#2728=CARTESIAN_POINT('Ctrl Pts',(8.97515862826574,9.09316028637572,46.4181019737828));
#2729=CARTESIAN_POINT('Ctrl Pts',(8.80740683979809,9.25849755805162,44.7863669772243));
#2730=CARTESIAN_POINT('Ctrl Pts',(8.6622250643732,9.39376056201857,43.2141921976503));
#2731=CARTESIAN_POINT('Ctrl Pts',(8.22516082110185,9.78463236403105,38.4800131940976));
#2732=CARTESIAN_POINT('Ctrl Pts',(7.9444473754584,10.0108841583421,35.2069965588361));
#2733=CARTESIAN_POINT('Ctrl Pts',(7.34477298800856,10.4638690343457,27.421354131002));
#2734=CARTESIAN_POINT('Ctrl Pts',(7.00547994048343,10.6856380159549,22.2550757859906));
#2735=CARTESIAN_POINT('Ctrl Pts',(6.85927337524372,10.7791563207502,16.558185694788));
#2736=CARTESIAN_POINT('Ctrl Pts',(6.84278656843653,10.7895903312812,15.573114546064));
#2737=CARTESIAN_POINT('Ctrl Pts',(6.83398711316849,10.7951652338225,13.8547396729319));
#2738=CARTESIAN_POINT('Ctrl Pts',(6.83668754510655,10.7934616502683,13.1135844483845));
#2739=CARTESIAN_POINT('Ctrl Pts',(6.85942603567795,10.7790274224446,11.535993320632));
#2740=CARTESIAN_POINT('Ctrl Pts',(6.88195321830149,10.7647326083274,10.6909479577042));
#2741=CARTESIAN_POINT('Ctrl Pts',(6.98504477683858,10.6983428720365,8.26604966531892));
#2742=CARTESIAN_POINT('Ctrl Pts',(7.10521179166576,10.6214808797772,6.58442605021585));
#2743=CARTESIAN_POINT('Ctrl Pts',(7.37680561836568,10.4321037144261,4.49234863956084));
#2744=CARTESIAN_POINT('Ctrl Pts',(7.45876828187864,10.3740069329659,3.9491465521137));
#2745=CARTESIAN_POINT('Ctrl Pts',(7.66777488046636,10.2207473534291,2.8093759666454));
#2746=CARTESIAN_POINT('Ctrl Pts',(7.81400008313885,10.1111227398037,2.14412802219277));
#2747=CARTESIAN_POINT('Ctrl Pts',(8.09640123977667,9.88452382849319,1.23940604602093));
#2748=CARTESIAN_POINT('Ctrl Pts',(8.2233057476887,9.78038308303975,0.892993336868689));
#2749=CARTESIAN_POINT('Ctrl Pts',(8.43670318874393,9.59520348914741,0.490278003086449));
#2750=CARTESIAN_POINT('Ctrl Pts',(8.53365009082058,9.5101113627917,0.326053506105613));
#2751=CARTESIAN_POINT('Ctrl Pts',(8.71039789104895,9.34740301246163,0.13990966477871));
#2752=CARTESIAN_POINT('Ctrl Pts',(8.78721349050889,9.27589744039965,0.0732452538419569));
#2753=CARTESIAN_POINT('Ctrl Pts',(8.91765483883772,9.14967071943683,0.0189842120285601));
#2754=CARTESIAN_POINT('Ctrl Pts',(8.95939316520737,9.10891806771905,0.00541066854897671));
#2755=CARTESIAN_POINT('Ctrl Pts',(9.01462691103997,9.05403954445059,0.000422469110876861));
#2756=CARTESIAN_POINT('Ctrl Pts',(9.02398302008798,9.04471420504253,-1.92408520542661E-6));
#2757=CARTESIAN_POINT('Ctrl Pts',(9.0332671204726,9.03543232945656,-1.92408520545161E-6));
#2758=CARTESIAN_POINT('Origin',(0.,0.,0.));
#2759=CARTESIAN_POINT('Origin',(0.,0.,0.));
#2760=CARTESIAN_POINT('Origin',(8.99285817812345,9.0758414015364,46.57));
#2761=CARTESIAN_POINT('',(9.78294818272293,9.69996495931002,46.57));
#2762=CARTESIAN_POINT('',(9.07584140153638,8.99285817812348,46.57));
#2763=CARTESIAN_POINT('',(9.69996495931,9.78294818272295,46.57));
#2764=CARTESIAN_POINT('',(9.78294818272293,9.69996495931003,46.57));
#2765=CARTESIAN_POINT('',(8.99285817812346,9.0758414015364,46.57));
#2766=CARTESIAN_POINT('Ctrl Pts',(4.88597533841288,4.80299211499997,46.57));
#2767=CARTESIAN_POINT('Ctrl Pts',(13.0286698970814,12.9456866736685,46.57));
#2768=CARTESIAN_POINT('Ctrl Pts',(4.88560178156683,4.80336567184603,46.5682267399312));
#2769=CARTESIAN_POINT('Ctrl Pts',(13.0282963402354,12.9460602305146,46.5682267399312));
#2770=CARTESIAN_POINT('Ctrl Pts',(4.88519942243246,4.8037680309804,46.5628491708166));
#2771=CARTESIAN_POINT('Ctrl Pts',(13.027893981101,12.9464625896489,46.5628491708166));
#2772=CARTESIAN_POINT('Ctrl Pts',(4.88562631662694,4.80334113678592,46.5493044058062));
#2773=CARTESIAN_POINT('Ctrl Pts',(13.0283208752955,12.9460356954545,46.5493044058062));
#2774=CARTESIAN_POINT('Ctrl Pts',(4.88829212495421,4.80067532845865,46.5201503871055));
#2775=CARTESIAN_POINT('Ctrl Pts',(13.0309866836227,12.9433698871272,46.5201503871055));
#2776=CARTESIAN_POINT('Ctrl Pts',(4.89368868832493,4.79527876508793,46.4708283449659));
#2777=CARTESIAN_POINT('Ctrl Pts',(13.0363832469935,12.9379733237565,46.4708283449659));
#2778=CARTESIAN_POINT('Ctrl Pts',(4.89934588918997,4.78962156422289,46.4159106668663));
#2779=CARTESIAN_POINT('Ctrl Pts',(13.0420404478585,12.9323161228914,46.4159106668663));
#2780=CARTESIAN_POINT('Ctrl Pts',(4.90494727511723,4.78402017829563,46.3573469964091));
#2781=CARTESIAN_POINT('Ctrl Pts',(13.0476418337858,12.9267147369642,46.3573469964091));
#2782=CARTESIAN_POINT('Ctrl Pts',(4.91098387572385,4.77798357768901,46.2940884312891));
#2783=CARTESIAN_POINT('Ctrl Pts',(13.0536784343924,12.9206781363575,46.2940884312891));
#2784=CARTESIAN_POINT('Ctrl Pts',(4.91771807206716,4.7712493813457,46.22565799188));
#2785=CARTESIAN_POINT('Ctrl Pts',(13.0604126307357,12.9139439400142,46.22565799188));
#2786=CARTESIAN_POINT('Ctrl Pts',(4.92497594433918,4.76399150907367,46.1529121292527));
#2787=CARTESIAN_POINT('Ctrl Pts',(13.0676705030077,12.9066860677422,46.1529121292527));
#2788=CARTESIAN_POINT('Ctrl Pts',(4.93250355140426,4.75646390200859,46.0768952333179));
#2789=CARTESIAN_POINT('Ctrl Pts',(13.0751981100728,12.8991584606771,46.0768952333179));
#2790=CARTESIAN_POINT('Ctrl Pts',(4.94020043689733,4.74876701651553,45.9981159339819));
#2791=CARTESIAN_POINT('Ctrl Pts',(13.0828949955659,12.8914615751841,45.9981159339819));
#2792=CARTESIAN_POINT('Ctrl Pts',(4.94810111545392,4.74086633795894,45.9166138358915));
#2793=CARTESIAN_POINT('Ctrl Pts',(13.0907956741225,12.8835608966275,45.9166138358915));
#2794=CARTESIAN_POINT('Ctrl Pts',(4.95627325934057,4.73269419407229,45.8322963845715));
#2795=CARTESIAN_POINT('Ctrl Pts',(13.0989678180091,12.8753887527408,45.8322963845715));
#2796=CARTESIAN_POINT('Ctrl Pts',(4.96473284955792,4.72423460385493,45.7452209318889));
#2797=CARTESIAN_POINT('Ctrl Pts',(13.1074274082265,12.8669291625235,45.7452209318889));
#2798=CARTESIAN_POINT('Ctrl Pts',(4.97344605030565,4.71552140310721,45.6555919374067));
#2799=CARTESIAN_POINT('Ctrl Pts',(13.1161406089742,12.8582159617757,45.6555919374067));
#2800=CARTESIAN_POINT('Ctrl Pts',(4.98236371734384,4.70660373606901,45.5636510894664));
#2801=CARTESIAN_POINT('Ctrl Pts',(13.1250582760124,12.8492982947376,45.5636510894664));
#2802=CARTESIAN_POINT('Ctrl Pts',(4.99144906388542,4.69751838952743,45.4695901842783));
#2803=CARTESIAN_POINT('Ctrl Pts',(13.134143622554,12.840212948196,45.4695901842783));
#2804=CARTESIAN_POINT('Ctrl Pts',(5.00069208613517,4.68827536727769,45.3735062273566));
#2805=CARTESIAN_POINT('Ctrl Pts',(13.1433866448037,12.8309699259462,45.3735062273566));
#2806=CARTESIAN_POINT('Ctrl Pts',(5.01009404000818,4.67887341340468,45.2754529697419));
#2807=CARTESIAN_POINT('Ctrl Pts',(13.1527885986767,12.8215679720732,45.2754529697419));
#2808=CARTESIAN_POINT('Ctrl Pts',(5.01966018499336,4.66930726841951,45.1754657267698));
#2809=CARTESIAN_POINT('Ctrl Pts',(13.1623547436619,12.812001827088,45.1754657267698));
#2810=CARTESIAN_POINT('Ctrl Pts',(5.02938757653228,4.65957987688058,45.0736023575993));
#2811=CARTESIAN_POINT('Ctrl Pts',(13.1720821352008,12.8022744355491,45.0736023575993));
#2812=CARTESIAN_POINT('Ctrl Pts',(5.03926638815432,4.64970106525854,44.9699393168847));
#2813=CARTESIAN_POINT('Ctrl Pts',(13.1819609468229,12.7923956239271,44.9699393168847));
#2814=CARTESIAN_POINT('Ctrl Pts',(5.04928398229487,4.63968347111798,44.8645584874571));
#2815=CARTESIAN_POINT('Ctrl Pts',(13.1919785409634,12.7823780297865,44.8645584874571));
#2816=CARTESIAN_POINT('Ctrl Pts',(5.05942799109062,4.62953946232223,44.7575373396991));
#2817=CARTESIAN_POINT('Ctrl Pts',(13.2021225497592,12.7722340209908,44.7575373396991));
#2818=CARTESIAN_POINT('Ctrl Pts',(5.06969009898888,4.61927735442398,44.6489367351904));
#2819=CARTESIAN_POINT('Ctrl Pts',(13.2123846576574,12.7619719130925,44.6489367351904));
#2820=CARTESIAN_POINT('Ctrl Pts',(5.08006507074565,4.60890238266721,44.5388046916394));
#2821=CARTESIAN_POINT('Ctrl Pts',(13.2227596294142,12.7515969413357,44.5388046916394));
#2822=CARTESIAN_POINT('Ctrl Pts',(5.0905493672076,4.59841808620525,44.4271815476895));
#2823=CARTESIAN_POINT('Ctrl Pts',(13.2332439258761,12.7411126448738,44.4271815476895));
#2824=CARTESIAN_POINT('Ctrl Pts',(5.10113997500634,4.58782747840651,44.3141043721571));
#2825=CARTESIAN_POINT('Ctrl Pts',(13.2438345336749,12.730522037075,44.3141043721571));
#2826=CARTESIAN_POINT('Ctrl Pts',(5.11183296670808,4.57713448670478,44.1996123745206));
#2827=CARTESIAN_POINT('Ctrl Pts',(13.2545275253766,12.7198290453733,44.1996123745206));
#2828=CARTESIAN_POINT('Ctrl Pts',(5.12262361212434,4.56634384128852,44.0837464103577));
#2829=CARTESIAN_POINT('Ctrl Pts',(13.2653181707929,12.7090383999571,44.0837464103577));
#2830=CARTESIAN_POINT('Ctrl Pts',(5.13350684621319,4.55546060719967,43.96654710687));
#2831=CARTESIAN_POINT('Ctrl Pts',(13.2762014048817,12.6981551658682,43.96654710687));
#2832=CARTESIAN_POINT('Ctrl Pts',(5.14447758767376,4.54448986573909,43.8480535928327));
#2833=CARTESIAN_POINT('Ctrl Pts',(13.2871721463423,12.6871844244076,43.8480535928327));
#2834=CARTESIAN_POINT('Ctrl Pts',(5.15553118673708,4.53343626667578,43.7283016551618));
#2835=CARTESIAN_POINT('Ctrl Pts',(13.2982257454056,12.6761308253443,43.7283016551618));
#2836=CARTESIAN_POINT('Ctrl Pts',(5.16666355856689,4.52230389484597,43.6073233852721));
#2837=CARTESIAN_POINT('Ctrl Pts',(13.3093581172354,12.6649984535145,43.6073233852721));
#2838=CARTESIAN_POINT('Ctrl Pts',(5.17787102010819,4.51109643330466,43.4851482578444));
#2839=CARTESIAN_POINT('Ctrl Pts',(13.3205655787767,12.6537909919732,43.4851482578444));
#2840=CARTESIAN_POINT('Ctrl Pts',(5.18915020466922,4.49981724874363,43.3618038336635));
#2841=CARTESIAN_POINT('Ctrl Pts',(13.3318447633378,12.6425118074122,43.3618038336635));
#2842=CARTESIAN_POINT('Ctrl Pts',(5.20049794542115,4.4884695079917,43.2373166106252));
#2843=CARTESIAN_POINT('Ctrl Pts',(13.3431925040897,12.6311640666602,43.2373166106252));
#2844=CARTESIAN_POINT('Ctrl Pts',(5.21191117071052,4.47705628270233,43.1117128248733));
#2845=CARTESIAN_POINT('Ctrl Pts',(13.3546057293791,12.6197508413709,43.1117128248733));
#2846=CARTESIAN_POINT('Ctrl Pts',(5.22338689270121,4.46558056071164,42.9850182631903));
#2847=CARTESIAN_POINT('Ctrl Pts',(13.3660814513697,12.6082751193802,42.9850182631903));
#2848=CARTESIAN_POINT('Ctrl Pts',(5.23492219983232,4.45404525358054,42.8572580375724));
#2849=CARTESIAN_POINT('Ctrl Pts',(13.3776167585009,12.5967398122491,42.8572580375724));
#2850=CARTESIAN_POINT('Ctrl Pts',(5.24651424865829,4.44245320475457,42.7284563887379));
#2851=CARTESIAN_POINT('Ctrl Pts',(13.3892088073268,12.5851477634231,42.7284563887379));
#2852=CARTESIAN_POINT('Ctrl Pts',(5.25816025374914,4.43080719966372,42.5986364439127));
#2853=CARTESIAN_POINT('Ctrl Pts',(13.4008548124177,12.5735017583323,42.5986364439127));
#2854=CARTESIAN_POINT('Ctrl Pts',(5.26985748546309,4.41910996794977,42.4678201013513));
#2855=CARTESIAN_POINT('Ctrl Pts',(13.4125520441316,12.5618045266183,42.4678201013513));
#2856=CARTESIAN_POINT('Ctrl Pts',(5.28160328807153,4.40736416534132,42.336028231779));
#2857=CARTESIAN_POINT('Ctrl Pts',(13.4242978467401,12.5500587240099,42.336028231779));
#2858=CARTESIAN_POINT('Ctrl Pts',(5.29339509498148,4.39557235843137,42.2032808243153));
#2859=CARTESIAN_POINT('Ctrl Pts',(13.43608965365,12.5382669170999,42.2032808243153));
#2860=CARTESIAN_POINT('Ctrl Pts',(5.3052304430449,4.38373701036796,42.0695971454643));
#2861=CARTESIAN_POINT('Ctrl Pts',(13.4479250017134,12.5264315690365,42.0695971454643));
#2862=CARTESIAN_POINT('Ctrl Pts',(5.31710699223785,4.37186046117501,41.9349959140007));
#2863=CARTESIAN_POINT('Ctrl Pts',(13.4598015509064,12.5145550198435,41.9349959140007));
#2864=CARTESIAN_POINT('Ctrl Pts',(5.32902252509423,4.35994492831863,41.7994953913692));
#2865=CARTESIAN_POINT('Ctrl Pts',(13.4717170837628,12.5026394869872,41.7994953913692));
#2866=CARTESIAN_POINT('Ctrl Pts',(5.3409749182729,4.34799253513996,41.6631133482326));
#2867=CARTESIAN_POINT('Ctrl Pts',(13.4836694769414,12.4906870938085,41.6631133482326));
#2868=CARTESIAN_POINT('Ctrl Pts',(5.35296212015359,4.33600533325927,41.5258670606526));
#2869=CARTESIAN_POINT('Ctrl Pts',(13.4956566788221,12.4786998919278,41.5258670606526));
#2870=CARTESIAN_POINT('Ctrl Pts',(5.36498212778966,4.3239853256232,41.3877732966235));
#2871=CARTESIAN_POINT('Ctrl Pts',(13.5076766864582,12.4666798842917,41.3877732966235));
#2872=CARTESIAN_POINT('Ctrl Pts',(5.37703295980253,4.31193449361034,41.2488483009978));
#2873=CARTESIAN_POINT('Ctrl Pts',(13.5197275184711,12.4546290522789,41.2488483009978));
#2874=CARTESIAN_POINT('Ctrl Pts',(5.38911264631858,4.29985480709428,41.1091078013241));
#2875=CARTESIAN_POINT('Ctrl Pts',(13.5318072049871,12.4425493657628,41.1091078013241));
#2876=CARTESIAN_POINT('Ctrl Pts',(5.40121924579076,4.2877482076221,40.9685670500199));
#2877=CARTESIAN_POINT('Ctrl Pts',(13.5439138044593,12.4304427662906,40.9685670500199));
#2878=CARTESIAN_POINT('Ctrl Pts',(5.41335085573555,4.27561659767732,40.8272408580615));
#2879=CARTESIAN_POINT('Ctrl Pts',(13.5560454144041,12.4183111563458,40.8272408580615));
#2880=CARTESIAN_POINT('Ctrl Pts',(5.42550562524357,4.26346182816929,40.6851436314307));
#2881=CARTESIAN_POINT('Ctrl Pts',(13.5682001839121,12.4061563868378,40.6851436314307));
#2882=CARTESIAN_POINT('Ctrl Pts',(5.43768176835558,4.25128568505728,40.5422894079709));
#2883=CARTESIAN_POINT('Ctrl Pts',(13.5803763270241,12.3939802437258,40.5422894079709));
#2884=CARTESIAN_POINT('Ctrl Pts',(5.44987757204743,4.23908988136543,40.3986918891344));
#2885=CARTESIAN_POINT('Ctrl Pts',(13.592572130716,12.381784440034,40.3986918891344));
#2886=CARTESIAN_POINT('Ctrl Pts',(5.46209138271392,4.22687607069894,40.2543644506711));
#2887=CARTESIAN_POINT('Ctrl Pts',(13.6047859413825,12.3695706293675,40.2543644506711));
#2888=CARTESIAN_POINT('Ctrl Pts',(5.47432159620578,4.21464585720708,40.1093201567023));
#2889=CARTESIAN_POINT('Ctrl Pts',(13.6170161548743,12.3573404158756,40.1093201567023));
#2890=CARTESIAN_POINT('Ctrl Pts',(5.48656664628437,4.20240080712849,39.9635717725088));
#2891=CARTESIAN_POINT('Ctrl Pts',(13.6292612049529,12.345095365797,39.9635717725088));
#2892=CARTESIAN_POINT('Ctrl Pts',(5.49882499418397,4.19014245922889,39.8171317777478));
#2893=CARTESIAN_POINT('Ctrl Pts',(13.6415195528525,12.3328370178974,39.8171317777478));
#2894=CARTESIAN_POINT('Ctrl Pts',(5.5110951165436,4.17787233686926,39.6700123797919));
#2895=CARTESIAN_POINT('Ctrl Pts',(13.6537896752121,12.3205668955378,39.6700123797919));
#2896=CARTESIAN_POINT('Ctrl Pts',(5.52337551250714,4.16559194090572,39.5222255218437));
#2897=CARTESIAN_POINT('Ctrl Pts',(13.6660700711757,12.3082864995743,39.5222255218437));
#2898=CARTESIAN_POINT('Ctrl Pts',(5.5356647120823,4.15330274133055,39.3737828905436));
#2899=CARTESIAN_POINT('Ctrl Pts',(13.6783592707508,12.2959972999991,39.3737828905436));
#2900=CARTESIAN_POINT('Ctrl Pts',(5.5479612846884,4.14100616872445,39.2246959237577));
#2901=CARTESIAN_POINT('Ctrl Pts',(13.6906558433569,12.283700727393,39.2246959237577));
#2902=CARTESIAN_POINT('Ctrl Pts',(5.56026384618159,4.12870360723127,39.0749758182905));
#2903=CARTESIAN_POINT('Ctrl Pts',(13.7029584048501,12.2713981658998,39.0749758182905));
#2904=CARTESIAN_POINT('Ctrl Pts',(5.57257107007691,4.11639638333595,38.9246335376175));
#2905=CARTESIAN_POINT('Ctrl Pts',(13.7152656287454,12.2590909420045,38.9246335376175));
#2906=CARTESIAN_POINT('Ctrl Pts',(5.58488168340712,4.10408577000574,38.7736798196348));
#2907=CARTESIAN_POINT('Ctrl Pts',(13.7275762420757,12.2467803286743,38.7736798196348));
#2908=CARTESIAN_POINT('Ctrl Pts',(5.59719444511351,4.09177300829935,38.6221251844302));
#2909=CARTESIAN_POINT('Ctrl Pts',(13.739889003782,12.2344675669679,38.6221251844302));
#2910=CARTESIAN_POINT('Ctrl Pts',(5.60950812919826,4.07945932421459,38.4699799420724));
#2911=CARTESIAN_POINT('Ctrl Pts',(13.7522026878668,12.2221538828831,38.4699799420724));
#2912=CARTESIAN_POINT('Ctrl Pts',(5.62182150554934,4.06714594786351,38.317254200332));
#2913=CARTESIAN_POINT('Ctrl Pts',(13.7645160642179,12.209840506532,38.317254200332));
#2914=CARTESIAN_POINT('Ctrl Pts',(5.63413332266795,4.05483413074491,38.1639578725641));
#2915=CARTESIAN_POINT('Ctrl Pts',(13.7768278813365,12.1975286894134,38.1639578725641));
#2916=CARTESIAN_POINT('Ctrl Pts',(5.64644228714764,4.04252516626521,38.0101006851583));
#2917=CARTESIAN_POINT('Ctrl Pts',(13.7891368458162,12.1852197249337,38.0101006851583));
#2918=CARTESIAN_POINT('Ctrl Pts',(5.65874708246877,4.03022037094409,37.8556921905775));
#2919=CARTESIAN_POINT('Ctrl Pts',(13.8014416411373,12.1729149296126,37.8556921905775));
#2920=CARTESIAN_POINT('Ctrl Pts',(5.67104639102212,4.01792106239074,37.7007417807458));
#2921=CARTESIAN_POINT('Ctrl Pts',(13.8137409496907,12.1606156210593,37.7007417807458));
#2922=CARTESIAN_POINT('Ctrl Pts',(5.68333891550561,4.00562853790724,37.5452587006081));
#2923=CARTESIAN_POINT('Ctrl Pts',(13.8260334741741,12.1483230965758,37.5452587006081));
#2924=CARTESIAN_POINT('Ctrl Pts',(5.69562339939417,3.99334405401869,37.3892520609414));
#2925=CARTESIAN_POINT('Ctrl Pts',(13.8383179580627,12.1360386126872,37.3892520609414));
#2926=CARTESIAN_POINT('Ctrl Pts',(5.70789865066059,3.98106880275227,37.2327308531));
#2927=CARTESIAN_POINT('Ctrl Pts',(13.8505932093291,12.1237633614208,37.2327308531));
#2928=CARTESIAN_POINT('Ctrl Pts',(5.720163555213,3.96880389819985,37.0757039578872));
#2929=CARTESIAN_POINT('Ctrl Pts',(13.8628581138815,12.1114984568684,37.0757039578872));
#2930=CARTESIAN_POINT('Ctrl Pts',(5.73241705443857,3.95655039897428,36.9181801338813));
#2931=CARTESIAN_POINT('Ctrl Pts',(13.8751116131071,12.0992449576428,36.9181801338813));
#2932=CARTESIAN_POINT('Ctrl Pts',(5.74465812887926,3.94430932453359,36.7601680094497));
#2933=CARTESIAN_POINT('Ctrl Pts',(13.8873526875478,12.0870038832021,36.7601680094497));
#2934=CARTESIAN_POINT('Ctrl Pts',(5.75688577895658,3.93208167445627,36.6016760726149));
#2935=CARTESIAN_POINT('Ctrl Pts',(13.8995803376251,12.0747762331248,36.6016760726149));
#2936=CARTESIAN_POINT('Ctrl Pts',(5.76909900820088,3.91986844521197,36.4427126634401));
#2937=CARTESIAN_POINT('Ctrl Pts',(13.9117935668694,12.0625630038805,36.4427126634401));
#2938=CARTESIAN_POINT('Ctrl Pts',(5.78129680234622,3.90767065106663,36.2832859613821));
#2939=CARTESIAN_POINT('Ctrl Pts',(13.9239913610148,12.0503652097352,36.2832859613821));
#2940=CARTESIAN_POINT('Ctrl Pts',(5.79347812171151,3.89548933170134,36.1234039897045));
#2941=CARTESIAN_POINT('Ctrl Pts',(13.9361726803801,12.0381838903699,36.1234039897045));
#2942=CARTESIAN_POINT('Ctrl Pts',(5.80564190912968,3.88332554428317,35.9630746403457));
#2943=CARTESIAN_POINT('Ctrl Pts',(13.9483364677982,12.0260201029517,35.9630746403457));
#2944=CARTESIAN_POINT('Ctrl Pts',(5.81778709386522,3.87118035954763,35.8023056931128));
#2945=CARTESIAN_POINT('Ctrl Pts',(13.9604816525338,12.0138749182162,35.8023056931128));
#2946=CARTESIAN_POINT('Ctrl Pts',(5.82991259720683,3.85905485620602,35.6411048380761));
#2947=CARTESIAN_POINT('Ctrl Pts',(13.9726071558754,12.0017494148746,35.6411048380761));
#2948=CARTESIAN_POINT('Ctrl Pts',(5.84201733723881,3.84695011617404,35.4794796945179));
#2949=CARTESIAN_POINT('Ctrl Pts',(13.9847118959073,11.9896446748426,35.4794796945179));
#2950=CARTESIAN_POINT('Ctrl Pts',(5.85410023422566,3.8348672191872,35.3174378365525));
#2951=CARTESIAN_POINT('Ctrl Pts',(13.9967947928942,11.9775617778557,35.3174378365525));
#2952=CARTESIAN_POINT('Ctrl Pts',(5.86616021458766,3.8228072388252,35.1549867925285));
#2953=CARTESIAN_POINT('Ctrl Pts',(14.0088547732562,11.9655017974937,35.1549867925285));
#2954=CARTESIAN_POINT('Ctrl Pts',(5.87819621412904,3.81077123928382,34.992134026237));
#2955=CARTESIAN_POINT('Ctrl Pts',(14.0208907727976,11.9534657979524,34.992134026237));
#2956=CARTESIAN_POINT('Ctrl Pts',(5.8902071813491,3.79876027206376,34.828886923847));
#2957=CARTESIAN_POINT('Ctrl Pts',(14.0329017400176,11.9414548307323,34.828886923847));
#2958=CARTESIAN_POINT('Ctrl Pts',(5.90219208100626,3.7867753724066,34.6652527776979));
#2959=CARTESIAN_POINT('Ctrl Pts',(14.0448866396748,11.9294699310751,34.6652527776979));
#2960=CARTESIAN_POINT('Ctrl Pts',(5.91414989690843,3.77481755650442,34.5012387732537));
#2961=CARTESIAN_POINT('Ctrl Pts',(14.056844455577,11.917512115173,34.5012387732537));
#2962=CARTESIAN_POINT('Ctrl Pts',(5.92607963671504,3.76288781669782,34.3368519701171));
#2963=CARTESIAN_POINT('Ctrl Pts',(14.0687741953836,11.9055823753664,34.3368519701171));
#2964=CARTESIAN_POINT('Ctrl Pts',(5.93798032771867,3.75098712569419,34.1720993077974));
#2965=CARTESIAN_POINT('Ctrl Pts',(14.0806748863872,11.8936816843627,34.1720993077974));
#2966=CARTESIAN_POINT('Ctrl Pts',(5.94985100730165,3.7391164461112,34.0069876257475));
#2967=CARTESIAN_POINT('Ctrl Pts',(14.0925455659702,11.8818110047797,34.0069876257475));
#2968=CARTESIAN_POINT('Ctrl Pts',(5.96169071521908,3.72727673819378,33.8415236787433));
#2969=CARTESIAN_POINT('Ctrl Pts',(14.1043852738876,11.8699712968623,33.8415236787433));
#2970=CARTESIAN_POINT('Ctrl Pts',(5.97349848469731,3.71546896871555,33.6757141548376));
#2971=CARTESIAN_POINT('Ctrl Pts',(14.1161930433658,11.8581635273841,33.6757141548376));
#2972=CARTESIAN_POINT('Ctrl Pts',(5.98527333503554,3.70369411837731,33.5095656907061));
#2973=CARTESIAN_POINT('Ctrl Pts',(14.1279678937041,11.8463886770458,33.5095656907061));
#2974=CARTESIAN_POINT('Ctrl Pts',(5.99701426106681,3.69195319234604,33.3430848918817));
#2975=CARTESIAN_POINT('Ctrl Pts',(14.1397088197353,11.8346477510146,33.3430848918817));
#2976=CARTESIAN_POINT('Ctrl Pts',(6.0087202352918,3.68024721812106,33.1762783337974));
#2977=CARTESIAN_POINT('Ctrl Pts',(14.1514147939603,11.8229417767896,33.1762783337974));
#2978=CARTESIAN_POINT('Ctrl Pts',(6.02039021866112,3.66857723475174,33.0091525498589));
#2979=CARTESIAN_POINT('Ctrl Pts',(14.1630847773297,11.8112717934203,33.0091525498589));
#2980=CARTESIAN_POINT('Ctrl Pts',(6.03202316859229,3.65694428482057,32.841714023576));
#2981=CARTESIAN_POINT('Ctrl Pts',(14.1747177272608,11.7996388434891,32.841714023576));
#2982=CARTESIAN_POINT('Ctrl Pts',(6.04361804856273,3.64534940485012,32.6739691785468));
#2983=CARTESIAN_POINT('Ctrl Pts',(14.1863126072313,11.7880439635187,32.6739691785468));
#2984=CARTESIAN_POINT('Ctrl Pts',(6.05517383601868,3.63379361739417,32.5059243704573));
#2985=CARTESIAN_POINT('Ctrl Pts',(14.1978683946872,11.7764881760627,32.5059243704573));
#2986=CARTESIAN_POINT('Ctrl Pts',(6.0666895334959,3.62227791991696,32.3375858755111));
#2987=CARTESIAN_POINT('Ctrl Pts',(14.2093840921644,11.7649724785855,32.3375858755111));
#2988=CARTESIAN_POINT('Ctrl Pts',(6.07816416869218,3.61080328472067,32.1689598908957));
#2989=CARTESIAN_POINT('Ctrl Pts',(14.2208587273607,11.7534978433892,32.1689598908957));
#2990=CARTESIAN_POINT('Ctrl Pts',(6.08959678279648,3.59937067061638,32.0000525480002));
#2991=CARTESIAN_POINT('Ctrl Pts',(14.232291341465,11.7420652292849,32.0000525480002));
#2992=CARTESIAN_POINT('Ctrl Pts',(6.10098642206136,3.5879810313515,31.8308699221013));
#2993=CARTESIAN_POINT('Ctrl Pts',(14.2436809807299,11.73067559002,31.8308699221013));
#2994=CARTESIAN_POINT('Ctrl Pts',(6.11233212778592,3.57663532562693,31.6614180438032));
#2995=CARTESIAN_POINT('Ctrl Pts',(14.2550266864545,11.7193298842955,31.6614180438032));
#2996=CARTESIAN_POINT('Ctrl Pts',(6.12363292759567,3.56533452581718,31.4917029089992));
#2997=CARTESIAN_POINT('Ctrl Pts',(14.2663274862642,11.7080290844857,31.4917029089992));
#2998=CARTESIAN_POINT('Ctrl Pts',(6.1348878246742,3.55407962873865,31.3217304912278));
#2999=CARTESIAN_POINT('Ctrl Pts',(14.2775823833427,11.6967741874072,31.3217304912278));
#3000=CARTESIAN_POINT('Ctrl Pts',(6.14609579277875,3.5428716606341,31.1515067472084));
#3001=CARTESIAN_POINT('Ctrl Pts',(14.2887903514473,11.6855662193026,31.1515067472084));
#3002=CARTESIAN_POINT('Ctrl Pts',(6.15725578406555,3.5317116693473,30.9810376072334));
#3003=CARTESIAN_POINT('Ctrl Pts',(14.2999503427341,11.6744062280158,30.9810376072334));
#3004=CARTESIAN_POINT('Ctrl Pts',(6.16836673431956,3.52060071909329,30.8103289686456));
#3005=CARTESIAN_POINT('Ctrl Pts',(14.3110612929881,11.6632952777618,30.8103289686456));
#3006=CARTESIAN_POINT('Ctrl Pts',(6.17942756926041,3.50953988415244,30.6393866880009));
#3007=CARTESIAN_POINT('Ctrl Pts',(14.3221221279289,11.652234442821,30.6393866880009));
#3008=CARTESIAN_POINT('Ctrl Pts',(6.19043721028944,3.49853024312341,30.4682165739887));
#3009=CARTESIAN_POINT('Ctrl Pts',(14.333131768958,11.6412248017919,30.4682165739887));
#3010=CARTESIAN_POINT('Ctrl Pts',(6.20139458071285,3.48757287270001,30.2968243795592));
#3011=CARTESIAN_POINT('Ctrl Pts',(14.3440891393814,11.6302674313685,30.2968243795592));
#3012=CARTESIAN_POINT('Ctrl Pts',(6.21229861108216,3.4766688423307,30.125215795729));
#3013=CARTESIAN_POINT('Ctrl Pts',(14.3549931697507,11.6193634009992,30.125215795729));
#3014=CARTESIAN_POINT('Ctrl Pts',(6.22314823579262,3.46581921762024,29.9533964625573));
#3015=CARTESIAN_POINT('Ctrl Pts',(14.3658427944612,11.6085137762888,29.9533964625573));
#3016=CARTESIAN_POINT('Ctrl Pts',(6.23394239029476,3.4550250631181,29.7813719789546));
#3017=CARTESIAN_POINT('Ctrl Pts',(14.3766369489633,11.5977196217866,29.7813719789546));
#3018=CARTESIAN_POINT('Ctrl Pts',(6.24468000809868,3.44428744531418,29.6091479127903));
#3019=CARTESIAN_POINT('Ctrl Pts',(14.3873745667672,11.5869820039827,29.6091479127903));
#3020=CARTESIAN_POINT('Ctrl Pts',(6.25536001780962,3.43360743560324,29.4367298112012));
#3021=CARTESIAN_POINT('Ctrl Pts',(14.3980545764782,11.5763019942718,29.4367298112012));
#3022=CARTESIAN_POINT('Ctrl Pts',(6.26598134028332,3.42298611312955,29.2641232100415));
#3023=CARTESIAN_POINT('Ctrl Pts',(14.4086758989519,11.5656806717981,29.2641232100415));
#3024=CARTESIAN_POINT('Ctrl Pts',(6.27654288538017,3.41242456803269,29.0913336457318));
#3025=CARTESIAN_POINT('Ctrl Pts',(14.4192374440487,11.5551191267012,29.0913336457318));
#3026=CARTESIAN_POINT('Ctrl Pts',(6.28704355185545,3.40192390155741,28.9183666487238));
#3027=CARTESIAN_POINT('Ctrl Pts',(14.429738110524,11.5446184602259,28.9183666487238));
#3028=CARTESIAN_POINT('Ctrl Pts',(6.29748222790295,3.39148522550991,28.7452277329837));
#3029=CARTESIAN_POINT('Ctrl Pts',(14.4401767865715,11.5341797841784,28.7452277329837));
#3030=CARTESIAN_POINT('Ctrl Pts',(6.3078577914826,3.38110966193025,28.5719223870969));
#3031=CARTESIAN_POINT('Ctrl Pts',(14.4505523501511,11.5238042205988,28.5719223870969));
#3032=CARTESIAN_POINT('Ctrl Pts',(6.31816911071686,3.37079834269599,28.3984560641401));
#3033=CARTESIAN_POINT('Ctrl Pts',(14.4608636693854,11.5134929013645,28.3984560641401));
#3034=CARTESIAN_POINT('Ctrl Pts',(6.32841504430819,3.36055240910466,28.2248341733638));
#3035=CARTESIAN_POINT('Ctrl Pts',(14.4711096029767,11.5032469677732,28.2248341733638));
#3036=CARTESIAN_POINT('Ctrl Pts',(6.3385944418219,3.35037301159095,28.0510620679271));
#3037=CARTESIAN_POINT('Ctrl Pts',(14.4812890004904,11.4930675702595,28.0510620679271));
#3038=CARTESIAN_POINT('Ctrl Pts',(6.34870614452929,3.34026130888356,27.8771450469693));
#3039=CARTESIAN_POINT('Ctrl Pts',(14.4914007031978,11.4829558675521,27.8771450469693));
#3040=CARTESIAN_POINT('Ctrl Pts',(6.35874898682215,3.33021846659069,27.7030883716676));
#3041=CARTESIAN_POINT('Ctrl Pts',(14.5014435454907,11.4729130252592,27.7030883716676));
#3042=CARTESIAN_POINT('Ctrl Pts',(6.36872179744977,3.32024565596308,27.5288972773807));
#3043=CARTESIAN_POINT('Ctrl Pts',(14.5114163561183,11.4629402146316,27.5288972773807));
#3044=CARTESIAN_POINT('Ctrl Pts',(6.37862340087424,3.31034405253861,27.3545769876076));
#3045=CARTESIAN_POINT('Ctrl Pts',(14.5213179595428,11.4530386112071,27.3545769876076));
#3046=CARTESIAN_POINT('Ctrl Pts',(6.38845261846961,3.30051483494325,27.1801327266737));
#3047=CARTESIAN_POINT('Ctrl Pts',(14.5311471771381,11.4432093936118,27.1801327266737));
#3048=CARTESIAN_POINT('Ctrl Pts',(6.39820827004009,3.29075918337277,27.0055697341459));
#3049=CARTESIAN_POINT('Ctrl Pts',(14.5409028287086,11.4334537420413,27.0055697341459));
#3050=CARTESIAN_POINT('Ctrl Pts',(6.40788917445199,3.28107827896087,26.8308932749862));
#3051=CARTESIAN_POINT('Ctrl Pts',(14.5505837331205,11.4237728376294,26.8308932749862));
#3052=CARTESIAN_POINT('Ctrl Pts',(6.41749414542405,3.27147330798881,26.6561086268921));
#3053=CARTESIAN_POINT('Ctrl Pts',(14.5601887040926,11.4141678666573,26.6561086268921));
#3054=CARTESIAN_POINT('Ctrl Pts',(6.42702198787096,3.2619454655419,26.4812210703095));
#3055=CARTESIAN_POINT('Ctrl Pts',(14.5697165465395,11.4046400242104,26.4812210703095));
#3056=CARTESIAN_POINT('Ctrl Pts',(6.43647149409886,3.25249595931399,26.3062358775615));
#3057=CARTESIAN_POINT('Ctrl Pts',(14.5791660527674,11.3951905179825,26.3062358775615));
#3058=CARTESIAN_POINT('Ctrl Pts',(6.44584143991331,3.24312601349955,26.1311583020171));
#3059=CARTESIAN_POINT('Ctrl Pts',(14.5885359985818,11.3858205721681,26.1311583020171));
#3060=CARTESIAN_POINT('Ctrl Pts',(6.45513058111769,3.23383687229517,25.9559935680304));
#3061=CARTESIAN_POINT('Ctrl Pts',(14.5978251397862,11.3765314309637,25.9559935680304));
#3062=CARTESIAN_POINT('Ctrl Pts',(6.46433764892215,3.22462980449071,25.7807468584949));
#3063=CARTESIAN_POINT('Ctrl Pts',(14.6070322075907,11.3673243631592,25.7807468584949));
#3064=CARTESIAN_POINT('Ctrl Pts',(6.47346135286333,3.21550610054953,25.6054233190816));
#3065=CARTESIAN_POINT('Ctrl Pts',(14.6161559115319,11.3582006592181,25.6054233190816));
#3066=CARTESIAN_POINT('Ctrl Pts',(6.48250038562034,3.20646706779252,25.43002806665));
#3067=CARTESIAN_POINT('Ctrl Pts',(14.6251949442889,11.3491616264611,25.43002806665));
#3068=CARTESIAN_POINT('Ctrl Pts',(6.49145342711078,3.19751402630208,25.2545661961685));
#3069=CARTESIAN_POINT('Ctrl Pts',(14.6341479857793,11.3402085849706,25.2545661961685));
#3070=CARTESIAN_POINT('Ctrl Pts',(6.50031914905264,3.18864830436022,25.0790427884097));
#3071=CARTESIAN_POINT('Ctrl Pts',(14.6430137077212,11.3313428630288,25.0790427884097));
#3072=CARTESIAN_POINT('Ctrl Pts',(6.50909621894489,3.17987123446797,24.9034629169634));
#3073=CARTESIAN_POINT('Ctrl Pts',(14.6517907776134,11.3225657931365,24.9034629169634));
#3074=CARTESIAN_POINT('Ctrl Pts',(6.51778330522938,3.17118414818347,24.7278316563969));
#3075=CARTESIAN_POINT('Ctrl Pts',(14.6604778638979,11.313878706852,24.7278316563969));
#3076=CARTESIAN_POINT('Ctrl Pts',(6.52637907862706,3.16258837478579,24.5521540868801));
#3077=CARTESIAN_POINT('Ctrl Pts',(14.6690736372956,11.3052829334543,24.5521540868801));
#3078=CARTESIAN_POINT('Ctrl Pts',(6.53488220781551,3.15408524559735,24.3764352936351));
#3079=CARTESIAN_POINT('Ctrl Pts',(14.677576766484,11.2967798042659,24.3764352936351));
#3080=CARTESIAN_POINT('Ctrl Pts',(6.54329135645872,3.14567609695413,24.2006803676182));
#3081=CARTESIAN_POINT('Ctrl Pts',(14.6859859151273,11.2883706556227,24.2006803676182));
#3082=CARTESIAN_POINT('Ctrl Pts',(6.55160517968849,3.13736227372436,24.0248944057052));
#3083=CARTESIAN_POINT('Ctrl Pts',(14.694299738357,11.2800568323929,24.0248944057052));
#3084=CARTESIAN_POINT('Ctrl Pts',(6.55982232082602,3.12914513258684,23.849082511087));
#3085=CARTESIAN_POINT('Ctrl Pts',(14.7025168794945,11.2718396912554,23.849082511087));
#3086=CARTESIAN_POINT('Ctrl Pts',(6.56794140798658,3.12102604542627,23.6732497935817));
#3087=CARTESIAN_POINT('Ctrl Pts',(14.7106359666551,11.2637206040948,23.6732497935817));
#3088=CARTESIAN_POINT('Ctrl Pts',(6.57596105077171,3.11300640264114,23.49740136996));
#3089=CARTESIAN_POINT('Ctrl Pts',(14.7186556094402,11.2557009613097,23.49740136996));
#3090=CARTESIAN_POINT('Ctrl Pts',(6.58387984179958,3.10508761161327,23.3215423617042));
#3091=CARTESIAN_POINT('Ctrl Pts',(14.7265744004681,11.2477821702818,23.3215423617042));
#3092=CARTESIAN_POINT('Ctrl Pts',(6.59169635820703,3.09727109520582,23.1456778927638));
#3093=CARTESIAN_POINT('Ctrl Pts',(14.7343909168756,11.2399656538744,23.1456778927638));
#3094=CARTESIAN_POINT('Ctrl Pts',(6.59940916314986,3.089558290263,22.9698130873752));
#3095=CARTESIAN_POINT('Ctrl Pts',(14.7421037218184,11.2322528489315,22.9698130873752));
#3096=CARTESIAN_POINT('Ctrl Pts',(6.60701680733003,3.08195064608282,22.7939530677115));
#3097=CARTESIAN_POINT('Ctrl Pts',(14.7497113659986,11.2246452047514,22.7939530677115));
#3098=CARTESIAN_POINT('Ctrl Pts',(6.61451783044987,3.07444962296298,22.6181029519366));
#3099=CARTESIAN_POINT('Ctrl Pts',(14.7572123891184,11.2171441816315,22.6181029519366));
#3100=CARTESIAN_POINT('Ctrl Pts',(6.62191076285176,3.0670566905611,22.4422678512532));
#3101=CARTESIAN_POINT('Ctrl Pts',(14.7646053215203,11.2097512492296,22.4422678512532));
#3102=CARTESIAN_POINT('Ctrl Pts',(6.62919412635883,3.05977332705402,22.2664528712746));
#3103=CARTESIAN_POINT('Ctrl Pts',(14.7718886850274,11.2024678857226,22.2664528712746));
#3104=CARTESIAN_POINT('Ctrl Pts',(6.63636643462645,3.0526010187864,22.0906631161051));
#3105=CARTESIAN_POINT('Ctrl Pts',(14.779060993295,11.1952955774549,22.0906631161051));
#3106=CARTESIAN_POINT('Ctrl Pts',(6.64342619362615,3.0455412597867,21.914903691583));
#3107=CARTESIAN_POINT('Ctrl Pts',(14.7861207522947,11.1882358184552,21.914903691583));
#3108=CARTESIAN_POINT('Ctrl Pts',(6.65037190210814,3.03859555130471,21.7391797089103));
#3109=CARTESIAN_POINT('Ctrl Pts',(14.7930664607767,11.1812901099732,21.7391797089103));
#3110=CARTESIAN_POINT('Ctrl Pts',(6.65720205199596,3.03176540141689,21.5634962880245));
#3111=CARTESIAN_POINT('Ctrl Pts',(14.7998966106645,11.1744599600854,21.5634962880245));
#3112=CARTESIAN_POINT('Ctrl Pts',(6.66391512899494,3.02505232441791,21.3878585613033));
#3113=CARTESIAN_POINT('Ctrl Pts',(14.8066096876635,11.1677468830864,21.3878585613033));
#3114=CARTESIAN_POINT('Ctrl Pts',(6.67050961254215,3.0184578408707,21.2122716764416));
#3115=CARTESIAN_POINT('Ctrl Pts',(14.8132041712107,11.1611523995392,21.2122716764416));
#3116=CARTESIAN_POINT('Ctrl Pts',(6.67698397322549,3.01198348018736,21.0367407962648));
#3117=CARTESIAN_POINT('Ctrl Pts',(14.819678531894,11.1546780388559,21.0367407962648));
#3118=CARTESIAN_POINT('Ctrl Pts',(6.68333667057508,3.00563078283777,20.8612710990051));
#3119=CARTESIAN_POINT('Ctrl Pts',(14.8260312292436,11.1483253415063,20.8612710990051));
#3120=CARTESIAN_POINT('Ctrl Pts',(6.68956615074023,2.99940130267262,20.6858677783996));
#3121=CARTESIAN_POINT('Ctrl Pts',(14.8322607094088,11.1420958613412,20.6858677783996));
#3122=CARTESIAN_POINT('Ctrl Pts',(6.69567084414327,2.99329660926958,20.5105360438609));
#3123=CARTESIAN_POINT('Ctrl Pts',(14.8383654028118,11.1359911679381,20.5105360438609));
#3124=CARTESIAN_POINT('Ctrl Pts',(6.70164916331211,2.98731829010074,20.3352811206251));
#3125=CARTESIAN_POINT('Ctrl Pts',(14.8443437219806,11.1300128487693,20.3352811206251));
#3126=CARTESIAN_POINT('Ctrl Pts',(6.70749950019035,2.98146795322251,20.1601082498822));
#3127=CARTESIAN_POINT('Ctrl Pts',(14.8501940588589,11.124162511891,20.1601082498822));
#3128=CARTESIAN_POINT('Ctrl Pts',(6.71322022776875,2.9757472256441,19.9850226891695));
#3129=CARTESIAN_POINT('Ctrl Pts',(14.8559147864373,11.1184417843126,19.9850226891695));
#3130=CARTESIAN_POINT('Ctrl Pts',(6.71880970253043,2.97015775088243,19.8100297128121));
#3131=CARTESIAN_POINT('Ctrl Pts',(14.861504261199,11.112852309551,19.8100297128121));
#3132=CARTESIAN_POINT('Ctrl Pts',(6.7242662666001,2.96470118681276,19.6351346123578));
#3133=CARTESIAN_POINT('Ctrl Pts',(14.8669608252686,11.1073957454813,19.6351346123578));
#3134=CARTESIAN_POINT('Ctrl Pts',(6.72958825004604,2.95937920336681,19.460342696992));
#3135=CARTESIAN_POINT('Ctrl Pts',(14.8722828087146,11.1020737620353,19.460342696992));
#3136=CARTESIAN_POINT('Ctrl Pts',(6.73477397305051,2.95419348036234,19.285659294011));
#3137=CARTESIAN_POINT('Ctrl Pts',(14.877468531719,11.0968880390309,19.285659294011));
#3138=CARTESIAN_POINT('Ctrl Pts',(6.73982174829865,2.9491457051142,19.1110897491497));
#3139=CARTESIAN_POINT('Ctrl Pts',(14.8825163069672,11.0918402637827,19.1110897491497));
#3140=CARTESIAN_POINT('Ctrl Pts',(6.74472988265742,2.94423757075543,18.9366394274362));
#3141=CARTESIAN_POINT('Ctrl Pts',(14.887424441326,11.086932129424,18.9366394274362));
#3142=CARTESIAN_POINT('Ctrl Pts',(6.7494966780818,2.93947077533105,18.7623137146411));
#3143=CARTESIAN_POINT('Ctrl Pts',(14.8921912367503,11.0821653339996,18.7623137146411));
#3144=CARTESIAN_POINT('Ctrl Pts',(6.75412043270225,2.93484702071061,18.5881180185739));
#3145=CARTESIAN_POINT('Ctrl Pts',(14.8968149913708,11.0775415793791,18.5881180185739));
#3146=CARTESIAN_POINT('Ctrl Pts',(6.7585994418823,2.93036801153055,18.4140577704391));
#3147=CARTESIAN_POINT('Ctrl Pts',(14.9012940005508,11.0730625701991,18.4140577704391));
#3148=CARTESIAN_POINT('Ctrl Pts',(6.76293199918824,2.92603545422461,18.2401384261736));
#3149=CARTESIAN_POINT('Ctrl Pts',(14.9056265578568,11.0687300128931,18.2401384261736));
#3150=CARTESIAN_POINT('Ctrl Pts',(6.76711639763694,2.92185105577591,18.0663654677767));
#3151=CARTESIAN_POINT('Ctrl Pts',(14.9098109563055,11.0645456144444,18.0663654677767));
#3152=CARTESIAN_POINT('Ctrl Pts',(6.7711509301195,2.91781652329335,17.8927444046903));
#3153=CARTESIAN_POINT('Ctrl Pts',(14.913845488788,11.0605110819619,17.8927444046903));
#3154=CARTESIAN_POINT('Ctrl Pts',(6.77503388413528,2.91393356927757,17.7192807755412));
#3155=CARTESIAN_POINT('Ctrl Pts',(14.9177284428038,11.0566281279461,17.7192807755412));
#3156=CARTESIAN_POINT('Ctrl Pts',(6.77876353708111,2.91020391633174,17.5459801498571));
#3157=CARTESIAN_POINT('Ctrl Pts',(14.9214580957496,11.0528984750003,17.5459801498571));
#3158=CARTESIAN_POINT('Ctrl Pts',(6.78233815140139,2.90662930201146,17.3728481297704));
#3159=CARTESIAN_POINT('Ctrl Pts',(14.9250327100699,11.04932386068,17.3728481297704));
#3160=CARTESIAN_POINT('Ctrl Pts',(6.78575596962808,2.90321148378477,17.1998903517783));
#3161=CARTESIAN_POINT('Ctrl Pts',(14.9284505282966,11.0459060424533,17.1998903517783));
#3162=CARTESIAN_POINT('Ctrl Pts',(6.78901520986516,2.89995224354769,17.0271124883626));
#3163=CARTESIAN_POINT('Ctrl Pts',(14.9317097685337,11.0426468022162,17.0271124883626));
#3164=CARTESIAN_POINT('Ctrl Pts',(6.79211406003425,2.8968533933786,16.8545202499762));
#3165=CARTESIAN_POINT('Ctrl Pts',(14.9348086187028,11.0395479520471,16.8545202499762));
#3166=CARTESIAN_POINT('Ctrl Pts',(6.7950506822658,2.89391677114705,16.6821193840453));
#3167=CARTESIAN_POINT('Ctrl Pts',(14.9377452409343,11.0366113298156,16.6821193840453));
#3168=CARTESIAN_POINT('Ctrl Pts',(6.79782321926534,2.89114423414751,16.509915673365));
#3169=CARTESIAN_POINT('Ctrl Pts',(14.9405177779339,11.033838792816,16.509915673365));
#3170=CARTESIAN_POINT('Ctrl Pts',(6.80042979987469,2.88853765353817,16.3379149347931));
#3171=CARTESIAN_POINT('Ctrl Pts',(14.9431243585432,11.0312322122067,16.3379149347931));
#3172=CARTESIAN_POINT('Ctrl Pts',(6.80286854523665,2.8860989081762,16.1661230176228));
#3173=CARTESIAN_POINT('Ctrl Pts',(14.9455631039052,11.0287934668447,16.1661230176228));
#3174=CARTESIAN_POINT('Ctrl Pts',(6.80513757408279,2.88382987933006,15.9945458025512));
#3175=CARTESIAN_POINT('Ctrl Pts',(14.9478321327513,11.0265244379986,15.9945458025512));
#3176=CARTESIAN_POINT('Ctrl Pts',(6.80723500994203,2.88173244347083,15.823189199248));
#3177=CARTESIAN_POINT('Ctrl Pts',(14.9499295686106,11.0244270021394,15.823189199248));
#3178=CARTESIAN_POINT('Ctrl Pts',(6.80915898074876,2.8798084726641,15.6520591495509));
#3179=CARTESIAN_POINT('Ctrl Pts',(14.9518535394173,11.0225030313326,15.6520591495509));
#3180=CARTESIAN_POINT('Ctrl Pts',(6.81090761281042,2.87805984060244,15.4811616348642));
#3181=CARTESIAN_POINT('Ctrl Pts',(14.953602171479,11.020754399271,15.4811616348642));
#3182=CARTESIAN_POINT('Ctrl Pts',(6.81247902650579,2.87648842690706,15.3105026822419));
#3183=CARTESIAN_POINT('Ctrl Pts',(14.9551735851743,11.0191829855756,15.3105026822419));
#3184=CARTESIAN_POINT('Ctrl Pts',(6.81387133108252,2.87509612233034,15.1400883712092));
#3185=CARTESIAN_POINT('Ctrl Pts',(14.9565658897511,11.0177906809989,15.1400883712092));
#3186=CARTESIAN_POINT('Ctrl Pts',(6.81508262027601,2.87388483313684,14.9699248398175));
#3187=CARTESIAN_POINT('Ctrl Pts',(14.9577771789445,11.0165793918054,14.9699248398175));
#3188=CARTESIAN_POINT('Ctrl Pts',(6.81611096651729,2.87285648689557,14.800018292122));
#3189=CARTESIAN_POINT('Ctrl Pts',(14.9588055251858,11.0155510455641,14.800018292122));
#3190=CARTESIAN_POINT('Ctrl Pts',(6.81695441936251,2.87201303405035,14.630375001318));
#3191=CARTESIAN_POINT('Ctrl Pts',(14.959648978031,11.0147075927189,14.630375001318));
#3192=CARTESIAN_POINT('Ctrl Pts',(6.81761101158862,2.87135644182424,14.4610013049763));
#3193=CARTESIAN_POINT('Ctrl Pts',(14.9603055702572,11.0140510004928,14.4610013049763));
#3194=CARTESIAN_POINT('Ctrl Pts',(6.81807876353472,2.87088868987813,14.2919036020678));
#3195=CARTESIAN_POINT('Ctrl Pts',(14.9607733222033,11.0135832485467,14.2919036020678));
#3196=CARTESIAN_POINT('Ctrl Pts',(6.81835568828581,2.87061176512704,14.123088349173));
#3197=CARTESIAN_POINT('Ctrl Pts',(14.9610502469543,11.0133063237956,14.123088349173));
#3198=CARTESIAN_POINT('Ctrl Pts',(6.81843979617709,2.87052765723576,13.9545620572653));
#3199=CARTESIAN_POINT('Ctrl Pts',(14.9611343548456,11.0132222159043,13.9545620572653));
#3200=CARTESIAN_POINT('Ctrl Pts',(6.81832910035533,2.87063835305753,13.78633128771));
#3201=CARTESIAN_POINT('Ctrl Pts',(14.9610236590239,11.0133329117261,13.78633128771));
#3202=CARTESIAN_POINT('Ctrl Pts',(6.81802161955075,2.8709458338621,13.6184026502432));
#3203=CARTESIAN_POINT('Ctrl Pts',(14.9607161782193,11.0136403925306,13.6184026502432));
#3204=CARTESIAN_POINT('Ctrl Pts',(6.81751536944597,2.87145208396688,13.450782808931));
#3205=CARTESIAN_POINT('Ctrl Pts',(14.9602099281145,11.0141466426354,13.450782808931));
#3206=CARTESIAN_POINT('Ctrl Pts',(6.81680835574765,2.8721590976652,13.2834784869614));
#3207=CARTESIAN_POINT('Ctrl Pts',(14.9595029144162,11.0148536563337,13.2834784869614));
#3208=CARTESIAN_POINT('Ctrl Pts',(6.81589856649828,2.87306888691458,13.1164964719158));
#3209=CARTESIAN_POINT('Ctrl Pts',(14.9585931251668,11.0157634455831,13.1164964719158));
#3210=CARTESIAN_POINT('Ctrl Pts',(6.81478396493058,2.87418348848227,12.9498436207811));
#3211=CARTESIAN_POINT('Ctrl Pts',(14.9574785235991,11.0168780471508,12.9498436207811));
#3212=CARTESIAN_POINT('Ctrl Pts',(6.81346248156791,2.87550497184494,12.7835268652068));
#3213=CARTESIAN_POINT('Ctrl Pts',(14.9561570402364,11.0181995305135,12.7835268652068));
#3214=CARTESIAN_POINT('Ctrl Pts',(6.81193200816188,2.87703544525098,12.617553216271));
#3215=CARTESIAN_POINT('Ctrl Pts',(14.9546265668304,11.0197300039195,12.617553216271));
#3216=CARTESIAN_POINT('Ctrl Pts',(6.81019040718203,2.87877704623083,12.4519297652722));
#3217=CARTESIAN_POINT('Ctrl Pts',(14.9528849658506,11.0214716048994,12.4519297652722));
#3218=CARTESIAN_POINT('Ctrl Pts',(6.80823551990799,2.88073193350486,12.2866636848763));
#3219=CARTESIAN_POINT('Ctrl Pts',(14.9509300785765,11.0234264921734,12.2866636848763));
#3220=CARTESIAN_POINT('Ctrl Pts',(6.80606517513241,2.88290227828044,12.1217622301076));
#3221=CARTESIAN_POINT('Ctrl Pts',(14.9487597338009,11.025596836949,12.1217622301076));
#3222=CARTESIAN_POINT('Ctrl Pts',(6.80367719742859,2.88529025598426,11.9572327394556));
#3223=CARTESIAN_POINT('Ctrl Pts',(14.9463717560971,11.0279848146528,11.9572327394556));
#3224=CARTESIAN_POINT('Ctrl Pts',(6.80106941602231,2.88789803739055,11.7930826358199));
#3225=CARTESIAN_POINT('Ctrl Pts',(14.9437639746908,11.0305925960591,11.7930826358199));
#3226=CARTESIAN_POINT('Ctrl Pts',(6.79823967220388,2.89072778120898,11.6293194278491));
#3227=CARTESIAN_POINT('Ctrl Pts',(14.9409342308724,11.0334223398775,11.6293194278491));
#3228=CARTESIAN_POINT('Ctrl Pts',(6.79518581092946,2.89378164248339,11.4659507155675));
#3229=CARTESIAN_POINT('Ctrl Pts',(14.937880369598,11.0364762011519,11.4659507155675));
#3230=CARTESIAN_POINT('Ctrl Pts',(6.79190567359406,2.8970617798188,11.3029841956763));
#3231=CARTESIAN_POINT('Ctrl Pts',(14.9346002322626,11.0397563384873,11.3029841956763));
#3232=CARTESIAN_POINT('Ctrl Pts',(6.78839709029458,2.90057036311828,11.1404276670126));
#3233=CARTESIAN_POINT('Ctrl Pts',(14.9310916489631,11.0432649217868,11.1404276670126));
#3234=CARTESIAN_POINT('Ctrl Pts',(6.78465787245747,2.90430958095538,10.9782890358671));
#3235=CARTESIAN_POINT('Ctrl Pts',(14.927352431126,11.0470041396239,10.9782890358671));
#3236=CARTESIAN_POINT('Ctrl Pts',(6.78068580495756,2.90828164845529,10.8165763215428));
#3237=CARTESIAN_POINT('Ctrl Pts',(14.9233803636261,11.0509762071238,10.8165763215428));
#3238=CARTESIAN_POINT('Ctrl Pts',(6.77647863949459,2.91248881391826,10.6552976612798));
#3239=CARTESIAN_POINT('Ctrl Pts',(14.9191731981631,11.0551833725868,10.6552976612798));
#3240=CARTESIAN_POINT('Ctrl Pts',(6.77203409561495,2.9169333577979,10.4944613111752));
#3241=CARTESIAN_POINT('Ctrl Pts',(14.9147286542835,11.0596279164664,10.4944613111752));
#3242=CARTESIAN_POINT('Ctrl Pts',(6.76734986091278,2.92161759250007,10.3340756475915));
#3243=CARTESIAN_POINT('Ctrl Pts',(14.9100444195813,11.0643121511686,10.3340756475915));
#3244=CARTESIAN_POINT('Ctrl Pts',(6.76242359149695,2.9265438619159,10.1741491682898));
#3245=CARTESIAN_POINT('Ctrl Pts',(14.9051181501655,11.0692384205844,10.1741491682898));
#3246=CARTESIAN_POINT('Ctrl Pts',(6.75725291245854,2.93171454095432,10.0146904938848));
#3247=CARTESIAN_POINT('Ctrl Pts',(14.8999474711271,11.0744090996229,10.0146904938848));
#3248=CARTESIAN_POINT('Ctrl Pts',(6.75183541806313,2.93713203534972,9.85570836867285));
#3249=CARTESIAN_POINT('Ctrl Pts',(14.8945299767317,11.0798265940183,9.85570836867285));
#3250=CARTESIAN_POINT('Ctrl Pts',(6.74616867295518,2.94279878045767,9.69721166331069));
#3251=CARTESIAN_POINT('Ctrl Pts',(14.8888632316237,11.0854933391262,9.69721166331069));
#3252=CARTESIAN_POINT('Ctrl Pts',(6.74025021617373,2.94871723723913,9.53920938223972));
#3253=CARTESIAN_POINT('Ctrl Pts',(14.8829447748423,11.0914117959077,9.53920938223972));
#3254=CARTESIAN_POINT('Ctrl Pts',(6.73407756450331,2.95488988890954,9.38171067018621));
#3255=CARTESIAN_POINT('Ctrl Pts',(14.8767721231718,11.0975844475781,9.38171067018621));
#3256=CARTESIAN_POINT('Ctrl Pts',(6.72764821635928,2.96131923705358,9.22472481908756));
#3257=CARTESIAN_POINT('Ctrl Pts',(14.8703427750278,11.1040137957221,9.22472481908756));
#3258=CARTESIAN_POINT('Ctrl Pts',(6.72095965482185,2.96800779859101,9.06826127470432));
#3259=CARTESIAN_POINT('Ctrl Pts',(14.8636542134904,11.1107023572595,9.06826127470432));
#3260=CARTESIAN_POINT('Ctrl Pts',(6.71400935257929,2.97495810083357,8.9123296437024));
#3261=CARTESIAN_POINT('Ctrl Pts',(14.8567039112478,11.1176526595021,8.9123296437024));
#3262=CARTESIAN_POINT('Ctrl Pts',(6.70679476974691,2.98217268366594,8.75693969916426));
#3263=CARTESIAN_POINT('Ctrl Pts',(14.8494893284154,11.1248672423345,8.75693969916426));
#3264=CARTESIAN_POINT('Ctrl Pts',(6.69931334526874,2.98965410814411,8.60210138466793));
#3265=CARTESIAN_POINT('Ctrl Pts',(14.8420079039373,11.1323486668126,8.60210138466793));
#3266=CARTESIAN_POINT('Ctrl Pts',(6.69156249011371,2.99740496329914,8.44782481883993));
#3267=CARTESIAN_POINT('Ctrl Pts',(14.8342570487822,11.1400995219677,8.44782481883993));
#3268=CARTESIAN_POINT('Ctrl Pts',(6.68353957971562,3.00542787369723,8.29412029955325));
#3269=CARTESIAN_POINT('Ctrl Pts',(14.8262341383842,11.1481224323658,8.29412029955325));
#3270=CARTESIAN_POINT('Ctrl Pts',(6.67524194678553,3.01372550662732,8.14099830866171));
#3271=CARTESIAN_POINT('Ctrl Pts',(14.8179365054541,11.1564200652959,8.14099830866171));
#3272=CARTESIAN_POINT('Ctrl Pts',(6.66666687383061,3.02230057958224,7.98846951549557));
#3273=CARTESIAN_POINT('Ctrl Pts',(14.8093614324991,11.1649951382508,7.98846951549557));
#3274=CARTESIAN_POINT('Ctrl Pts',(6.65781158743816,3.03115586597469,7.836544791576));
#3275=CARTESIAN_POINT('Ctrl Pts',(14.8005061461067,11.1738504246432,7.836544791576));
#3276=CARTESIAN_POINT('Ctrl Pts',(6.64867325296743,3.04029420044542,7.68523522685988));
#3277=CARTESIAN_POINT('Ctrl Pts',(14.791367811636,11.182988759114,7.68523522685988));
#3278=CARTESIAN_POINT('Ctrl Pts',(6.63924896876962,3.04971848464323,7.53455214571213));
#3279=CARTESIAN_POINT('Ctrl Pts',(14.7819435274382,11.1924130433118,7.53455214571213));
#3280=CARTESIAN_POINT('Ctrl Pts',(6.62953576134731,3.05943169206554,7.38450712240454));
#3281=CARTESIAN_POINT('Ctrl Pts',(14.7722303200158,11.2021262507341,7.38450712240454));
#3282=CARTESIAN_POINT('Ctrl Pts',(6.61953057832316,3.0694368750897,7.23511199824608));
#3283=CARTESIAN_POINT('Ctrl Pts',(14.7622251369917,11.2121314337582,7.23511199824608));
#3284=CARTESIAN_POINT('Ctrl Pts',(6.60923028821428,3.07973716519858,7.08637889334384));
#3285=CARTESIAN_POINT('Ctrl Pts',(14.7519248468828,11.2224317238671,7.08637889334384));
#3286=CARTESIAN_POINT('Ctrl Pts',(6.59863169649779,3.09033575691506,6.93832020545587));
#3287=CARTESIAN_POINT('Ctrl Pts',(14.7413262551663,11.2330303155836,6.93832020545587));
#3288=CARTESIAN_POINT('Ctrl Pts',(6.58773155808117,3.10123589533168,6.79094861160558));
#3289=CARTESIAN_POINT('Ctrl Pts',(14.7304261167497,11.2439304540002,6.79094861160558));
#3290=CARTESIAN_POINT('Ctrl Pts',(6.57652659197163,3.11244086144122,6.64427706819142));
#3291=CARTESIAN_POINT('Ctrl Pts',(14.7192211506402,11.2551354201098,6.64427706819142));
#3292=CARTESIAN_POINT('Ctrl Pts',(6.56501349322144,3.12395396019142,6.49831881269421));
#3293=CARTESIAN_POINT('Ctrl Pts',(14.70770805189,11.26664851886,6.49831881269421));
#3294=CARTESIAN_POINT('Ctrl Pts',(6.55318895075885,3.13577850265401,6.35308736218327));
#3295=CARTESIAN_POINT('Ctrl Pts',(14.6958835094274,11.2784730613225,6.35308736218327));
#3296=CARTESIAN_POINT('Ctrl Pts',(6.5410496107299,3.14791784268296,6.2085965413505));
#3297=CARTESIAN_POINT('Ctrl Pts',(14.6837441693984,11.2906124013515,6.2085965413505));
#3298=CARTESIAN_POINT('Ctrl Pts',(6.52859203360059,3.16037541981227,6.0648605142297));
#3299=CARTESIAN_POINT('Ctrl Pts',(14.6712865922691,11.3030699784808,6.0648605142297));
#3300=CARTESIAN_POINT('Ctrl Pts',(6.51581265111682,3.17315480229604,5.92189381530235));
#3301=CARTESIAN_POINT('Ctrl Pts',(14.6585072097854,11.3158493609646,5.92189381530235));
#3302=CARTESIAN_POINT('Ctrl Pts',(6.50270772861342,3.18625972479943,5.77971137932884));
#3303=CARTESIAN_POINT('Ctrl Pts',(14.645402287282,11.328954283468,5.77971137932884));
#3304=CARTESIAN_POINT('Ctrl Pts',(6.48927331190731,3.19969414150554,5.63832857554281));
#3305=CARTESIAN_POINT('Ctrl Pts',(14.6319678705758,11.3423887001741,5.63832857554281));
#3306=CARTESIAN_POINT('Ctrl Pts',(6.47550523656111,3.21346221685175,5.4977612238556));
#3307=CARTESIAN_POINT('Ctrl Pts',(14.6181997952296,11.3561567755203,5.4977612238556));
#3308=CARTESIAN_POINT('Ctrl Pts',(6.46139918441451,3.22756826899835,5.3580255977106));
#3309=CARTESIAN_POINT('Ctrl Pts',(14.604093743083,11.3702628276669,5.3580255977106));
#3310=CARTESIAN_POINT('Ctrl Pts',(6.44695072944217,3.24201672397069,5.21913842941687));
#3311=CARTESIAN_POINT('Ctrl Pts',(14.5896452881107,11.3847112826392,5.21913842941687));
#3312=CARTESIAN_POINT('Ctrl Pts',(6.43215538154018,3.25681207187268,5.08111691748673));
#3313=CARTESIAN_POINT('Ctrl Pts',(14.5748499402087,11.3995066305412,5.08111691748673));
#3314=CARTESIAN_POINT('Ctrl Pts',(6.41700864677919,3.27195880663366,4.94397872584338));
#3315=CARTESIAN_POINT('Ctrl Pts',(14.5597032054477,11.4146533653022,4.94397872584338));
#3316=CARTESIAN_POINT('Ctrl Pts',(6.40150602683895,3.2874614265739,4.80774201163404));
#3317=CARTESIAN_POINT('Ctrl Pts',(14.5442005855075,11.4301559852424,4.80774201163404));
#3318=CARTESIAN_POINT('Ctrl Pts',(6.38564291634071,3.30332453707214,4.67242550066173));
#3319=CARTESIAN_POINT('Ctrl Pts',(14.5283374750092,11.4460190957407,4.67242550066173));
#3320=CARTESIAN_POINT('Ctrl Pts',(6.36941452034542,3.31955293306744,4.53804855343645));
#3321=CARTESIAN_POINT('Ctrl Pts',(14.5121090790139,11.462247491736,4.53804855343645));
#3322=CARTESIAN_POINT('Ctrl Pts',(6.35281577065099,3.33615168276186,4.40463123178195));
#3323=CARTESIAN_POINT('Ctrl Pts',(14.4955103293195,11.4788462414304,4.40463123178195));
#3324=CARTESIAN_POINT('Ctrl Pts',(6.33584122605314,3.35312622735972,4.27219437292942));
#3325=CARTESIAN_POINT('Ctrl Pts',(14.4785357847217,11.4958207860283,4.27219437292942));
#3326=CARTESIAN_POINT('Ctrl Pts',(6.31848503459515,3.37048241881771,4.14075963486708));
#3327=CARTESIAN_POINT('Ctrl Pts',(14.4611795932637,11.5131769774862,4.14075963486708));
#3328=CARTESIAN_POINT('Ctrl Pts',(6.30074101960376,3.3882264338091,4.01034948611475));
#3329=CARTESIAN_POINT('Ctrl Pts',(14.4434355782723,11.5309209924776,4.01034948611475));
#3330=CARTESIAN_POINT('Ctrl Pts',(6.28260274437058,3.40636470904228,3.88098720293817));
#3331=CARTESIAN_POINT('Ctrl Pts',(14.4252973030391,11.5490592677108,3.88098720293817));
#3332=CARTESIAN_POINT('Ctrl Pts',(6.2640635743881,3.42490387902476,3.75269687312548));
#3333=CARTESIAN_POINT('Ctrl Pts',(14.4067581330566,11.5675984376933,3.75269687312548));
#3334=CARTESIAN_POINT('Ctrl Pts',(6.24511676722968,3.44385068618318,3.62550337390606));
#3335=CARTESIAN_POINT('Ctrl Pts',(14.3878113258982,11.5865452448517,3.62550337390606));
#3336=CARTESIAN_POINT('Ctrl Pts',(6.22575545172735,3.4632120016855,3.49943244669238));
#3337=CARTESIAN_POINT('Ctrl Pts',(14.3684500103959,11.605906560354,3.49943244669238));
#3338=CARTESIAN_POINT('Ctrl Pts',(6.20597247268973,3.48299498072313,3.37451088818802));
#3339=CARTESIAN_POINT('Ctrl Pts',(14.3486670313583,11.6256895393917,3.37451088818802));
#3340=CARTESIAN_POINT('Ctrl Pts',(6.18576026491431,3.50320718849854,3.25076671607868));
#3341=CARTESIAN_POINT('Ctrl Pts',(14.3284548235828,11.6459017471671,3.25076671607868));
#3342=CARTESIAN_POINT('Ctrl Pts',(6.16511072665724,3.52385672675562,3.12822933552436));
#3343=CARTESIAN_POINT('Ctrl Pts',(14.3078052853258,11.6665512854241,3.12822933552436));
#3344=CARTESIAN_POINT('Ctrl Pts',(6.14401506437127,3.54495238904159,3.00692972968084));
#3345=CARTESIAN_POINT('Ctrl Pts',(14.2867096230398,11.6876469477101,3.00692972968084));
#3346=CARTESIAN_POINT('Ctrl Pts',(6.12246382713593,3.56650362627693,2.88690048920863));
#3347=CARTESIAN_POINT('Ctrl Pts',(14.2651583858045,11.7091981849455,2.88690048920863));
#3348=CARTESIAN_POINT('Ctrl Pts',(6.10044701693179,3.58852043648107,2.76817577421889));
#3349=CARTESIAN_POINT('Ctrl Pts',(14.2431415756003,11.7312149951496,2.76817577421889));
#3350=CARTESIAN_POINT('Ctrl Pts',(6.07795416564663,3.61101328776623,2.65079131099084));
#3351=CARTESIAN_POINT('Ctrl Pts',(14.2206487243152,11.7537078464348,2.65079131099084));
#3352=CARTESIAN_POINT('Ctrl Pts',(6.05497444487308,3.63399300853978,2.53478434567279));
#3353=CARTESIAN_POINT('Ctrl Pts',(14.1976690035416,11.7766875672083,2.53478434567279));
#3354=CARTESIAN_POINT('Ctrl Pts',(6.03149670607428,3.65747074733858,2.42019370023275));
#3355=CARTESIAN_POINT('Ctrl Pts',(14.1741912647428,11.8001653060071,2.42019370023275));
#3356=CARTESIAN_POINT('Ctrl Pts',(6.00750918277815,3.6814582706347,2.30706033800875));
#3357=CARTESIAN_POINT('Ctrl Pts',(14.1502037414467,11.8241528293032,2.30706033800875));
#3358=CARTESIAN_POINT('Ctrl Pts',(5.98299922223187,3.70596823118098,2.19542788530622));
#3359=CARTESIAN_POINT('Ctrl Pts',(14.1256937809004,11.8486627898495,2.19542788530622));
#3360=CARTESIAN_POINT('Ctrl Pts',(5.95795302919452,3.73101442421833,2.08534313283677));
#3361=CARTESIAN_POINT('Ctrl Pts',(14.1006475878631,11.8737089828869,2.08534313283677));
#3362=CARTESIAN_POINT('Ctrl Pts',(5.93235534392586,3.75661210948699,1.97685664212222));
#3363=CARTESIAN_POINT('Ctrl Pts',(14.0750499025944,11.8993066681555,1.97685664212222));
#3364=CARTESIAN_POINT('Ctrl Pts',(5.90618961586019,3.78277783755266,1.87002254340615));
#3365=CARTESIAN_POINT('Ctrl Pts',(14.0488841745287,11.9254723962212,1.87002254340615));
#3366=CARTESIAN_POINT('Ctrl Pts',(5.87943835154265,3.80952910187021,1.76489802057811));
#3367=CARTESIAN_POINT('Ctrl Pts',(14.0221329102112,11.9522236605387,1.76489802057811));
#3368=CARTESIAN_POINT('Ctrl Pts',(5.85208332994304,3.83688412346981,1.6615430742147));
#3369=CARTESIAN_POINT('Ctrl Pts',(13.9947778886116,11.9795786821383,1.6615430742147));
#3370=CARTESIAN_POINT('Ctrl Pts',(5.82410605093614,3.86486140247672,1.56001975286584));
#3371=CARTESIAN_POINT('Ctrl Pts',(13.9668006096047,12.0075559611453,1.56001975286584));
#3372=CARTESIAN_POINT('Ctrl Pts',(5.79548726504465,3.89348018836821,1.46039352109299));
#3373=CARTESIAN_POINT('Ctrl Pts',(13.9381818237132,12.0361747470367,1.46039352109299));
#3374=CARTESIAN_POINT('Ctrl Pts',(5.76620575438905,3.92276169902381,1.36273635430222));
#3375=CARTESIAN_POINT('Ctrl Pts',(13.9089003130576,12.0654562576923,1.36273635430222));
#3376=CARTESIAN_POINT('Ctrl Pts',(5.73623751567885,3.95272993773401,1.26712893571009));
#3377=CARTESIAN_POINT('Ctrl Pts',(13.8789320743474,12.0954244964025,1.26712893571009));
#3378=CARTESIAN_POINT('Ctrl Pts',(5.70555434685537,3.98341310655749,1.17366414732956));
#3379=CARTESIAN_POINT('Ctrl Pts',(13.8482489055239,12.126107665226,1.17366414732956));
#3380=CARTESIAN_POINT('Ctrl Pts',(5.67412466013561,4.01484279327725,1.08244575292498));
#3381=CARTESIAN_POINT('Ctrl Pts',(13.8168192188041,12.1575373519458,1.08244575292498));
#3382=CARTESIAN_POINT('Ctrl Pts',(5.64191609121314,4.04705136219972,0.993583110309962));
#3383=CARTESIAN_POINT('Ctrl Pts',(13.7846106498817,12.1897459208683,0.993583110309962));
#3384=CARTESIAN_POINT('Ctrl Pts',(5.60889715933819,4.08007029407466,0.907188115014));
#3385=CARTESIAN_POINT('Ctrl Pts',(13.7515917180067,12.2227648527432,0.907188115014));
#3386=CARTESIAN_POINT('Ctrl Pts',(5.5750403420643,4.11392711134855,0.823368634985818));
#3387=CARTESIAN_POINT('Ctrl Pts',(13.7177349007328,12.2566216700171,0.823368634985818));
#3388=CARTESIAN_POINT('Ctrl Pts',(5.54031749017256,4.1486499632403,0.742241422844892));
#3389=CARTESIAN_POINT('Ctrl Pts',(13.6830120488411,12.2913445219088,0.742241422844892));
#3390=CARTESIAN_POINT('Ctrl Pts',(5.50469394732452,4.18427350608833,0.663948538605372));
#3391=CARTESIAN_POINT('Ctrl Pts',(13.6473885059931,12.3269680647569,0.663948538605372));
#3392=CARTESIAN_POINT('Ctrl Pts',(5.46812193516633,4.22084551824653,0.588675205530766));
#3393=CARTESIAN_POINT('Ctrl Pts',(13.6108164938349,12.3635400769151,0.588675205530766));
#3394=CARTESIAN_POINT('Ctrl Pts',(5.43053783286563,4.25842962054722,0.516659004011512));
#3395=CARTESIAN_POINT('Ctrl Pts',(13.5732323915342,12.4011241792158,0.516659004011512));
#3396=CARTESIAN_POINT('Ctrl Pts',(5.39188248527117,4.29708496814168,0.448146163638974));
#3397=CARTESIAN_POINT('Ctrl Pts',(13.5345770439397,12.4397795268102,0.448146163638974));
#3398=CARTESIAN_POINT('Ctrl Pts',(5.35211465448806,4.33685279892479,0.383364305432562));
#3399=CARTESIAN_POINT('Ctrl Pts',(13.4948092131566,12.4795473575933,0.383364305432562));
#3400=CARTESIAN_POINT('Ctrl Pts',(5.31123518529887,4.37773226811398,0.322468728427243));
#3401=CARTESIAN_POINT('Ctrl Pts',(13.4539297439674,12.5204268267825,0.322468728427243));
#3402=CARTESIAN_POINT('Ctrl Pts',(5.26925226406304,4.41971518934981,0.265636341634086));
#3403=CARTESIAN_POINT('Ctrl Pts',(13.4119468227316,12.5624097480183,0.265636341634086));
#3404=CARTESIAN_POINT('Ctrl Pts',(5.2261491978117,4.46281825560115,0.213154640071926));
#3405=CARTESIAN_POINT('Ctrl Pts',(13.3688437564802,12.6055128142697,0.213154640071926));
#3406=CARTESIAN_POINT('Ctrl Pts',(5.18182293614489,4.50714451726796,0.165581054671478));
#3407=CARTESIAN_POINT('Ctrl Pts',(13.3245174948134,12.6498390759365,0.165581054671478));
#3408=CARTESIAN_POINT('Ctrl Pts',(5.13615966520064,4.55280778821221,0.123570226114061));
#3409=CARTESIAN_POINT('Ctrl Pts',(13.2788542238692,12.6955023468807,0.123570226114061));
#3410=CARTESIAN_POINT('Ctrl Pts',(5.08915210483495,4.5998153485779,0.087597847689002));
#3411=CARTESIAN_POINT('Ctrl Pts',(13.2318466635035,12.7425099072464,0.087597847689002));
#3412=CARTESIAN_POINT('Ctrl Pts',(5.041063672801,4.64790378061186,0.0575757103855423));
#3413=CARTESIAN_POINT('Ctrl Pts',(13.1837582314695,12.7905983392804,0.0575757103855423));
#3414=CARTESIAN_POINT('Ctrl Pts',(4.99229860109522,4.69666885231763,0.0331579433806297));
#3415=CARTESIAN_POINT('Ctrl Pts',(13.1349931597638,12.8393634109862,0.0331579433806297));
#3416=CARTESIAN_POINT('Ctrl Pts',(4.94314875057536,4.7458187028375,0.0143349154736427));
#3417=CARTESIAN_POINT('Ctrl Pts',(13.0858433092439,12.888513261506,0.0143349154736427));
#3418=CARTESIAN_POINT('Ctrl Pts',(4.89350910779086,4.795458345622,0.00210662793560038));
#3419=CARTESIAN_POINT('Ctrl Pts',(13.0362036664594,12.9381529042905,0.00210662793560038));
#3420=CARTESIAN_POINT('Ctrl Pts',(4.84313606654766,4.84583138686519,-0.00215930476575399));
#3421=CARTESIAN_POINT('Ctrl Pts',(12.9858306252162,12.9885259455337,-0.00215930476575399));
#3422=CARTESIAN_POINT('Ctrl Pts',(4.79206242338609,4.89690503002676,0.00225465656069583));
#3423=CARTESIAN_POINT('Ctrl Pts',(12.9347569820546,13.0395995886953,0.00225465656069583));
#3424=CARTESIAN_POINT('Ctrl Pts',(4.7409292069652,4.94803824644765,0.0145921995506778));
#3425=CARTESIAN_POINT('Ctrl Pts',(12.8836237656337,13.0907328051162,0.0145921995506778));
#3426=CARTESIAN_POINT('Ctrl Pts',(4.69057175387448,4.99839569953838,0.0334988643863256));
#3427=CARTESIAN_POINT('Ctrl Pts',(12.833266312543,13.1410902582069,0.0334988643863256));
#3428=CARTESIAN_POINT('Ctrl Pts',(4.64155580359972,5.04741164981314,0.0580002938841712));
#3429=CARTESIAN_POINT('Ctrl Pts',(12.7842503622683,13.1901062084817,0.0580002938841712));
#3430=CARTESIAN_POINT('Ctrl Pts',(4.59388892766966,5.0950785257432,0.0881172742607632));
#3431=CARTESIAN_POINT('Ctrl Pts',(12.7365834863382,13.2377730844117,0.0881172742607632));
#3432=CARTESIAN_POINT('Ctrl Pts',(4.54735611304992,5.14161134036294,0.124190627257985));
#3433=CARTESIAN_POINT('Ctrl Pts',(12.6900506717185,13.2843058990315,0.124190627257985));
#3434=CARTESIAN_POINT('Ctrl Pts',(4.50181063449176,5.18715681892109,0.166295038793802));
#3435=CARTESIAN_POINT('Ctrl Pts',(12.6445051931603,13.3298513775896,0.166295038793802));
#3436=CARTESIAN_POINT('Ctrl Pts',(4.4573268651879,5.23164058822496,0.213949931329905));
#3437=CARTESIAN_POINT('Ctrl Pts',(12.6000214238564,13.3743351468935,0.213949931329905));
#3438=CARTESIAN_POINT('Ctrl Pts',(4.41403635440632,5.27493109900654,0.266502029877765));
#3439=CARTESIAN_POINT('Ctrl Pts',(12.5567309130749,13.4176256576751,0.266502029877765));
#3440=CARTESIAN_POINT('Ctrl Pts',(4.37201676650804,5.31695068690481,0.323399984626905));
#3441=CARTESIAN_POINT('Ctrl Pts',(12.5147113251766,13.4596452455733,0.323399984626905));
#3442=CARTESIAN_POINT('Ctrl Pts',(4.33122599868985,5.357741454723,0.384358897005295));
#3443=CARTESIAN_POINT('Ctrl Pts',(12.4739205573584,13.5004360133915,0.384358897005295));
#3444=CARTESIAN_POINT('Ctrl Pts',(4.29157670291303,5.39739075049983,0.449202142804948));
#3445=CARTESIAN_POINT('Ctrl Pts',(12.4342712615816,13.5400853091684,0.449202142804948));
#3446=CARTESIAN_POINT('Ctrl Pts',(4.25298078762669,5.43598666578617,0.517772734303771));
#3447=CARTESIAN_POINT('Ctrl Pts',(12.3956753462952,13.5786812244547,0.517772734303771));
#3448=CARTESIAN_POINT('Ctrl Pts',(4.21539368060206,5.4735737728108,0.589842222592224));
#3449=CARTESIAN_POINT('Ctrl Pts',(12.3580882392706,13.6162683314793,0.589842222592224));
#3450=CARTESIAN_POINT('Ctrl Pts',(4.17878932281054,5.51017813060231,0.665164650340001));
#3451=CARTESIAN_POINT('Ctrl Pts',(12.3214838814791,13.6528726892709,0.665164650340001));
#3452=CARTESIAN_POINT('Ctrl Pts',(4.14314788714158,5.54581956627127,0.743503359191372));
#3453=CARTESIAN_POINT('Ctrl Pts',(12.2858424458101,13.6885141249398,0.743503359191372));
#3454=CARTESIAN_POINT('Ctrl Pts',(4.10843596986842,5.58053148354443,0.824674180651124));
#3455=CARTESIAN_POINT('Ctrl Pts',(12.251130528537,13.723226042213,0.824674180651124));
#3456=CARTESIAN_POINT('Ctrl Pts',(4.07461043858759,5.61435701482527,0.908535444511115));
#3457=CARTESIAN_POINT('Ctrl Pts',(12.2173049972561,13.7570515734938,0.908535444511115));
#3458=CARTESIAN_POINT('Ctrl Pts',(4.04162552415179,5.64734192926107,0.994970542901449));
#3459=CARTESIAN_POINT('Ctrl Pts',(12.1843200828203,13.7900364879296,0.994970542901449));
#3460=CARTESIAN_POINT('Ctrl Pts',(4.0094395186171,5.67952793479575,1.08387143641669));
#3461=CARTESIAN_POINT('Ctrl Pts',(12.1521340772856,13.8222224934643,1.08387143641669));
#3462=CARTESIAN_POINT('Ctrl Pts',(3.9780196719157,5.71094778149716,1.17512619997861));
#3463=CARTESIAN_POINT('Ctrl Pts',(12.1207142305842,13.8536423401657,1.17512619997861));
#3464=CARTESIAN_POINT('Ctrl Pts',(3.9473386439013,5.74162880951156,1.2686255943836));
#3465=CARTESIAN_POINT('Ctrl Pts',(12.0900332025698,13.8843233681801,1.2686255943836));
#3466=CARTESIAN_POINT('Ctrl Pts',(3.91737255790456,5.7715948955083,1.36426605300534));
#3467=CARTESIAN_POINT('Ctrl Pts',(12.0600671165731,13.9142894541768,1.36426605300534));
#3468=CARTESIAN_POINT('Ctrl Pts',(3.88809801370091,5.80086943971195,1.46195494748923));
#3469=CARTESIAN_POINT('Ctrl Pts',(12.0307925723694,13.9435639983805,1.46195494748923));
#3470=CARTESIAN_POINT('Ctrl Pts',(3.85949102068501,5.82947643272785,1.5616117562246));
#3471=CARTESIAN_POINT('Ctrl Pts',(12.0021855793535,13.9721709913964,1.5616117562246));
#3472=CARTESIAN_POINT('Ctrl Pts',(3.83152811174538,5.85743934166748,1.66316460215291));
#3473=CARTESIAN_POINT('Ctrl Pts',(11.9742226704139,14.000133900336,1.66316460215291));
#3474=CARTESIAN_POINT('Ctrl Pts',(3.80418687141296,5.88478058199989,1.76654807055194));
#3475=CARTESIAN_POINT('Ctrl Pts',(11.9468814300815,14.0274751406684,1.76654807055194));
#3476=CARTESIAN_POINT('Ctrl Pts',(3.77744684022067,5.91152061319218,1.87170012628811));
#3477=CARTESIAN_POINT('Ctrl Pts',(11.9201413988892,14.0542151718607,1.87170012628811));
#3478=CARTESIAN_POINT('Ctrl Pts',(3.75128975152429,5.93767770188856,1.97856080799626));
#3479=CARTESIAN_POINT('Ctrl Pts',(11.8939843101928,14.0803722605571,1.97856080799626));
#3480=CARTESIAN_POINT('Ctrl Pts',(3.72569902502608,5.96326842838677,2.08707298684914));
#3481=CARTESIAN_POINT('Ctrl Pts',(11.8683935836946,14.1059629870553,2.08707298684914));
#3482=CARTESIAN_POINT('Ctrl Pts',(3.7006594498142,5.98830800359865,2.19718259695622));
#3483=CARTESIAN_POINT('Ctrl Pts',(11.8433540084827,14.1310025622672,2.19718259695622));
#3484=CARTESIAN_POINT('Ctrl Pts',(3.67615676449762,6.01281068891524,2.30883914699887));
#3485=CARTESIAN_POINT('Ctrl Pts',(11.8188513231662,14.1555052475838,2.30883914699887));
#3486=CARTESIAN_POINT('Ctrl Pts',(3.6521773629795,6.03679009043336,2.42199590320261));
#3487=CARTESIAN_POINT('Ctrl Pts',(11.794871921648,14.1794846491019,2.42199590320261));
#3488=CARTESIAN_POINT('Ctrl Pts',(3.62870831483214,6.06025913858071,2.53660928216238));
#3489=CARTESIAN_POINT('Ctrl Pts',(11.7714028735007,14.2029536972492,2.53660928216238));
#3490=CARTESIAN_POINT('Ctrl Pts',(3.60573733791106,6.0832301155018,2.65263835375564));
#3491=CARTESIAN_POINT('Ctrl Pts',(11.7484318965796,14.2259246741703,2.65263835375564));
#3492=CARTESIAN_POINT('Ctrl Pts',(3.58325278957895,6.10571466383391,2.77004432003399));
#3493=CARTESIAN_POINT('Ctrl Pts',(11.7259473482475,14.2484092225024,2.77004432003399));
#3494=CARTESIAN_POINT('Ctrl Pts',(3.56124364983174,6.12772380358112,2.88878995598151));
#3495=CARTESIAN_POINT('Ctrl Pts',(11.7039382085003,14.2704183622497,2.88878995598151));
#3496=CARTESIAN_POINT('Ctrl Pts',(3.53969951176648,6.14926794164637,3.00883956077647));
#3497=CARTESIAN_POINT('Ctrl Pts',(11.682394070435,14.2919625003149,3.00883956077647));
#3498=CARTESIAN_POINT('Ctrl Pts',(3.51861057304713,6.17035688036572,3.13015900077207));
#3499=CARTESIAN_POINT('Ctrl Pts',(11.6613051317157,14.3130514390343,3.13015900077207));
#3500=CARTESIAN_POINT('Ctrl Pts',(3.49796762378779,6.19099982962506,3.25271571256559));
#3501=CARTESIAN_POINT('Ctrl Pts',(11.6406621824563,14.3336943882936,3.25271571256559));
#3502=CARTESIAN_POINT('Ctrl Pts',(3.47776204375642,6.21120540965643,3.37647874034479));
#3503=CARTESIAN_POINT('Ctrl Pts',(11.620456602425,14.353899968325,3.37647874034479));
#3504=CARTESIAN_POINT('Ctrl Pts',(3.45798577072068,6.23098168269218,3.50141870272051));
#3505=CARTESIAN_POINT('Ctrl Pts',(11.6006803293892,14.3736762413607,3.50141870272051));
#3506=CARTESIAN_POINT('Ctrl Pts',(3.43863119941259,6.25033625400026,3.62750760215627));
#3507=CARTESIAN_POINT('Ctrl Pts',(11.5813257580811,14.3930308126688,3.62750760215627));
#3508=CARTESIAN_POINT('Ctrl Pts',(3.41969108965886,6.269276363754,3.75471865904886));
#3509=CARTESIAN_POINT('Ctrl Pts',(11.5623856483274,14.4119709224225,3.75471865904886));
#3510=CARTESIAN_POINT('Ctrl Pts',(3.40115847954736,6.2878089738655,3.88302614634229));
#3511=CARTESIAN_POINT('Ctrl Pts',(11.5438530382159,14.430503532534,3.88302614634229));
#3512=CARTESIAN_POINT('Ctrl Pts',(3.38302657517838,6.30594087823448,4.01240519874042));
#3513=CARTESIAN_POINT('Ctrl Pts',(11.5257211338469,14.448635436903,4.01240519874042));
#3514=CARTESIAN_POINT('Ctrl Pts',(3.3652887417353,6.32367871167755,4.14283174124787));
#3515=CARTESIAN_POINT('Ctrl Pts',(11.5079833004038,14.4663732703461,4.14283174124787));
#3516=CARTESIAN_POINT('Ctrl Pts',(3.34793857116574,6.34102888224711,4.27428251059218));
#3517=CARTESIAN_POINT('Ctrl Pts',(11.4906331298343,14.4837234409157,4.27428251059218));
#3518=CARTESIAN_POINT('Ctrl Pts',(3.33096993106479,6.35799752234806,4.40673505146434));
#3519=CARTESIAN_POINT('Ctrl Pts',(11.4736644897333,14.5006920810166,4.40673505146434));
#3520=CARTESIAN_POINT('Ctrl Pts',(3.31437701374267,6.37459043967019,4.54016771913519));
#3521=CARTESIAN_POINT('Ctrl Pts',(11.4570715724112,14.5172849983387,4.54016771913519));
#3522=CARTESIAN_POINT('Ctrl Pts',(3.29815440424814,6.39081304916472,4.67455968943718));
#3523=CARTESIAN_POINT('Ctrl Pts',(11.4408489629167,14.5335076078333,4.67455968943718));
#3524=CARTESIAN_POINT('Ctrl Pts',(3.28229703944826,6.4066704139646,4.80989091214694));
#3525=CARTESIAN_POINT('Ctrl Pts',(11.4249915981168,14.5493649726331,4.80989091214694));
#3526=CARTESIAN_POINT('Ctrl Pts',(3.26680011699978,6.42216733641307,4.94614203724434));
#3527=CARTESIAN_POINT('Ctrl Pts',(11.4094946756683,14.5648618950816,4.94614203724434));
#3528=CARTESIAN_POINT('Ctrl Pts',(3.251659017031,6.43730843638186,5.0832943482601));
#3529=CARTESIAN_POINT('Ctrl Pts',(11.3943535756995,14.5800029950504,5.0832943482601));
#3530=CARTESIAN_POINT('Ctrl Pts',(3.23686922583314,6.45209822757971,5.22132969630689));
#3531=CARTESIAN_POINT('Ctrl Pts',(11.3795637845017,14.5947927862482,5.22132969630689));
#3532=CARTESIAN_POINT('Ctrl Pts',(3.22242624040295,6.46654121300991,5.36023042473281));
#3533=CARTESIAN_POINT('Ctrl Pts',(11.3651207990715,14.6092357716784,5.36023042473281));
#3534=CARTESIAN_POINT('Ctrl Pts',(3.20832557084123,6.48064188257163,5.49997934245801));
#3535=CARTESIAN_POINT('Ctrl Pts',(11.3510201295098,14.6233364412402,5.49997934245801));
#3536=CARTESIAN_POINT('Ctrl Pts',(3.19456279677606,6.4944046566368,5.64055972450402));
#3537=CARTESIAN_POINT('Ctrl Pts',(11.3372573554446,14.6370992153053,5.64055972450402));
#3538=CARTESIAN_POINT('Ctrl Pts',(3.18113360915523,6.50783384425762,5.78195530473356));
#3539=CARTESIAN_POINT('Ctrl Pts',(11.3238281678238,14.6505284029262,5.78195530473356));
#3540=CARTESIAN_POINT('Ctrl Pts',(3.1680338534473,6.52093359996555,5.92415027043045));
#3541=CARTESIAN_POINT('Ctrl Pts',(11.3107284121158,14.6636281586341,5.92415027043045));
#3542=CARTESIAN_POINT('Ctrl Pts',(3.15525958360854,6.53370786980432,6.06712925950371));
#3543=CARTESIAN_POINT('Ctrl Pts',(11.2979541422771,14.6764024284729,6.06712925950371));
#3544=CARTESIAN_POINT('Ctrl Pts',(3.14280706871516,6.54616038469769,6.21087734378398));
#3545=CARTESIAN_POINT('Ctrl Pts',(11.2855016273837,14.6888549433662,6.21087734378398));
#3546=CARTESIAN_POINT('Ctrl Pts',(3.13067274142785,6.55829471198501,6.35537999488206));
#3547=CARTESIAN_POINT('Ctrl Pts',(11.2733673000964,14.7009892706535,6.35537999488206));
#3548=CARTESIAN_POINT('Ctrl Pts',(3.11885316107152,6.57011429234134,6.50062305433433));
#3549=CARTESIAN_POINT('Ctrl Pts',(11.2615477197401,14.7128088510099,6.50062305433433));
#3550=CARTESIAN_POINT('Ctrl Pts',(3.10734497177119,6.58162248164167,6.64659270256538));
#3551=CARTESIAN_POINT('Ctrl Pts',(11.2500395304397,14.7243170403102,6.64659270256538));
#3552=CARTESIAN_POINT('Ctrl Pts',(3.09614486033844,6.59282259307442,6.79327542704543));
#3553=CARTESIAN_POINT('Ctrl Pts',(11.238839419007,14.735517151743,6.79327542704543));
#3554=CARTESIAN_POINT('Ctrl Pts',(3.08524952126224,6.60371793215062,6.94065799469251));
#3555=CARTESIAN_POINT('Ctrl Pts',(11.2279440799308,14.7464124908192,6.94065799469251));
#3556=CARTESIAN_POINT('Ctrl Pts',(3.07465567437421,6.61431177903865,7.08872745355901));
#3557=CARTESIAN_POINT('Ctrl Pts',(11.2173502330427,14.7570063377072,7.08872745355901));
#3558=CARTESIAN_POINT('Ctrl Pts',(3.06436007629311,6.62460737711975,7.23747113104641));
#3559=CARTESIAN_POINT('Ctrl Pts',(11.2070546349616,14.7673019357883,7.23747113104641));
#3560=CARTESIAN_POINT('Ctrl Pts',(3.05435953470609,6.63460791870677,7.3868766338178));
#3561=CARTESIAN_POINT('Ctrl Pts',(11.1970540933746,14.7773024773753,7.3868766338178));
#3562=CARTESIAN_POINT('Ctrl Pts',(3.04465092045677,6.64431653295609,7.5369318461809));
#3563=CARTESIAN_POINT('Ctrl Pts',(11.1873454791253,14.7870110916246,7.5369318461809));
#3564=CARTESIAN_POINT('Ctrl Pts',(3.03523118309626,6.65373627031659,7.6876249312026));
#3565=CARTESIAN_POINT('Ctrl Pts',(11.1779257417648,14.7964308289851,7.6876249312026));
#3566=CARTESIAN_POINT('Ctrl Pts',(3.02609735034227,6.66287010307059,7.83894431868248));
#3567=CARTESIAN_POINT('Ctrl Pts',(11.1687919090108,14.8055646617391,7.83894431868248));
#3568=CARTESIAN_POINT('Ctrl Pts',(3.0172465213385,6.67172093207436,7.99087868809157));
#3569=CARTESIAN_POINT('Ctrl Pts',(11.159941080007,14.8144154907429,7.99087868809157));
#3570=CARTESIAN_POINT('Ctrl Pts',(3.00867586193446,6.68029159147839,8.1434169530412));
#3571=CARTESIAN_POINT('Ctrl Pts',(11.151370420603,14.8229861501469,8.1434169530412));
#3572=CARTESIAN_POINT('Ctrl Pts',(3.00038259908743,6.68858485432542,8.29654824534406));
#3573=CARTESIAN_POINT('Ctrl Pts',(11.143077157756,14.831279412994,8.29654824534406));
#3574=CARTESIAN_POINT('Ctrl Pts',(2.99236401572993,6.69660343768292,8.4502618987159));
#3575=CARTESIAN_POINT('Ctrl Pts',(11.1350585743985,14.8392979963515,8.4502618987159));
#3576=CARTESIAN_POINT('Ctrl Pts',(2.98461744517033,6.70435000824253,8.60454743422957));
#3577=CARTESIAN_POINT('Ctrl Pts',(11.1273120038389,14.8470445669111,8.60454743422957));
#3578=CARTESIAN_POINT('Ctrl Pts',(2.97714026350928,6.71182718990357,8.75939455689094));
#3579=CARTESIAN_POINT('Ctrl Pts',(11.1198348221778,14.8545217485721,8.75939455689094));
#3580=CARTESIAN_POINT('Ctrl Pts',(2.96992988239828,6.71903757101458,8.91479315087538));
#3581=CARTESIAN_POINT('Ctrl Pts',(11.1126244410668,14.8617321296831,8.91479315087538));
#3582=CARTESIAN_POINT('Ctrl Pts',(2.96298374140006,6.7259837120128,9.0707332753425));
#3583=CARTESIAN_POINT('Ctrl Pts',(11.1056783000686,14.8686782706813,9.0707332753425));
#3584=CARTESIAN_POINT('Ctrl Pts',(2.95629930113127,6.73266815228159,9.22720515987525));
#3585=CARTESIAN_POINT('Ctrl Pts',(11.0989938597998,14.8753627109501,9.22720515987525));
#3586=CARTESIAN_POINT('Ctrl Pts',(2.94987403455929,6.73909341885357,9.38419920040764));
#3587=CARTESIAN_POINT('Ctrl Pts',(11.0925685932278,14.8817879775221,9.38419920040764));
#3588=CARTESIAN_POINT('Ctrl Pts',(2.94370542500482,6.74526202840804,9.54170595366738));
#3589=CARTESIAN_POINT('Ctrl Pts',(11.0863999836734,14.8879565870766,9.54170595366738));
#3590=CARTESIAN_POINT('Ctrl Pts',(2.93779097110686,6.751176482306,9.69971613009856));
#3591=CARTESIAN_POINT('Ctrl Pts',(11.0804855297754,14.8938710409745,9.69971613009856));
#3592=CARTESIAN_POINT('Ctrl Pts',(2.93212818988676,6.7568392635261,9.85822058724758));
#3593=CARTESIAN_POINT('Ctrl Pts',(11.0748227485553,14.8995338221946,9.85822058724758));
#3594=CARTESIAN_POINT('Ctrl Pts',(2.92671462066035,6.76225283275251,10.0172103228404));
#3595=CARTESIAN_POINT('Ctrl Pts',(11.0694091793289,14.904947391421,10.0172103228404));
#3596=CARTESIAN_POINT('Ctrl Pts',(2.92154782841959,6.76741962499327,10.1766764682762));
#3597=CARTESIAN_POINT('Ctrl Pts',(11.0642423870881,14.9101141836618,10.1766764682762));
#3598=CARTESIAN_POINT('Ctrl Pts',(2.91662540787215,6.77234204554071,10.3366102812176));
#3599=CARTESIAN_POINT('Ctrl Pts',(11.0593199665407,14.9150366042092,10.3366102812176));
#3600=CARTESIAN_POINT('Ctrl Pts',(2.91194498459047,6.77702246882239,10.4970031430068));
#3601=CARTESIAN_POINT('Ctrl Pts',(11.054639543259,14.9197170274909,10.4970031430068));
#3602=CARTESIAN_POINT('Ctrl Pts',(2.90750421520111,6.78146323821175,10.6578465578125));
#3603=CARTESIAN_POINT('Ctrl Pts',(11.0501987738696,14.9241577968803,10.6578465578125));
#3604=CARTESIAN_POINT('Ctrl Pts',(2.90330078784018,6.78566666557268,10.8191321511862));
#3605=CARTESIAN_POINT('Ctrl Pts',(11.0459953465087,14.9283612242412,10.8191321511862));
#3606=CARTESIAN_POINT('Ctrl Pts',(2.89933242260157,6.78963503081129,10.980851668921));
#3607=CARTESIAN_POINT('Ctrl Pts',(11.0420269812701,14.9323295894798,10.980851668921));
#3608=CARTESIAN_POINT('Ctrl Pts',(2.89559687174622,6.79337058166664,11.142996975655));
#3609=CARTESIAN_POINT('Ctrl Pts',(11.0382914304148,14.9360651403352,11.142996975655));
#3610=CARTESIAN_POINT('Ctrl Pts',(2.89209192065937,6.79687553275349,11.3055600539237));
#3611=CARTESIAN_POINT('Ctrl Pts',(11.0347864793279,14.939570091422,11.3055600539237));
#3612=CARTESIAN_POINT('Ctrl Pts',(2.88881538111597,6.80015207229689,11.4685329991762));
#3613=CARTESIAN_POINT('Ctrl Pts',(11.0315099397845,14.9428466309654,11.4685329991762));
#3614=CARTESIAN_POINT('Ctrl Pts',(2.88576508344356,6.8032023699693,11.6319080142357));
#3615=CARTESIAN_POINT('Ctrl Pts',(11.0284596421121,14.9458969286378,11.6319080142357));
#3616=CARTESIAN_POINT('Ctrl Pts',(2.88293886913125,6.80602858428161,11.7956774039711));
#3617=CARTESIAN_POINT('Ctrl Pts',(11.0256334277998,14.9487231429501,11.7956774039711));
#3618=CARTESIAN_POINT('Ctrl Pts',(2.88033458312477,6.80863287028809,11.9598335698478));
#3619=CARTESIAN_POINT('Ctrl Pts',(11.0230291417933,14.9513274289566,11.9598335698478));
#3620=CARTESIAN_POINT('Ctrl Pts',(2.87795006655244,6.81101738686042,12.1243690046115));
#3621=CARTESIAN_POINT('Ctrl Pts',(11.020644625221,14.953711945529,12.1243690046115));
#3622=CARTESIAN_POINT('Ctrl Pts',(2.87578314846381,6.81318430494905,12.2892762866984));
#3623=CARTESIAN_POINT('Ctrl Pts',(11.0184777071323,14.9558788636176,12.2892762866984));
#3624=CARTESIAN_POINT('Ctrl Pts',(2.87383165344538,6.81513579996747,12.4545480789514));
#3625=CARTESIAN_POINT('Ctrl Pts',(11.0165262121139,14.957830358636,12.4545480789514));
#3626=CARTESIAN_POINT('Ctrl Pts',(2.87209341041988,6.81687404299298,12.6201771276562));
#3627=CARTESIAN_POINT('Ctrl Pts',(11.0147879690884,14.9595686016615,12.6201771276562));
#3628=CARTESIAN_POINT('Ctrl Pts',(2.87056626094811,6.81840119246475,12.7861562614445));
#3629=CARTESIAN_POINT('Ctrl Pts',(11.0132608196166,14.9610957511333,12.7861562614445));
#3630=CARTESIAN_POINT('Ctrl Pts',(2.86924806789841,6.81971938551444,12.9524783902939));
#3631=CARTESIAN_POINT('Ctrl Pts',(11.0119426265669,14.962413944183,12.9524783902939));
#3632=CARTESIAN_POINT('Ctrl Pts',(2.86813672358788,6.82083072982498,13.1191365043946));
#3633=CARTESIAN_POINT('Ctrl Pts',(11.0108312822564,14.9635252884935,13.1191365043946));
#3634=CARTESIAN_POINT('Ctrl Pts',(2.8672301591472,6.82173729426565,13.2861236733257));
#3635=CARTESIAN_POINT('Ctrl Pts',(11.0099247178157,14.9644318529342,13.2861236733257));
#3636=CARTESIAN_POINT('Ctrl Pts',(2.86652633824784,6.82244111516501,13.4534330412358));
#3637=CARTESIAN_POINT('Ctrl Pts',(11.0092208969164,14.9651356738335,13.4534330412358));
#3638=CARTESIAN_POINT('Ctrl Pts',(2.86602324927268,6.82294420414018,13.6210578216035));
#3639=CARTESIAN_POINT('Ctrl Pts',(11.0087178079412,14.9656387628087,13.6210578216035));
#3640=CARTESIAN_POINT('Ctrl Pts',(2.86571889813865,6.8232485552742,13.7889912922155));
#3641=CARTESIAN_POINT('Ctrl Pts',(11.0084134568072,14.9659431139427,13.7889912922155));
#3642=CARTESIAN_POINT('Ctrl Pts',(2.86561130063206,6.82335615278079,13.9572267899055));
#3643=CARTESIAN_POINT('Ctrl Pts',(11.0083058593006,14.9660507114493,13.9572267899055));
#3644=CARTESIAN_POINT('Ctrl Pts',(2.865698475451,6.82326897796185,14.1257577057436));
#3645=CARTESIAN_POINT('Ctrl Pts',(11.0083930341195,14.9659635366304,14.1257577057436));
#3646=CARTESIAN_POINT('Ctrl Pts',(2.86597843563849,6.82298901777437,14.2945774791207));
#3647=CARTESIAN_POINT('Ctrl Pts',(11.008672994307,14.9656835764429,14.2945774791207));
#3648=CARTESIAN_POINT('Ctrl Pts',(2.8664491915426,6.82251826187025,14.4636795999028));
#3649=CARTESIAN_POINT('Ctrl Pts',(11.0091437502111,14.9652128205388,14.4636795999028));
#3650=CARTESIAN_POINT('Ctrl Pts',(2.86710875632341,6.82185869708945,14.6330576123925));
#3651=CARTESIAN_POINT('Ctrl Pts',(11.0098033149919,14.964553255758,14.6330576123925));
#3652=CARTESIAN_POINT('Ctrl Pts',(2.86795515047995,6.82101230293291,14.8027051185629));
#3653=CARTESIAN_POINT('Ctrl Pts',(11.0106497091485,14.9637068616014,14.8027051185629));
#3654=CARTESIAN_POINT('Ctrl Pts',(2.86898640702175,6.8199810463911,14.9726157818382));
#3655=CARTESIAN_POINT('Ctrl Pts',(11.0116809656903,14.9626756050596,14.9726157818382));
#3656=CARTESIAN_POINT('Ctrl Pts',(2.87020057581946,6.8187668775934,15.1427833300784));
#3657=CARTESIAN_POINT('Ctrl Pts',(11.012895134488,14.9614614362619,15.1427833300784));
#3658=CARTESIAN_POINT('Ctrl Pts',(2.87159572968818,6.81737172372468,15.3132015603319));
#3659=CARTESIAN_POINT('Ctrl Pts',(11.0142902883567,14.9600662823932,15.3132015603319));
#3660=CARTESIAN_POINT('Ctrl Pts',(2.87316996264455,6.8157974907683,15.4838643355214));
#3661=CARTESIAN_POINT('Ctrl Pts',(11.0158645213131,14.9584920494368,15.4838643355214));
#3662=CARTESIAN_POINT('Ctrl Pts',(2.87492138414957,6.81404606926329,15.6547655770031));
#3663=CARTESIAN_POINT('Ctrl Pts',(11.0176159428181,14.9567406279318,15.6547655770031));
#3664=CARTESIAN_POINT('Ctrl Pts',(2.87684811471573,6.81211933869713,15.8258992584975));
#3665=CARTESIAN_POINT('Ctrl Pts',(11.0195426733843,14.9548138973657,15.8258992584975));
#3666=CARTESIAN_POINT('Ctrl Pts',(2.87894828070597,6.81001917270689,15.9972593992721));
#3667=CARTESIAN_POINT('Ctrl Pts',(11.0216428393745,14.9527137313754,15.9972593992721));
#3668=CARTESIAN_POINT('Ctrl Pts',(2.88122001004063,6.80774744337223,16.1688400580632));
#3669=CARTESIAN_POINT('Ctrl Pts',(11.0239145687092,14.9504420020408,16.1688400580632));
#3670=CARTESIAN_POINT('Ctrl Pts',(2.88366142613635,6.80530602727651,16.3406353256557));
#3671=CARTESIAN_POINT('Ctrl Pts',(11.0263559848049,14.948000585945,16.3406353256557));
#3672=CARTESIAN_POINT('Ctrl Pts',(2.88627064771166,6.80269680570119,16.5126393218346));
#3673=CARTESIAN_POINT('Ctrl Pts',(11.0289652063802,14.9453913643697,16.5126393218346));
#3674=CARTESIAN_POINT('Ctrl Pts',(2.88904579598902,6.79992165742384,16.684846197811));
#3675=CARTESIAN_POINT('Ctrl Pts',(11.0317403546576,14.9426162160924,16.684846197811));
#3676=CARTESIAN_POINT('Ctrl Pts',(2.89198499998064,6.79698245343222,16.8572501372535));
#3677=CARTESIAN_POINT('Ctrl Pts',(11.0346795586492,14.9396770121007,16.8572501372535));
#3678=CARTESIAN_POINT('Ctrl Pts',(2.89508640266078,6.79388105075208,17.0298453579176));
#3679=CARTESIAN_POINT('Ctrl Pts',(11.0377809613293,14.9365756094206,17.0298453579176));
#3680=CARTESIAN_POINT('Ctrl Pts',(2.89834816650781,6.79061928690504,17.2026261129461));
#3681=CARTESIAN_POINT('Ctrl Pts',(11.0410427251763,14.9333138455736,17.2026261129461));
#3682=CARTESIAN_POINT('Ctrl Pts',(2.9017684799173,6.78719897349555,17.375586692488));
#3683=CARTESIAN_POINT('Ctrl Pts',(11.0444630385858,14.9298935321641,17.375586692488));
#3684=CARTESIAN_POINT('Ctrl Pts',(2.9053455614332,6.78362189197965,17.5487214246485));
#3685=CARTESIAN_POINT('Ctrl Pts',(11.0480401201017,14.9263164506482,17.5487214246485));
#3686=CARTESIAN_POINT('Ctrl Pts',(2.9090776539336,6.77988979947925,17.722024673486));
#3687=CARTESIAN_POINT('Ctrl Pts',(11.0517722126021,14.9225843581478,17.722024673486));
#3688=CARTESIAN_POINT('Ctrl Pts',(2.91296302014028,6.77600443327257,17.8954908373981));
#3689=CARTESIAN_POINT('Ctrl Pts',(11.0556575788088,14.9186989919411,17.8954908373981));
#3690=CARTESIAN_POINT('Ctrl Pts',(2.91699993764569,6.77196751576716,18.0691143473596));
#3691=CARTESIAN_POINT('Ctrl Pts',(11.0596944963142,14.9146620744357,18.0691143473596));
#3692=CARTESIAN_POINT('Ctrl Pts',(2.92118669407415,6.7677807593387,18.2428896652196));
#3693=CARTESIAN_POINT('Ctrl Pts',(11.0638812527427,14.9104753180072,18.2428896652196));
#3694=CARTESIAN_POINT('Ctrl Pts',(2.92552158235341,6.76344587105944,18.4168112819839));
#3695=CARTESIAN_POINT('Ctrl Pts',(11.0682161410219,14.906140429728,18.4168112819839));
#3696=CARTESIAN_POINT('Ctrl Pts',(2.93000289549033,6.75896455792253,18.5908737160751));
#3697=CARTESIAN_POINT('Ctrl Pts',(11.0726974541589,14.9016591165911,18.5908737160751));
#3698=CARTESIAN_POINT('Ctrl Pts',(2.93462892707571,6.75433852633714,18.7650715119577));
#3699=CARTESIAN_POINT('Ctrl Pts',(11.0773234857442,14.8970330850057,18.7650715119577));
#3700=CARTESIAN_POINT('Ctrl Pts',(2.93939797250689,6.74956948090596,18.9393992388076));
#3701=CARTESIAN_POINT('Ctrl Pts',(11.0820925311754,14.8922640395745,18.9393992388076));
#3702=CARTESIAN_POINT('Ctrl Pts',(2.94430832996785,6.744659123445,19.1138514891749));
#3703=CARTESIAN_POINT('Ctrl Pts',(11.0870028886364,14.8873536821135,19.1138514891749));
#3704=CARTESIAN_POINT('Ctrl Pts',(2.94935830148212,6.73960915193074,19.288422877627));
#3705=CARTESIAN_POINT('Ctrl Pts',(11.0920528601507,14.8823037105993,19.288422877627));
#3706=CARTESIAN_POINT('Ctrl Pts',(2.95454619400262,6.73442125941024,19.4631080394539));
#3707=CARTESIAN_POINT('Ctrl Pts',(11.0972407526712,14.8771158180788,19.4631080394539));
#3708=CARTESIAN_POINT('Ctrl Pts',(2.95987032031565,6.7290971330972,19.637901629216));
#3709=CARTESIAN_POINT('Ctrl Pts',(11.1025648789842,14.8717916917657,19.637901629216));
#3710=CARTESIAN_POINT('Ctrl Pts',(2.96532900074221,6.72363845267065,19.8127983199063));
#3711=CARTESIAN_POINT('Ctrl Pts',(11.1080235594107,14.8663330113392,19.8127983199063));
#3712=CARTESIAN_POINT('Ctrl Pts',(2.97092056552441,6.71804688788844,19.987792802622));
#3713=CARTESIAN_POINT('Ctrl Pts',(11.1136151241929,14.860741446557,19.987792802622));
#3714=CARTESIAN_POINT('Ctrl Pts',(2.97664335699562,6.71232409641723,20.1628797860911));
#3715=CARTESIAN_POINT('Ctrl Pts',(11.1193379156642,14.8550186550858,20.1628797860911));
#3716=CARTESIAN_POINT('Ctrl Pts',(2.98249573188532,6.70647172152753,20.3380539962569));
#3717=CARTESIAN_POINT('Ctrl Pts',(11.1251902905539,14.8491662801961,20.3380539962569));
#3718=CARTESIAN_POINT('Ctrl Pts',(2.98847606346047,6.70049138995238,20.5133101758446));
#3719=CARTESIAN_POINT('Ctrl Pts',(11.131170622129,14.8431859486209,20.5133101758446));
#3720=CARTESIAN_POINT('Ctrl Pts',(2.99458274399056,6.69438470942229,20.6886430839189));
#3721=CARTESIAN_POINT('Ctrl Pts',(11.1372773026591,14.8370792680908,20.6886430839189));
#3722=CARTESIAN_POINT('Ctrl Pts',(3.00081418631124,6.68815326710161,20.8640474954954));
#3723=CARTESIAN_POINT('Ctrl Pts',(11.1435087449798,14.8308478257701,20.8640474954954));
#3724=CARTESIAN_POINT('Ctrl Pts',(3.00716882110885,6.681798632304,21.0395182014117));
#3725=CARTESIAN_POINT('Ctrl Pts',(11.1498633797774,14.8244931909725,21.0395182014117));
#3726=CARTESIAN_POINT('Ctrl Pts',(3.01364509476363,6.67532235864922,21.2150500081771));
#3727=CARTESIAN_POINT('Ctrl Pts',(11.1563396534322,14.8180169173178,21.2150500081771));
#3728=CARTESIAN_POINT('Ctrl Pts',(3.02024146699813,6.66872598641471,21.3906377378042));
#3729=CARTESIAN_POINT('Ctrl Pts',(11.1629360256667,14.8114205450832,21.3906377378042));
#3730=CARTESIAN_POINT('Ctrl Pts',(3.02695640855845,6.6620110448544,21.5662762277082));
#3731=CARTESIAN_POINT('Ctrl Pts',(11.169650967227,14.8047056035229,21.5662762277082));
#3732=CARTESIAN_POINT('Ctrl Pts',(3.03378839899936,6.65517905441349,21.7419603304367));
#3733=CARTESIAN_POINT('Ctrl Pts',(11.1764829576679,14.797873613082,21.7419603304367));
#3734=CARTESIAN_POINT('Ctrl Pts',(3.04073592411664,6.64823152929621,21.9176849138411));
#3735=CARTESIAN_POINT('Ctrl Pts',(11.1834304827852,14.7909260879647,21.9176849138411));
#3736=CARTESIAN_POINT('Ctrl Pts',(3.04779747594011,6.64116997747274,22.0934448581474));
#3737=CARTESIAN_POINT('Ctrl Pts',(11.1904920346086,14.7838645361413,22.0934448581474));
#3738=CARTESIAN_POINT('Ctrl Pts',(3.05497155332988,6.63399590008297,22.2692350522654));
#3739=CARTESIAN_POINT('Ctrl Pts',(11.1976661119984,14.7766904587515,22.2692350522654));
#3740=CARTESIAN_POINT('Ctrl Pts',(3.06225666237622,6.62671079103664,22.4450503904126));
#3741=CARTESIAN_POINT('Ctrl Pts',(11.2049512210448,14.7694053497052,22.4450503904126));
#3742=CARTESIAN_POINT('Ctrl Pts',(3.06965131685934,6.61931613655352,22.6208857684843));
#3743=CARTESIAN_POINT('Ctrl Pts',(11.2123458755279,14.7620106952221,22.6208857684843));
#3744=CARTESIAN_POINT('Ctrl Pts',(3.07715403873558,6.61181341467728,22.796736080816));
#3745=CARTESIAN_POINT('Ctrl Pts',(11.2198485974041,14.7545079733458,22.796736080816));
#3746=CARTESIAN_POINT('Ctrl Pts',(3.08476335848508,6.60420409492778,22.9725962160857));
#3747=CARTESIAN_POINT('Ctrl Pts',(11.2274579171536,14.7468986535963,22.9725962160857));
#3748=CARTESIAN_POINT('Ctrl Pts',(3.09247781597167,6.59648963744118,23.1484610560458));
#3749=CARTESIAN_POINT('Ctrl Pts',(11.2351723746402,14.7391841961097,23.1484610560458));
#3750=CARTESIAN_POINT('Ctrl Pts',(3.10029596208323,6.58867149132962,23.3243254784753));
#3751=CARTESIAN_POINT('Ctrl Pts',(11.2429905207518,14.7313660499982,23.3243254784753));
#3752=CARTESIAN_POINT('Ctrl Pts',(3.10821636018427,6.58075109322859,23.5001843591241));
#3753=CARTESIAN_POINT('Ctrl Pts',(11.2509109188528,14.7234456518971,23.5001843591241));
#3754=CARTESIAN_POINT('Ctrl Pts',(3.11623758764649,6.57272986576637,23.6760325740648));
#3755=CARTESIAN_POINT('Ctrl Pts',(11.258932146315,14.7154244244349,23.6760325740648));
#3756=CARTESIAN_POINT('Ctrl Pts',(3.12435823734151,6.56460921607135,23.8518650018695));
#3757=CARTESIAN_POINT('Ctrl Pts',(11.26705279601,14.7073037747399,23.8518650018695));
#3758=CARTESIAN_POINT('Ctrl Pts',(3.13257691916085,6.55639053425201,24.027676525864));
#3759=CARTESIAN_POINT('Ctrl Pts',(11.2752714778294,14.6990850929205,24.027676525864));
#3760=CARTESIAN_POINT('Ctrl Pts',(3.1408922614954,6.54807519191746,24.2034620363422));
#3761=CARTESIAN_POINT('Ctrl Pts',(11.2835868201639,14.690769750586,24.2034620363422));
#3762=CARTESIAN_POINT('Ctrl Pts',(3.14930290787601,6.53966454553684,24.3792164302143));
#3763=CARTESIAN_POINT('Ctrl Pts',(11.2919974665446,14.6823591042054,24.3792164302143));
#3764=CARTESIAN_POINT('Ctrl Pts',(3.15780751359649,6.53115993981637,24.5549346107025));
#3765=CARTESIAN_POINT('Ctrl Pts',(11.300502072265,14.6738544984849,24.5549346107025));
#3766=CARTESIAN_POINT('Ctrl Pts',(3.16640474242727,6.52256271098559,24.7306114869425));
#3767=CARTESIAN_POINT('Ctrl Pts',(11.3090993010958,14.6652572696541,24.7306114869425));
#3768=CARTESIAN_POINT('Ctrl Pts',(3.17509326310066,6.5138741903122,24.9062419737985));
#3769=CARTESIAN_POINT('Ctrl Pts',(11.3177878217692,14.6565687489807,24.9062419737985));
#3770=CARTESIAN_POINT('Ctrl Pts',(3.18387174633805,6.5050957070748,25.0818209911817));
#3771=CARTESIAN_POINT('Ctrl Pts',(11.3265663050066,14.6477902657433,25.0818209911817));
#3772=CARTESIAN_POINT('Ctrl Pts',(3.19273886052823,6.49622859288463,25.2573434646015));
#3773=CARTESIAN_POINT('Ctrl Pts',(11.3354334191968,14.6389231515532,25.2573434646015));
#3774=CARTESIAN_POINT('Ctrl Pts',(3.20169327320377,6.48727418020909,25.4328043204117));
#3775=CARTESIAN_POINT('Ctrl Pts',(11.3443878318723,14.6299687388776,25.4328043204117));
#3776=CARTESIAN_POINT('Ctrl Pts',(3.21073365617913,6.47823379723373,25.6081984776713));
#3777=CARTESIAN_POINT('Ctrl Pts',(11.3534282148477,14.6209283559023,25.6081984776713));
#3778=CARTESIAN_POINT('Ctrl Pts',(3.21985868953801,6.46910876387485,25.7835208411278));
#3779=CARTESIAN_POINT('Ctrl Pts',(11.3625532482065,14.6118033225434,25.7835208411278));
#3780=CARTESIAN_POINT('Ctrl Pts',(3.22906706619749,6.45990038721537,25.9587662935124));
#3781=CARTESIAN_POINT('Ctrl Pts',(11.371761624866,14.6025949458839,25.9587662935124));
#3782=CARTESIAN_POINT('Ctrl Pts',(3.23835749599127,6.45060995742159,26.1339296886492));
#3783=CARTESIAN_POINT('Ctrl Pts',(11.3810520546598,14.5933045160901,26.1339296886492));
#3784=CARTESIAN_POINT('Ctrl Pts',(3.24772871052053,6.44123874289233,26.3090058429674));
#3785=CARTESIAN_POINT('Ctrl Pts',(11.3904232691891,14.5839333015609,26.3090058429674));
#3786=CARTESIAN_POINT('Ctrl Pts',(3.25717946594556,6.43178798746729,26.4839895315459));
#3787=CARTESIAN_POINT('Ctrl Pts',(11.3998740246141,14.5744825461358,26.4839895315459));
#3788=CARTESIAN_POINT('Ctrl Pts',(3.26670853835799,6.42225891505487,26.6588755006428));
#3789=CARTESIAN_POINT('Ctrl Pts',(11.4094030970265,14.5649534737234,26.6588755006428));
#3790=CARTESIAN_POINT('Ctrl Pts',(3.2763147202952,6.41265273311765,26.8336584777181));
#3791=CARTESIAN_POINT('Ctrl Pts',(11.4190092789637,14.5553472917862,26.8336584777181));
#3792=CARTESIAN_POINT('Ctrl Pts',(3.28599681683956,6.40297063657329,27.0083331822897));
#3793=CARTESIAN_POINT('Ctrl Pts',(11.4286913755081,14.5456651952418,27.0083331822897));
#3794=CARTESIAN_POINT('Ctrl Pts',(3.29575364182198,6.39321381159087,27.1828943367742));
#3795=CARTESIAN_POINT('Ctrl Pts',(11.4384482004905,14.5359083702594,27.1828943367742));
#3796=CARTESIAN_POINT('Ctrl Pts',(3.30558401415186,6.38338343926099,27.3573366765343));
#3797=CARTESIAN_POINT('Ctrl Pts',(11.4482785728204,14.5260779979295,27.3573366765343));
#3798=CARTESIAN_POINT('Ctrl Pts',(3.31548675363921,6.37348069977364,27.5316549623897));
#3799=CARTESIAN_POINT('Ctrl Pts',(11.4581813123077,14.5161752584422,27.5316549623897));
#3800=CARTESIAN_POINT('Ctrl Pts',(3.32546068170015,6.36350677171269,27.7058439701167));
#3801=CARTESIAN_POINT('Ctrl Pts',(11.4681552403687,14.5062013303812,27.7058439701167));
#3802=CARTESIAN_POINT('Ctrl Pts',(3.33550462285304,6.35346283055981,27.8798984761365));
#3803=CARTESIAN_POINT('Ctrl Pts',(11.4781991815216,14.4961573892283,27.8798984761365));
#3804=CARTESIAN_POINT('Ctrl Pts',(3.34561740592661,6.34335004748623,28.0538132447886));
#3805=CARTESIAN_POINT('Ctrl Pts',(11.4883119645951,14.4860446061548,28.0538132447886));
#3806=CARTESIAN_POINT('Ctrl Pts',(3.35579786541173,6.33316958800111,28.2275830143847));
#3807=CARTESIAN_POINT('Ctrl Pts',(11.4984924240803,14.4758641466697,28.2275830143847));
#3808=CARTESIAN_POINT('Ctrl Pts',(3.36604484269945,6.3229226107134,28.4012024850709));
#3809=CARTESIAN_POINT('Ctrl Pts',(11.508739401368,14.4656171693819,28.4012024850709));
#3810=CARTESIAN_POINT('Ctrl Pts',(3.37635718749664,6.31261026591621,28.5746663027327));
#3811=CARTESIAN_POINT('Ctrl Pts',(11.5190517461652,14.4553048245847,28.5746663027327));
#3812=CARTESIAN_POINT('Ctrl Pts',(3.38673375865216,6.3022336947607,28.7479690573469));
#3813=CARTESIAN_POINT('Ctrl Pts',(11.5294283173207,14.4449282534292,28.7479690573469));
#3814=CARTESIAN_POINT('Ctrl Pts',(3.39717342444172,6.29179402897113,28.9211052952055));
#3815=CARTESIAN_POINT('Ctrl Pts',(11.5398679831103,14.4344885876397,28.9211052952055));
#3816=CARTESIAN_POINT('Ctrl Pts',(3.40767506298369,6.28129239042917,29.0940695272419));
#3817=CARTESIAN_POINT('Ctrl Pts',(11.5503696216522,14.4239869490977,29.0940695272419));
#3818=CARTESIAN_POINT('Ctrl Pts',(3.41823756263812,6.27072989077474,29.2668562391676));
#3819=CARTESIAN_POINT('Ctrl Pts',(11.5609321213067,14.4134244494433,29.2668562391676));
#3820=CARTESIAN_POINT('Ctrl Pts',(3.4288598223283,6.26010763108456,29.4394599003345));
#3821=CARTESIAN_POINT('Ctrl Pts',(11.5715543809968,14.4028021897531,29.4394599003345));
#3822=CARTESIAN_POINT('Ctrl Pts',(3.43954075209882,6.24942670131405,29.6118749743363));
#3823=CARTESIAN_POINT('Ctrl Pts',(11.5822353107674,14.3921212599826,29.6118749743363));
#3824=CARTESIAN_POINT('Ctrl Pts',(3.45027927295515,6.23868818045771,29.7840959252459));
#3825=CARTESIAN_POINT('Ctrl Pts',(11.5929738316237,14.3813827391262,29.7840959252459));
#3826=CARTESIAN_POINT('Ctrl Pts',(3.46107431360004,6.22789313981282,29.9561172056641));
#3827=CARTESIAN_POINT('Ctrl Pts',(11.6037688722686,14.3705876984814,29.9561172056641));
#3828=CARTESIAN_POINT('Ctrl Pts',(3.47192480759806,6.21704264581479,30.127933247315));
#3829=CARTESIAN_POINT('Ctrl Pts',(11.6146193662666,14.3597372044833,30.127933247315));
#3830=CARTESIAN_POINT('Ctrl Pts',(3.4828296904035,6.20613776300935,30.2995384507098));
#3831=CARTESIAN_POINT('Ctrl Pts',(11.625524249072,14.3488323216779,30.2995384507098));
#3832=CARTESIAN_POINT('Ctrl Pts',(3.49378789637761,6.19517955703524,30.4709271750703));
#3833=CARTESIAN_POINT('Ctrl Pts',(11.6364824550461,14.3378741157038,30.4709271750703));
#3834=CARTESIAN_POINT('Ctrl Pts',(3.50479835597256,6.18416909744029,30.6420937284625));
#3835=CARTESIAN_POINT('Ctrl Pts',(11.6474929146411,14.3268636561088,30.6420937284625));
#3836=CARTESIAN_POINT('Ctrl Pts',(3.51585999240301,6.17310746100984,30.8130323569656));
#3837=CARTESIAN_POINT('Ctrl Pts',(11.6585545510715,14.3158020196784,30.8130323569656));
#3838=CARTESIAN_POINT('Ctrl Pts',(3.52697172710023,6.16199572631262,30.9837372510882));
#3839=CARTESIAN_POINT('Ctrl Pts',(11.6696662857688,14.3046902849811,30.9837372510882));
#3840=CARTESIAN_POINT('Ctrl Pts',(3.53813248589651,6.15083496751634,31.1542025535668));
#3841=CARTESIAN_POINT('Ctrl Pts',(11.680827044565,14.2935295261849,31.1542025535668));
#3842=CARTESIAN_POINT('Ctrl Pts',(3.54934120478994,6.13962624862291,31.3244223664793));
#3843=CARTESIAN_POINT('Ctrl Pts',(11.6920357634585,14.2823208072915,31.3244223664793));
#3844=CARTESIAN_POINT('Ctrl Pts',(3.56059683623686,6.12837061717599,31.4943907590615));
#3845=CARTESIAN_POINT('Ctrl Pts',(11.7032913949054,14.2710651758445,31.4943907590615));
#3846=CARTESIAN_POINT('Ctrl Pts',(3.57189835439896,6.11706909901389,31.6641017742527));
#3847=CARTESIAN_POINT('Ctrl Pts',(11.7145929130675,14.2597636576824,31.6641017742527));
#3848=CARTESIAN_POINT('Ctrl Pts',(3.58324476293481,6.10572269047805,31.8335494382652));
#3849=CARTESIAN_POINT('Ctrl Pts',(11.7259393216033,14.2484172491466,31.8335494382652));
#3850=CARTESIAN_POINT('Ctrl Pts',(3.59463508975019,6.09433236366267,32.0027277547337));
#3851=CARTESIAN_POINT('Ctrl Pts',(11.7373296484187,14.2370269223312,32.0027277547337));
#3852=CARTESIAN_POINT('Ctrl Pts',(3.60606837629223,6.08289907712062,32.1716306924317));
#3853=CARTESIAN_POINT('Ctrl Pts',(11.7487629349608,14.2255936357892,32.1716306924317));
#3854=CARTESIAN_POINT('Ctrl Pts',(3.61754366880718,6.07142378460567,32.3402521752826));
#3855=CARTESIAN_POINT('Ctrl Pts',(11.7602382274757,14.2141183432742,32.3402521752826));
#3856=CARTESIAN_POINT('Ctrl Pts',(3.62906000833131,6.05990744508155,32.5085860709281));
#3857=CARTESIAN_POINT('Ctrl Pts',(11.7717545669998,14.2026020037501,32.5085860709281));
#3858=CARTESIAN_POINT('Ctrl Pts',(3.64061642226838,6.04835103114448,32.6766261810457));
#3859=CARTESIAN_POINT('Ctrl Pts',(11.7833109809369,14.191045589813,32.6766261810457));
#3860=CARTESIAN_POINT('Ctrl Pts',(3.6522119126948,6.03675554071806,32.8443662281049));
#3861=CARTESIAN_POINT('Ctrl Pts',(11.7949064713633,14.1794500993866,32.8443662281049));
#3862=CARTESIAN_POINT('Ctrl Pts',(3.66384545677218,6.02512199664067,33.01179985527));
#3863=CARTESIAN_POINT('Ctrl Pts',(11.8065400154407,14.1678165553092,33.01179985527));
#3864=CARTESIAN_POINT('Ctrl Pts',(3.67551601782579,6.01345143558707,33.1789206379285));
#3865=CARTESIAN_POINT('Ctrl Pts',(11.8182105764943,14.1561459942556,33.1789206379285));
#3866=CARTESIAN_POINT('Ctrl Pts',(3.68722255326207,6.00174490015079,33.345722091701));
#3867=CARTESIAN_POINT('Ctrl Pts',(11.8299171119306,14.1444394588193,33.345722091701));
#3868=CARTESIAN_POINT('Ctrl Pts',(3.69896402416129,5.99000342925157,33.5121976824638));
#3869=CARTESIAN_POINT('Ctrl Pts',(11.8416585828298,14.1326979879201,33.5121976824638));
#3870=CARTESIAN_POINT('Ctrl Pts',(3.7107394032753,5.97822805013756,33.67834083419));
#3871=CARTESIAN_POINT('Ctrl Pts',(11.8534339619438,14.1209226088061,33.67834083419));
#3872=CARTESIAN_POINT('Ctrl Pts',(3.72254768585793,5.96641976755493,33.844144940956));
#3873=CARTESIAN_POINT('Ctrl Pts',(11.8652422445265,14.1091143262235,33.844144940956));
#3874=CARTESIAN_POINT('Ctrl Pts',(3.73438789148269,5.95457956193016,34.0096033654207));
#3875=CARTESIAN_POINT('Ctrl Pts',(11.8770824501512,14.0972741205987,34.0096033654207));
#3876=CARTESIAN_POINT('Ctrl Pts',(3.74625905351571,5.94270839989715,34.1747094185967));
#3877=CARTESIAN_POINT('Ctrl Pts',(11.8889536121842,14.0854029585657,34.1747094185967));
#3878=CARTESIAN_POINT('Ctrl Pts',(3.75816021172535,5.93080724168751,34.3394563445121));
#3879=CARTESIAN_POINT('Ctrl Pts',(11.9008547703939,14.073501800356,34.3394563445121));
#3880=CARTESIAN_POINT('Ctrl Pts',(3.77009040338042,5.91887705003244,34.5038373022392));
#3881=CARTESIAN_POINT('Ctrl Pts',(11.9127849620489,14.061571608701,34.5038373022392));
#3882=CARTESIAN_POINT('Ctrl Pts',(3.78204865555378,5.90691879785907,34.6678453505556));
#3883=CARTESIAN_POINT('Ctrl Pts',(11.9247432142223,14.0496133565276,34.6678453505556));
#3884=CARTESIAN_POINT('Ctrl Pts',(3.79403397554628,5.89493347786658,34.8314734277985));
#3885=CARTESIAN_POINT('Ctrl Pts',(11.9367285342148,14.0376280365351,34.8314734277985));
#3886=CARTESIAN_POINT('Ctrl Pts',(3.80604534687938,5.88292210653348,34.9947143466717));
#3887=CARTESIAN_POINT('Ctrl Pts',(11.9487399055479,14.025616665202,34.9947143466717));
#3888=CARTESIAN_POINT('Ctrl Pts',(3.81808173408499,5.87088571932787,35.1575608132476));
#3889=CARTESIAN_POINT('Ctrl Pts',(11.9607762927535,14.0135802779964,35.1575608132476));
#3890=CARTESIAN_POINT('Ctrl Pts',(3.83014208547987,5.85882536793298,35.3200054399963));
#3891=CARTESIAN_POINT('Ctrl Pts',(11.9728366441484,14.0015199266015,35.3200054399963));
#3892=CARTESIAN_POINT('Ctrl Pts',(3.84222533671519,5.84674211669766,35.4820407620158));
#3893=CARTESIAN_POINT('Ctrl Pts',(11.9849198953837,13.9894366753662,35.4820407620158));
#3894=CARTESIAN_POINT('Ctrl Pts',(3.85433041407703,5.83463703933583,35.643659250054));
#3895=CARTESIAN_POINT('Ctrl Pts',(11.9970249727456,13.9773315980044,35.643659250054));
#3896=CARTESIAN_POINT('Ctrl Pts',(3.86645623769047,5.82251121572238,35.8048533294093));
#3897=CARTESIAN_POINT('Ctrl Pts',(12.009150796359,13.9652057743909,35.8048533294093));
#3898=CARTESIAN_POINT('Ctrl Pts',(3.87860172553243,5.81036572788042,35.9656153798657));
#3899=CARTESIAN_POINT('Ctrl Pts',(12.021296284201,13.953060286549,35.9656153798657));
#3900=CARTESIAN_POINT('Ctrl Pts',(3.89076579885622,5.79820165455663,36.1259377100877));
#3901=CARTESIAN_POINT('Ctrl Pts',(12.0334603575248,13.9408962132252,36.1259377100877));
#3902=CARTESIAN_POINT('Ctrl Pts',(3.90294738699222,5.78602006642063,36.2858125386706));
#3903=CARTESIAN_POINT('Ctrl Pts',(12.0456419456608,13.9287146250892,36.2858125386706));
#3904=CARTESIAN_POINT('Ctrl Pts',(3.91514543298061,5.77382202043224,36.4452319717419));
#3905=CARTESIAN_POINT('Ctrl Pts',(12.0578399916491,13.9165165791008,36.4452319717419));
#3906=CARTESIAN_POINT('Ctrl Pts',(3.92735889750971,5.76160855590315,36.6041879837773));
#3907=CARTESIAN_POINT('Ctrl Pts',(12.0700534561782,13.9043031145717,36.6041879837773));
#3908=CARTESIAN_POINT('Ctrl Pts',(3.93958676691855,5.74938068649431,36.762672392697));
#3909=CARTESIAN_POINT('Ctrl Pts',(12.0822813255871,13.8920752451628,36.762672392697));
#3910=CARTESIAN_POINT('Ctrl Pts',(3.95182804511227,5.73713940830058,36.920676856018));
#3911=CARTESIAN_POINT('Ctrl Pts',(12.0945226037808,13.8798339669691,36.920676856018));
#3912=CARTESIAN_POINT('Ctrl Pts',(3.96408173262773,5.72488572078512,37.0781928834202));
#3913=CARTESIAN_POINT('Ctrl Pts',(12.1067762912963,13.8675802794537,37.0781928834202));
#3914=CARTESIAN_POINT('Ctrl Pts',(3.9763468097535,5.71262064365936,37.2352118443974));
#3915=CARTESIAN_POINT('Ctrl Pts',(12.119041368422,13.8553152023279,37.2352118443974));
#3916=CARTESIAN_POINT('Ctrl Pts',(3.98862221720399,5.70034523620887,37.3917249783663));
#3917=CARTESIAN_POINT('Ctrl Pts',(12.1313167758725,13.8430397948774,37.3917249783663));
#3918=CARTESIAN_POINT('Ctrl Pts',(4.00090683965437,5.68806061375848,37.5477234026966));
#3919=CARTESIAN_POINT('Ctrl Pts',(12.1436013983229,13.830755172427,37.5477234026966));
#3920=CARTESIAN_POINT('Ctrl Pts',(4.01319948333458,5.67576797007828,37.7031981242946));
#3921=CARTESIAN_POINT('Ctrl Pts',(12.1558940420031,13.8184625287468,37.7031981242946));
#3922=CARTESIAN_POINT('Ctrl Pts',(4.02549889025182,5.66346856316104,37.8581400303666));
#3923=CARTESIAN_POINT('Ctrl Pts',(12.1681934489204,13.8061631218296,37.8581400303666));
#3924=CARTESIAN_POINT('Ctrl Pts',(4.03780376194083,5.65116369147203,38.0125398737677));
#3925=CARTESIAN_POINT('Ctrl Pts',(12.1804983206094,13.7938582501406,38.0125398737677));
#3926=CARTESIAN_POINT('Ctrl Pts',(4.05011278022857,5.63885467318429,38.1663882601424));
#3927=CARTESIAN_POINT('Ctrl Pts',(12.1928073388971,13.7815492318528,38.1663882601424));
#3928=CARTESIAN_POINT('Ctrl Pts',(4.06242462872576,5.6265428246871,38.3196756343876));
#3929=CARTESIAN_POINT('Ctrl Pts',(12.2051191873943,13.7692373833556,38.3196756343876));
#3930=CARTESIAN_POINT('Ctrl Pts',(4.07473801524619,5.61422943816667,38.4723922672275));
#3931=CARTESIAN_POINT('Ctrl Pts',(12.2174325739147,13.7569239968352,38.4723922672275));
#3932=CARTESIAN_POINT('Ctrl Pts',(4.08705169022182,5.60191576319104,38.6245282422496));
#3933=CARTESIAN_POINT('Ctrl Pts',(12.2297462488904,13.7446103218596,38.6245282422496));
#3934=CARTESIAN_POINT('Ctrl Pts',(4.09936442534325,5.58960302806961,38.7760734485085));
#3935=CARTESIAN_POINT('Ctrl Pts',(12.2420589840118,13.7322975867381,38.7760734485085));
#3936=CARTESIAN_POINT('Ctrl Pts',(4.11167499594965,5.57729245746321,38.9270175726382));
#3937=CARTESIAN_POINT('Ctrl Pts',(12.2543695546182,13.7199870161317,38.9270175726382));
#3938=CARTESIAN_POINT('Ctrl Pts',(4.12398216127263,5.56498529214023,39.0773500911496));
#3939=CARTESIAN_POINT('Ctrl Pts',(12.2666767199412,13.7076798508088,39.0773500911496));
#3940=CARTESIAN_POINT('Ctrl Pts',(4.13628464722125,5.55268280619161,39.2270602626482));
#3941=CARTESIAN_POINT('Ctrl Pts',(12.2789792058898,13.6953773648601,39.2270602626482));
#3942=CARTESIAN_POINT('Ctrl Pts',(4.14858112403237,5.54038632938049,39.3761371200789));
#3943=CARTESIAN_POINT('Ctrl Pts',(12.2912756827009,13.683080888049,39.3761371200789));
#3944=CARTESIAN_POINT('Ctrl Pts',(4.16087020307323,5.52809725033963,39.5245694629685));
#3945=CARTESIAN_POINT('Ctrl Pts',(12.3035647617418,13.6707918090082,39.5245694629685));
#3946=CARTESIAN_POINT('Ctrl Pts',(4.17315044936462,5.51581700404823,39.672345849658));
#3947=CARTESIAN_POINT('Ctrl Pts',(12.3158450080332,13.6585115627168,39.672345849658));
#3948=CARTESIAN_POINT('Ctrl Pts',(4.1854203897768,5.50354706363606,39.8194545895692));
#3949=CARTESIAN_POINT('Ctrl Pts',(12.3281149484453,13.6462416223046,39.8194545895692));
#3950=CARTESIAN_POINT('Ctrl Pts',(4.19767852271502,5.49128893069784,39.9658837353799));
#3951=CARTESIAN_POINT('Ctrl Pts',(12.3403730813836,13.6339834893664,39.9658837353799));
#3952=CARTESIAN_POINT('Ctrl Pts',(4.20992332784189,5.47904412557097,40.1116210754086));
#3953=CARTESIAN_POINT('Ctrl Pts',(12.3526178865104,13.6217386842395,40.1116210754086));
#3954=CARTESIAN_POINT('Ctrl Pts',(4.22215327381905,5.46681417959381,40.2566541254112));
#3955=CARTESIAN_POINT('Ctrl Pts',(12.3648478324876,13.6095087382623,40.2566541254112));
#3956=CARTESIAN_POINT('Ctrl Pts',(4.23436680287806,5.4546006505348,40.4009701152692));
#3957=CARTESIAN_POINT('Ctrl Pts',(12.3770613615466,13.5972952092033,40.4009701152692));
#3958=CARTESIAN_POINT('Ctrl Pts',(4.24656231765701,5.44240513575585,40.5445559758607));
#3959=CARTESIAN_POINT('Ctrl Pts',(12.3892568763255,13.5850996944244,40.5445559758607));
#3960=CARTESIAN_POINT('Ctrl Pts',(4.25873816649973,5.43022928691313,40.6873983263208));
#3961=CARTESIAN_POINT('Ctrl Pts',(12.4014327251683,13.5729238455817,40.6873983263208));
#3962=CARTESIAN_POINT('Ctrl Pts',(4.27089263094617,5.41807482246669,40.829483460069));
#3963=CARTESIAN_POINT('Ctrl Pts',(12.4135871896147,13.5607693811352,40.829483460069));
#3964=CARTESIAN_POINT('Ctrl Pts',(4.28302390829579,5.40594354511707,40.9707973341123));
#3965=CARTESIAN_POINT('Ctrl Pts',(12.4257184669643,13.5486381037856,40.9707973341123));
#3966=CARTESIAN_POINT('Ctrl Pts',(4.29513012555739,5.39383732785547,41.1113255368086));
#3967=CARTESIAN_POINT('Ctrl Pts',(12.4378246842259,13.536531886524,41.1113255368086));
#3968=CARTESIAN_POINT('Ctrl Pts',(4.3072093603476,5.38175809306527,41.2510532509329));
#3969=CARTESIAN_POINT('Ctrl Pts',(12.4499039190161,13.5244526517338,41.2510532509329));
#3970=CARTESIAN_POINT('Ctrl Pts',(4.31925966105863,5.36970779235424,41.3899652170203));
#3971=CARTESIAN_POINT('Ctrl Pts',(12.4619542197272,13.5124023510228,41.3899652170203));
#3972=CARTESIAN_POINT('Ctrl Pts',(4.33127906366678,5.35768838974608,41.5280456995423));
#3973=CARTESIAN_POINT('Ctrl Pts',(12.4739736223353,13.5003829484146,41.5280456995423));
#3974=CARTESIAN_POINT('Ctrl Pts',(4.34326561914053,5.34570183427233,41.6652784444901));
#3975=CARTESIAN_POINT('Ctrl Pts',(12.4859601778091,13.4883963929409,41.6652784444901));
#3976=CARTESIAN_POINT('Ctrl Pts',(4.35521737353055,5.33375007988231,41.8016466746209));
#3977=CARTESIAN_POINT('Ctrl Pts',(12.4979119321991,13.4764446385508,41.8016466746209));
#3978=CARTESIAN_POINT('Ctrl Pts',(4.36713232079902,5.32183513261383,41.9371331048391));
#3979=CARTESIAN_POINT('Ctrl Pts',(12.5098268794676,13.4645296912824,41.9371331048391));
#3980=CARTESIAN_POINT('Ctrl Pts',(4.37900836112756,5.30995909228529,42.0717199561481));
#3981=CARTESIAN_POINT('Ctrl Pts',(12.5217029197961,13.4526536509538,42.0717199561481));
#3982=CARTESIAN_POINT('Ctrl Pts',(4.39084326315351,5.29812419025935,42.205388959805));
#3983=CARTESIAN_POINT('Ctrl Pts',(12.533537821822,13.4408187489279,42.205388959805));
#3984=CARTESIAN_POINT('Ctrl Pts',(4.40263460913591,5.28633284427694,42.3381213914356));
#3985=CARTESIAN_POINT('Ctrl Pts',(12.5453291678044,13.4290274029455,42.3381213914356));
#3986=CARTESIAN_POINT('Ctrl Pts',(4.41437981639847,5.27458763701439,42.4698979770259));
#3987=CARTESIAN_POINT('Ctrl Pts',(12.557074375067,13.4172821956829,42.4698979770259));
#3988=CARTESIAN_POINT('Ctrl Pts',(4.42607620828762,5.26289124512523,42.6006987172844));
#3989=CARTESIAN_POINT('Ctrl Pts',(12.5687707669562,13.4055858037938,42.6006987172844));
#3990=CARTESIAN_POINT('Ctrl Pts',(4.43772107471166,5.25124637870119,42.7305027276086));
#3991=CARTESIAN_POINT('Ctrl Pts',(12.5804156333802,13.3939409373697,42.7305027276086));
#3992=CARTESIAN_POINT('Ctrl Pts',(4.4493117273769,5.23965572603596,42.8592880908118));
#3993=CARTESIAN_POINT('Ctrl Pts',(12.5920062860454,13.3823502847045,42.8592880908118));
#3994=CARTESIAN_POINT('Ctrl Pts',(4.46084558179618,5.22812187161667,42.9870316553285));
#3995=CARTESIAN_POINT('Ctrl Pts',(12.6035401404647,13.3708164302852,42.9870316553285));
#3996=CARTESIAN_POINT('Ctrl Pts',(4.47232007748269,5.21664737593017,43.1137091584647));
#3997=CARTESIAN_POINT('Ctrl Pts',(12.6150146361512,13.3593419345987,43.1137091584647));
#3998=CARTESIAN_POINT('Ctrl Pts',(4.48373253846412,5.20523491494874,43.2392954707592));
#3999=CARTESIAN_POINT('Ctrl Pts',(12.6264270971327,13.3479294736173,43.2392954707592));
#4000=CARTESIAN_POINT('Ctrl Pts',(4.49508005535453,5.19388739805832,43.3637647939435));
#4001=CARTESIAN_POINT('Ctrl Pts',(12.6377746140231,13.3365819567269,43.3637647939435));
#4002=CARTESIAN_POINT('Ctrl Pts',(4.50635935412179,5.18260809929107,43.4870908929638));
#4003=CARTESIAN_POINT('Ctrl Pts',(12.6490539127903,13.3253026579596,43.4870908929638));
#4004=CARTESIAN_POINT('Ctrl Pts',(4.51756668202306,5.1714007713898,43.6092472744521));
#4005=CARTESIAN_POINT('Ctrl Pts',(12.6602612406916,13.3140953300583,43.6092472744521));
#4006=CARTESIAN_POINT('Ctrl Pts',(4.52869800122531,5.16026945218755,43.7302063688245));
#4007=CARTESIAN_POINT('Ctrl Pts',(12.6713925598938,13.3029640108561,43.7302063688245));
#4008=CARTESIAN_POINT('Ctrl Pts',(4.53974919065716,5.1492182627557,43.8499386752132));
#4009=CARTESIAN_POINT('Ctrl Pts',(12.6824437493257,13.2919128214242,43.8499386752132));
#4010=CARTESIAN_POINT('Ctrl Pts',(4.55071621092765,5.13825124248521,43.9684120521792));
#4011=CARTESIAN_POINT('Ctrl Pts',(12.6934107695962,13.2809458011537,43.9684120521792));
#4012=CARTESIAN_POINT('Ctrl Pts',(4.56159536684765,5.12737208656521,44.0855906268858));
#4013=CARTESIAN_POINT('Ctrl Pts',(12.7042899255162,13.2700666452337,44.0855906268858));
#4014=CARTESIAN_POINT('Ctrl Pts',(4.57238318930408,5.11658426410878,44.2014351959234));
#4015=CARTESIAN_POINT('Ctrl Pts',(12.7150777479726,13.2592788227773,44.2014351959234));
#4016=CARTESIAN_POINT('Ctrl Pts',(4.58307595176034,5.10589150165252,44.3159050897279));
#4017=CARTESIAN_POINT('Ctrl Pts',(12.7257705104289,13.2485860603211,44.3159050897279));
#4018=CARTESIAN_POINT('Ctrl Pts',(4.59366932230396,5.09529813110889,44.4289594492578));
#4019=CARTESIAN_POINT('Ctrl Pts',(12.7363638809725,13.2379926897774,44.4289594492578));
#4020=CARTESIAN_POINT('Ctrl Pts',(4.60415788446363,5.08480956894923,44.5405591472626));
#4021=CARTESIAN_POINT('Ctrl Pts',(12.7468524431322,13.2275041276178,44.5405591472626));
#4022=CARTESIAN_POINT('Ctrl Pts',(4.61453494603367,5.07443250737919,44.6506671964865));
#4023=CARTESIAN_POINT('Ctrl Pts',(12.7572295047022,13.2171270660477,44.6506671964865));
#4024=CARTESIAN_POINT('Ctrl Pts',(4.62479345338853,5.06417400002433,44.7592432440067));
#4025=CARTESIAN_POINT('Ctrl Pts',(12.7674880120571,13.2068685586929,44.7592432440067));
#4026=CARTESIAN_POINT('Ctrl Pts',(4.63492670301522,5.05404075039764,44.8662391564289));
#4027=CARTESIAN_POINT('Ctrl Pts',(12.7776212616838,13.1967353090662,44.8662391564289));
#4028=CARTESIAN_POINT('Ctrl Pts',(4.64492921357551,5.04403823983735,44.9715937365038));
#4029=CARTESIAN_POINT('Ctrl Pts',(12.787623772244,13.1867327985059,44.9715937365038));
#4030=CARTESIAN_POINT('Ctrl Pts',(4.65479728959681,5.03417016381605,45.0752291211208));
#4031=CARTESIAN_POINT('Ctrl Pts',(12.7974918482653,13.1768647224846,45.0752291211208));
#4032=CARTESIAN_POINT('Ctrl Pts',(4.66452670078729,5.02444075262557,45.1770632712132));
#4033=CARTESIAN_POINT('Ctrl Pts',(12.8072212594558,13.1671353112941,45.1770632712132));
#4034=CARTESIAN_POINT('Ctrl Pts',(4.67411081335205,5.01485664006081,45.2770198030101));
#4035=CARTESIAN_POINT('Ctrl Pts',(12.8168053720206,13.1575511987293,45.2770198030101));
#4036=CARTESIAN_POINT('Ctrl Pts',(4.68353811907456,5.0054293343383,45.3750415166659));
#4037=CARTESIAN_POINT('Ctrl Pts',(12.8262326777431,13.1481238930068,45.3750415166659));
#4038=CARTESIAN_POINT('Ctrl Pts',(4.69279141372754,4.99617603968532,45.4710936762376));
#4039=CARTESIAN_POINT('Ctrl Pts',(12.8354859723961,13.1388705983539,45.4710936762376));
#4040=CARTESIAN_POINT('Ctrl Pts',(4.70185424728869,4.98711320612417,45.5651224009532));
#4041=CARTESIAN_POINT('Ctrl Pts',(12.8445488059572,13.1298077647927,45.5651224009532));
#4042=CARTESIAN_POINT('Ctrl Pts',(4.71071462958981,4.97825282382305,45.6570297177911));
#4043=CARTESIAN_POINT('Ctrl Pts',(12.8534091882583,13.1209473824916,45.6570297177911));
#4044=CARTESIAN_POINT('Ctrl Pts',(4.71937328335011,4.96959417006275,45.7466212935768));
#4045=CARTESIAN_POINT('Ctrl Pts',(12.8620678420186,13.1122887287313,45.7466212935768));
#4046=CARTESIAN_POINT('Ctrl Pts',(4.72783510848603,4.96113234492682,45.833654431909));
#4047=CARTESIAN_POINT('Ctrl Pts',(12.8705296671546,13.1038269035954,45.833654431909));
#4048=CARTESIAN_POINT('Ctrl Pts',(4.73609392639668,4.95287352701618,45.9179249820437));
#4049=CARTESIAN_POINT('Ctrl Pts',(12.8787884850652,13.0955680856847,45.9179249820437));
#4050=CARTESIAN_POINT('Ctrl Pts',(4.74411320466407,4.94485424874879,45.9993805510196));
#4051=CARTESIAN_POINT('Ctrl Pts',(12.8868077633326,13.0875488074173,45.9993805510196));
#4052=CARTESIAN_POINT('Ctrl Pts',(4.7518253291907,4.93714212422216,46.0781165052427));
#4053=CARTESIAN_POINT('Ctrl Pts',(12.8945198878592,13.0798366828907,46.0781165052427));
#4054=CARTESIAN_POINT('Ctrl Pts',(4.75917511734144,4.92979233607142,46.154091652204));
#4055=CARTESIAN_POINT('Ctrl Pts',(12.90186967601,13.07248689474,46.154091652204));
#4056=CARTESIAN_POINT('Ctrl Pts',(4.76617327057768,4.92279418283518,46.2267834765772));
#4057=CARTESIAN_POINT('Ctrl Pts',(12.9088678292462,13.0654887415037,46.2267834765772));
#4058=CARTESIAN_POINT('Ctrl Pts',(4.77290195041587,4.91606550299699,46.2951371945393));
#4059=CARTESIAN_POINT('Ctrl Pts',(12.9155965090844,13.0587600616655,46.2951371945393));
#4060=CARTESIAN_POINT('Ctrl Pts',(4.77938210817666,4.9095853452362,46.3583025011159));
#4061=CARTESIAN_POINT('Ctrl Pts',(12.9220766668452,13.0522799039047,46.3583025011159));
#4062=CARTESIAN_POINT('Ctrl Pts',(4.78538126652816,4.9035861868847,46.4167934806866));
#4063=CARTESIAN_POINT('Ctrl Pts',(12.9280758251967,13.0462807455532,46.4167934806866));
#4064=CARTESIAN_POINT('Ctrl Pts',(4.79051251179756,4.89845494161529,46.4716641280734));
#4065=CARTESIAN_POINT('Ctrl Pts',(12.9332070704661,13.0411495002838,46.4716641280734));
#4066=CARTESIAN_POINT('Ctrl Pts',(4.79474133627931,4.89422611713355,46.5208751081018));
#4067=CARTESIAN_POINT('Ctrl Pts',(12.9374358949478,13.0369206758021,46.5208751081018));
#4068=CARTESIAN_POINT('Ctrl Pts',(4.79791221522597,4.89105523818688,46.5498061180882));
#4069=CARTESIAN_POINT('Ctrl Pts',(12.9406067738945,13.0337497968554,46.5498061180882));
#4070=CARTESIAN_POINT('Ctrl Pts',(4.80040980841094,4.88855764500192,46.5631224094972));
#4071=CARTESIAN_POINT('Ctrl Pts',(12.9431043670795,13.0312522036705,46.5631224094972));
#4072=CARTESIAN_POINT('Ctrl Pts',(4.80212313032473,4.88684432308812,46.5683221371145));
#4073=CARTESIAN_POINT('Ctrl Pts',(12.9448176889933,13.0295388817567,46.5683221371145));
#4074=CARTESIAN_POINT('Ctrl Pts',(4.80299211499995,4.8859753384129,46.57));
#4075=CARTESIAN_POINT('Ctrl Pts',(12.9456866736685,13.0286698970814,46.57));
#4076=CARTESIAN_POINT('Origin',(0.,0.,0.));
#4077=CARTESIAN_POINT('Ctrl Pts',(9.78294818272293,9.69996495931003,46.57));
#4078=CARTESIAN_POINT('Ctrl Pts',(9.78257462587688,9.70033851615608,46.5682267399312));
#4079=CARTESIAN_POINT('Ctrl Pts',(9.78217226674251,9.70074087529045,46.5628491708166));
#4080=CARTESIAN_POINT('Ctrl Pts',(9.78259916093699,9.70031398109597,46.5493044058062));
#4081=CARTESIAN_POINT('Ctrl Pts',(9.78526496926426,9.6976481727687,46.5201503871055));
#4082=CARTESIAN_POINT('Ctrl Pts',(9.79066153263498,9.69225160939798,46.4708283449659));
#4083=CARTESIAN_POINT('Ctrl Pts',(9.79631873350002,9.68659440853294,46.4159106668663));
#4084=CARTESIAN_POINT('Ctrl Pts',(9.80192011942728,9.68099302260568,46.3573469964091));
#4085=CARTESIAN_POINT('Ctrl Pts',(9.8079567200339,9.67495642199906,46.2940884312891));
#4086=CARTESIAN_POINT('Ctrl Pts',(9.81469091637721,9.66822222565576,46.22565799188));
#4087=CARTESIAN_POINT('Ctrl Pts',(9.82194878864923,9.66096435338373,46.1529121292527));
#4088=CARTESIAN_POINT('Ctrl Pts',(9.82947639571431,9.65343674631865,46.0768952333179));
#4089=CARTESIAN_POINT('Ctrl Pts',(9.83717328120738,9.64573986082558,45.9981159339819));
#4090=CARTESIAN_POINT('Ctrl Pts',(9.84507395976397,9.63783918226899,45.9166138358915));
#4091=CARTESIAN_POINT('Ctrl Pts',(9.85324610365062,9.62966703838234,45.8322963845715));
#4092=CARTESIAN_POINT('Ctrl Pts',(9.86170569386797,9.62120744816498,45.7452209318889));
#4093=CARTESIAN_POINT('Ctrl Pts',(9.8704188946157,9.61249424741726,45.6555919374067));
#4094=CARTESIAN_POINT('Ctrl Pts',(9.87933656165389,9.60357658037907,45.5636510894664));
#4095=CARTESIAN_POINT('Ctrl Pts',(9.88842190819548,9.59449123383749,45.4695901842783));
#4096=CARTESIAN_POINT('Ctrl Pts',(9.89766493044522,9.58524821158774,45.3735062273566));
#4097=CARTESIAN_POINT('Ctrl Pts',(9.90706688431823,9.57584625771473,45.2754529697419));
#4098=CARTESIAN_POINT('Ctrl Pts',(9.91663302930341,9.56628011272956,45.1754657267698));
#4099=CARTESIAN_POINT('Ctrl Pts',(9.92636042084233,9.55655272119063,45.0736023575993));
#4100=CARTESIAN_POINT('Ctrl Pts',(9.93623923246437,9.54667390956859,44.9699393168847));
#4101=CARTESIAN_POINT('Ctrl Pts',(9.94625682660492,9.53665631542804,44.8645584874571));
#4102=CARTESIAN_POINT('Ctrl Pts',(9.95640083540067,9.52651230663228,44.7575373396991));
#4103=CARTESIAN_POINT('Ctrl Pts',(9.96666294329892,9.51625019873403,44.6489367351904));
#4104=CARTESIAN_POINT('Ctrl Pts',(9.9770379150557,9.50587522697726,44.5388046916394));
#4105=CARTESIAN_POINT('Ctrl Pts',(9.98752221151765,9.4953909305153,44.4271815476895));
#4106=CARTESIAN_POINT('Ctrl Pts',(9.99811281931639,9.48480032271657,44.3141043721571));
#4107=CARTESIAN_POINT('Ctrl Pts',(10.0088058110181,9.47410733101483,44.1996123745206));
#4108=CARTESIAN_POINT('Ctrl Pts',(10.0195964564344,9.46331668559857,44.0837464103577));
#4109=CARTESIAN_POINT('Ctrl Pts',(10.0304796905232,9.45243345150972,43.96654710687));
#4110=CARTESIAN_POINT('Ctrl Pts',(10.0414504319838,9.44146271004915,43.8480535928327));
#4111=CARTESIAN_POINT('Ctrl Pts',(10.0525040310471,9.43040911098583,43.7283016551618));
#4112=CARTESIAN_POINT('Ctrl Pts',(10.0636364028769,9.41927673915602,43.6073233852721));
#4113=CARTESIAN_POINT('Ctrl Pts',(10.0748438644182,9.40806927761471,43.4851482578444));
#4114=CARTESIAN_POINT('Ctrl Pts',(10.0861230489793,9.39679009305368,43.3618038336635));
#4115=CARTESIAN_POINT('Ctrl Pts',(10.0974707897312,9.38544235230175,43.2373166106252));
#4116=CARTESIAN_POINT('Ctrl Pts',(10.1088840150206,9.37402912701238,43.1117128248733));
#4117=CARTESIAN_POINT('Ctrl Pts',(10.1203597370113,9.36255340502169,42.9850182631903));
#4118=CARTESIAN_POINT('Ctrl Pts',(10.1318950441424,9.35101809789059,42.8572580375724));
#4119=CARTESIAN_POINT('Ctrl Pts',(10.1434870929683,9.33942604906462,42.7284563887379));
#4120=CARTESIAN_POINT('Ctrl Pts',(10.1551330980592,9.32778004397377,42.5986364439127));
#4121=CARTESIAN_POINT('Ctrl Pts',(10.1668303297731,9.31608281225982,42.4678201013513));
#4122=CARTESIAN_POINT('Ctrl Pts',(10.1785761323816,9.30433700965138,42.336028231779));
#4123=CARTESIAN_POINT('Ctrl Pts',(10.1903679392915,9.29254520274142,42.2032808243153));
#4124=CARTESIAN_POINT('Ctrl Pts',(10.2022032873549,9.28070985467801,42.0695971454643));
#4125=CARTESIAN_POINT('Ctrl Pts',(10.2140798365479,9.26883330548506,41.9349959140007));
#4126=CARTESIAN_POINT('Ctrl Pts',(10.2259953694043,9.25691777262868,41.7994953913692));
#4127=CARTESIAN_POINT('Ctrl Pts',(10.2379477625829,9.24496537945001,41.6631133482326));
#4128=CARTESIAN_POINT('Ctrl Pts',(10.2499349644636,9.23297817756932,41.5258670606526));
#4129=CARTESIAN_POINT('Ctrl Pts',(10.2619549720997,9.22095816993325,41.3877732966235));
#4130=CARTESIAN_POINT('Ctrl Pts',(10.2740058041126,9.20890733792039,41.2488483009978));
#4131=CARTESIAN_POINT('Ctrl Pts',(10.2860854906286,9.19682765140433,41.1091078013241));
#4132=CARTESIAN_POINT('Ctrl Pts',(10.2981920901008,9.18472105193215,40.9685670500199));
#4133=CARTESIAN_POINT('Ctrl Pts',(10.3103237000456,9.17258944198737,40.8272408580615));
#4134=CARTESIAN_POINT('Ctrl Pts',(10.3224784695536,9.16043467247934,40.6851436314307));
#4135=CARTESIAN_POINT('Ctrl Pts',(10.3346546126656,9.14825852936733,40.5422894079709));
#4136=CARTESIAN_POINT('Ctrl Pts',(10.3468504163575,9.13606272567548,40.3986918891344));
#4137=CARTESIAN_POINT('Ctrl Pts',(10.359064227024,9.12384891500899,40.2543644506711));
#4138=CARTESIAN_POINT('Ctrl Pts',(10.3712944405158,9.11161870151713,40.1093201567023));
#4139=CARTESIAN_POINT('Ctrl Pts',(10.3835394905944,9.09937365143854,39.9635717725088));
#4140=CARTESIAN_POINT('Ctrl Pts',(10.395797838494,9.08711530353894,39.8171317777478));
#4141=CARTESIAN_POINT('Ctrl Pts',(10.4080679608536,9.07484518117931,39.6700123797919));
#4142=CARTESIAN_POINT('Ctrl Pts',(10.4203483568172,9.06256478521577,39.5222255218437));
#4143=CARTESIAN_POINT('Ctrl Pts',(10.4326375563924,9.0502755856406,39.3737828905436));
#4144=CARTESIAN_POINT('Ctrl Pts',(10.4449341289985,9.03797901303451,39.2246959237577));
#4145=CARTESIAN_POINT('Ctrl Pts',(10.4572366904916,9.02567645154132,39.0749758182905));
#4146=CARTESIAN_POINT('Ctrl Pts',(10.469543914387,9.013369227646,38.9246335376175));
#4147=CARTESIAN_POINT('Ctrl Pts',(10.4818545277172,9.00105861431579,38.7736798196348));
#4148=CARTESIAN_POINT('Ctrl Pts',(10.4941672894236,8.9887458526094,38.6221251844302));
#4149=CARTESIAN_POINT('Ctrl Pts',(10.5064809735083,8.97643216852465,38.4699799420724));
#4150=CARTESIAN_POINT('Ctrl Pts',(10.5187943498594,8.96411879217356,38.317254200332));
#4151=CARTESIAN_POINT('Ctrl Pts',(10.531106166978,8.95180697505496,38.1639578725641));
#4152=CARTESIAN_POINT('Ctrl Pts',(10.5434151314577,8.93949801057527,38.0101006851583));
#4153=CARTESIAN_POINT('Ctrl Pts',(10.5557199267788,8.92719321525414,37.8556921905775));
#4154=CARTESIAN_POINT('Ctrl Pts',(10.5680192353322,8.91489390670079,37.7007417807458));
#4155=CARTESIAN_POINT('Ctrl Pts',(10.5803117598157,8.90260138221729,37.5452587006081));
#4156=CARTESIAN_POINT('Ctrl Pts',(10.5925962437042,8.89031689832874,37.3892520609414));
#4157=CARTESIAN_POINT('Ctrl Pts',(10.6048714949706,8.87804164706232,37.2327308531));
#4158=CARTESIAN_POINT('Ctrl Pts',(10.6171363995231,8.8657767425099,37.0757039578872));
#4159=CARTESIAN_POINT('Ctrl Pts',(10.6293898987486,8.85352324328433,36.9181801338813));
#4160=CARTESIAN_POINT('Ctrl Pts',(10.6416309731893,8.84128216884364,36.7601680094497));
#4161=CARTESIAN_POINT('Ctrl Pts',(10.6538586232666,8.82905451876632,36.6016760726149));
#4162=CARTESIAN_POINT('Ctrl Pts',(10.6660718525109,8.81684128952202,36.4427126634401));
#4163=CARTESIAN_POINT('Ctrl Pts',(10.6782696466563,8.80464349537668,36.2832859613821));
#4164=CARTESIAN_POINT('Ctrl Pts',(10.6904509660216,8.79246217601139,36.1234039897045));
#4165=CARTESIAN_POINT('Ctrl Pts',(10.7026147534397,8.78029838859322,35.9630746403457));
#4166=CARTESIAN_POINT('Ctrl Pts',(10.7147599381753,8.76815320385768,35.8023056931128));
#4167=CARTESIAN_POINT('Ctrl Pts',(10.7268854415169,8.75602770051607,35.6411048380761));
#4168=CARTESIAN_POINT('Ctrl Pts',(10.7389901815489,8.74392296048409,35.4794796945179));
#4169=CARTESIAN_POINT('Ctrl Pts',(10.7510730785357,8.73184006349725,35.3174378365525));
#4170=CARTESIAN_POINT('Ctrl Pts',(10.7631330588977,8.71978008313525,35.1549867925285));
#4171=CARTESIAN_POINT('Ctrl Pts',(10.7751690584391,8.70774408359387,34.992134026237));
#4172=CARTESIAN_POINT('Ctrl Pts',(10.7871800256591,8.69573311637381,34.828886923847));
#4173=CARTESIAN_POINT('Ctrl Pts',(10.7991649253163,8.68374821671665,34.6652527776979));
#4174=CARTESIAN_POINT('Ctrl Pts',(10.8111227412185,8.67179040081447,34.5012387732537));
#4175=CARTESIAN_POINT('Ctrl Pts',(10.8230524810251,8.65986066100787,34.3368519701171));
#4176=CARTESIAN_POINT('Ctrl Pts',(10.8349531720287,8.64795997000424,34.1720993077974));
#4177=CARTESIAN_POINT('Ctrl Pts',(10.8468238516117,8.63608929042125,34.0069876257475));
#4178=CARTESIAN_POINT('Ctrl Pts',(10.8586635595291,8.62424958250383,33.8415236787433));
#4179=CARTESIAN_POINT('Ctrl Pts',(10.8704713290074,8.6124418130256,33.6757141548376));
#4180=CARTESIAN_POINT('Ctrl Pts',(10.8822461793456,8.60066696268736,33.5095656907061));
#4181=CARTESIAN_POINT('Ctrl Pts',(10.8939871053769,8.58892603665609,33.3430848918817));
#4182=CARTESIAN_POINT('Ctrl Pts',(10.9056930796018,8.57722006243111,33.1762783337974));
#4183=CARTESIAN_POINT('Ctrl Pts',(10.9173630629712,8.56555007906179,33.0091525498589));
#4184=CARTESIAN_POINT('Ctrl Pts',(10.9289960129023,8.55391712913062,32.841714023576));
#4185=CARTESIAN_POINT('Ctrl Pts',(10.9405908928728,8.54232224916018,32.6739691785468));
#4186=CARTESIAN_POINT('Ctrl Pts',(10.9521466803287,8.53076646170422,32.5059243704573));
#4187=CARTESIAN_POINT('Ctrl Pts',(10.963662377806,8.51925076422701,32.3375858755111));
#4188=CARTESIAN_POINT('Ctrl Pts',(10.9751370130022,8.50777612903072,32.1689598908957));
#4189=CARTESIAN_POINT('Ctrl Pts',(10.9865696271065,8.49634351492643,32.0000525480002));
#4190=CARTESIAN_POINT('Ctrl Pts',(10.9979592663714,8.48495387566155,31.8308699221013));
#4191=CARTESIAN_POINT('Ctrl Pts',(11.009304972096,8.47360816993698,31.6614180438032));
#4192=CARTESIAN_POINT('Ctrl Pts',(11.0206057719057,8.46230737012723,31.4917029089992));
#4193=CARTESIAN_POINT('Ctrl Pts',(11.0318606689843,8.4510524730487,31.3217304912278));
#4194=CARTESIAN_POINT('Ctrl Pts',(11.0430686370888,8.43984450494415,31.1515067472084));
#4195=CARTESIAN_POINT('Ctrl Pts',(11.0542286283756,8.42868451365735,30.9810376072334));
#4196=CARTESIAN_POINT('Ctrl Pts',(11.0653395786296,8.41757356340335,30.8103289686456));
#4197=CARTESIAN_POINT('Ctrl Pts',(11.0764004135705,8.40651272846249,30.6393866880009));
#4198=CARTESIAN_POINT('Ctrl Pts',(11.0874100545995,8.39550308743346,30.4682165739887));
#4199=CARTESIAN_POINT('Ctrl Pts',(11.0983674250229,8.38454571701006,30.2968243795592));
#4200=CARTESIAN_POINT('Ctrl Pts',(11.1092714553922,8.37364168664075,30.125215795729));
#4201=CARTESIAN_POINT('Ctrl Pts',(11.1201210801027,8.36279206193029,29.9533964625573));
#4202=CARTESIAN_POINT('Ctrl Pts',(11.1309152346048,8.35199790742815,29.7813719789546));
#4203=CARTESIAN_POINT('Ctrl Pts',(11.1416528524087,8.34126028962423,29.6091479127903));
#4204=CARTESIAN_POINT('Ctrl Pts',(11.1523328621197,8.33058027991329,29.4367298112012));
#4205=CARTESIAN_POINT('Ctrl Pts',(11.1629541845934,8.3199589574396,29.2641232100415));
#4206=CARTESIAN_POINT('Ctrl Pts',(11.1735157296902,8.30939741234274,29.0913336457318));
#4207=CARTESIAN_POINT('Ctrl Pts',(11.1840163961655,8.29889674586746,28.9183666487238));
#4208=CARTESIAN_POINT('Ctrl Pts',(11.194455072213,8.28845806981996,28.7452277329837));
#4209=CARTESIAN_POINT('Ctrl Pts',(11.2048306357926,8.27808250624031,28.5719223870969));
#4210=CARTESIAN_POINT('Ctrl Pts',(11.2151419550269,8.26777118700604,28.3984560641401));
#4211=CARTESIAN_POINT('Ctrl Pts',(11.2253878886182,8.25752525341471,28.2248341733638));
#4212=CARTESIAN_POINT('Ctrl Pts',(11.235567286132,8.247345855901,28.0510620679271));
#4213=CARTESIAN_POINT('Ctrl Pts',(11.2456789888393,8.23723415319361,27.8771450469693));
#4214=CARTESIAN_POINT('Ctrl Pts',(11.2557218311322,8.22719131090075,27.7030883716676));
#4215=CARTESIAN_POINT('Ctrl Pts',(11.2656946417598,8.21721850027313,27.5288972773807));
#4216=CARTESIAN_POINT('Ctrl Pts',(11.2755962451843,8.20731689684866,27.3545769876076));
#4217=CARTESIAN_POINT('Ctrl Pts',(11.2854254627797,8.1974876792533,27.1801327266737));
#4218=CARTESIAN_POINT('Ctrl Pts',(11.2951811143501,8.18773202768282,27.0055697341459));
#4219=CARTESIAN_POINT('Ctrl Pts',(11.304862018762,8.17805112327092,26.8308932749862));
#4220=CARTESIAN_POINT('Ctrl Pts',(11.3144669897341,8.16844615229886,26.6561086268921));
#4221=CARTESIAN_POINT('Ctrl Pts',(11.323994832181,8.15891830985195,26.4812210703095));
#4222=CARTESIAN_POINT('Ctrl Pts',(11.3334443384089,8.14946880362404,26.3062358775615));
#4223=CARTESIAN_POINT('Ctrl Pts',(11.3428142842234,8.1400988578096,26.1311583020171));
#4224=CARTESIAN_POINT('Ctrl Pts',(11.3521034254277,8.13080971660522,25.9559935680304));
#4225=CARTESIAN_POINT('Ctrl Pts',(11.3613104932322,8.12160264880076,25.7807468584949));
#4226=CARTESIAN_POINT('Ctrl Pts',(11.3704341971734,8.11247894485958,25.6054233190816));
#4227=CARTESIAN_POINT('Ctrl Pts',(11.3794732299304,8.10343991210257,25.43002806665));
#4228=CARTESIAN_POINT('Ctrl Pts',(11.3884262714208,8.09448687061213,25.2545661961685));
#4229=CARTESIAN_POINT('Ctrl Pts',(11.3972919933627,8.08562114867027,25.0790427884097));
#4230=CARTESIAN_POINT('Ctrl Pts',(11.4060690632549,8.07684407877802,24.9034629169634));
#4231=CARTESIAN_POINT('Ctrl Pts',(11.4147561495394,8.06815699249352,24.7278316563969));
#4232=CARTESIAN_POINT('Ctrl Pts',(11.4233519229371,8.05956121909584,24.5521540868801));
#4233=CARTESIAN_POINT('Ctrl Pts',(11.4318550521256,8.0510580899074,24.3764352936351));
#4234=CARTESIAN_POINT('Ctrl Pts',(11.4402642007688,8.04264894126418,24.2006803676182));
#4235=CARTESIAN_POINT('Ctrl Pts',(11.4485780239985,8.03433511803441,24.0248944057052));
#4236=CARTESIAN_POINT('Ctrl Pts',(11.4567951651361,8.02611797689689,23.849082511087));
#4237=CARTESIAN_POINT('Ctrl Pts',(11.4649142522966,8.01799888973632,23.6732497935817));
#4238=CARTESIAN_POINT('Ctrl Pts',(11.4729338950818,8.00997924695119,23.49740136996));
#4239=CARTESIAN_POINT('Ctrl Pts',(11.4808526861096,8.00206045592332,23.3215423617042));
#4240=CARTESIAN_POINT('Ctrl Pts',(11.4886692025171,7.99424393951587,23.1456778927638));
#4241=CARTESIAN_POINT('Ctrl Pts',(11.4963820074599,7.98653113457305,22.9698130873752));
#4242=CARTESIAN_POINT('Ctrl Pts',(11.5039896516401,7.97892349039287,22.7939530677115));
#4243=CARTESIAN_POINT('Ctrl Pts',(11.5114906747599,7.97142246727303,22.6181029519366));
#4244=CARTESIAN_POINT('Ctrl Pts',(11.5188836071618,7.96402953487115,22.4422678512532));
#4245=CARTESIAN_POINT('Ctrl Pts',(11.5261669706689,7.95674617136407,22.2664528712746));
#4246=CARTESIAN_POINT('Ctrl Pts',(11.5333392789365,7.94957386309645,22.0906631161051));
#4247=CARTESIAN_POINT('Ctrl Pts',(11.5403990379362,7.94251410409675,21.914903691583));
#4248=CARTESIAN_POINT('Ctrl Pts',(11.5473447464182,7.93556839561476,21.7391797089103));
#4249=CARTESIAN_POINT('Ctrl Pts',(11.554174896306,7.92873824572694,21.5634962880245));
#4250=CARTESIAN_POINT('Ctrl Pts',(11.560887973305,7.92202516872796,21.3878585613033));
#4251=CARTESIAN_POINT('Ctrl Pts',(11.5674824568522,7.91543068518075,21.2122716764416));
#4252=CARTESIAN_POINT('Ctrl Pts',(11.5739568175355,7.90895632449741,21.0367407962648));
#4253=CARTESIAN_POINT('Ctrl Pts',(11.5803095148851,7.90260362714782,20.8612710990051));
#4254=CARTESIAN_POINT('Ctrl Pts',(11.5865389950503,7.89637414698267,20.6858677783996));
#4255=CARTESIAN_POINT('Ctrl Pts',(11.5926436884533,7.89026945357963,20.5105360438609));
#4256=CARTESIAN_POINT('Ctrl Pts',(11.5986220076222,7.88429113441079,20.3352811206251));
#4257=CARTESIAN_POINT('Ctrl Pts',(11.6044723445004,7.87844079753255,20.1601082498822));
#4258=CARTESIAN_POINT('Ctrl Pts',(11.6101930720788,7.87272006995415,19.9850226891695));
#4259=CARTESIAN_POINT('Ctrl Pts',(11.6157825468405,7.86713059519248,19.8100297128121));
#4260=CARTESIAN_POINT('Ctrl Pts',(11.6212391109101,7.86167403112281,19.6351346123578));
#4261=CARTESIAN_POINT('Ctrl Pts',(11.6265610943561,7.85635204767686,19.460342696992));
#4262=CARTESIAN_POINT('Ctrl Pts',(11.6317468173606,7.85116632467239,19.285659294011));
#4263=CARTESIAN_POINT('Ctrl Pts',(11.6367945926087,7.84611854942425,19.1110897491497));
#4264=CARTESIAN_POINT('Ctrl Pts',(11.6417027269675,7.84121041506548,18.9366394274362));
#4265=CARTESIAN_POINT('Ctrl Pts',(11.6464695223919,7.8364436196411,18.7623137146411));
#4266=CARTESIAN_POINT('Ctrl Pts',(11.6510932770123,7.83181986502066,18.5881180185739));
#4267=CARTESIAN_POINT('Ctrl Pts',(11.6555722861923,7.8273408558406,18.4140577704391));
#4268=CARTESIAN_POINT('Ctrl Pts',(11.6599048434983,7.82300829853466,18.2401384261736));
#4269=CARTESIAN_POINT('Ctrl Pts',(11.664089241947,7.81882390008596,18.0663654677767));
#4270=CARTESIAN_POINT('Ctrl Pts',(11.6681237744296,7.8147893676034,17.8927444046903));
#4271=CARTESIAN_POINT('Ctrl Pts',(11.6720067284453,7.81090641358762,17.7192807755412));
#4272=CARTESIAN_POINT('Ctrl Pts',(11.6757363813912,7.80717676064179,17.5459801498571));
#4273=CARTESIAN_POINT('Ctrl Pts',(11.6793109957114,7.80360214632151,17.3728481297704));
#4274=CARTESIAN_POINT('Ctrl Pts',(11.6827288139381,7.80018432809482,17.1998903517783));
#4275=CARTESIAN_POINT('Ctrl Pts',(11.6859880541752,7.79692508785774,17.0271124883626));
#4276=CARTESIAN_POINT('Ctrl Pts',(11.6890869043443,7.79382623768865,16.8545202499762));
#4277=CARTESIAN_POINT('Ctrl Pts',(11.6920235265759,7.7908896154571,16.6821193840453));
#4278=CARTESIAN_POINT('Ctrl Pts',(11.6947960635754,7.78811707845756,16.509915673365));
#4279=CARTESIAN_POINT('Ctrl Pts',(11.6974026441847,7.78551049784822,16.3379149347931));
#4280=CARTESIAN_POINT('Ctrl Pts',(11.6998413895467,7.78307175248625,16.1661230176228));
#4281=CARTESIAN_POINT('Ctrl Pts',(11.7021104183928,7.78080272364011,15.9945458025512));
#4282=CARTESIAN_POINT('Ctrl Pts',(11.7042078542521,7.77870528778088,15.823189199248));
#4283=CARTESIAN_POINT('Ctrl Pts',(11.7061318250588,7.77678131697415,15.6520591495509));
#4284=CARTESIAN_POINT('Ctrl Pts',(11.7078804571205,7.77503268491249,15.4811616348642));
#4285=CARTESIAN_POINT('Ctrl Pts',(11.7094518708158,7.77346127121711,15.3105026822419));
#4286=CARTESIAN_POINT('Ctrl Pts',(11.7108441753926,7.77206896664039,15.1400883712092));
#4287=CARTESIAN_POINT('Ctrl Pts',(11.7120554645861,7.77085767744689,14.9699248398175));
#4288=CARTESIAN_POINT('Ctrl Pts',(11.7130838108273,7.76982933120562,14.800018292122));
#4289=CARTESIAN_POINT('Ctrl Pts',(11.7139272636726,7.7689858783604,14.630375001318));
#4290=CARTESIAN_POINT('Ctrl Pts',(11.7145838558987,7.76832928613429,14.4610013049763));
#4291=CARTESIAN_POINT('Ctrl Pts',(11.7150516078448,7.76786153418818,14.2919036020678));
#4292=CARTESIAN_POINT('Ctrl Pts',(11.7153285325959,7.76758460943709,14.123088349173));
#4293=CARTESIAN_POINT('Ctrl Pts',(11.7154126404871,7.76750050154581,13.9545620572653));
#4294=CARTESIAN_POINT('Ctrl Pts',(11.7153019446654,7.76761119736758,13.78633128771));
#4295=CARTESIAN_POINT('Ctrl Pts',(11.7149944638608,7.76791867817215,13.6184026502432));
#4296=CARTESIAN_POINT('Ctrl Pts',(11.714488213756,7.76842492827693,13.450782808931));
#4297=CARTESIAN_POINT('Ctrl Pts',(11.7137812000577,7.76913194197525,13.2834784869614));
#4298=CARTESIAN_POINT('Ctrl Pts',(11.7128714108083,7.77004173122463,13.1164964719158));
#4299=CARTESIAN_POINT('Ctrl Pts',(11.7117568092406,7.77115633279232,12.9498436207811));
#4300=CARTESIAN_POINT('Ctrl Pts',(11.710435325878,7.77247781615499,12.7835268652068));
#4301=CARTESIAN_POINT('Ctrl Pts',(11.7089048524719,7.77400828956103,12.617553216271));
#4302=CARTESIAN_POINT('Ctrl Pts',(11.7071632514921,7.77574989054088,12.4519297652722));
#4303=CARTESIAN_POINT('Ctrl Pts',(11.705208364218,7.77770477781491,12.2866636848763));
#4304=CARTESIAN_POINT('Ctrl Pts',(11.7030380194425,7.77987512259049,12.1217622301076));
#4305=CARTESIAN_POINT('Ctrl Pts',(11.7006500417386,7.78226310029431,11.9572327394556));
#4306=CARTESIAN_POINT('Ctrl Pts',(11.6980422603324,7.7848708817006,11.7930826358199));
#4307=CARTESIAN_POINT('Ctrl Pts',(11.6952125165139,7.78770062551903,11.6293194278491));
#4308=CARTESIAN_POINT('Ctrl Pts',(11.6921586552395,7.79075448679344,11.4659507155675));
#4309=CARTESIAN_POINT('Ctrl Pts',(11.6888785179041,7.79403462412885,11.3029841956763));
#4310=CARTESIAN_POINT('Ctrl Pts',(11.6853699346046,7.79754320742833,11.1404276670126));
#4311=CARTESIAN_POINT('Ctrl Pts',(11.6816307167675,7.80128242526543,10.9782890358671));
#4312=CARTESIAN_POINT('Ctrl Pts',(11.6776586492676,7.80525449276534,10.8165763215428));
#4313=CARTESIAN_POINT('Ctrl Pts',(11.6734514838046,7.80946165822831,10.6552976612798));
#4314=CARTESIAN_POINT('Ctrl Pts',(11.669006939925,7.81390620210795,10.4944613111752));
#4315=CARTESIAN_POINT('Ctrl Pts',(11.6643227052228,7.81859043681012,10.3340756475915));
#4316=CARTESIAN_POINT('Ctrl Pts',(11.659396435807,7.82351670622595,10.1741491682898));
#4317=CARTESIAN_POINT('Ctrl Pts',(11.6542257567686,7.82868738526437,10.0146904938848));
#4318=CARTESIAN_POINT('Ctrl Pts',(11.6488082623732,7.83410487965977,9.85570836867285));
#4319=CARTESIAN_POINT('Ctrl Pts',(11.6431415172652,7.83977162476772,9.69721166331069));
#4320=CARTESIAN_POINT('Ctrl Pts',(11.6372230604838,7.84569008154918,9.53920938223972));
#4321=CARTESIAN_POINT('Ctrl Pts',(11.6310504088134,7.85186273321959,9.38171067018621));
#4322=CARTESIAN_POINT('Ctrl Pts',(11.6246210606693,7.85829208136363,9.22472481908756));
#4323=CARTESIAN_POINT('Ctrl Pts',(11.6179324991319,7.86498064290106,9.06826127470432));
#4324=CARTESIAN_POINT('Ctrl Pts',(11.6109821968893,7.87193094514362,8.9123296437024));
#4325=CARTESIAN_POINT('Ctrl Pts',(11.603767614057,7.87914552797599,8.75693969916426));
#4326=CARTESIAN_POINT('Ctrl Pts',(11.5962861895788,7.88662695245416,8.60210138466793));
#4327=CARTESIAN_POINT('Ctrl Pts',(11.5885353344238,7.89437780760919,8.44782481883993));
#4328=CARTESIAN_POINT('Ctrl Pts',(11.5805124240257,7.90240071800728,8.29412029955325));
#4329=CARTESIAN_POINT('Ctrl Pts',(11.5722147910956,7.91069835093738,8.14099830866171));
#4330=CARTESIAN_POINT('Ctrl Pts',(11.5636397181407,7.91927342389229,7.98846951549557));
#4331=CARTESIAN_POINT('Ctrl Pts',(11.5547844317482,7.92812871028474,7.836544791576));
#4332=CARTESIAN_POINT('Ctrl Pts',(11.5456460972775,7.93726704475547,7.68523522685988));
#4333=CARTESIAN_POINT('Ctrl Pts',(11.5362218130797,7.94669132895328,7.53455214571213));
#4334=CARTESIAN_POINT('Ctrl Pts',(11.5265086056574,7.95640453637559,7.38450712240454));
#4335=CARTESIAN_POINT('Ctrl Pts',(11.5165034226332,7.96640971939975,7.23511199824608));
#4336=CARTESIAN_POINT('Ctrl Pts',(11.5062031325243,7.97671000950863,7.08637889334384));
#4337=CARTESIAN_POINT('Ctrl Pts',(11.4956045408078,7.98730860122511,6.93832020545587));
#4338=CARTESIAN_POINT('Ctrl Pts',(11.4847044023912,7.99820873964173,6.79094861160558));
#4339=CARTESIAN_POINT('Ctrl Pts',(11.4734994362817,8.00941370575127,6.64427706819142));
#4340=CARTESIAN_POINT('Ctrl Pts',(11.4619863375315,8.02092680450147,6.49831881269421));
#4341=CARTESIAN_POINT('Ctrl Pts',(11.4501617950689,8.03275134696406,6.35308736218327));
#4342=CARTESIAN_POINT('Ctrl Pts',(11.4380224550399,8.04489068699301,6.2085965413505));
#4343=CARTESIAN_POINT('Ctrl Pts',(11.4255648779106,8.05734826412232,6.0648605142297));
#4344=CARTESIAN_POINT('Ctrl Pts',(11.4127854954269,8.07012764660609,5.92189381530235));
#4345=CARTESIAN_POINT('Ctrl Pts',(11.3996805729235,8.08323256910948,5.77971137932884));
#4346=CARTESIAN_POINT('Ctrl Pts',(11.3862461562174,8.09666698581559,5.63832857554281));
#4347=CARTESIAN_POINT('Ctrl Pts',(11.3724780808712,8.1104350611618,5.4977612238556));
#4348=CARTESIAN_POINT('Ctrl Pts',(11.3583720287246,8.1245411133084,5.3580255977106));
#4349=CARTESIAN_POINT('Ctrl Pts',(11.3439235737522,8.13898956828073,5.21913842941687));
#4350=CARTESIAN_POINT('Ctrl Pts',(11.3291282258502,8.15378491618273,5.08111691748673));
#4351=CARTESIAN_POINT('Ctrl Pts',(11.3139814910892,8.16893165094372,4.94397872584338));
#4352=CARTESIAN_POINT('Ctrl Pts',(11.298478871149,8.18443427088395,4.80774201163404));
#4353=CARTESIAN_POINT('Ctrl Pts',(11.2826157606508,8.20029738138219,4.67242550066173));
#4354=CARTESIAN_POINT('Ctrl Pts',(11.2663873646555,8.21652577737749,4.53804855343645));
#4355=CARTESIAN_POINT('Ctrl Pts',(11.249788614961,8.23312452707191,4.40463123178195));
#4356=CARTESIAN_POINT('Ctrl Pts',(11.2328140703632,8.25009907166977,4.27219437292942));
#4357=CARTESIAN_POINT('Ctrl Pts',(11.2154578789052,8.26745526312776,4.14075963486708));
#4358=CARTESIAN_POINT('Ctrl Pts',(11.1977138639138,8.28519927811915,4.01034948611475));
#4359=CARTESIAN_POINT('Ctrl Pts',(11.1795755886806,8.30333755335233,3.88098720293817));
#4360=CARTESIAN_POINT('Ctrl Pts',(11.1610364186981,8.32187672333481,3.75269687312548));
#4361=CARTESIAN_POINT('Ctrl Pts',(11.1420896115397,8.34082353049323,3.62550337390606));
#4362=CARTESIAN_POINT('Ctrl Pts',(11.1227282960374,8.36018484599555,3.49943244669238));
#4363=CARTESIAN_POINT('Ctrl Pts',(11.1029453169998,8.37996782503318,3.37451088818802));
#4364=CARTESIAN_POINT('Ctrl Pts',(11.0827331092244,8.40018003280859,3.25076671607868));
#4365=CARTESIAN_POINT('Ctrl Pts',(11.0620835709673,8.42082957106567,3.12822933552436));
#4366=CARTESIAN_POINT('Ctrl Pts',(11.0409879086813,8.44192523335164,3.00692972968084));
#4367=CARTESIAN_POINT('Ctrl Pts',(11.019436671446,8.46347647058698,2.88690048920863));
#4368=CARTESIAN_POINT('Ctrl Pts',(10.9974198612418,8.48549328079112,2.76817577421889));
#4369=CARTESIAN_POINT('Ctrl Pts',(10.9749270099567,8.50798613207628,2.65079131099084));
#4370=CARTESIAN_POINT('Ctrl Pts',(10.9519472891831,8.53096585284983,2.53478434567279));
#4371=CARTESIAN_POINT('Ctrl Pts',(10.9284695503843,8.55444359164863,2.42019370023275));
#4372=CARTESIAN_POINT('Ctrl Pts',(10.9044820270882,8.57843111494475,2.30706033800875));
#4373=CARTESIAN_POINT('Ctrl Pts',(10.8799720665419,8.60294107549104,2.19542788530622));
#4374=CARTESIAN_POINT('Ctrl Pts',(10.8549258735046,8.62798726852838,2.08534313283677));
#4375=CARTESIAN_POINT('Ctrl Pts',(10.8293281882359,8.65358495379704,1.97685664212222));
#4376=CARTESIAN_POINT('Ctrl Pts',(10.8031624601702,8.67975068186271,1.87002254340615));
#4377=CARTESIAN_POINT('Ctrl Pts',(10.7764111958527,8.70650194618026,1.76489802057811));
#4378=CARTESIAN_POINT('Ctrl Pts',(10.7490561742531,8.73385696777986,1.6615430742147));
#4379=CARTESIAN_POINT('Ctrl Pts',(10.7210788952462,8.76183424678677,1.56001975286584));
#4380=CARTESIAN_POINT('Ctrl Pts',(10.6924601093547,8.79045303267826,1.46039352109299));
#4381=CARTESIAN_POINT('Ctrl Pts',(10.6631785986991,8.81973454333386,1.36273635430222));
#4382=CARTESIAN_POINT('Ctrl Pts',(10.6332103599889,8.84970278204406,1.26712893571009));
#4383=CARTESIAN_POINT('Ctrl Pts',(10.6025271911654,8.88038595086754,1.17366414732956));
#4384=CARTESIAN_POINT('Ctrl Pts',(10.5710975044457,8.9118156375873,1.08244575292498));
#4385=CARTESIAN_POINT('Ctrl Pts',(10.5388889355232,8.94402420650977,0.993583110309962));
#4386=CARTESIAN_POINT('Ctrl Pts',(10.5058700036482,8.97704313838471,0.907188115014));
#4387=CARTESIAN_POINT('Ctrl Pts',(10.4720131863744,9.0108999556586,0.823368634985818));
#4388=CARTESIAN_POINT('Ctrl Pts',(10.4372903344826,9.04562280755035,0.742241422844892));
#4389=CARTESIAN_POINT('Ctrl Pts',(10.4016667916346,9.08124635039838,0.663948538605372));
#4390=CARTESIAN_POINT('Ctrl Pts',(10.3650947794764,9.11781836255658,0.588675205530766));
#4391=CARTESIAN_POINT('Ctrl Pts',(10.3275106771757,9.15540246485727,0.516659004011512));
#4392=CARTESIAN_POINT('Ctrl Pts',(10.2888553295812,9.19405781245174,0.448146163638974));
#4393=CARTESIAN_POINT('Ctrl Pts',(10.2490874987981,9.23382564323484,0.383364305432562));
#4394=CARTESIAN_POINT('Ctrl Pts',(10.2082080296089,9.27470511242403,0.322468728427243));
#4395=CARTESIAN_POINT('Ctrl Pts',(10.1662251083731,9.31668803365987,0.265636341634086));
#4396=CARTESIAN_POINT('Ctrl Pts',(10.1231220421218,9.35979109991121,0.213154640071926));
#4397=CARTESIAN_POINT('Ctrl Pts',(10.0787957804549,9.40411736157801,0.165581054671478));
#4398=CARTESIAN_POINT('Ctrl Pts',(10.0331325095107,9.44978063252226,0.123570226114061));
#4399=CARTESIAN_POINT('Ctrl Pts',(9.986124949145,9.49678819288795,0.087597847689002));
#4400=CARTESIAN_POINT('Ctrl Pts',(9.93803651711105,9.54487662492191,0.0575757103855423));
#4401=CARTESIAN_POINT('Ctrl Pts',(9.88927144540527,9.59364169662769,0.0331579433806297));
#4402=CARTESIAN_POINT('Ctrl Pts',(9.84012159488541,9.64279154714755,0.0143349154736427));
#4403=CARTESIAN_POINT('Ctrl Pts',(9.79048195210091,9.69243118993205,0.00210662793560038));
#4404=CARTESIAN_POINT('Ctrl Pts',(9.74010891085771,9.74280423117525,-0.00215930476575399));
#4405=CARTESIAN_POINT('Ctrl Pts',(9.68903526769614,9.79387787433681,0.00225465656069583));
#4406=CARTESIAN_POINT('Ctrl Pts',(9.63790205127525,9.8450110907577,0.0145921995506778));
#4407=CARTESIAN_POINT('Ctrl Pts',(9.58754459818453,9.89536854384843,0.0334988643863256));
#4408=CARTESIAN_POINT('Ctrl Pts',(9.53852864790977,9.94438449412319,0.0580002938841712));
#4409=CARTESIAN_POINT('Ctrl Pts',(9.49086177197971,9.99205137005325,0.0881172742607632));
#4410=CARTESIAN_POINT('Ctrl Pts',(9.44432895735997,10.038584184673,0.124190627257985));
#4411=CARTESIAN_POINT('Ctrl Pts',(9.39878347880181,10.0841296632311,0.166295038793802));
#4412=CARTESIAN_POINT('Ctrl Pts',(9.35429970949795,10.128613432535,0.213949931329905));
#4413=CARTESIAN_POINT('Ctrl Pts',(9.31100919871637,10.1719039433166,0.266502029877765));
#4414=CARTESIAN_POINT('Ctrl Pts',(9.26898961081809,10.2139235312149,0.323399984626905));
#4415=CARTESIAN_POINT('Ctrl Pts',(9.2281988429999,10.2547142990331,0.384358897005295));
#4416=CARTESIAN_POINT('Ctrl Pts',(9.18854954722308,10.2943635948099,0.449202142804948));
#4417=CARTESIAN_POINT('Ctrl Pts',(9.14995363193674,10.3329595100962,0.517772734303771));
#4418=CARTESIAN_POINT('Ctrl Pts',(9.11236652491211,10.3705466171209,0.589842222592224));
#4419=CARTESIAN_POINT('Ctrl Pts',(9.07576216712059,10.4071509749124,0.665164650340001));
#4420=CARTESIAN_POINT('Ctrl Pts',(9.04012073145163,10.4427924105813,0.743503359191372));
#4421=CARTESIAN_POINT('Ctrl Pts',(9.00540881417847,10.4775043278545,0.824674180651124));
#4422=CARTESIAN_POINT('Ctrl Pts',(8.97158328289764,10.5113298591353,0.908535444511115));
#4423=CARTESIAN_POINT('Ctrl Pts',(8.93859836846184,10.5443147735711,0.994970542901449));
#4424=CARTESIAN_POINT('Ctrl Pts',(8.90641236292715,10.5765007791058,1.08387143641669));
#4425=CARTESIAN_POINT('Ctrl Pts',(8.87499251622575,10.6079206258072,1.17512619997861));
#4426=CARTESIAN_POINT('Ctrl Pts',(8.84431148821135,10.6386016538216,1.2686255943836));
#4427=CARTESIAN_POINT('Ctrl Pts',(8.81434540221461,10.6685677398183,1.36426605300534));
#4428=CARTESIAN_POINT('Ctrl Pts',(8.78507085801096,10.697842284022,1.46195494748923));
#4429=CARTESIAN_POINT('Ctrl Pts',(8.75646386499506,10.7264492770379,1.5616117562246));
#4430=CARTESIAN_POINT('Ctrl Pts',(8.72850095605543,10.7544121859775,1.66316460215291));
#4431=CARTESIAN_POINT('Ctrl Pts',(8.70115971572301,10.7817534263099,1.76654807055194));
#4432=CARTESIAN_POINT('Ctrl Pts',(8.67441968453072,10.8084934575022,1.87170012628811));
#4433=CARTESIAN_POINT('Ctrl Pts',(8.64826259583434,10.8346505461986,1.97856080799626));
#4434=CARTESIAN_POINT('Ctrl Pts',(8.62267186933613,10.8602412726968,2.08707298684914));
#4435=CARTESIAN_POINT('Ctrl Pts',(8.59763229412425,10.8852808479087,2.19718259695622));
#4436=CARTESIAN_POINT('Ctrl Pts',(8.57312960880767,10.9097835332253,2.30883914699887));
#4437=CARTESIAN_POINT('Ctrl Pts',(8.54915020728955,10.9337629347434,2.42199590320261));
#4438=CARTESIAN_POINT('Ctrl Pts',(8.5256811591422,10.9572319828908,2.53660928216238));
#4439=CARTESIAN_POINT('Ctrl Pts',(8.50271018222111,10.9802029598118,2.65263835375564));
#4440=CARTESIAN_POINT('Ctrl Pts',(8.480225633889,11.002687508144,2.77004432003399));
#4441=CARTESIAN_POINT('Ctrl Pts',(8.45821649414179,11.0246966478912,2.88878995598151));
#4442=CARTESIAN_POINT('Ctrl Pts',(8.43667235607653,11.0462407859564,3.00883956077647));
#4443=CARTESIAN_POINT('Ctrl Pts',(8.41558341735718,11.0673297246758,3.13015900077207));
#4444=CARTESIAN_POINT('Ctrl Pts',(8.39494046809784,11.0879726739351,3.25271571256559));
#4445=CARTESIAN_POINT('Ctrl Pts',(8.37473488806647,11.1081782539665,3.37647874034479));
#4446=CARTESIAN_POINT('Ctrl Pts',(8.35495861503072,11.1279545270022,3.50141870272051));
#4447=CARTESIAN_POINT('Ctrl Pts',(8.33560404372265,11.1473090983103,3.62750760215627));
#4448=CARTESIAN_POINT('Ctrl Pts',(8.31666393396891,11.1662492080641,3.75471865904886));
#4449=CARTESIAN_POINT('Ctrl Pts',(8.29813132385741,11.1847818181756,3.88302614634229));
#4450=CARTESIAN_POINT('Ctrl Pts',(8.27999941948843,11.2029137225445,4.01240519874042));
#4451=CARTESIAN_POINT('Ctrl Pts',(8.26226158604535,11.2206515559876,4.14283174124787));
#4452=CARTESIAN_POINT('Ctrl Pts',(8.24491141547579,11.2380017265572,4.27428251059218));
#4453=CARTESIAN_POINT('Ctrl Pts',(8.22794277537484,11.2549703666581,4.40673505146434));
#4454=CARTESIAN_POINT('Ctrl Pts',(8.21134985805272,11.2715632839802,4.54016771913519));
#4455=CARTESIAN_POINT('Ctrl Pts',(8.19512724855819,11.2877858934748,4.67455968943718));
#4456=CARTESIAN_POINT('Ctrl Pts',(8.17926988375831,11.3036432582747,4.80989091214694));
#4457=CARTESIAN_POINT('Ctrl Pts',(8.16377296130983,11.3191401807231,4.94614203724434));
#4458=CARTESIAN_POINT('Ctrl Pts',(8.14863186134105,11.3342812806919,5.0832943482601));
#4459=CARTESIAN_POINT('Ctrl Pts',(8.13384207014319,11.3490710718898,5.22132969630689));
#4460=CARTESIAN_POINT('Ctrl Pts',(8.119399084713,11.36351405732,5.36023042473281));
#4461=CARTESIAN_POINT('Ctrl Pts',(8.10529841515128,11.3776147268817,5.49997934245801));
#4462=CARTESIAN_POINT('Ctrl Pts',(8.09153564108611,11.3913775009469,5.64055972450402));
#4463=CARTESIAN_POINT('Ctrl Pts',(8.07810645346528,11.4048066885677,5.78195530473356));
#4464=CARTESIAN_POINT('Ctrl Pts',(8.06500669775735,11.4179064442756,5.92415027043045));
#4465=CARTESIAN_POINT('Ctrl Pts',(8.05223242791859,11.4306807141144,6.06712925950371));
#4466=CARTESIAN_POINT('Ctrl Pts',(8.03977991302521,11.4431332290077,6.21087734378398));
#4467=CARTESIAN_POINT('Ctrl Pts',(8.0276455857379,11.4552675562951,6.35537999488206));
#4468=CARTESIAN_POINT('Ctrl Pts',(8.01582600538157,11.4670871366514,6.50062305433433));
#4469=CARTESIAN_POINT('Ctrl Pts',(8.00431781608124,11.4785953259517,6.64659270256538));
#4470=CARTESIAN_POINT('Ctrl Pts',(7.99311770464849,11.4897954373845,6.79327542704543));
#4471=CARTESIAN_POINT('Ctrl Pts',(7.98222236557229,11.5006907764607,6.94065799469251));
#4472=CARTESIAN_POINT('Ctrl Pts',(7.97162851868426,11.5112846233487,7.08872745355901));
#4473=CARTESIAN_POINT('Ctrl Pts',(7.96133292060316,11.5215802214298,7.23747113104641));
#4474=CARTESIAN_POINT('Ctrl Pts',(7.95133237901613,11.5315807630168,7.3868766338178));
#4475=CARTESIAN_POINT('Ctrl Pts',(7.94162376476682,11.5412893772661,7.5369318461809));
#4476=CARTESIAN_POINT('Ctrl Pts',(7.93220402740631,11.5507091146266,7.6876249312026));
#4477=CARTESIAN_POINT('Ctrl Pts',(7.92307019465232,11.5598429473806,7.83894431868248));
#4478=CARTESIAN_POINT('Ctrl Pts',(7.91421936564855,11.5686937763844,7.99087868809157));
#4479=CARTESIAN_POINT('Ctrl Pts',(7.90564870624451,11.5772644357884,8.1434169530412));
#4480=CARTESIAN_POINT('Ctrl Pts',(7.89735544339748,11.5855576986355,8.29654824534406));
#4481=CARTESIAN_POINT('Ctrl Pts',(7.88933686003998,11.593576281993,8.4502618987159));
#4482=CARTESIAN_POINT('Ctrl Pts',(7.88159028948037,11.6013228525526,8.60454743422957));
#4483=CARTESIAN_POINT('Ctrl Pts',(7.87411310781933,11.6088000342136,8.75939455689094));
#4484=CARTESIAN_POINT('Ctrl Pts',(7.86690272670833,11.6160104153246,8.91479315087538));
#4485=CARTESIAN_POINT('Ctrl Pts',(7.85995658571011,11.6229565563228,9.0707332753425));
#4486=CARTESIAN_POINT('Ctrl Pts',(7.85327214544131,11.6296409965916,9.22720515987525));
#4487=CARTESIAN_POINT('Ctrl Pts',(7.84684687886934,11.6360662631636,9.38419920040764));
#4488=CARTESIAN_POINT('Ctrl Pts',(7.84067826931487,11.6422348727181,9.54170595366738));
#4489=CARTESIAN_POINT('Ctrl Pts',(7.83476381541691,11.6481493266161,9.69971613009856));
#4490=CARTESIAN_POINT('Ctrl Pts',(7.82910103419681,11.6538121078361,9.85822058724758));
#4491=CARTESIAN_POINT('Ctrl Pts',(7.8236874649704,11.6592256770626,10.0172103228404));
#4492=CARTESIAN_POINT('Ctrl Pts',(7.81852067272964,11.6643924693033,10.1766764682762));
#4493=CARTESIAN_POINT('Ctrl Pts',(7.8135982521822,11.6693148898508,10.3366102812176));
#4494=CARTESIAN_POINT('Ctrl Pts',(7.80891782890052,11.6739953131324,10.4970031430068));
#4495=CARTESIAN_POINT('Ctrl Pts',(7.80447705951116,11.6784360825218,10.6578465578125));
#4496=CARTESIAN_POINT('Ctrl Pts',(7.80027363215023,11.6826395098827,10.8191321511862));
#4497=CARTESIAN_POINT('Ctrl Pts',(7.79630526691162,11.6866078751213,10.980851668921));
#4498=CARTESIAN_POINT('Ctrl Pts',(7.79256971605627,11.6903434259767,11.142996975655));
#4499=CARTESIAN_POINT('Ctrl Pts',(7.78906476496942,11.6938483770635,11.3055600539237));
#4500=CARTESIAN_POINT('Ctrl Pts',(7.78578822542602,11.6971249166069,11.4685329991762));
#4501=CARTESIAN_POINT('Ctrl Pts',(7.78273792775361,11.7001752142793,11.6319080142357));
#4502=CARTESIAN_POINT('Ctrl Pts',(7.77991171344129,11.7030014285917,11.7956774039711));
#4503=CARTESIAN_POINT('Ctrl Pts',(7.77730742743482,11.7056057145981,11.9598335698478));
#4504=CARTESIAN_POINT('Ctrl Pts',(7.77492291086249,11.7079902311705,12.1243690046115));
#4505=CARTESIAN_POINT('Ctrl Pts',(7.77275599277386,11.7101571492591,12.2892762866984));
#4506=CARTESIAN_POINT('Ctrl Pts',(7.77080449775543,11.7121086442775,12.4545480789514));
#4507=CARTESIAN_POINT('Ctrl Pts',(7.76906625472993,11.713846887303,12.6201771276562));
#4508=CARTESIAN_POINT('Ctrl Pts',(7.76753910525815,11.7153740367748,12.7861562614445));
#4509=CARTESIAN_POINT('Ctrl Pts',(7.76622091220846,11.7166922298245,12.9524783902939));
#4510=CARTESIAN_POINT('Ctrl Pts',(7.76510956789793,11.717803574135,13.1191365043946));
#4511=CARTESIAN_POINT('Ctrl Pts',(7.76420300345725,11.7187101385757,13.2861236733257));
#4512=CARTESIAN_POINT('Ctrl Pts',(7.76349918255789,11.7194139594751,13.4534330412358));
#4513=CARTESIAN_POINT('Ctrl Pts',(7.76299609358273,11.7199170484502,13.6210578216035));
#4514=CARTESIAN_POINT('Ctrl Pts',(7.7626917424487,11.7202213995843,13.7889912922155));
#4515=CARTESIAN_POINT('Ctrl Pts',(7.76258414494211,11.7203289970908,13.9572267899055));
#4516=CARTESIAN_POINT('Ctrl Pts',(7.76267131976105,11.7202418222719,14.1257577057436));
#4517=CARTESIAN_POINT('Ctrl Pts',(7.76295127994854,11.7199618620844,14.2945774791207));
#4518=CARTESIAN_POINT('Ctrl Pts',(7.76342203585265,11.7194911061803,14.4636795999028));
#4519=CARTESIAN_POINT('Ctrl Pts',(7.76408160063346,11.7188315413995,14.6330576123925));
#4520=CARTESIAN_POINT('Ctrl Pts',(7.76492799478999,11.717985147243,14.8027051185629));
#4521=CARTESIAN_POINT('Ctrl Pts',(7.7659592513318,11.7169538907012,14.9726157818382));
#4522=CARTESIAN_POINT('Ctrl Pts',(7.76717342012951,11.7157397219034,15.1427833300784));
#4523=CARTESIAN_POINT('Ctrl Pts',(7.76856857399823,11.7143445680347,15.3132015603319));
#4524=CARTESIAN_POINT('Ctrl Pts',(7.7701428069546,11.7127703350784,15.4838643355214));
#4525=CARTESIAN_POINT('Ctrl Pts',(7.77189422845962,11.7110189135733,15.6547655770031));
#4526=CARTESIAN_POINT('Ctrl Pts',(7.77382095902578,11.7090921830072,15.8258992584975));
#4527=CARTESIAN_POINT('Ctrl Pts',(7.77592112501602,11.7069920170169,15.9972593992721));
#4528=CARTESIAN_POINT('Ctrl Pts',(7.77819285435068,11.7047202876823,16.1688400580632));
#4529=CARTESIAN_POINT('Ctrl Pts',(7.7806342704464,11.7022788715866,16.3406353256557));
#4530=CARTESIAN_POINT('Ctrl Pts',(7.78324349202171,11.6996696500112,16.5126393218346));
#4531=CARTESIAN_POINT('Ctrl Pts',(7.78601864029907,11.6968945017339,16.684846197811));
#4532=CARTESIAN_POINT('Ctrl Pts',(7.78895784429069,11.6939552977423,16.8572501372535));
#4533=CARTESIAN_POINT('Ctrl Pts',(7.79205924697083,11.6908538950621,17.0298453579176));
#4534=CARTESIAN_POINT('Ctrl Pts',(7.79532101081786,11.6875921312151,17.2026261129461));
#4535=CARTESIAN_POINT('Ctrl Pts',(7.79874132422735,11.6841718178056,17.375586692488));
#4536=CARTESIAN_POINT('Ctrl Pts',(7.80231840574325,11.6805947362897,17.5487214246485));
#4537=CARTESIAN_POINT('Ctrl Pts',(7.80605049824365,11.6768626437893,17.722024673486));
#4538=CARTESIAN_POINT('Ctrl Pts',(7.80993586445033,11.6729772775826,17.8954908373981));
#4539=CARTESIAN_POINT('Ctrl Pts',(7.81397278195574,11.6689403600772,18.0691143473596));
#4540=CARTESIAN_POINT('Ctrl Pts',(7.8181595383842,11.6647536036488,18.2428896652196));
#4541=CARTESIAN_POINT('Ctrl Pts',(7.82249442666346,11.6604187153695,18.4168112819839));
#4542=CARTESIAN_POINT('Ctrl Pts',(7.82697573980037,11.6559374022326,18.5908737160751));
#4543=CARTESIAN_POINT('Ctrl Pts',(7.83160177138576,11.6513113706472,18.7650715119577));
#4544=CARTESIAN_POINT('Ctrl Pts',(7.83637081681694,11.646542325216,18.9393992388076));
#4545=CARTESIAN_POINT('Ctrl Pts',(7.8412811742779,11.6416319677551,19.1138514891749));
#4546=CARTESIAN_POINT('Ctrl Pts',(7.84633114579217,11.6365819962408,19.288422877627));
#4547=CARTESIAN_POINT('Ctrl Pts',(7.85151903831267,11.6313941037203,19.4631080394539));
#4548=CARTESIAN_POINT('Ctrl Pts',(7.8568431646257,11.6260699774073,19.637901629216));
#4549=CARTESIAN_POINT('Ctrl Pts',(7.86230184505226,11.6206112969807,19.8127983199063));
#4550=CARTESIAN_POINT('Ctrl Pts',(7.86789340983446,11.6150197321985,19.987792802622));
#4551=CARTESIAN_POINT('Ctrl Pts',(7.87361620130567,11.6092969407273,20.1628797860911));
#4552=CARTESIAN_POINT('Ctrl Pts',(7.87946857619537,11.6034445658376,20.3380539962569));
#4553=CARTESIAN_POINT('Ctrl Pts',(7.88544890777052,11.5974642342624,20.5133101758446));
#4554=CARTESIAN_POINT('Ctrl Pts',(7.89155558830061,11.5913575537323,20.6886430839189));
#4555=CARTESIAN_POINT('Ctrl Pts',(7.89778703062129,11.5851261114117,20.8640474954954));
#4556=CARTESIAN_POINT('Ctrl Pts',(7.9041416654189,11.5787714766141,21.0395182014117));
#4557=CARTESIAN_POINT('Ctrl Pts',(7.91061793907368,11.5722952029593,21.2150500081771));
#4558=CARTESIAN_POINT('Ctrl Pts',(7.91721431130818,11.5656988307248,21.3906377378042));
#4559=CARTESIAN_POINT('Ctrl Pts',(7.9239292528685,11.5589838891645,21.5662762277082));
#4560=CARTESIAN_POINT('Ctrl Pts',(7.93076124330941,11.5521518987235,21.7419603304367));
#4561=CARTESIAN_POINT('Ctrl Pts',(7.93770876842669,11.5452043736063,21.9176849138411));
#4562=CARTESIAN_POINT('Ctrl Pts',(7.94477032025016,11.5381428217828,22.0934448581474));
#4563=CARTESIAN_POINT('Ctrl Pts',(7.95194439763993,11.530968744393,22.2692350522654));
#4564=CARTESIAN_POINT('Ctrl Pts',(7.95922950668627,11.5236836353467,22.4450503904126));
#4565=CARTESIAN_POINT('Ctrl Pts',(7.96662416116939,11.5162889808636,22.6208857684843));
#4566=CARTESIAN_POINT('Ctrl Pts',(7.97412688304563,11.5087862589873,22.796736080816));
#4567=CARTESIAN_POINT('Ctrl Pts',(7.98173620279513,11.5011769392378,22.9725962160857));
#4568=CARTESIAN_POINT('Ctrl Pts',(7.98945066028172,11.4934624817512,23.1484610560458));
#4569=CARTESIAN_POINT('Ctrl Pts',(7.99726880639328,11.4856443356397,23.3243254784753));
#4570=CARTESIAN_POINT('Ctrl Pts',(8.00518920449432,11.4777239375386,23.5001843591241));
#4571=CARTESIAN_POINT('Ctrl Pts',(8.01321043195654,11.4697027100764,23.6760325740648));
#4572=CARTESIAN_POINT('Ctrl Pts',(8.02133108165156,11.4615820603814,23.8518650018695));
#4573=CARTESIAN_POINT('Ctrl Pts',(8.0295497634709,11.4533633785621,24.027676525864));
#4574=CARTESIAN_POINT('Ctrl Pts',(8.03786510580545,11.4450480362275,24.2034620363422));
#4575=CARTESIAN_POINT('Ctrl Pts',(8.04627575218606,11.4366373898469,24.3792164302143));
#4576=CARTESIAN_POINT('Ctrl Pts',(8.05478035790654,11.4281327841264,24.5549346107025));
#4577=CARTESIAN_POINT('Ctrl Pts',(8.06337758673732,11.4195355552956,24.7306114869425));
#4578=CARTESIAN_POINT('Ctrl Pts',(8.07206610741071,11.4108470346222,24.9062419737985));
#4579=CARTESIAN_POINT('Ctrl Pts',(8.0808445906481,11.4020685513849,25.0818209911817));
#4580=CARTESIAN_POINT('Ctrl Pts',(8.08971170483827,11.3932014371947,25.2573434646015));
#4581=CARTESIAN_POINT('Ctrl Pts',(8.09866611751382,11.3842470245191,25.4328043204117));
#4582=CARTESIAN_POINT('Ctrl Pts',(8.10770650048918,11.3752066415438,25.6081984776713));
#4583=CARTESIAN_POINT('Ctrl Pts',(8.11683153384806,11.3660816081849,25.7835208411278));
#4584=CARTESIAN_POINT('Ctrl Pts',(8.12603991050753,11.3568732315254,25.9587662935124));
#4585=CARTESIAN_POINT('Ctrl Pts',(8.13533034030132,11.3475828017316,26.1339296886492));
#4586=CARTESIAN_POINT('Ctrl Pts',(8.14470155483058,11.3382115872024,26.3090058429674));
#4587=CARTESIAN_POINT('Ctrl Pts',(8.15415231025561,11.3287608317773,26.4839895315459));
#4588=CARTESIAN_POINT('Ctrl Pts',(8.16368138266804,11.3192317593649,26.6588755006428));
#4589=CARTESIAN_POINT('Ctrl Pts',(8.17328756460525,11.3096255774277,26.8336584777181));
#4590=CARTESIAN_POINT('Ctrl Pts',(8.18296966114961,11.2999434808833,27.0083331822897));
#4591=CARTESIAN_POINT('Ctrl Pts',(8.19272648613203,11.2901866559009,27.1828943367742));
#4592=CARTESIAN_POINT('Ctrl Pts',(8.20255685846191,11.280356283571,27.3573366765343));
#4593=CARTESIAN_POINT('Ctrl Pts',(8.21245959794926,11.2704535440837,27.5316549623897));
#4594=CARTESIAN_POINT('Ctrl Pts',(8.2224335260102,11.2604796160227,27.7058439701167));
#4595=CARTESIAN_POINT('Ctrl Pts',(8.23247746716309,11.2504356748699,27.8798984761365));
#4596=CARTESIAN_POINT('Ctrl Pts',(8.24259025023667,11.2403228917963,28.0538132447886));
#4597=CARTESIAN_POINT('Ctrl Pts',(8.25277070972178,11.2301424323112,28.2275830143847));
#4598=CARTESIAN_POINT('Ctrl Pts',(8.2630176870095,11.2198954550235,28.4012024850709));
#4599=CARTESIAN_POINT('Ctrl Pts',(8.27333003180669,11.2095831102263,28.5746663027327));
#4600=CARTESIAN_POINT('Ctrl Pts',(8.28370660296221,11.1992065390707,28.7479690573469));
#4601=CARTESIAN_POINT('Ctrl Pts',(8.29414626875178,11.1887668732812,28.9211052952055));
#4602=CARTESIAN_POINT('Ctrl Pts',(8.30464790729374,11.1782652347392,29.0940695272419));
#4603=CARTESIAN_POINT('Ctrl Pts',(8.31521040694817,11.1677027350848,29.2668562391676));
#4604=CARTESIAN_POINT('Ctrl Pts',(8.32583266663835,11.1570804753946,29.4394599003345));
#4605=CARTESIAN_POINT('Ctrl Pts',(8.33651359640887,11.1463995456241,29.6118749743363));
#4606=CARTESIAN_POINT('Ctrl Pts',(8.3472521172652,11.1356610247678,29.7840959252459));
#4607=CARTESIAN_POINT('Ctrl Pts',(8.35804715791009,11.1248659841229,29.9561172056641));
#4608=CARTESIAN_POINT('Ctrl Pts',(8.36889765190811,11.1140154901248,30.127933247315));
#4609=CARTESIAN_POINT('Ctrl Pts',(8.37980253471355,11.1031106073194,30.2995384507098));
#4610=CARTESIAN_POINT('Ctrl Pts',(8.39076074068766,11.0921524013453,30.4709271750703));
#4611=CARTESIAN_POINT('Ctrl Pts',(8.40177120028261,11.0811419417503,30.6420937284625));
#4612=CARTESIAN_POINT('Ctrl Pts',(8.41283283671306,11.0700803053199,30.8130323569656));
#4613=CARTESIAN_POINT('Ctrl Pts',(8.42394457141028,11.0589685706227,30.9837372510882));
#4614=CARTESIAN_POINT('Ctrl Pts',(8.43510533020656,11.0478078118264,31.1542025535668));
#4615=CARTESIAN_POINT('Ctrl Pts',(8.44631404909999,11.036599092933,31.3244223664793));
#4616=CARTESIAN_POINT('Ctrl Pts',(8.45756968054691,11.025343461486,31.4943907590615));
#4617=CARTESIAN_POINT('Ctrl Pts',(8.46887119870901,11.0140419433239,31.6641017742527));
#4618=CARTESIAN_POINT('Ctrl Pts',(8.48021760724486,11.0026955347881,31.8335494382652));
#4619=CARTESIAN_POINT('Ctrl Pts',(8.49160793406024,10.9913052079727,32.0027277547337));
#4620=CARTESIAN_POINT('Ctrl Pts',(8.50304122060228,10.9798719214307,32.1716306924317));
#4621=CARTESIAN_POINT('Ctrl Pts',(8.51451651311723,10.9683966289157,32.3402521752826));
#4622=CARTESIAN_POINT('Ctrl Pts',(8.52603285264136,10.9568802893916,32.5085860709281));
#4623=CARTESIAN_POINT('Ctrl Pts',(8.53758926657843,10.9453238754545,32.6766261810457));
#4624=CARTESIAN_POINT('Ctrl Pts',(8.54918475700485,10.9337283850281,32.8443662281049));
#4625=CARTESIAN_POINT('Ctrl Pts',(8.56081830108223,10.9220948409507,33.01179985527));
#4626=CARTESIAN_POINT('Ctrl Pts',(8.57248886213584,10.9104242798971,33.1789206379285));
#4627=CARTESIAN_POINT('Ctrl Pts',(8.58419539757212,10.8987177444608,33.345722091701));
#4628=CARTESIAN_POINT('Ctrl Pts',(8.59593686847134,10.8869762735616,33.5121976824638));
#4629=CARTESIAN_POINT('Ctrl Pts',(8.60771224758535,10.8752008944476,33.67834083419));
#4630=CARTESIAN_POINT('Ctrl Pts',(8.61952053016798,10.863392611865,33.844144940956));
#4631=CARTESIAN_POINT('Ctrl Pts',(8.63136073579274,10.8515524062402,34.0096033654207));
#4632=CARTESIAN_POINT('Ctrl Pts',(8.64323189782576,10.8396812442072,34.1747094185967));
#4633=CARTESIAN_POINT('Ctrl Pts',(8.6551330560354,10.8277800859976,34.3394563445121));
#4634=CARTESIAN_POINT('Ctrl Pts',(8.66706324769047,10.8158498943425,34.5038373022392));
#4635=CARTESIAN_POINT('Ctrl Pts',(8.67902149986383,10.8038916421691,34.6678453505556));
#4636=CARTESIAN_POINT('Ctrl Pts',(8.69100681985633,10.7919063221766,34.8314734277985));
#4637=CARTESIAN_POINT('Ctrl Pts',(8.70301819118943,10.7798949508435,34.9947143466717));
#4638=CARTESIAN_POINT('Ctrl Pts',(8.71505457839504,10.7678585636379,35.1575608132476));
#4639=CARTESIAN_POINT('Ctrl Pts',(8.72711492978992,10.755798212243,35.3200054399963));
#4640=CARTESIAN_POINT('Ctrl Pts',(8.73919818102524,10.7437149610077,35.4820407620158));
#4641=CARTESIAN_POINT('Ctrl Pts',(8.75130325838708,10.7316098836459,35.643659250054));
#4642=CARTESIAN_POINT('Ctrl Pts',(8.76342908200052,10.7194840600324,35.8048533294093));
#4643=CARTESIAN_POINT('Ctrl Pts',(8.77557456984248,10.7073385721905,35.9656153798657));
#4644=CARTESIAN_POINT('Ctrl Pts',(8.78773864316627,10.6951744988667,36.1259377100877));
#4645=CARTESIAN_POINT('Ctrl Pts',(8.79992023130227,10.6829929107307,36.2858125386706));
#4646=CARTESIAN_POINT('Ctrl Pts',(8.81211827729066,10.6707948647423,36.4452319717419));
#4647=CARTESIAN_POINT('Ctrl Pts',(8.82433174181976,10.6585814002132,36.6041879837773));
#4648=CARTESIAN_POINT('Ctrl Pts',(8.8365596112286,10.6463535308044,36.762672392697));
#4649=CARTESIAN_POINT('Ctrl Pts',(8.84880088942232,10.6341122526106,36.920676856018));
#4650=CARTESIAN_POINT('Ctrl Pts',(8.86105457693778,10.6218585650952,37.0781928834202));
#4651=CARTESIAN_POINT('Ctrl Pts',(8.87331965406355,10.6095934879694,37.2352118443974));
#4652=CARTESIAN_POINT('Ctrl Pts',(8.88559506151404,10.5973180805189,37.3917249783663));
#4653=CARTESIAN_POINT('Ctrl Pts',(8.89787968396442,10.5850334580685,37.5477234026966));
#4654=CARTESIAN_POINT('Ctrl Pts',(8.91017232764463,10.5727408143883,37.7031981242946));
#4655=CARTESIAN_POINT('Ctrl Pts',(8.92247173456187,10.5604414074711,37.8581400303666));
#4656=CARTESIAN_POINT('Ctrl Pts',(8.93477660625088,10.5481365357821,38.0125398737677));
#4657=CARTESIAN_POINT('Ctrl Pts',(8.94708562453862,10.5358275174943,38.1663882601424));
#4658=CARTESIAN_POINT('Ctrl Pts',(8.95939747303581,10.5235156689971,38.3196756343876));
#4659=CARTESIAN_POINT('Ctrl Pts',(8.97171085955624,10.5112022824767,38.4723922672275));
#4660=CARTESIAN_POINT('Ctrl Pts',(8.98402453453187,10.4988886075011,38.6245282422496));
#4661=CARTESIAN_POINT('Ctrl Pts',(8.9963372696533,10.4865758723797,38.7760734485085));
#4662=CARTESIAN_POINT('Ctrl Pts',(9.0086478402597,10.4742653017733,38.9270175726382));
#4663=CARTESIAN_POINT('Ctrl Pts',(9.02095500558268,10.4619581364503,39.0773500911496));
#4664=CARTESIAN_POINT('Ctrl Pts',(9.0332574915313,10.4496556505017,39.2270602626482));
#4665=CARTESIAN_POINT('Ctrl Pts',(9.04555396834242,10.4373591736905,39.3761371200789));
#4666=CARTESIAN_POINT('Ctrl Pts',(9.05784304738328,10.4250700946497,39.5245694629685));
#4667=CARTESIAN_POINT('Ctrl Pts',(9.07012329367467,10.4127898483583,39.672345849658));
#4668=CARTESIAN_POINT('Ctrl Pts',(9.08239323408685,10.4005199079461,39.8194545895692));
#4669=CARTESIAN_POINT('Ctrl Pts',(9.09465136702507,10.3882617750079,39.9658837353799));
#4670=CARTESIAN_POINT('Ctrl Pts',(9.10689617215194,10.376016969881,40.1116210754086));
#4671=CARTESIAN_POINT('Ctrl Pts',(9.1191261181291,10.3637870239039,40.2566541254112));
#4672=CARTESIAN_POINT('Ctrl Pts',(9.13133964718811,10.3515734948449,40.4009701152692));
#4673=CARTESIAN_POINT('Ctrl Pts',(9.14353516196706,10.3393779800659,40.5445559758607));
#4674=CARTESIAN_POINT('Ctrl Pts',(9.15571101080978,10.3272021312232,40.6873983263208));
#4675=CARTESIAN_POINT('Ctrl Pts',(9.16786547525622,10.3150476667767,40.829483460069));
#4676=CARTESIAN_POINT('Ctrl Pts',(9.17999675260584,10.3029163894271,40.9707973341123));
#4677=CARTESIAN_POINT('Ctrl Pts',(9.19210296986744,10.2908101721655,41.1113255368086));
#4678=CARTESIAN_POINT('Ctrl Pts',(9.20418220465765,10.2787309373753,41.2510532509329));
#4679=CARTESIAN_POINT('Ctrl Pts',(9.21623250536868,10.2666806366643,41.3899652170203));
#4680=CARTESIAN_POINT('Ctrl Pts',(9.22825190797683,10.2546612340561,41.5280456995423));
#4681=CARTESIAN_POINT('Ctrl Pts',(9.24023846345058,10.2426746785824,41.6652784444901));
#4682=CARTESIAN_POINT('Ctrl Pts',(9.2521902178406,10.2307229241924,41.8016466746209));
#4683=CARTESIAN_POINT('Ctrl Pts',(9.26410516510907,10.2188079769239,41.9371331048391));
#4684=CARTESIAN_POINT('Ctrl Pts',(9.27598120543761,10.2069319365953,42.0717199561481));
#4685=CARTESIAN_POINT('Ctrl Pts',(9.28781610746356,10.1950970345694,42.205388959805));
#4686=CARTESIAN_POINT('Ctrl Pts',(9.29960745344596,10.183305688587,42.3381213914356));
#4687=CARTESIAN_POINT('Ctrl Pts',(9.31135266070852,10.1715604813244,42.4698979770259));
#4688=CARTESIAN_POINT('Ctrl Pts',(9.32304905259767,10.1598640894353,42.6006987172844));
#4689=CARTESIAN_POINT('Ctrl Pts',(9.33469391902171,10.1482192230112,42.7305027276086));
#4690=CARTESIAN_POINT('Ctrl Pts',(9.34628457168695,10.136628570346,42.8592880908118));
#4691=CARTESIAN_POINT('Ctrl Pts',(9.35781842610623,10.1250947159267,42.9870316553285));
#4692=CARTESIAN_POINT('Ctrl Pts',(9.36929292179274,10.1136202202402,43.1137091584647));
#4693=CARTESIAN_POINT('Ctrl Pts',(9.38070538277417,10.1022077592588,43.2392954707592));
#4694=CARTESIAN_POINT('Ctrl Pts',(9.39205289966458,10.0908602423684,43.3637647939435));
#4695=CARTESIAN_POINT('Ctrl Pts',(9.40333219843184,10.0795809436011,43.4870908929638));
#4696=CARTESIAN_POINT('Ctrl Pts',(9.41453952633311,10.0683736156998,43.6092472744521));
#4697=CARTESIAN_POINT('Ctrl Pts',(9.42567084553536,10.0572422964976,43.7302063688245));
#4698=CARTESIAN_POINT('Ctrl Pts',(9.43672203496721,10.0461911070658,43.8499386752132));
#4699=CARTESIAN_POINT('Ctrl Pts',(9.4476890552377,10.0352240867953,43.9684120521792));
#4700=CARTESIAN_POINT('Ctrl Pts',(9.4585682111577,10.0243449308753,44.0855906268858));
#4701=CARTESIAN_POINT('Ctrl Pts',(9.46935603361413,10.0135571084188,44.2014351959234));
#4702=CARTESIAN_POINT('Ctrl Pts',(9.48004879607039,10.0028643459626,44.3159050897279));
#4703=CARTESIAN_POINT('Ctrl Pts',(9.49064216661401,9.99227097541895,44.4289594492578));
#4704=CARTESIAN_POINT('Ctrl Pts',(9.50113072877368,9.98178241325928,44.5405591472626));
#4705=CARTESIAN_POINT('Ctrl Pts',(9.51150779034372,9.97140535168924,44.6506671964865));
#4706=CARTESIAN_POINT('Ctrl Pts',(9.52176629769858,9.96114684433438,44.7592432440067));
#4707=CARTESIAN_POINT('Ctrl Pts',(9.53189954732527,9.95101359470769,44.8662391564289));
#4708=CARTESIAN_POINT('Ctrl Pts',(9.54190205788556,9.94101108414741,44.9715937365038));
#4709=CARTESIAN_POINT('Ctrl Pts',(9.55177013390686,9.9311430081261,45.0752291211208));
#4710=CARTESIAN_POINT('Ctrl Pts',(9.56149954509734,9.92141359693562,45.1770632712132));
#4711=CARTESIAN_POINT('Ctrl Pts',(9.5710836576621,9.91182948437086,45.2770198030101));
#4712=CARTESIAN_POINT('Ctrl Pts',(9.58051096338461,9.90240217864835,45.3750415166659));
#4713=CARTESIAN_POINT('Ctrl Pts',(9.58976425803759,9.89314888399537,45.4710936762376));
#4714=CARTESIAN_POINT('Ctrl Pts',(9.59882709159874,9.88408605043422,45.5651224009532));
#4715=CARTESIAN_POINT('Ctrl Pts',(9.60768747389986,9.8752256681331,45.6570297177911));
#4716=CARTESIAN_POINT('Ctrl Pts',(9.61634612766016,9.8665670143728,45.7466212935768));
#4717=CARTESIAN_POINT('Ctrl Pts',(9.62480795279608,9.85810518923687,45.833654431909));
#4718=CARTESIAN_POINT('Ctrl Pts',(9.63306677070673,9.84984637132623,45.9179249820437));
#4719=CARTESIAN_POINT('Ctrl Pts',(9.64108604897412,9.84182709305884,45.9993805510196));
#4720=CARTESIAN_POINT('Ctrl Pts',(9.64879817350075,9.83411496853221,46.0781165052427));
#4721=CARTESIAN_POINT('Ctrl Pts',(9.65614796165149,9.82676518038147,46.154091652204));
#4722=CARTESIAN_POINT('Ctrl Pts',(9.66314611488773,9.81976702714523,46.2267834765772));
#4723=CARTESIAN_POINT('Ctrl Pts',(9.66987479472592,9.81303834730704,46.2951371945393));
#4724=CARTESIAN_POINT('Ctrl Pts',(9.67635495248672,9.80655818954625,46.3583025011159));
#4725=CARTESIAN_POINT('Ctrl Pts',(9.68235411083821,9.80055903119475,46.4167934806866));
#4726=CARTESIAN_POINT('Ctrl Pts',(9.68748535610761,9.79542778592534,46.4716641280734));
#4727=CARTESIAN_POINT('Ctrl Pts',(9.69171418058936,9.7911989614436,46.5208751081018));
#4728=CARTESIAN_POINT('Ctrl Pts',(9.69488505953602,9.78802808249694,46.5498061180882));
#4729=CARTESIAN_POINT('Ctrl Pts',(9.69738265272099,9.78553048931197,46.5631224094972));
#4730=CARTESIAN_POINT('Ctrl Pts',(9.69909597463478,9.78381716739818,46.5683221371145));
#4731=CARTESIAN_POINT('Ctrl Pts',(9.69996495931001,9.78294818272295,46.57));
#4732=CARTESIAN_POINT('Origin',(9.73899839271463,9.74391474931833,23.2839203476171));
#4733=CARTESIAN_POINT('Origin',(0.,0.,50.));
#4734=CARTESIAN_POINT('Origin',(0.,0.,0.));
#4735=UNCERTAINTY_MEASURE_WITH_UNIT(LENGTH_MEASURE(0.01),#4739,
'DISTANCE_ACCURACY_VALUE',
'Maximum model space distance between geometric entities at asserted c
onnectivities');
#4736=UNCERTAINTY_MEASURE_WITH_UNIT(LENGTH_MEASURE(0.01),#4739,
'DISTANCE_ACCURACY_VALUE',
'Maximum model space distance between geometric entities at asserted c
onnectivities');
#4737=(
GEOMETRIC_REPRESENTATION_CONTEXT(3)
GLOBAL_UNCERTAINTY_ASSIGNED_CONTEXT((#4735))
GLOBAL_UNIT_ASSIGNED_CONTEXT((#4739,#4741,#4742))
REPRESENTATION_CONTEXT('','3D')
);
#4738=(
GEOMETRIC_REPRESENTATION_CONTEXT(3)
GLOBAL_UNCERTAINTY_ASSIGNED_CONTEXT((#4736))
GLOBAL_UNIT_ASSIGNED_CONTEXT((#4739,#4741,#4742))
REPRESENTATION_CONTEXT('','3D')
);
#4739=(
LENGTH_UNIT()
NAMED_UNIT(*)
SI_UNIT(.MILLI.,.METRE.)
);
#4740=(
LENGTH_UNIT()
NAMED_UNIT(*)
SI_UNIT($,.METRE.)
);
#4741=(
NAMED_UNIT(*)
PLANE_ANGLE_UNIT()
SI_UNIT($,.RADIAN.)
);
#4742=(
NAMED_UNIT(*)
SI_UNIT($,.STERADIAN.)
SOLID_ANGLE_UNIT()
);
#4743=SHAPE_DEFINITION_REPRESENTATION(#4744,#4745);
#4744=PRODUCT_DEFINITION_SHAPE('',$,#4747);
#4745=SHAPE_REPRESENTATION('',(#342),#4737);
#4746=PRODUCT_DEFINITION_CONTEXT('part definition',#4751,'design');
#4747=PRODUCT_DEFINITION('2025-11-22-14-18-42-749','Tail box',#4748,#4746);
#4748=PRODUCT_DEFINITION_FORMATION('',$,#4753);
#4749=PRODUCT_RELATED_PRODUCT_CATEGORY('Tail box','Tail box',(#4753));
#4750=APPLICATION_PROTOCOL_DEFINITION('international standard',
'automotive_design',2009,#4751);
#4751=APPLICATION_CONTEXT(
'Core Data for Automotive Mechanical Design Process');
#4752=PRODUCT_CONTEXT('part definition',#4751,'mechanical');
#4753=PRODUCT('2025-11-22-14-18-42-749','Tail box',$,(#4752));
#4754=PRESENTATION_STYLE_ASSIGNMENT((#4755));
#4755=SURFACE_STYLE_USAGE(.BOTH.,#4756);
#4756=SURFACE_SIDE_STYLE('',(#4757));
#4757=SURFACE_STYLE_FILL_AREA(#4758);
#4758=FILL_AREA_STYLE('Steel - Satin',(#4759));
#4759=FILL_AREA_STYLE_COLOUR('Steel - Satin',#4760);
#4760=COLOUR_RGB('Steel - Satin',0.627450980392157,0.627450980392157,0.627450980392157);
ENDSEC;
END-ISO-10303-21;
