ISO-10303-21;
HEADER;
/* Generated by software containing ST-Developer
 * from STEP Tools, Inc. (www.steptools.com) 
 */

FILE_DESCRIPTION(
/* description */ (''),
/* implementation_level */ '2;1');

FILE_NAME(
/* name */ 'Wing box.step',
/* time_stamp */ '2025-12-06T21:55:53-08:00',
/* author */ (''),
/* organization */ (''),
/* preprocessor_version */ 'ST-DEVELOPER v20.1',
/* originating_system */ 'Autodesk Translation Framework v14.21.0.0',
/* authorisation */ '');

FILE_SCHEMA (('AUTOMOTIVE_DESIGN { 1 0 10303 214 3 1 1 }'));
ENDSEC;

DATA;
#10=MECHANICAL_DESIGN_GEOMETRIC_PRESENTATION_REPRESENTATION('',(#13),#3663);
#11=SHAPE_REPRESENTATION_RELATIONSHIP('SRR','None',#3670,#12);
#12=ADVANCED_BREP_SHAPE_REPRESENTATION('',(#14),#3662);
#13=STYLED_ITEM('',(#3679),#14);
#14=MANIFOLD_SOLID_BREP('wing box ',#364);
#15=(
BOUNDED_CURVE()
B_SPLINE_CURVE(5,(#692,#693,#694,#695,#696,#697,#698,#699,#700,#701,#702,
#703,#704,#705,#706,#707,#708,#709,#710,#711,#712,#713,#714,#715,#716,#717,
#718,#719,#720,#721,#722,#723,#724,#725,#726,#727,#728,#729,#730,#731,#732,
#733,#734,#735,#736,#737,#738,#739,#740,#741,#742,#743,#744,#745,#746,#747,
#748,#749,#750,#751,#752,#753,#754,#755,#756,#757,#758,#759,#760,#761,#762,
#763,#764,#765,#766,#767,#768,#769,#770,#771,#772,#773,#774,#775,#776,#777,
#778,#779,#780,#781,#782,#783,#784,#785,#786,#787,#788,#789,#790,#791,#792,
#793,#794,#795,#796,#797,#798,#799,#800,#801,#802,#803,#804,#805,#806,#807,
#808,#809,#810,#811,#812,#813,#814,#815,#816,#817,#818,#819,#820,#821,#822,
#823,#824,#825,#826,#827,#828,#829,#830,#831,#832,#833,#834,#835,#836,#837,
#838,#839,#840,#841,#842,#843,#844,#845,#846,#847,#848,#849,#850,#851,#852,
#853,#854,#855,#856,#857,#858,#859,#860,#861,#862,#863,#864,#865,#866,#867,
#868,#869,#870,#871,#872,#873,#874,#875,#876,#877,#878,#879,#880,#881,#882,
#883,#884,#885,#886,#887,#888,#889,#890,#891,#892,#893,#894,#895,#896,#897,
#898,#899,#900,#901,#902,#903,#904,#905,#906,#907,#908,#909,#910,#911,#912,
#913,#914,#915,#916,#917,#918,#919,#920,#921,#922,#923,#924,#925,#926,#927,
#928,#929,#930,#931,#932,#933,#934,#935,#936,#937,#938,#939,#940,#941,#942,
#943,#944,#945,#946,#947,#948,#949,#950,#951,#952,#953,#954,#955,#956,#957,
#958,#959,#960,#961,#962,#963,#964,#965,#966,#967,#968,#969,#970,#971,#972,
#973,#974,#975,#976,#977,#978,#979,#980,#981,#982,#983,#984,#985,#986,#987,
#988,#989,#990,#991,#992,#993,#994,#995,#996,#997,#998,#999,#1000,#1001,
#1002,#1003,#1004,#1005,#1006,#1007,#1008,#1009,#1010,#1011,#1012,#1013,
#1014,#1015,#1016,#1017,#1018,#1019,#1020,#1021,#1022,#1023,#1024,#1025,
#1026,#1027,#1028,#1029,#1030,#1031,#1032,#1033,#1034,#1035,#1036,#1037,
#1038,#1039,#1040,#1041,#1042,#1043,#1044,#1045,#1046,#1047,#1048,#1049,
#1050,#1051,#1052,#1053,#1054,#1055,#1056,#1057,#1058,#1059,#1060,#1061,
#1062,#1063,#1064,#1065,#1066,#1067,#1068,#1069,#1070,#1071,#1072,#1073,
#1074,#1075,#1076,#1077,#1078,#1079,#1080,#1081,#1082,#1083,#1084,#1085,
#1086,#1087,#1088,#1089,#1090,#1091,#1092,#1093,#1094,#1095,#1096,#1097,
#1098,#1099,#1100,#1101,#1102,#1103,#1104,#1105,#1106,#1107,#1108,#1109,
#1110,#1111,#1112,#1113,#1114,#1115,#1116,#1117,#1118,#1119,#1120,#1121,
#1122,#1123,#1124,#1125,#1126),.UNSPECIFIED.,.T.,.F.)
B_SPLINE_CURVE_WITH_KNOTS((6,1,1,1,1,1,1,1,1,1,1,1,1,1,1,1,1,1,1,1,1,1,
1,1,1,1,1,1,1,1,1,1,1,1,1,1,1,1,1,1,1,1,1,1,1,1,1,1,1,1,1,1,1,1,1,1,1,1,
1,1,1,1,1,1,1,1,1,1,1,1,1,1,1,1,1,1,1,1,1,1,1,1,1,1,1,1,1,1,1,1,1,1,1,1,
1,1,1,1,1,1,1,1,1,1,1,1,1,1,1,1,1,1,1,1,1,1,1,1,1,1,1,1,1,1,1,1,1,1,1,1,
1,1,1,1,1,1,1,1,1,1,1,1,1,1,1,1,1,1,1,1,1,1,1,1,1,1,1,1,1,1,1,1,1,1,1,1,
1,1,1,1,1,1,1,1,1,1,1,1,1,1,1,1,1,1,1,1,1,1,1,1,1,1,1,1,1,1,1,1,1,1,1,1,
1,1,1,1,1,1,1,1,1,1,1,1,1,1,1,1,1,1,1,1,1,1,1,1,1,1,1,1,1,1,1,1,1,1,1,1,
1,1,1,1,1,1,1,1,1,1,1,1,1,1,1,1,1,1,1,1,1,1,1,1,1,1,1,1,1,1,1,1,1,1,1,1,
1,1,1,1,1,1,1,1,1,1,1,1,1,1,1,1,1,1,1,1,1,1,1,1,1,1,1,1,1,1,1,1,1,1,1,1,
1,1,1,1,1,1,1,1,1,1,1,1,1,1,1,1,1,1,1,1,1,1,1,1,1,1,1,1,1,1,1,1,1,1,1,1,
1,1,1,1,1,1,1,1,1,1,1,1,1,1,1,1,1,1,1,1,1,1,1,1,1,1,1,1,1,1,1,1,1,1,1,1,
1,1,1,1,1,1,1,1,1,1,1,1,1,1,1,1,1,1,1,1,1,1,1,1,1,1,1,1,1,1,1,1,1,1,1,1,
1,1,1,1,1,1,1,1,1,1,1,1,6),(-1.,-0.99767441860466,-0.995348837209311,-0.993023255813962,
-0.990697674418614,-0.988372093023265,-0.986046511627916,-0.983720930232567,
-0.981395348837218,-0.979069767441869,-0.97674418604652,-0.974418604651171,
-0.972093023255822,-0.969767441860474,-0.967441860465125,-0.965116279069776,
-0.962790697674427,-0.960465116279078,-0.958139534883729,-0.95581395348838,
-0.953488372093031,-0.951162790697683,-0.948837209302334,-0.946511627906985,
-0.944186046511636,-0.941860465116287,-0.939534883720938,-0.937209302325589,
-0.93488372093024,-0.932558139534891,-0.930232558139543,-0.927906976744194,
-0.925581395348845,-0.923255813953496,-0.920930232558147,-0.918604651162798,
-0.916279069767449,-0.9139534883721,-0.911627906976751,-0.909302325581403,
-0.906976744186054,-0.904651162790705,-0.902325581395356,-0.900000000000007,
-0.897674418604658,-0.895348837209309,-0.89302325581396,-0.890697674418611,
-0.888372093023263,-0.886046511627914,-0.883720930232565,-0.881395348837216,
-0.879069767441867,-0.876744186046518,-0.874418604651169,-0.87209302325582,
-0.869767441860472,-0.867441860465123,-0.865116279069774,-0.862790697674425,
-0.860465116279076,-0.858139534883727,-0.855813953488378,-0.853488372093029,
-0.85116279069768,-0.848837209302332,-0.846511627906983,-0.844186046511634,
-0.841860465116285,-0.839534883720936,-0.837209302325587,-0.834883720930238,
-0.832558139534889,-0.83023255813954,-0.827906976744192,-0.825581395348843,
-0.823255813953494,-0.820930232558145,-0.818604651162796,-0.816279069767447,
-0.813953488372098,-0.811627906976749,-0.8093023255814,-0.806976744186052,
-0.804651162790703,-0.802325581395354,-0.800000000000005,-0.797674418604656,
-0.795348837209307,-0.793023255813958,-0.790697674418609,-0.788372093023261,
-0.786046511627912,-0.783720930232563,-0.781395348837214,-0.779069767441865,
-0.776744186046516,-0.774418604651167,-0.772093023255818,-0.769767441860469,
-0.767441860465121,-0.765116279069772,-0.762790697674423,-0.760465116279074,
-0.758139534883725,-0.755813953488376,-0.753488372093027,-0.751162790697678,
-0.748837209302329,-0.746511627906981,-0.744186046511632,-0.741860465116283,
-0.739534883720934,-0.737209302325585,-0.734883720930236,-0.732558139534887,
-0.730232558139538,-0.727906976744189,-0.725581395348841,-0.723255813953492,
-0.720930232558143,-0.718604651162794,-0.716279069767445,-0.713953488372096,
-0.711627906976747,-0.709302325581398,-0.706976744186049,-0.704651162790701,
-0.702325581395352,-0.700000000000003,-0.697674418604654,-0.695348837209305,
-0.693023255813956,-0.690697674418607,-0.688372093023258,-0.68604651162791,
-0.683720930232561,-0.681395348837212,-0.679069767441863,-0.676744186046514,
-0.674418604651165,-0.672093023255816,-0.669767441860467,-0.667441860465118,
-0.66511627906977,-0.662790697674421,-0.660465116279072,-0.658139534883723,
-0.655813953488374,-0.653488372093025,-0.651162790697676,-0.648837209302327,
-0.646511627906978,-0.64418604651163,-0.641860465116281,-0.639534883720932,
-0.637209302325583,-0.634883720930234,-0.632558139534885,-0.630232558139536,
-0.627906976744187,-0.625581395348838,-0.62325581395349,-0.620930232558141,
-0.618604651162792,-0.616279069767443,-0.613953488372094,-0.611627906976745,
-0.609302325581396,-0.606976744186047,-0.604651162790699,-0.60232558139535,
-0.600000000000001,-0.597674418604652,-0.595348837209303,-0.593023255813954,
-0.590697674418605,-0.588372093023256,-0.586046511627907,-0.583720930232559,
-0.58139534883721,-0.579069767441861,-0.576744186046512,-0.574418604651163,
-0.572093023255814,-0.569767441860465,-0.567441860465116,-0.565116279069767,
-0.562790697674419,-0.56046511627907,-0.558139534883721,-0.555813953488372,
-0.553488372093023,-0.551162790697674,-0.548837209302325,-0.546511627906976,
-0.544186046511627,-0.541860465116279,-0.53953488372093,-0.537209302325581,
-0.534883720930232,-0.532558139534883,-0.530232558139534,-0.527906976744185,
-0.525581395348836,-0.523255813953488,-0.520930232558139,-0.51860465116279,
-0.516279069767441,-0.513953488372092,-0.511627906976743,-0.509302325581394,
-0.506976744186045,-0.504651162790696,-0.502325581395348,-0.499999999999999,
-0.49767441860465,-0.495348837209301,-0.493023255813952,-0.490697674418603,
-0.488372093023255,-0.486046511627906,-0.483720930232557,-0.481395348837208,
-0.479069767441859,-0.47674418604651,-0.474418604651162,-0.472093023255813,
-0.469767441860464,-0.467441860465115,-0.465116279069766,-0.462790697674417,
-0.460465116279069,-0.45813953488372,-0.455813953488371,-0.453488372093022,
-0.451162790697673,-0.448837209302324,-0.446511627906976,-0.444186046511627,
-0.441860465116278,-0.439534883720929,-0.43720930232558,-0.434883720930231,
-0.432558139534883,-0.430232558139534,-0.427906976744185,-0.425581395348836,
-0.423255813953487,-0.420930232558138,-0.41860465116279,-0.416279069767441,
-0.413953488372092,-0.411627906976743,-0.409302325581394,-0.406976744186046,
-0.404651162790697,-0.402325581395348,-0.399999999999999,-0.39767441860465,
-0.395348837209301,-0.393023255813953,-0.390697674418604,-0.388372093023255,
-0.386046511627906,-0.383720930232557,-0.381395348837208,-0.37906976744186,
-0.376744186046511,-0.374418604651162,-0.372093023255813,-0.369767441860464,
-0.367441860465115,-0.365116279069767,-0.362790697674418,-0.360465116279069,
-0.35813953488372,-0.355813953488371,-0.353488372093022,-0.351162790697674,
-0.348837209302325,-0.346511627906976,-0.344186046511627,-0.341860465116278,
-0.339534883720929,-0.337209302325581,-0.334883720930232,-0.332558139534883,
-0.330232558139534,-0.327906976744185,-0.325581395348836,-0.323255813953488,
-0.320930232558139,-0.31860465116279,-0.316279069767441,-0.313953488372092,
-0.311627906976743,-0.309302325581395,-0.306976744186046,-0.304651162790697,
-0.302325581395348,-0.299999999999999,-0.29767441860465,-0.295348837209302,
-0.293023255813953,-0.290697674418604,-0.288372093023255,-0.286046511627906,
-0.283720930232558,-0.281395348837209,-0.27906976744186,-0.276744186046511,
-0.274418604651162,-0.272093023255813,-0.269767441860465,-0.267441860465116,
-0.265116279069767,-0.262790697674418,-0.260465116279069,-0.25813953488372,
-0.255813953488372,-0.253488372093023,-0.251162790697674,-0.248837209302325,
-0.246511627906976,-0.244186046511627,-0.241860465116279,-0.23953488372093,
-0.237209302325581,-0.234883720930232,-0.232558139534883,-0.230232558139534,
-0.227906976744186,-0.225581395348837,-0.223255813953488,-0.220930232558139,
-0.21860465116279,-0.216279069767441,-0.213953488372093,-0.211627906976744,
-0.209302325581395,-0.206976744186046,-0.204651162790697,-0.202325581395348,
-0.2,-0.197674418604651,-0.195348837209302,-0.193023255813953,-0.190697674418604,
-0.188372093023255,-0.186046511627907,-0.183720930232558,-0.181395348837209,
-0.17906976744186,-0.176744186046511,-0.174418604651162,-0.172093023255814,
-0.169767441860465,-0.167441860465116,-0.165116279069767,-0.162790697674418,
-0.160465116279069,-0.158139534883721,-0.155813953488372,-0.153488372093023,
-0.151162790697674,-0.148837209302325,-0.146511627906976,-0.144186046511628,
-0.141860465116279,-0.13953488372093,-0.137209302325581,-0.134883720930232,
-0.132558139534884,-0.130232558139535,-0.127906976744186,-0.125581395348837,
-0.123255813953488,-0.120930232558139,-0.118604651162791,-0.116279069767442,
-0.113953488372093,-0.111627906976744,-0.109302325581395,-0.106976744186046,
-0.104651162790698,-0.102325581395349,-0.0999999999999999,-0.0976744186046511,
-0.0953488372093022,-0.0930232558139534,-0.0906976744186046,-0.0883720930232557,
-0.0860465116279069,-0.0837209302325581,-0.0813953488372093,-0.0790697674418604,
-0.0767441860465116,-0.0744186046511628,-0.0720930232558139,-0.0697674418604651,
-0.0674418604651163,-0.0651162790697674,-0.0627906976744186,-0.0604651162790698,
-0.0581395348837209,-0.0558139534883721,-0.0534883720930233,-0.0511627906976744,
-0.0488372093023256,-0.0465116279069767,-0.0441860465116279,-0.0418604651162791,
-0.0395348837209302,-0.0372093023255814,-0.0348837209302326,-0.0325581395348837,
-0.0302325581395349,-0.027906976744186,-0.0255813953488372,-0.0232558139534884,
-0.0209302325581395,-0.0186046511627907,-0.0162790697674419,-0.013953488372093,
-0.0116279069767442,-0.00930232558139535,-0.00697674418604651,-0.00465116279069767,
-0.00232558139534884,0.),.UNSPECIFIED.)
CURVE()
GEOMETRIC_REPRESENTATION_ITEM()
RATIONAL_B_SPLINE_CURVE((1.,1.,1.,1.,1.,1.,1.,1.,1.,1.,1.,1.,1.,1.,1.,1.,
1.,1.,1.,1.,1.,1.,1.,1.,1.,1.,1.,1.,1.,1.,1.,1.,1.,1.,1.,1.,1.,1.,1.,1.,
1.,1.,1.,1.,1.,1.,1.,1.,1.,1.,1.,1.,1.,1.,1.,1.,1.,1.,1.,1.,1.,1.,1.,1.,
1.,1.,1.,1.,1.,1.,1.,1.,1.,1.,1.,1.,1.,1.,1.,1.,1.,1.,1.,1.,1.,1.,1.,1.,
1.,1.,1.,1.,1.,1.,1.,1.,1.,1.,1.,1.,1.,1.,1.,1.,1.,1.,1.,1.,1.,1.,1.,1.,
1.,1.,1.,1.,1.,1.,1.,1.,1.,1.,1.,1.,1.,1.,1.,1.,1.,1.,1.,1.,1.,1.,1.,1.,
1.,1.,1.,1.,1.,1.,1.,1.,1.,1.,1.,1.,1.,1.,1.,1.,1.,1.,1.,1.,1.,1.,1.,1.,
1.,1.,1.,1.,1.,1.,1.,1.,1.,1.,1.,1.,1.,1.,1.,1.,1.,1.,1.,1.,1.,1.,1.,1.,
1.,1.,1.,1.,1.,1.,1.,1.,1.,1.,1.,1.,1.,1.,1.,1.,1.,1.,1.,1.,1.,1.,1.,1.,
1.,1.,1.,1.,1.,1.,1.,1.,1.,1.,1.,1.,1.,1.,1.,1.,1.,1.,1.,1.,1.,1.,1.,1.,
1.,1.,1.,1.,1.,1.,1.,1.,1.,1.,1.,1.,1.,1.,1.,1.,1.,1.,1.,1.,1.,1.,1.,1.,
1.,1.,1.,1.,1.,1.,1.,1.,1.,1.,1.,1.,1.,1.,1.,1.,1.,1.,1.,1.,1.,1.,1.,1.,
1.,1.,1.,1.,1.,1.,1.,1.,1.,1.,1.,1.,1.,1.,1.,1.,1.,1.,1.,1.,1.,1.,1.,1.,
1.,1.,1.,1.,1.,1.,1.,1.,1.,1.,1.,1.,1.,1.,1.,1.,1.,1.,1.,1.,1.,1.,1.,1.,
1.,1.,1.,1.,1.,1.,1.,1.,1.,1.,1.,1.,1.,1.,1.,1.,1.,1.,1.,1.,1.,1.,1.,1.,
1.,1.,1.,1.,1.,1.,1.,1.,1.,1.,1.,1.,1.,1.,1.,1.,1.,1.,1.,1.,1.,1.,1.,1.,
1.,1.,1.,1.,1.,1.,1.,1.,1.,1.,1.,1.,1.,1.,1.,1.,1.,1.,1.,1.,1.,1.,1.,1.,
1.,1.,1.,1.,1.,1.,1.,1.,1.,1.,1.,1.,1.,1.,1.,1.,1.,1.,1.,1.,1.,1.,1.,1.,
1.,1.,1.,1.,1.,1.,1.,1.,1.,1.,1.))
REPRESENTATION_ITEM('')
);
#16=(
BOUNDED_CURVE()
B_SPLINE_CURVE(5,(#2167,#2168,#2169,#2170,#2171,#2172,#2173),
 .UNSPECIFIED.,.F.,.F.)
B_SPLINE_CURVE_WITH_KNOTS((6,1,6),(0.505849493991579,0.506976744186045,
0.507768156152988),.UNSPECIFIED.)
CURVE()
GEOMETRIC_REPRESENTATION_ITEM()
RATIONAL_B_SPLINE_CURVE((1.,1.,1.,1.,1.,1.,1.))
REPRESENTATION_ITEM('')
);
#17=(
BOUNDED_CURVE()
B_SPLINE_CURVE(5,(#3216,#3217,#3218,#3219,#3220,#3221,#3222,#3223,#3224,
#3225,#3226,#3227,#3228,#3229,#3230,#3231,#3232,#3233,#3234,#3235,#3236,
#3237,#3238,#3239,#3240,#3241,#3242,#3243,#3244,#3245,#3246,#3247,#3248,
#3249,#3250,#3251,#3252,#3253,#3254,#3255,#3256,#3257,#3258,#3259,#3260,
#3261,#3262,#3263,#3264,#3265,#3266,#3267,#3268,#3269,#3270,#3271,#3272,
#3273,#3274,#3275,#3276,#3277,#3278,#3279,#3280,#3281,#3282,#3283,#3284,
#3285,#3286,#3287,#3288,#3289,#3290,#3291,#3292,#3293,#3294,#3295,#3296,
#3297,#3298,#3299,#3300,#3301,#3302,#3303,#3304,#3305,#3306,#3307,#3308,
#3309,#3310,#3311,#3312,#3313,#3314,#3315,#3316,#3317,#3318,#3319,#3320,
#3321,#3322,#3323,#3324,#3325,#3326,#3327,#3328,#3329,#3330,#3331,#3332,
#3333,#3334,#3335,#3336,#3337,#3338,#3339,#3340,#3341,#3342,#3343,#3344,
#3345,#3346,#3347,#3348,#3349,#3350,#3351,#3352,#3353,#3354,#3355,#3356,
#3357,#3358,#3359,#3360,#3361,#3362,#3363,#3364,#3365,#3366,#3367,#3368,
#3369,#3370,#3371,#3372,#3373,#3374,#3375,#3376,#3377,#3378,#3379,#3380,
#3381,#3382,#3383,#3384,#3385,#3386,#3387,#3388,#3389,#3390,#3391,#3392,
#3393,#3394,#3395,#3396,#3397,#3398,#3399,#3400,#3401,#3402,#3403,#3404,
#3405,#3406,#3407,#3408,#3409,#3410,#3411,#3412,#3413,#3414,#3415,#3416,
#3417,#3418,#3419,#3420,#3421,#3422,#3423,#3424,#3425,#3426,#3427,#3428,
#3429,#3430,#3431,#3432,#3433,#3434,#3435,#3436,#3437,#3438,#3439,#3440,
#3441,#3442,#3443,#3444,#3445,#3446,#3447,#3448,#3449,#3450,#3451,#3452,
#3453,#3454,#3455,#3456,#3457,#3458,#3459,#3460,#3461,#3462,#3463,#3464,
#3465,#3466,#3467,#3468,#3469,#3470,#3471,#3472,#3473,#3474,#3475,#3476,
#3477,#3478,#3479,#3480,#3481,#3482,#3483,#3484,#3485,#3486,#3487,#3488,
#3489,#3490,#3491,#3492,#3493,#3494,#3495,#3496,#3497,#3498,#3499,#3500,
#3501,#3502,#3503,#3504,#3505,#3506,#3507,#3508,#3509,#3510,#3511,#3512,
#3513,#3514,#3515,#3516,#3517,#3518,#3519,#3520,#3521,#3522,#3523,#3524,
#3525,#3526,#3527,#3528,#3529,#3530,#3531,#3532,#3533,#3534,#3535,#3536,
#3537,#3538,#3539,#3540,#3541,#3542,#3543,#3544,#3545,#3546,#3547,#3548,
#3549,#3550,#3551,#3552,#3553,#3554,#3555,#3556,#3557,#3558,#3559,#3560,
#3561,#3562,#3563,#3564,#3565,#3566,#3567,#3568,#3569,#3570,#3571,#3572,
#3573,#3574,#3575,#3576,#3577,#3578,#3579,#3580,#3581,#3582,#3583,#3584,
#3585,#3586,#3587,#3588,#3589,#3590,#3591,#3592,#3593,#3594,#3595,#3596,
#3597,#3598,#3599,#3600,#3601,#3602,#3603,#3604,#3605,#3606,#3607,#3608,
#3609,#3610,#3611,#3612,#3613,#3614,#3615,#3616,#3617,#3618,#3619,#3620,
#3621,#3622,#3623,#3624,#3625,#3626,#3627,#3628,#3629,#3630,#3631,#3632,
#3633,#3634,#3635,#3636,#3637,#3638,#3639,#3640,#3641,#3642,#3643,#3644,
#3645,#3646,#3647,#3648,#3649,#3650),.UNSPECIFIED.,.T.,.F.)
B_SPLINE_CURVE_WITH_KNOTS((6,1,1,1,1,1,1,1,1,1,1,1,1,1,1,1,1,1,1,1,1,1,
1,1,1,1,1,1,1,1,1,1,1,1,1,1,1,1,1,1,1,1,1,1,1,1,1,1,1,1,1,1,1,1,1,1,1,1,
1,1,1,1,1,1,1,1,1,1,1,1,1,1,1,1,1,1,1,1,1,1,1,1,1,1,1,1,1,1,1,1,1,1,1,1,
1,1,1,1,1,1,1,1,1,1,1,1,1,1,1,1,1,1,1,1,1,1,1,1,1,1,1,1,1,1,1,1,1,1,1,1,
1,1,1,1,1,1,1,1,1,1,1,1,1,1,1,1,1,1,1,1,1,1,1,1,1,1,1,1,1,1,1,1,1,1,1,1,
1,1,1,1,1,1,1,1,1,1,1,1,1,1,1,1,1,1,1,1,1,1,1,1,1,1,1,1,1,1,1,1,1,1,1,1,
1,1,1,1,1,1,1,1,1,1,1,1,1,1,1,1,1,1,1,1,1,1,1,1,1,1,1,1,1,1,1,1,1,1,1,1,
1,1,1,1,1,1,1,1,1,1,1,1,1,1,1,1,1,1,1,1,1,1,1,1,1,1,1,1,1,1,1,1,1,1,1,1,
1,1,1,1,1,1,1,1,1,1,1,1,1,1,1,1,1,1,1,1,1,1,1,1,1,1,1,1,1,1,1,1,1,1,1,1,
1,1,1,1,1,1,1,1,1,1,1,1,1,1,1,1,1,1,1,1,1,1,1,1,1,1,1,1,1,1,1,1,1,1,1,1,
1,1,1,1,1,1,1,1,1,1,1,1,1,1,1,1,1,1,1,1,1,1,1,1,1,1,1,1,1,1,1,1,1,1,1,1,
1,1,1,1,1,1,1,1,1,1,1,1,1,1,1,1,1,1,1,1,1,1,1,1,1,1,1,1,1,1,1,1,1,1,1,1,
1,1,1,1,1,1,1,1,1,1,1,1,6),(-1.,-0.99767441860466,-0.995348837209311,-0.993023255813962,
-0.990697674418614,-0.988372093023265,-0.986046511627916,-0.983720930232567,
-0.981395348837218,-0.979069767441869,-0.97674418604652,-0.974418604651171,
-0.972093023255822,-0.969767441860474,-0.967441860465125,-0.965116279069776,
-0.962790697674427,-0.960465116279078,-0.958139534883729,-0.95581395348838,
-0.953488372093031,-0.951162790697683,-0.948837209302334,-0.946511627906985,
-0.944186046511636,-0.941860465116287,-0.939534883720938,-0.937209302325589,
-0.93488372093024,-0.932558139534891,-0.930232558139543,-0.927906976744194,
-0.925581395348845,-0.923255813953496,-0.920930232558147,-0.918604651162798,
-0.916279069767449,-0.9139534883721,-0.911627906976751,-0.909302325581403,
-0.906976744186054,-0.904651162790705,-0.902325581395356,-0.900000000000007,
-0.897674418604658,-0.895348837209309,-0.89302325581396,-0.890697674418611,
-0.888372093023263,-0.886046511627914,-0.883720930232565,-0.881395348837216,
-0.879069767441867,-0.876744186046518,-0.874418604651169,-0.87209302325582,
-0.869767441860472,-0.867441860465123,-0.865116279069774,-0.862790697674425,
-0.860465116279076,-0.858139534883727,-0.855813953488378,-0.853488372093029,
-0.85116279069768,-0.848837209302332,-0.846511627906983,-0.844186046511634,
-0.841860465116285,-0.839534883720936,-0.837209302325587,-0.834883720930238,
-0.832558139534889,-0.83023255813954,-0.827906976744192,-0.825581395348843,
-0.823255813953494,-0.820930232558145,-0.818604651162796,-0.816279069767447,
-0.813953488372098,-0.811627906976749,-0.8093023255814,-0.806976744186052,
-0.804651162790703,-0.802325581395354,-0.800000000000005,-0.797674418604656,
-0.795348837209307,-0.793023255813958,-0.790697674418609,-0.788372093023261,
-0.786046511627912,-0.783720930232563,-0.781395348837214,-0.779069767441865,
-0.776744186046516,-0.774418604651167,-0.772093023255818,-0.769767441860469,
-0.767441860465121,-0.765116279069772,-0.762790697674423,-0.760465116279074,
-0.758139534883725,-0.755813953488376,-0.753488372093027,-0.751162790697678,
-0.748837209302329,-0.746511627906981,-0.744186046511632,-0.741860465116283,
-0.739534883720934,-0.737209302325585,-0.734883720930236,-0.732558139534887,
-0.730232558139538,-0.727906976744189,-0.725581395348841,-0.723255813953492,
-0.720930232558143,-0.718604651162794,-0.716279069767445,-0.713953488372096,
-0.711627906976747,-0.709302325581398,-0.706976744186049,-0.704651162790701,
-0.702325581395352,-0.700000000000003,-0.697674418604654,-0.695348837209305,
-0.693023255813956,-0.690697674418607,-0.688372093023258,-0.68604651162791,
-0.683720930232561,-0.681395348837212,-0.679069767441863,-0.676744186046514,
-0.674418604651165,-0.672093023255816,-0.669767441860467,-0.667441860465118,
-0.66511627906977,-0.662790697674421,-0.660465116279072,-0.658139534883723,
-0.655813953488374,-0.653488372093025,-0.651162790697676,-0.648837209302327,
-0.646511627906978,-0.64418604651163,-0.641860465116281,-0.639534883720932,
-0.637209302325583,-0.634883720930234,-0.632558139534885,-0.630232558139536,
-0.627906976744187,-0.625581395348838,-0.62325581395349,-0.620930232558141,
-0.618604651162792,-0.616279069767443,-0.613953488372094,-0.611627906976745,
-0.609302325581396,-0.606976744186047,-0.604651162790699,-0.60232558139535,
-0.600000000000001,-0.597674418604652,-0.595348837209303,-0.593023255813954,
-0.590697674418605,-0.588372093023256,-0.586046511627907,-0.583720930232559,
-0.58139534883721,-0.579069767441861,-0.576744186046512,-0.574418604651163,
-0.572093023255814,-0.569767441860465,-0.567441860465116,-0.565116279069767,
-0.562790697674419,-0.56046511627907,-0.558139534883721,-0.555813953488372,
-0.553488372093023,-0.551162790697674,-0.548837209302325,-0.546511627906976,
-0.544186046511627,-0.541860465116279,-0.53953488372093,-0.537209302325581,
-0.534883720930232,-0.532558139534883,-0.530232558139534,-0.527906976744185,
-0.525581395348836,-0.523255813953488,-0.520930232558139,-0.51860465116279,
-0.516279069767441,-0.513953488372092,-0.511627906976743,-0.509302325581394,
-0.506976744186045,-0.504651162790696,-0.502325581395348,-0.499999999999999,
-0.49767441860465,-0.495348837209301,-0.493023255813952,-0.490697674418603,
-0.488372093023255,-0.486046511627906,-0.483720930232557,-0.481395348837208,
-0.479069767441859,-0.47674418604651,-0.474418604651162,-0.472093023255813,
-0.469767441860464,-0.467441860465115,-0.465116279069766,-0.462790697674417,
-0.460465116279069,-0.45813953488372,-0.455813953488371,-0.453488372093022,
-0.451162790697673,-0.448837209302324,-0.446511627906976,-0.444186046511627,
-0.441860465116278,-0.439534883720929,-0.43720930232558,-0.434883720930231,
-0.432558139534883,-0.430232558139534,-0.427906976744185,-0.425581395348836,
-0.423255813953487,-0.420930232558138,-0.41860465116279,-0.416279069767441,
-0.413953488372092,-0.411627906976743,-0.409302325581394,-0.406976744186046,
-0.404651162790697,-0.402325581395348,-0.399999999999999,-0.39767441860465,
-0.395348837209301,-0.393023255813953,-0.390697674418604,-0.388372093023255,
-0.386046511627906,-0.383720930232557,-0.381395348837208,-0.37906976744186,
-0.376744186046511,-0.374418604651162,-0.372093023255813,-0.369767441860464,
-0.367441860465115,-0.365116279069767,-0.362790697674418,-0.360465116279069,
-0.35813953488372,-0.355813953488371,-0.353488372093022,-0.351162790697674,
-0.348837209302325,-0.346511627906976,-0.344186046511627,-0.341860465116278,
-0.339534883720929,-0.337209302325581,-0.334883720930232,-0.332558139534883,
-0.330232558139534,-0.327906976744185,-0.325581395348836,-0.323255813953488,
-0.320930232558139,-0.31860465116279,-0.316279069767441,-0.313953488372092,
-0.311627906976743,-0.309302325581395,-0.306976744186046,-0.304651162790697,
-0.302325581395348,-0.299999999999999,-0.29767441860465,-0.295348837209302,
-0.293023255813953,-0.290697674418604,-0.288372093023255,-0.286046511627906,
-0.283720930232558,-0.281395348837209,-0.27906976744186,-0.276744186046511,
-0.274418604651162,-0.272093023255813,-0.269767441860465,-0.267441860465116,
-0.265116279069767,-0.262790697674418,-0.260465116279069,-0.25813953488372,
-0.255813953488372,-0.253488372093023,-0.251162790697674,-0.248837209302325,
-0.246511627906976,-0.244186046511627,-0.241860465116279,-0.23953488372093,
-0.237209302325581,-0.234883720930232,-0.232558139534883,-0.230232558139534,
-0.227906976744186,-0.225581395348837,-0.223255813953488,-0.220930232558139,
-0.21860465116279,-0.216279069767441,-0.213953488372093,-0.211627906976744,
-0.209302325581395,-0.206976744186046,-0.204651162790697,-0.202325581395348,
-0.2,-0.197674418604651,-0.195348837209302,-0.193023255813953,-0.190697674418604,
-0.188372093023255,-0.186046511627907,-0.183720930232558,-0.181395348837209,
-0.17906976744186,-0.176744186046511,-0.174418604651162,-0.172093023255814,
-0.169767441860465,-0.167441860465116,-0.165116279069767,-0.162790697674418,
-0.160465116279069,-0.158139534883721,-0.155813953488372,-0.153488372093023,
-0.151162790697674,-0.148837209302325,-0.146511627906976,-0.144186046511628,
-0.141860465116279,-0.13953488372093,-0.137209302325581,-0.134883720930232,
-0.132558139534884,-0.130232558139535,-0.127906976744186,-0.125581395348837,
-0.123255813953488,-0.120930232558139,-0.118604651162791,-0.116279069767442,
-0.113953488372093,-0.111627906976744,-0.109302325581395,-0.106976744186046,
-0.104651162790698,-0.102325581395349,-0.0999999999999999,-0.0976744186046511,
-0.0953488372093022,-0.0930232558139534,-0.0906976744186046,-0.0883720930232557,
-0.0860465116279069,-0.0837209302325581,-0.0813953488372093,-0.0790697674418604,
-0.0767441860465116,-0.0744186046511628,-0.0720930232558139,-0.0697674418604651,
-0.0674418604651163,-0.0651162790697674,-0.0627906976744186,-0.0604651162790698,
-0.0581395348837209,-0.0558139534883721,-0.0534883720930233,-0.0511627906976744,
-0.0488372093023256,-0.0465116279069767,-0.0441860465116279,-0.0418604651162791,
-0.0395348837209302,-0.0372093023255814,-0.0348837209302326,-0.0325581395348837,
-0.0302325581395349,-0.027906976744186,-0.0255813953488372,-0.0232558139534884,
-0.0209302325581395,-0.0186046511627907,-0.0162790697674419,-0.013953488372093,
-0.0116279069767442,-0.00930232558139535,-0.00697674418604651,-0.00465116279069767,
-0.00232558139534884,0.),.UNSPECIFIED.)
CURVE()
GEOMETRIC_REPRESENTATION_ITEM()
RATIONAL_B_SPLINE_CURVE((1.,1.,1.,1.,1.,1.,1.,1.,1.,1.,1.,1.,1.,1.,1.,1.,
1.,1.,1.,1.,1.,1.,1.,1.,1.,1.,1.,1.,1.,1.,1.,1.,1.,1.,1.,1.,1.,1.,1.,1.,
1.,1.,1.,1.,1.,1.,1.,1.,1.,1.,1.,1.,1.,1.,1.,1.,1.,1.,1.,1.,1.,1.,1.,1.,
1.,1.,1.,1.,1.,1.,1.,1.,1.,1.,1.,1.,1.,1.,1.,1.,1.,1.,1.,1.,1.,1.,1.,1.,
1.,1.,1.,1.,1.,1.,1.,1.,1.,1.,1.,1.,1.,1.,1.,1.,1.,1.,1.,1.,1.,1.,1.,1.,
1.,1.,1.,1.,1.,1.,1.,1.,1.,1.,1.,1.,1.,1.,1.,1.,1.,1.,1.,1.,1.,1.,1.,1.,
1.,1.,1.,1.,1.,1.,1.,1.,1.,1.,1.,1.,1.,1.,1.,1.,1.,1.,1.,1.,1.,1.,1.,1.,
1.,1.,1.,1.,1.,1.,1.,1.,1.,1.,1.,1.,1.,1.,1.,1.,1.,1.,1.,1.,1.,1.,1.,1.,
1.,1.,1.,1.,1.,1.,1.,1.,1.,1.,1.,1.,1.,1.,1.,1.,1.,1.,1.,1.,1.,1.,1.,1.,
1.,1.,1.,1.,1.,1.,1.,1.,1.,1.,1.,1.,1.,1.,1.,1.,1.,1.,1.,1.,1.,1.,1.,1.,
1.,1.,1.,1.,1.,1.,1.,1.,1.,1.,1.,1.,1.,1.,1.,1.,1.,1.,1.,1.,1.,1.,1.,1.,
1.,1.,1.,1.,1.,1.,1.,1.,1.,1.,1.,1.,1.,1.,1.,1.,1.,1.,1.,1.,1.,1.,1.,1.,
1.,1.,1.,1.,1.,1.,1.,1.,1.,1.,1.,1.,1.,1.,1.,1.,1.,1.,1.,1.,1.,1.,1.,1.,
1.,1.,1.,1.,1.,1.,1.,1.,1.,1.,1.,1.,1.,1.,1.,1.,1.,1.,1.,1.,1.,1.,1.,1.,
1.,1.,1.,1.,1.,1.,1.,1.,1.,1.,1.,1.,1.,1.,1.,1.,1.,1.,1.,1.,1.,1.,1.,1.,
1.,1.,1.,1.,1.,1.,1.,1.,1.,1.,1.,1.,1.,1.,1.,1.,1.,1.,1.,1.,1.,1.,1.,1.,
1.,1.,1.,1.,1.,1.,1.,1.,1.,1.,1.,1.,1.,1.,1.,1.,1.,1.,1.,1.,1.,1.,1.,1.,
1.,1.,1.,1.,1.,1.,1.,1.,1.,1.,1.,1.,1.,1.,1.,1.,1.,1.,1.,1.,1.,1.,1.,1.,
1.,1.,1.,1.,1.,1.,1.,1.,1.,1.,1.))
REPRESENTATION_ITEM('')
);
#18=(
BOUNDED_CURVE()
B_SPLINE_CURVE(5,(#3651,#3652,#3653,#3654,#3655,#3656,#3657),
 .UNSPECIFIED.,.F.,.F.)
B_SPLINE_CURVE_WITH_KNOTS((6,1,6),(0.505849493991579,0.506976744186045,
0.507768156152988),.UNSPECIFIED.)
CURVE()
GEOMETRIC_REPRESENTATION_ITEM()
RATIONAL_B_SPLINE_CURVE((1.,1.,1.,1.,1.,1.,1.))
REPRESENTATION_ITEM('')
);
#19=(
BOUNDED_SURFACE()
B_SPLINE_SURFACE(1,2,((#660,#661,#662,#663,#664,#665,#666,#667,#668),(#669,
#670,#671,#672,#673,#674,#675,#676,#677)),.UNSPECIFIED.,.F.,.T.,.F.)
B_SPLINE_SURFACE_WITH_KNOTS((2,2),(3,2,2,2,3),(-0.0422639925140861,1.31567796187361),
(-3.14159265358979,-1.5707963267949,0.,1.5707963267949,3.14159265358979),
 .UNSPECIFIED.)
GEOMETRIC_REPRESENTATION_ITEM()
RATIONAL_B_SPLINE_SURFACE(((1.,0.707106781186548,1.,0.707106781186548,1.,
0.707106781186548,1.,0.707106781186548,1.),(1.,0.707106781186548,1.,0.707106781186548,
1.,0.707106781186548,1.,0.707106781186548,1.)))
REPRESENTATION_ITEM('')
SURFACE()
);
#20=(
BOUNDED_SURFACE()
B_SPLINE_SURFACE(5,1,((#1127,#1128),(#1129,#1130),(#1131,#1132),(#1133,
#1134),(#1135,#1136),(#1137,#1138),(#1139,#1140),(#1141,#1142),(#1143,#1144),
(#1145,#1146),(#1147,#1148),(#1149,#1150),(#1151,#1152),(#1153,#1154),(#1155,
#1156),(#1157,#1158),(#1159,#1160),(#1161,#1162),(#1163,#1164),(#1165,#1166),
(#1167,#1168),(#1169,#1170),(#1171,#1172),(#1173,#1174),(#1175,#1176),(#1177,
#1178),(#1179,#1180),(#1181,#1182),(#1183,#1184),(#1185,#1186),(#1187,#1188),
(#1189,#1190),(#1191,#1192),(#1193,#1194),(#1195,#1196),(#1197,#1198),(#1199,
#1200),(#1201,#1202),(#1203,#1204),(#1205,#1206),(#1207,#1208),(#1209,#1210),
(#1211,#1212),(#1213,#1214),(#1215,#1216),(#1217,#1218),(#1219,#1220),(#1221,
#1222),(#1223,#1224),(#1225,#1226),(#1227,#1228),(#1229,#1230),(#1231,#1232),
(#1233,#1234),(#1235,#1236),(#1237,#1238),(#1239,#1240),(#1241,#1242),(#1243,
#1244),(#1245,#1246),(#1247,#1248),(#1249,#1250),(#1251,#1252),(#1253,#1254),
(#1255,#1256),(#1257,#1258),(#1259,#1260),(#1261,#1262),(#1263,#1264),(#1265,
#1266),(#1267,#1268),(#1269,#1270),(#1271,#1272),(#1273,#1274),(#1275,#1276),
(#1277,#1278),(#1279,#1280),(#1281,#1282),(#1283,#1284),(#1285,#1286),(#1287,
#1288),(#1289,#1290),(#1291,#1292),(#1293,#1294),(#1295,#1296),(#1297,#1298),
(#1299,#1300),(#1301,#1302),(#1303,#1304),(#1305,#1306),(#1307,#1308),(#1309,
#1310),(#1311,#1312),(#1313,#1314),(#1315,#1316),(#1317,#1318),(#1319,#1320),
(#1321,#1322),(#1323,#1324),(#1325,#1326),(#1327,#1328),(#1329,#1330),(#1331,
#1332),(#1333,#1334),(#1335,#1336),(#1337,#1338),(#1339,#1340),(#1341,#1342),
(#1343,#1344),(#1345,#1346),(#1347,#1348),(#1349,#1350),(#1351,#1352),(#1353,
#1354),(#1355,#1356),(#1357,#1358),(#1359,#1360),(#1361,#1362),(#1363,#1364),
(#1365,#1366),(#1367,#1368),(#1369,#1370),(#1371,#1372),(#1373,#1374),(#1375,
#1376),(#1377,#1378),(#1379,#1380),(#1381,#1382),(#1383,#1384),(#1385,#1386),
(#1387,#1388),(#1389,#1390),(#1391,#1392),(#1393,#1394),(#1395,#1396),(#1397,
#1398),(#1399,#1400),(#1401,#1402),(#1403,#1404),(#1405,#1406),(#1407,#1408),
(#1409,#1410),(#1411,#1412),(#1413,#1414),(#1415,#1416),(#1417,#1418),(#1419,
#1420),(#1421,#1422),(#1423,#1424),(#1425,#1426),(#1427,#1428),(#1429,#1430),
(#1431,#1432),(#1433,#1434),(#1435,#1436),(#1437,#1438),(#1439,#1440),(#1441,
#1442),(#1443,#1444),(#1445,#1446),(#1447,#1448),(#1449,#1450),(#1451,#1452),
(#1453,#1454),(#1455,#1456),(#1457,#1458),(#1459,#1460),(#1461,#1462),(#1463,
#1464),(#1465,#1466),(#1467,#1468),(#1469,#1470),(#1471,#1472),(#1473,#1474),
(#1475,#1476),(#1477,#1478),(#1479,#1480),(#1481,#1482),(#1483,#1484),(#1485,
#1486),(#1487,#1488),(#1489,#1490),(#1491,#1492),(#1493,#1494),(#1495,#1496),
(#1497,#1498),(#1499,#1500),(#1501,#1502),(#1503,#1504),(#1505,#1506),(#1507,
#1508),(#1509,#1510),(#1511,#1512),(#1513,#1514),(#1515,#1516),(#1517,#1518),
(#1519,#1520),(#1521,#1522),(#1523,#1524),(#1525,#1526),(#1527,#1528),(#1529,
#1530),(#1531,#1532),(#1533,#1534),(#1535,#1536),(#1537,#1538),(#1539,#1540),
(#1541,#1542),(#1543,#1544),(#1545,#1546),(#1547,#1548),(#1549,#1550),(#1551,
#1552),(#1553,#1554),(#1555,#1556),(#1557,#1558),(#1559,#1560),(#1561,#1562),
(#1563,#1564),(#1565,#1566),(#1567,#1568),(#1569,#1570),(#1571,#1572),(#1573,
#1574),(#1575,#1576),(#1577,#1578),(#1579,#1580),(#1581,#1582),(#1583,#1584),
(#1585,#1586),(#1587,#1588),(#1589,#1590),(#1591,#1592),(#1593,#1594),(#1595,
#1596),(#1597,#1598),(#1599,#1600),(#1601,#1602),(#1603,#1604),(#1605,#1606),
(#1607,#1608),(#1609,#1610),(#1611,#1612),(#1613,#1614),(#1615,#1616),(#1617,
#1618),(#1619,#1620),(#1621,#1622),(#1623,#1624),(#1625,#1626),(#1627,#1628),
(#1629,#1630),(#1631,#1632),(#1633,#1634),(#1635,#1636),(#1637,#1638),(#1639,
#1640),(#1641,#1642),(#1643,#1644),(#1645,#1646),(#1647,#1648),(#1649,#1650),
(#1651,#1652),(#1653,#1654),(#1655,#1656),(#1657,#1658),(#1659,#1660),(#1661,
#1662),(#1663,#1664),(#1665,#1666),(#1667,#1668),(#1669,#1670),(#1671,#1672),
(#1673,#1674),(#1675,#1676),(#1677,#1678),(#1679,#1680),(#1681,#1682),(#1683,
#1684),(#1685,#1686),(#1687,#1688),(#1689,#1690),(#1691,#1692),(#1693,#1694),
(#1695,#1696),(#1697,#1698),(#1699,#1700),(#1701,#1702),(#1703,#1704),(#1705,
#1706),(#1707,#1708),(#1709,#1710),(#1711,#1712),(#1713,#1714),(#1715,#1716),
(#1717,#1718),(#1719,#1720),(#1721,#1722),(#1723,#1724),(#1725,#1726),(#1727,
#1728),(#1729,#1730),(#1731,#1732),(#1733,#1734),(#1735,#1736),(#1737,#1738),
(#1739,#1740),(#1741,#1742),(#1743,#1744),(#1745,#1746),(#1747,#1748),(#1749,
#1750),(#1751,#1752),(#1753,#1754),(#1755,#1756),(#1757,#1758),(#1759,#1760),
(#1761,#1762),(#1763,#1764),(#1765,#1766),(#1767,#1768),(#1769,#1770),(#1771,
#1772),(#1773,#1774),(#1775,#1776),(#1777,#1778),(#1779,#1780),(#1781,#1782),
(#1783,#1784),(#1785,#1786),(#1787,#1788),(#1789,#1790),(#1791,#1792),(#1793,
#1794),(#1795,#1796),(#1797,#1798),(#1799,#1800),(#1801,#1802),(#1803,#1804),
(#1805,#1806),(#1807,#1808),(#1809,#1810),(#1811,#1812),(#1813,#1814),(#1815,
#1816),(#1817,#1818),(#1819,#1820),(#1821,#1822),(#1823,#1824),(#1825,#1826),
(#1827,#1828),(#1829,#1830),(#1831,#1832),(#1833,#1834),(#1835,#1836),(#1837,
#1838),(#1839,#1840),(#1841,#1842),(#1843,#1844),(#1845,#1846),(#1847,#1848),
(#1849,#1850),(#1851,#1852),(#1853,#1854),(#1855,#1856),(#1857,#1858),(#1859,
#1860),(#1861,#1862),(#1863,#1864),(#1865,#1866),(#1867,#1868),(#1869,#1870),
(#1871,#1872),(#1873,#1874),(#1875,#1876),(#1877,#1878),(#1879,#1880),(#1881,
#1882),(#1883,#1884),(#1885,#1886),(#1887,#1888),(#1889,#1890),(#1891,#1892),
(#1893,#1894),(#1895,#1896),(#1897,#1898),(#1899,#1900),(#1901,#1902),(#1903,
#1904),(#1905,#1906),(#1907,#1908),(#1909,#1910),(#1911,#1912),(#1913,#1914),
(#1915,#1916),(#1917,#1918),(#1919,#1920),(#1921,#1922),(#1923,#1924),(#1925,
#1926),(#1927,#1928),(#1929,#1930),(#1931,#1932),(#1933,#1934),(#1935,#1936),
(#1937,#1938),(#1939,#1940),(#1941,#1942),(#1943,#1944),(#1945,#1946),(#1947,
#1948),(#1949,#1950),(#1951,#1952),(#1953,#1954),(#1955,#1956),(#1957,#1958),
(#1959,#1960),(#1961,#1962),(#1963,#1964),(#1965,#1966),(#1967,#1968),(#1969,
#1970),(#1971,#1972),(#1973,#1974),(#1975,#1976),(#1977,#1978),(#1979,#1980),
(#1981,#1982),(#1983,#1984),(#1985,#1986),(#1987,#1988),(#1989,#1990),(#1991,
#1992),(#1993,#1994),(#1995,#1996)),.UNSPECIFIED.,.T.,.F.,.F.)
B_SPLINE_SURFACE_WITH_KNOTS((6,1,1,1,1,1,1,1,1,1,1,1,1,1,1,1,1,1,1,1,1,
1,1,1,1,1,1,1,1,1,1,1,1,1,1,1,1,1,1,1,1,1,1,1,1,1,1,1,1,1,1,1,1,1,1,1,1,
1,1,1,1,1,1,1,1,1,1,1,1,1,1,1,1,1,1,1,1,1,1,1,1,1,1,1,1,1,1,1,1,1,1,1,1,
1,1,1,1,1,1,1,1,1,1,1,1,1,1,1,1,1,1,1,1,1,1,1,1,1,1,1,1,1,1,1,1,1,1,1,1,
1,1,1,1,1,1,1,1,1,1,1,1,1,1,1,1,1,1,1,1,1,1,1,1,1,1,1,1,1,1,1,1,1,1,1,1,
1,1,1,1,1,1,1,1,1,1,1,1,1,1,1,1,1,1,1,1,1,1,1,1,1,1,1,1,1,1,1,1,1,1,1,1,
1,1,1,1,1,1,1,1,1,1,1,1,1,1,1,1,1,1,1,1,1,1,1,1,1,1,1,1,1,1,1,1,1,1,1,1,
1,1,1,1,1,1,1,1,1,1,1,1,1,1,1,1,1,1,1,1,1,1,1,1,1,1,1,1,1,1,1,1,1,1,1,1,
1,1,1,1,1,1,1,1,1,1,1,1,1,1,1,1,1,1,1,1,1,1,1,1,1,1,1,1,1,1,1,1,1,1,1,1,
1,1,1,1,1,1,1,1,1,1,1,1,1,1,1,1,1,1,1,1,1,1,1,1,1,1,1,1,1,1,1,1,1,1,1,1,
1,1,1,1,1,1,1,1,1,1,1,1,1,1,1,1,1,1,1,1,1,1,1,1,1,1,1,1,1,1,1,1,1,1,1,1,
1,1,1,1,1,1,1,1,1,1,1,1,1,1,1,1,1,1,1,1,1,1,1,1,1,1,1,1,1,1,1,1,1,1,1,1,
1,1,1,1,1,1,1,1,1,1,1,1,1,6),(2,2),(0.,0.00232558139534884,0.00465116279069767,
0.00697674418604651,0.00930232558139535,0.0116279069767442,0.013953488372093,
0.0162790697674419,0.0186046511627907,0.0209302325581395,0.0232558139534884,
0.0255813953488372,0.027906976744186,0.0302325581395349,0.0325581395348837,
0.0348837209302326,0.0372093023255814,0.0395348837209302,0.0418604651162791,
0.0441860465116279,0.0465116279069767,0.0488372093023256,0.0511627906976744,
0.0534883720930233,0.0558139534883721,0.0581395348837209,0.0604651162790698,
0.0627906976744186,0.0651162790697674,0.0674418604651163,0.0697674418604651,
0.0720930232558139,0.0744186046511628,0.0767441860465116,0.0790697674418604,
0.0813953488372093,0.0837209302325581,0.0860465116279069,0.0883720930232557,
0.0906976744186046,0.0930232558139534,0.0953488372093022,0.0976744186046511,
0.0999999999999999,0.102325581395349,0.104651162790698,0.106976744186046,
0.109302325581395,0.111627906976744,0.113953488372093,0.116279069767442,
0.118604651162791,0.120930232558139,0.123255813953488,0.125581395348837,
0.127906976744186,0.130232558139535,0.132558139534884,0.134883720930232,
0.137209302325581,0.13953488372093,0.141860465116279,0.144186046511628,
0.146511627906976,0.148837209302325,0.151162790697674,0.153488372093023,
0.155813953488372,0.158139534883721,0.160465116279069,0.162790697674418,
0.165116279069767,0.167441860465116,0.169767441860465,0.172093023255814,
0.174418604651162,0.176744186046511,0.17906976744186,0.181395348837209,
0.183720930232558,0.186046511627907,0.188372093023255,0.190697674418604,
0.193023255813953,0.195348837209302,0.197674418604651,0.2,0.202325581395348,
0.204651162790697,0.206976744186046,0.209302325581395,0.211627906976744,
0.213953488372093,0.216279069767441,0.21860465116279,0.220930232558139,
0.223255813953488,0.225581395348837,0.227906976744186,0.230232558139534,
0.232558139534883,0.234883720930232,0.237209302325581,0.23953488372093,
0.241860465116279,0.244186046511627,0.246511627906976,0.248837209302325,
0.251162790697674,0.253488372093023,0.255813953488372,0.25813953488372,
0.260465116279069,0.262790697674418,0.265116279069767,0.267441860465116,
0.269767441860465,0.272093023255813,0.274418604651162,0.276744186046511,
0.27906976744186,0.281395348837209,0.283720930232558,0.286046511627906,
0.288372093023255,0.290697674418604,0.293023255813953,0.295348837209302,
0.29767441860465,0.299999999999999,0.302325581395348,0.304651162790697,
0.306976744186046,0.309302325581395,0.311627906976743,0.313953488372092,
0.316279069767441,0.31860465116279,0.320930232558139,0.323255813953488,
0.325581395348836,0.327906976744185,0.330232558139534,0.332558139534883,
0.334883720930232,0.337209302325581,0.339534883720929,0.341860465116278,
0.344186046511627,0.346511627906976,0.348837209302325,0.351162790697674,
0.353488372093022,0.355813953488371,0.35813953488372,0.360465116279069,
0.362790697674418,0.365116279069767,0.367441860465115,0.369767441860464,
0.372093023255813,0.374418604651162,0.376744186046511,0.37906976744186,
0.381395348837208,0.383720930232557,0.386046511627906,0.388372093023255,
0.390697674418604,0.393023255813953,0.395348837209301,0.39767441860465,
0.399999999999999,0.402325581395348,0.404651162790697,0.406976744186046,
0.409302325581394,0.411627906976743,0.413953488372092,0.416279069767441,
0.41860465116279,0.420930232558138,0.423255813953487,0.425581395348836,
0.427906976744185,0.430232558139534,0.432558139534883,0.434883720930231,
0.43720930232558,0.439534883720929,0.441860465116278,0.444186046511627,
0.446511627906976,0.448837209302324,0.451162790697673,0.453488372093022,
0.455813953488371,0.45813953488372,0.460465116279069,0.462790697674417,
0.465116279069766,0.467441860465115,0.469767441860464,0.472093023255813,
0.474418604651162,0.47674418604651,0.479069767441859,0.481395348837208,
0.483720930232557,0.486046511627906,0.488372093023255,0.490697674418603,
0.493023255813952,0.495348837209301,0.49767441860465,0.499999999999999,
0.502325581395348,0.504651162790696,0.506976744186045,0.509302325581394,
0.511627906976743,0.513953488372092,0.516279069767441,0.51860465116279,
0.520930232558139,0.523255813953488,0.525581395348836,0.527906976744185,
0.530232558139534,0.532558139534883,0.534883720930232,0.537209302325581,
0.53953488372093,0.541860465116279,0.544186046511627,0.546511627906976,
0.548837209302325,0.551162790697674,0.553488372093023,0.555813953488372,
0.558139534883721,0.56046511627907,0.562790697674419,0.565116279069767,
0.567441860465116,0.569767441860465,0.572093023255814,0.574418604651163,
0.576744186046512,0.579069767441861,0.58139534883721,0.583720930232559,
0.586046511627907,0.588372093023256,0.590697674418605,0.593023255813954,
0.595348837209303,0.597674418604652,0.600000000000001,0.60232558139535,
0.604651162790699,0.606976744186047,0.609302325581396,0.611627906976745,
0.613953488372094,0.616279069767443,0.618604651162792,0.620930232558141,
0.62325581395349,0.625581395348838,0.627906976744187,0.630232558139536,
0.632558139534885,0.634883720930234,0.637209302325583,0.639534883720932,
0.641860465116281,0.64418604651163,0.646511627906978,0.648837209302327,
0.651162790697676,0.653488372093025,0.655813953488374,0.658139534883723,
0.660465116279072,0.662790697674421,0.66511627906977,0.667441860465118,
0.669767441860467,0.672093023255816,0.674418604651165,0.676744186046514,
0.679069767441863,0.681395348837212,0.683720930232561,0.68604651162791,
0.688372093023258,0.690697674418607,0.693023255813956,0.695348837209305,
0.697674418604654,0.700000000000003,0.702325581395352,0.704651162790701,
0.706976744186049,0.709302325581398,0.711627906976747,0.713953488372096,
0.716279069767445,0.718604651162794,0.720930232558143,0.723255813953492,
0.725581395348841,0.727906976744189,0.730232558139538,0.732558139534887,
0.734883720930236,0.737209302325585,0.739534883720934,0.741860465116283,
0.744186046511632,0.746511627906981,0.748837209302329,0.751162790697678,
0.753488372093027,0.755813953488376,0.758139534883725,0.760465116279074,
0.762790697674423,0.765116279069772,0.767441860465121,0.769767441860469,
0.772093023255818,0.774418604651167,0.776744186046516,0.779069767441865,
0.781395348837214,0.783720930232563,0.786046511627912,0.788372093023261,
0.790697674418609,0.793023255813958,0.795348837209307,0.797674418604656,
0.800000000000005,0.802325581395354,0.804651162790703,0.806976744186052,
0.8093023255814,0.811627906976749,0.813953488372098,0.816279069767447,0.818604651162796,
0.820930232558145,0.823255813953494,0.825581395348843,0.827906976744192,
0.83023255813954,0.832558139534889,0.834883720930238,0.837209302325587,
0.839534883720936,0.841860465116285,0.844186046511634,0.846511627906983,
0.848837209302332,0.85116279069768,0.853488372093029,0.855813953488378,
0.858139534883727,0.860465116279076,0.862790697674425,0.865116279069774,
0.867441860465123,0.869767441860472,0.87209302325582,0.874418604651169,
0.876744186046518,0.879069767441867,0.881395348837216,0.883720930232565,
0.886046511627914,0.888372093023263,0.890697674418611,0.89302325581396,
0.895348837209309,0.897674418604658,0.900000000000007,0.902325581395356,
0.904651162790705,0.906976744186054,0.909302325581403,0.911627906976751,
0.9139534883721,0.916279069767449,0.918604651162798,0.920930232558147,0.923255813953496,
0.925581395348845,0.927906976744194,0.930232558139543,0.932558139534891,
0.93488372093024,0.937209302325589,0.939534883720938,0.941860465116287,
0.944186046511636,0.946511627906985,0.948837209302334,0.951162790697683,
0.953488372093031,0.95581395348838,0.958139534883729,0.960465116279078,
0.962790697674427,0.965116279069776,0.967441860465125,0.969767441860474,
0.972093023255822,0.974418604651171,0.97674418604652,0.979069767441869,
0.981395348837218,0.983720930232567,0.986046511627916,0.988372093023265,
0.990697674418614,0.993023255813962,0.995348837209311,0.99767441860466,
1.),(-0.340960481965247,0.5),.UNSPECIFIED.)
GEOMETRIC_REPRESENTATION_ITEM()
RATIONAL_B_SPLINE_SURFACE(((1.,1.),(1.,1.),(1.,1.),(1.,1.),(1.,1.),(1.,
1.),(1.,1.),(1.,1.),(1.,1.),(1.,1.),(1.,1.),(1.,1.),(1.,1.),(1.,1.),(1.,
1.),(1.,1.),(1.,1.),(1.,1.),(1.,1.),(1.,1.),(1.,1.),(1.,1.),(1.,1.),(1.,
1.),(1.,1.),(1.,1.),(1.,1.),(1.,1.),(1.,1.),(1.,1.),(1.,1.),(1.,1.),(1.,
1.),(1.,1.),(1.,1.),(1.,1.),(1.,1.),(1.,1.),(1.,1.),(1.,1.),(1.,1.),(1.,
1.),(1.,1.),(1.,1.),(1.,1.),(1.,1.),(1.,1.),(1.,1.),(1.,1.),(1.,1.),(1.,
1.),(1.,1.),(1.,1.),(1.,1.),(1.,1.),(1.,1.),(1.,1.),(1.,1.),(1.,1.),(1.,
1.),(1.,1.),(1.,1.),(1.,1.),(1.,1.),(1.,1.),(1.,1.),(1.,1.),(1.,1.),(1.,
1.),(1.,1.),(1.,1.),(1.,1.),(1.,1.),(1.,1.),(1.,1.),(1.,1.),(1.,1.),(1.,
1.),(1.,1.),(1.,1.),(1.,1.),(1.,1.),(1.,1.),(1.,1.),(1.,1.),(1.,1.),(1.,
1.),(1.,1.),(1.,1.),(1.,1.),(1.,1.),(1.,1.),(1.,1.),(1.,1.),(1.,1.),(1.,
1.),(1.,1.),(1.,1.),(1.,1.),(1.,1.),(1.,1.),(1.,1.),(1.,1.),(1.,1.),(1.,
1.),(1.,1.),(1.,1.),(1.,1.),(1.,1.),(1.,1.),(1.,1.),(1.,1.),(1.,1.),(1.,
1.),(1.,1.),(1.,1.),(1.,1.),(1.,1.),(1.,1.),(1.,1.),(1.,1.),(1.,1.),(1.,
1.),(1.,1.),(1.,1.),(1.,1.),(1.,1.),(1.,1.),(1.,1.),(1.,1.),(1.,1.),(1.,
1.),(1.,1.),(1.,1.),(1.,1.),(1.,1.),(1.,1.),(1.,1.),(1.,1.),(1.,1.),(1.,
1.),(1.,1.),(1.,1.),(1.,1.),(1.,1.),(1.,1.),(1.,1.),(1.,1.),(1.,1.),(1.,
1.),(1.,1.),(1.,1.),(1.,1.),(1.,1.),(1.,1.),(1.,1.),(1.,1.),(1.,1.),(1.,
1.),(1.,1.),(1.,1.),(1.,1.),(1.,1.),(1.,1.),(1.,1.),(1.,1.),(1.,1.),(1.,
1.),(1.,1.),(1.,1.),(1.,1.),(1.,1.),(1.,1.),(1.,1.),(1.,1.),(1.,1.),(1.,
1.),(1.,1.),(1.,1.),(1.,1.),(1.,1.),(1.,1.),(1.,1.),(1.,1.),(1.,1.),(1.,
1.),(1.,1.),(1.,1.),(1.,1.),(1.,1.),(1.,1.),(1.,1.),(1.,1.),(1.,1.),(1.,
1.),(1.,1.),(1.,1.),(1.,1.),(1.,1.),(1.,1.),(1.,1.),(1.,1.),(1.,1.),(1.,
1.),(1.,1.),(1.,1.),(1.,1.),(1.,1.),(1.,1.),(1.,1.),(1.,1.),(1.,1.),(1.,
1.),(1.,1.),(1.,1.),(1.,1.),(1.,1.),(1.,1.),(1.,1.),(1.,1.),(1.,1.),(1.,
1.),(1.,1.),(1.,1.),(1.,1.),(1.,1.),(1.,1.),(1.,1.),(1.,1.),(1.,1.),(1.,
1.),(1.,1.),(1.,1.),(1.,1.),(1.,1.),(1.,1.),(1.,1.),(1.,1.),(1.,1.),(1.,
1.),(1.,1.),(1.,1.),(1.,1.),(1.,1.),(1.,1.),(1.,1.),(1.,1.),(1.,1.),(1.,
1.),(1.,1.),(1.,1.),(1.,1.),(1.,1.),(1.,1.),(1.,1.),(1.,1.),(1.,1.),(1.,
1.),(1.,1.),(1.,1.),(1.,1.),(1.,1.),(1.,1.),(1.,1.),(1.,1.),(1.,1.),(1.,
1.),(1.,1.),(1.,1.),(1.,1.),(1.,1.),(1.,1.),(1.,1.),(1.,1.),(1.,1.),(1.,
1.),(1.,1.),(1.,1.),(1.,1.),(1.,1.),(1.,1.),(1.,1.),(1.,1.),(1.,1.),(1.,
1.),(1.,1.),(1.,1.),(1.,1.),(1.,1.),(1.,1.),(1.,1.),(1.,1.),(1.,1.),(1.,
1.),(1.,1.),(1.,1.),(1.,1.),(1.,1.),(1.,1.),(1.,1.),(1.,1.),(1.,1.),(1.,
1.),(1.,1.),(1.,1.),(1.,1.),(1.,1.),(1.,1.),(1.,1.),(1.,1.),(1.,1.),(1.,
1.),(1.,1.),(1.,1.),(1.,1.),(1.,1.),(1.,1.),(1.,1.),(1.,1.),(1.,1.),(1.,
1.),(1.,1.),(1.,1.),(1.,1.),(1.,1.),(1.,1.),(1.,1.),(1.,1.),(1.,1.),(1.,
1.),(1.,1.),(1.,1.),(1.,1.),(1.,1.),(1.,1.),(1.,1.),(1.,1.),(1.,1.),(1.,
1.),(1.,1.),(1.,1.),(1.,1.),(1.,1.),(1.,1.),(1.,1.),(1.,1.),(1.,1.),(1.,
1.),(1.,1.),(1.,1.),(1.,1.),(1.,1.),(1.,1.),(1.,1.),(1.,1.),(1.,1.),(1.,
1.),(1.,1.),(1.,1.),(1.,1.),(1.,1.),(1.,1.),(1.,1.),(1.,1.),(1.,1.),(1.,
1.),(1.,1.),(1.,1.),(1.,1.),(1.,1.),(1.,1.),(1.,1.),(1.,1.),(1.,1.),(1.,
1.),(1.,1.),(1.,1.),(1.,1.),(1.,1.),(1.,1.),(1.,1.),(1.,1.),(1.,1.),(1.,
1.),(1.,1.),(1.,1.),(1.,1.),(1.,1.),(1.,1.),(1.,1.),(1.,1.),(1.,1.),(1.,
1.),(1.,1.),(1.,1.),(1.,1.),(1.,1.),(1.,1.),(1.,1.),(1.,1.),(1.,1.),(1.,
1.),(1.,1.),(1.,1.),(1.,1.),(1.,1.),(1.,1.),(1.,1.),(1.,1.),(1.,1.),(1.,
1.),(1.,1.),(1.,1.),(1.,1.),(1.,1.),(1.,1.),(1.,1.),(1.,1.),(1.,1.),(1.,
1.),(1.,1.),(1.,1.),(1.,1.),(1.,1.),(1.,1.),(1.,1.),(1.,1.),(1.,1.),(1.,
1.),(1.,1.),(1.,1.),(1.,1.),(1.,1.),(1.,1.),(1.,1.)))
REPRESENTATION_ITEM('')
SURFACE()
);
#21=(
BOUNDED_SURFACE()
B_SPLINE_SURFACE(5,1,((#2344,#2345),(#2346,#2347),(#2348,#2349),(#2350,
#2351),(#2352,#2353),(#2354,#2355),(#2356,#2357),(#2358,#2359),(#2360,#2361),
(#2362,#2363),(#2364,#2365),(#2366,#2367),(#2368,#2369),(#2370,#2371),(#2372,
#2373),(#2374,#2375),(#2376,#2377),(#2378,#2379),(#2380,#2381),(#2382,#2383),
(#2384,#2385),(#2386,#2387),(#2388,#2389),(#2390,#2391),(#2392,#2393),(#2394,
#2395),(#2396,#2397),(#2398,#2399),(#2400,#2401),(#2402,#2403),(#2404,#2405),
(#2406,#2407),(#2408,#2409),(#2410,#2411),(#2412,#2413),(#2414,#2415),(#2416,
#2417),(#2418,#2419),(#2420,#2421),(#2422,#2423),(#2424,#2425),(#2426,#2427),
(#2428,#2429),(#2430,#2431),(#2432,#2433),(#2434,#2435),(#2436,#2437),(#2438,
#2439),(#2440,#2441),(#2442,#2443),(#2444,#2445),(#2446,#2447),(#2448,#2449),
(#2450,#2451),(#2452,#2453),(#2454,#2455),(#2456,#2457),(#2458,#2459),(#2460,
#2461),(#2462,#2463),(#2464,#2465),(#2466,#2467),(#2468,#2469),(#2470,#2471),
(#2472,#2473),(#2474,#2475),(#2476,#2477),(#2478,#2479),(#2480,#2481),(#2482,
#2483),(#2484,#2485),(#2486,#2487),(#2488,#2489),(#2490,#2491),(#2492,#2493),
(#2494,#2495),(#2496,#2497),(#2498,#2499),(#2500,#2501),(#2502,#2503),(#2504,
#2505),(#2506,#2507),(#2508,#2509),(#2510,#2511),(#2512,#2513),(#2514,#2515),
(#2516,#2517),(#2518,#2519),(#2520,#2521),(#2522,#2523),(#2524,#2525),(#2526,
#2527),(#2528,#2529),(#2530,#2531),(#2532,#2533),(#2534,#2535),(#2536,#2537),
(#2538,#2539),(#2540,#2541),(#2542,#2543),(#2544,#2545),(#2546,#2547),(#2548,
#2549),(#2550,#2551),(#2552,#2553),(#2554,#2555),(#2556,#2557),(#2558,#2559),
(#2560,#2561),(#2562,#2563),(#2564,#2565),(#2566,#2567),(#2568,#2569),(#2570,
#2571),(#2572,#2573),(#2574,#2575),(#2576,#2577),(#2578,#2579),(#2580,#2581),
(#2582,#2583),(#2584,#2585),(#2586,#2587),(#2588,#2589),(#2590,#2591),(#2592,
#2593),(#2594,#2595),(#2596,#2597),(#2598,#2599),(#2600,#2601),(#2602,#2603),
(#2604,#2605),(#2606,#2607),(#2608,#2609),(#2610,#2611),(#2612,#2613),(#2614,
#2615),(#2616,#2617),(#2618,#2619),(#2620,#2621),(#2622,#2623),(#2624,#2625),
(#2626,#2627),(#2628,#2629),(#2630,#2631),(#2632,#2633),(#2634,#2635),(#2636,
#2637),(#2638,#2639),(#2640,#2641),(#2642,#2643),(#2644,#2645),(#2646,#2647),
(#2648,#2649),(#2650,#2651),(#2652,#2653),(#2654,#2655),(#2656,#2657),(#2658,
#2659),(#2660,#2661),(#2662,#2663),(#2664,#2665),(#2666,#2667),(#2668,#2669),
(#2670,#2671),(#2672,#2673),(#2674,#2675),(#2676,#2677),(#2678,#2679),(#2680,
#2681),(#2682,#2683),(#2684,#2685),(#2686,#2687),(#2688,#2689),(#2690,#2691),
(#2692,#2693),(#2694,#2695),(#2696,#2697),(#2698,#2699),(#2700,#2701),(#2702,
#2703),(#2704,#2705),(#2706,#2707),(#2708,#2709),(#2710,#2711),(#2712,#2713),
(#2714,#2715),(#2716,#2717),(#2718,#2719),(#2720,#2721),(#2722,#2723),(#2724,
#2725),(#2726,#2727),(#2728,#2729),(#2730,#2731),(#2732,#2733),(#2734,#2735),
(#2736,#2737),(#2738,#2739),(#2740,#2741),(#2742,#2743),(#2744,#2745),(#2746,
#2747),(#2748,#2749),(#2750,#2751),(#2752,#2753),(#2754,#2755),(#2756,#2757),
(#2758,#2759),(#2760,#2761),(#2762,#2763),(#2764,#2765),(#2766,#2767),(#2768,
#2769),(#2770,#2771),(#2772,#2773),(#2774,#2775),(#2776,#2777),(#2778,#2779),
(#2780,#2781),(#2782,#2783),(#2784,#2785),(#2786,#2787),(#2788,#2789),(#2790,
#2791),(#2792,#2793),(#2794,#2795),(#2796,#2797),(#2798,#2799),(#2800,#2801),
(#2802,#2803),(#2804,#2805),(#2806,#2807),(#2808,#2809),(#2810,#2811),(#2812,
#2813),(#2814,#2815),(#2816,#2817),(#2818,#2819),(#2820,#2821),(#2822,#2823),
(#2824,#2825),(#2826,#2827),(#2828,#2829),(#2830,#2831),(#2832,#2833),(#2834,
#2835),(#2836,#2837),(#2838,#2839),(#2840,#2841),(#2842,#2843),(#2844,#2845),
(#2846,#2847),(#2848,#2849),(#2850,#2851),(#2852,#2853),(#2854,#2855),(#2856,
#2857),(#2858,#2859),(#2860,#2861),(#2862,#2863),(#2864,#2865),(#2866,#2867),
(#2868,#2869),(#2870,#2871),(#2872,#2873),(#2874,#2875),(#2876,#2877),(#2878,
#2879),(#2880,#2881),(#2882,#2883),(#2884,#2885),(#2886,#2887),(#2888,#2889),
(#2890,#2891),(#2892,#2893),(#2894,#2895),(#2896,#2897),(#2898,#2899),(#2900,
#2901),(#2902,#2903),(#2904,#2905),(#2906,#2907),(#2908,#2909),(#2910,#2911),
(#2912,#2913),(#2914,#2915),(#2916,#2917),(#2918,#2919),(#2920,#2921),(#2922,
#2923),(#2924,#2925),(#2926,#2927),(#2928,#2929),(#2930,#2931),(#2932,#2933),
(#2934,#2935),(#2936,#2937),(#2938,#2939),(#2940,#2941),(#2942,#2943),(#2944,
#2945),(#2946,#2947),(#2948,#2949),(#2950,#2951),(#2952,#2953),(#2954,#2955),
(#2956,#2957),(#2958,#2959),(#2960,#2961),(#2962,#2963),(#2964,#2965),(#2966,
#2967),(#2968,#2969),(#2970,#2971),(#2972,#2973),(#2974,#2975),(#2976,#2977),
(#2978,#2979),(#2980,#2981),(#2982,#2983),(#2984,#2985),(#2986,#2987),(#2988,
#2989),(#2990,#2991),(#2992,#2993),(#2994,#2995),(#2996,#2997),(#2998,#2999),
(#3000,#3001),(#3002,#3003),(#3004,#3005),(#3006,#3007),(#3008,#3009),(#3010,
#3011),(#3012,#3013),(#3014,#3015),(#3016,#3017),(#3018,#3019),(#3020,#3021),
(#3022,#3023),(#3024,#3025),(#3026,#3027),(#3028,#3029),(#3030,#3031),(#3032,
#3033),(#3034,#3035),(#3036,#3037),(#3038,#3039),(#3040,#3041),(#3042,#3043),
(#3044,#3045),(#3046,#3047),(#3048,#3049),(#3050,#3051),(#3052,#3053),(#3054,
#3055),(#3056,#3057),(#3058,#3059),(#3060,#3061),(#3062,#3063),(#3064,#3065),
(#3066,#3067),(#3068,#3069),(#3070,#3071),(#3072,#3073),(#3074,#3075),(#3076,
#3077),(#3078,#3079),(#3080,#3081),(#3082,#3083),(#3084,#3085),(#3086,#3087),
(#3088,#3089),(#3090,#3091),(#3092,#3093),(#3094,#3095),(#3096,#3097),(#3098,
#3099),(#3100,#3101),(#3102,#3103),(#3104,#3105),(#3106,#3107),(#3108,#3109),
(#3110,#3111),(#3112,#3113),(#3114,#3115),(#3116,#3117),(#3118,#3119),(#3120,
#3121),(#3122,#3123),(#3124,#3125),(#3126,#3127),(#3128,#3129),(#3130,#3131),
(#3132,#3133),(#3134,#3135),(#3136,#3137),(#3138,#3139),(#3140,#3141),(#3142,
#3143),(#3144,#3145),(#3146,#3147),(#3148,#3149),(#3150,#3151),(#3152,#3153),
(#3154,#3155),(#3156,#3157),(#3158,#3159),(#3160,#3161),(#3162,#3163),(#3164,
#3165),(#3166,#3167),(#3168,#3169),(#3170,#3171),(#3172,#3173),(#3174,#3175),
(#3176,#3177),(#3178,#3179),(#3180,#3181),(#3182,#3183),(#3184,#3185),(#3186,
#3187),(#3188,#3189),(#3190,#3191),(#3192,#3193),(#3194,#3195),(#3196,#3197),
(#3198,#3199),(#3200,#3201),(#3202,#3203),(#3204,#3205),(#3206,#3207),(#3208,
#3209),(#3210,#3211),(#3212,#3213)),.UNSPECIFIED.,.T.,.F.,.F.)
B_SPLINE_SURFACE_WITH_KNOTS((6,1,1,1,1,1,1,1,1,1,1,1,1,1,1,1,1,1,1,1,1,
1,1,1,1,1,1,1,1,1,1,1,1,1,1,1,1,1,1,1,1,1,1,1,1,1,1,1,1,1,1,1,1,1,1,1,1,
1,1,1,1,1,1,1,1,1,1,1,1,1,1,1,1,1,1,1,1,1,1,1,1,1,1,1,1,1,1,1,1,1,1,1,1,
1,1,1,1,1,1,1,1,1,1,1,1,1,1,1,1,1,1,1,1,1,1,1,1,1,1,1,1,1,1,1,1,1,1,1,1,
1,1,1,1,1,1,1,1,1,1,1,1,1,1,1,1,1,1,1,1,1,1,1,1,1,1,1,1,1,1,1,1,1,1,1,1,
1,1,1,1,1,1,1,1,1,1,1,1,1,1,1,1,1,1,1,1,1,1,1,1,1,1,1,1,1,1,1,1,1,1,1,1,
1,1,1,1,1,1,1,1,1,1,1,1,1,1,1,1,1,1,1,1,1,1,1,1,1,1,1,1,1,1,1,1,1,1,1,1,
1,1,1,1,1,1,1,1,1,1,1,1,1,1,1,1,1,1,1,1,1,1,1,1,1,1,1,1,1,1,1,1,1,1,1,1,
1,1,1,1,1,1,1,1,1,1,1,1,1,1,1,1,1,1,1,1,1,1,1,1,1,1,1,1,1,1,1,1,1,1,1,1,
1,1,1,1,1,1,1,1,1,1,1,1,1,1,1,1,1,1,1,1,1,1,1,1,1,1,1,1,1,1,1,1,1,1,1,1,
1,1,1,1,1,1,1,1,1,1,1,1,1,1,1,1,1,1,1,1,1,1,1,1,1,1,1,1,1,1,1,1,1,1,1,1,
1,1,1,1,1,1,1,1,1,1,1,1,1,1,1,1,1,1,1,1,1,1,1,1,1,1,1,1,1,1,1,1,1,1,1,1,
1,1,1,1,1,1,1,1,1,1,1,1,1,6),(2,2),(0.,0.00232558139534884,0.00465116279069767,
0.00697674418604651,0.00930232558139535,0.0116279069767442,0.013953488372093,
0.0162790697674419,0.0186046511627907,0.0209302325581395,0.0232558139534884,
0.0255813953488372,0.027906976744186,0.0302325581395349,0.0325581395348837,
0.0348837209302326,0.0372093023255814,0.0395348837209302,0.0418604651162791,
0.0441860465116279,0.0465116279069767,0.0488372093023256,0.0511627906976744,
0.0534883720930233,0.0558139534883721,0.0581395348837209,0.0604651162790698,
0.0627906976744186,0.0651162790697674,0.0674418604651163,0.0697674418604651,
0.0720930232558139,0.0744186046511628,0.0767441860465116,0.0790697674418604,
0.0813953488372093,0.0837209302325581,0.0860465116279069,0.0883720930232557,
0.0906976744186046,0.0930232558139534,0.0953488372093022,0.0976744186046511,
0.0999999999999999,0.102325581395349,0.104651162790698,0.106976744186046,
0.109302325581395,0.111627906976744,0.113953488372093,0.116279069767442,
0.118604651162791,0.120930232558139,0.123255813953488,0.125581395348837,
0.127906976744186,0.130232558139535,0.132558139534884,0.134883720930232,
0.137209302325581,0.13953488372093,0.141860465116279,0.144186046511628,
0.146511627906976,0.148837209302325,0.151162790697674,0.153488372093023,
0.155813953488372,0.158139534883721,0.160465116279069,0.162790697674418,
0.165116279069767,0.167441860465116,0.169767441860465,0.172093023255814,
0.174418604651162,0.176744186046511,0.17906976744186,0.181395348837209,
0.183720930232558,0.186046511627907,0.188372093023255,0.190697674418604,
0.193023255813953,0.195348837209302,0.197674418604651,0.2,0.202325581395348,
0.204651162790697,0.206976744186046,0.209302325581395,0.211627906976744,
0.213953488372093,0.216279069767441,0.21860465116279,0.220930232558139,
0.223255813953488,0.225581395348837,0.227906976744186,0.230232558139534,
0.232558139534883,0.234883720930232,0.237209302325581,0.23953488372093,
0.241860465116279,0.244186046511627,0.246511627906976,0.248837209302325,
0.251162790697674,0.253488372093023,0.255813953488372,0.25813953488372,
0.260465116279069,0.262790697674418,0.265116279069767,0.267441860465116,
0.269767441860465,0.272093023255813,0.274418604651162,0.276744186046511,
0.27906976744186,0.281395348837209,0.283720930232558,0.286046511627906,
0.288372093023255,0.290697674418604,0.293023255813953,0.295348837209302,
0.29767441860465,0.299999999999999,0.302325581395348,0.304651162790697,
0.306976744186046,0.309302325581395,0.311627906976743,0.313953488372092,
0.316279069767441,0.31860465116279,0.320930232558139,0.323255813953488,
0.325581395348836,0.327906976744185,0.330232558139534,0.332558139534883,
0.334883720930232,0.337209302325581,0.339534883720929,0.341860465116278,
0.344186046511627,0.346511627906976,0.348837209302325,0.351162790697674,
0.353488372093022,0.355813953488371,0.35813953488372,0.360465116279069,
0.362790697674418,0.365116279069767,0.367441860465115,0.369767441860464,
0.372093023255813,0.374418604651162,0.376744186046511,0.37906976744186,
0.381395348837208,0.383720930232557,0.386046511627906,0.388372093023255,
0.390697674418604,0.393023255813953,0.395348837209301,0.39767441860465,
0.399999999999999,0.402325581395348,0.404651162790697,0.406976744186046,
0.409302325581394,0.411627906976743,0.413953488372092,0.416279069767441,
0.41860465116279,0.420930232558138,0.423255813953487,0.425581395348836,
0.427906976744185,0.430232558139534,0.432558139534883,0.434883720930231,
0.43720930232558,0.439534883720929,0.441860465116278,0.444186046511627,
0.446511627906976,0.448837209302324,0.451162790697673,0.453488372093022,
0.455813953488371,0.45813953488372,0.460465116279069,0.462790697674417,
0.465116279069766,0.467441860465115,0.469767441860464,0.472093023255813,
0.474418604651162,0.47674418604651,0.479069767441859,0.481395348837208,
0.483720930232557,0.486046511627906,0.488372093023255,0.490697674418603,
0.493023255813952,0.495348837209301,0.49767441860465,0.499999999999999,
0.502325581395348,0.504651162790696,0.506976744186045,0.509302325581394,
0.511627906976743,0.513953488372092,0.516279069767441,0.51860465116279,
0.520930232558139,0.523255813953488,0.525581395348836,0.527906976744185,
0.530232558139534,0.532558139534883,0.534883720930232,0.537209302325581,
0.53953488372093,0.541860465116279,0.544186046511627,0.546511627906976,
0.548837209302325,0.551162790697674,0.553488372093023,0.555813953488372,
0.558139534883721,0.56046511627907,0.562790697674419,0.565116279069767,
0.567441860465116,0.569767441860465,0.572093023255814,0.574418604651163,
0.576744186046512,0.579069767441861,0.58139534883721,0.583720930232559,
0.586046511627907,0.588372093023256,0.590697674418605,0.593023255813954,
0.595348837209303,0.597674418604652,0.600000000000001,0.60232558139535,
0.604651162790699,0.606976744186047,0.609302325581396,0.611627906976745,
0.613953488372094,0.616279069767443,0.618604651162792,0.620930232558141,
0.62325581395349,0.625581395348838,0.627906976744187,0.630232558139536,
0.632558139534885,0.634883720930234,0.637209302325583,0.639534883720932,
0.641860465116281,0.64418604651163,0.646511627906978,0.648837209302327,
0.651162790697676,0.653488372093025,0.655813953488374,0.658139534883723,
0.660465116279072,0.662790697674421,0.66511627906977,0.667441860465118,
0.669767441860467,0.672093023255816,0.674418604651165,0.676744186046514,
0.679069767441863,0.681395348837212,0.683720930232561,0.68604651162791,
0.688372093023258,0.690697674418607,0.693023255813956,0.695348837209305,
0.697674418604654,0.700000000000003,0.702325581395352,0.704651162790701,
0.706976744186049,0.709302325581398,0.711627906976747,0.713953488372096,
0.716279069767445,0.718604651162794,0.720930232558143,0.723255813953492,
0.725581395348841,0.727906976744189,0.730232558139538,0.732558139534887,
0.734883720930236,0.737209302325585,0.739534883720934,0.741860465116283,
0.744186046511632,0.746511627906981,0.748837209302329,0.751162790697678,
0.753488372093027,0.755813953488376,0.758139534883725,0.760465116279074,
0.762790697674423,0.765116279069772,0.767441860465121,0.769767441860469,
0.772093023255818,0.774418604651167,0.776744186046516,0.779069767441865,
0.781395348837214,0.783720930232563,0.786046511627912,0.788372093023261,
0.790697674418609,0.793023255813958,0.795348837209307,0.797674418604656,
0.800000000000005,0.802325581395354,0.804651162790703,0.806976744186052,
0.8093023255814,0.811627906976749,0.813953488372098,0.816279069767447,0.818604651162796,
0.820930232558145,0.823255813953494,0.825581395348843,0.827906976744192,
0.83023255813954,0.832558139534889,0.834883720930238,0.837209302325587,
0.839534883720936,0.841860465116285,0.844186046511634,0.846511627906983,
0.848837209302332,0.85116279069768,0.853488372093029,0.855813953488378,
0.858139534883727,0.860465116279076,0.862790697674425,0.865116279069774,
0.867441860465123,0.869767441860472,0.87209302325582,0.874418604651169,
0.876744186046518,0.879069767441867,0.881395348837216,0.883720930232565,
0.886046511627914,0.888372093023263,0.890697674418611,0.89302325581396,
0.895348837209309,0.897674418604658,0.900000000000007,0.902325581395356,
0.904651162790705,0.906976744186054,0.909302325581403,0.911627906976751,
0.9139534883721,0.916279069767449,0.918604651162798,0.920930232558147,0.923255813953496,
0.925581395348845,0.927906976744194,0.930232558139543,0.932558139534891,
0.93488372093024,0.937209302325589,0.939534883720938,0.941860465116287,
0.944186046511636,0.946511627906985,0.948837209302334,0.951162790697683,
0.953488372093031,0.95581395348838,0.958139534883729,0.960465116279078,
0.962790697674427,0.965116279069776,0.967441860465125,0.969767441860474,
0.972093023255822,0.974418604651171,0.97674418604652,0.979069767441869,
0.981395348837218,0.983720930232567,0.986046511627916,0.988372093023265,
0.990697674418614,0.993023255813962,0.995348837209311,0.99767441860466,
1.),(-0.340960481965247,0.5),.UNSPECIFIED.)
GEOMETRIC_REPRESENTATION_ITEM()
RATIONAL_B_SPLINE_SURFACE(((1.,1.),(1.,1.),(1.,1.),(1.,1.),(1.,1.),(1.,
1.),(1.,1.),(1.,1.),(1.,1.),(1.,1.),(1.,1.),(1.,1.),(1.,1.),(1.,1.),(1.,
1.),(1.,1.),(1.,1.),(1.,1.),(1.,1.),(1.,1.),(1.,1.),(1.,1.),(1.,1.),(1.,
1.),(1.,1.),(1.,1.),(1.,1.),(1.,1.),(1.,1.),(1.,1.),(1.,1.),(1.,1.),(1.,
1.),(1.,1.),(1.,1.),(1.,1.),(1.,1.),(1.,1.),(1.,1.),(1.,1.),(1.,1.),(1.,
1.),(1.,1.),(1.,1.),(1.,1.),(1.,1.),(1.,1.),(1.,1.),(1.,1.),(1.,1.),(1.,
1.),(1.,1.),(1.,1.),(1.,1.),(1.,1.),(1.,1.),(1.,1.),(1.,1.),(1.,1.),(1.,
1.),(1.,1.),(1.,1.),(1.,1.),(1.,1.),(1.,1.),(1.,1.),(1.,1.),(1.,1.),(1.,
1.),(1.,1.),(1.,1.),(1.,1.),(1.,1.),(1.,1.),(1.,1.),(1.,1.),(1.,1.),(1.,
1.),(1.,1.),(1.,1.),(1.,1.),(1.,1.),(1.,1.),(1.,1.),(1.,1.),(1.,1.),(1.,
1.),(1.,1.),(1.,1.),(1.,1.),(1.,1.),(1.,1.),(1.,1.),(1.,1.),(1.,1.),(1.,
1.),(1.,1.),(1.,1.),(1.,1.),(1.,1.),(1.,1.),(1.,1.),(1.,1.),(1.,1.),(1.,
1.),(1.,1.),(1.,1.),(1.,1.),(1.,1.),(1.,1.),(1.,1.),(1.,1.),(1.,1.),(1.,
1.),(1.,1.),(1.,1.),(1.,1.),(1.,1.),(1.,1.),(1.,1.),(1.,1.),(1.,1.),(1.,
1.),(1.,1.),(1.,1.),(1.,1.),(1.,1.),(1.,1.),(1.,1.),(1.,1.),(1.,1.),(1.,
1.),(1.,1.),(1.,1.),(1.,1.),(1.,1.),(1.,1.),(1.,1.),(1.,1.),(1.,1.),(1.,
1.),(1.,1.),(1.,1.),(1.,1.),(1.,1.),(1.,1.),(1.,1.),(1.,1.),(1.,1.),(1.,
1.),(1.,1.),(1.,1.),(1.,1.),(1.,1.),(1.,1.),(1.,1.),(1.,1.),(1.,1.),(1.,
1.),(1.,1.),(1.,1.),(1.,1.),(1.,1.),(1.,1.),(1.,1.),(1.,1.),(1.,1.),(1.,
1.),(1.,1.),(1.,1.),(1.,1.),(1.,1.),(1.,1.),(1.,1.),(1.,1.),(1.,1.),(1.,
1.),(1.,1.),(1.,1.),(1.,1.),(1.,1.),(1.,1.),(1.,1.),(1.,1.),(1.,1.),(1.,
1.),(1.,1.),(1.,1.),(1.,1.),(1.,1.),(1.,1.),(1.,1.),(1.,1.),(1.,1.),(1.,
1.),(1.,1.),(1.,1.),(1.,1.),(1.,1.),(1.,1.),(1.,1.),(1.,1.),(1.,1.),(1.,
1.),(1.,1.),(1.,1.),(1.,1.),(1.,1.),(1.,1.),(1.,1.),(1.,1.),(1.,1.),(1.,
1.),(1.,1.),(1.,1.),(1.,1.),(1.,1.),(1.,1.),(1.,1.),(1.,1.),(1.,1.),(1.,
1.),(1.,1.),(1.,1.),(1.,1.),(1.,1.),(1.,1.),(1.,1.),(1.,1.),(1.,1.),(1.,
1.),(1.,1.),(1.,1.),(1.,1.),(1.,1.),(1.,1.),(1.,1.),(1.,1.),(1.,1.),(1.,
1.),(1.,1.),(1.,1.),(1.,1.),(1.,1.),(1.,1.),(1.,1.),(1.,1.),(1.,1.),(1.,
1.),(1.,1.),(1.,1.),(1.,1.),(1.,1.),(1.,1.),(1.,1.),(1.,1.),(1.,1.),(1.,
1.),(1.,1.),(1.,1.),(1.,1.),(1.,1.),(1.,1.),(1.,1.),(1.,1.),(1.,1.),(1.,
1.),(1.,1.),(1.,1.),(1.,1.),(1.,1.),(1.,1.),(1.,1.),(1.,1.),(1.,1.),(1.,
1.),(1.,1.),(1.,1.),(1.,1.),(1.,1.),(1.,1.),(1.,1.),(1.,1.),(1.,1.),(1.,
1.),(1.,1.),(1.,1.),(1.,1.),(1.,1.),(1.,1.),(1.,1.),(1.,1.),(1.,1.),(1.,
1.),(1.,1.),(1.,1.),(1.,1.),(1.,1.),(1.,1.),(1.,1.),(1.,1.),(1.,1.),(1.,
1.),(1.,1.),(1.,1.),(1.,1.),(1.,1.),(1.,1.),(1.,1.),(1.,1.),(1.,1.),(1.,
1.),(1.,1.),(1.,1.),(1.,1.),(1.,1.),(1.,1.),(1.,1.),(1.,1.),(1.,1.),(1.,
1.),(1.,1.),(1.,1.),(1.,1.),(1.,1.),(1.,1.),(1.,1.),(1.,1.),(1.,1.),(1.,
1.),(1.,1.),(1.,1.),(1.,1.),(1.,1.),(1.,1.),(1.,1.),(1.,1.),(1.,1.),(1.,
1.),(1.,1.),(1.,1.),(1.,1.),(1.,1.),(1.,1.),(1.,1.),(1.,1.),(1.,1.),(1.,
1.),(1.,1.),(1.,1.),(1.,1.),(1.,1.),(1.,1.),(1.,1.),(1.,1.),(1.,1.),(1.,
1.),(1.,1.),(1.,1.),(1.,1.),(1.,1.),(1.,1.),(1.,1.),(1.,1.),(1.,1.),(1.,
1.),(1.,1.),(1.,1.),(1.,1.),(1.,1.),(1.,1.),(1.,1.),(1.,1.),(1.,1.),(1.,
1.),(1.,1.),(1.,1.),(1.,1.),(1.,1.),(1.,1.),(1.,1.),(1.,1.),(1.,1.),(1.,
1.),(1.,1.),(1.,1.),(1.,1.),(1.,1.),(1.,1.),(1.,1.),(1.,1.),(1.,1.),(1.,
1.),(1.,1.),(1.,1.),(1.,1.),(1.,1.),(1.,1.),(1.,1.),(1.,1.),(1.,1.),(1.,
1.),(1.,1.),(1.,1.),(1.,1.),(1.,1.),(1.,1.),(1.,1.),(1.,1.),(1.,1.),(1.,
1.),(1.,1.),(1.,1.),(1.,1.),(1.,1.),(1.,1.),(1.,1.),(1.,1.),(1.,1.),(1.,
1.),(1.,1.),(1.,1.),(1.,1.),(1.,1.),(1.,1.),(1.,1.),(1.,1.),(1.,1.),(1.,
1.),(1.,1.),(1.,1.),(1.,1.),(1.,1.),(1.,1.),(1.,1.)))
REPRESENTATION_ITEM('')
SURFACE()
);
#22=FACE_BOUND('',#81,.T.);
#23=FACE_BOUND('',#82,.T.);
#24=FACE_BOUND('',#83,.T.);
#25=FACE_BOUND('',#84,.T.);
#26=FACE_BOUND('',#87,.T.);
#27=FACE_BOUND('',#88,.T.);
#28=FACE_BOUND('',#92,.T.);
#29=FACE_BOUND('',#97,.T.);
#30=FACE_BOUND('',#98,.T.);
#31=B_SPLINE_CURVE_WITH_KNOTS('',3,(#512,#513,#514,#515,#516,#517,#518,
#519,#520,#521,#522,#523,#524,#525,#526,#527),.UNSPECIFIED.,.F.,.F.,(4,
2,2,2,2,2,2,4),(-0.625305467525619,-0.550386242040982,-0.438752598278973,
-0.327118954516963,-0.23780631611364,-0.148493677710317,-0.0742468388551583,
0.),.UNSPECIFIED.);
#32=B_SPLINE_CURVE_WITH_KNOTS('',3,(#528,#529,#530,#531,#532,#533,#534,
#535,#536,#537,#538,#539,#540,#541,#542,#543),.UNSPECIFIED.,.F.,.F.,(4,
2,2,2,2,2,2,4),(0.,0.0742468388551582,0.148493677710316,0.23780631611364,
0.327118954516963,0.438752598278972,0.550386242040982,0.625305467523688),
 .UNSPECIFIED.);
#33=B_SPLINE_CURVE_WITH_KNOTS('',3,(#554,#555,#556,#557,#558,#559,#560,
#561,#562,#563,#564,#565),.UNSPECIFIED.,.F.,.F.,(4,2,2,2,2,4),(1.22659070071338,
1.30578971414406,1.39404396465419,1.48229821516432,1.60916133569306,1.7360244562218),
 .UNSPECIFIED.);
#34=B_SPLINE_CURVE_WITH_KNOTS('',3,(#566,#567,#568,#569,#570,#571,#572,
#573,#574,#575,#576,#577),.UNSPECIFIED.,.F.,.F.,(4,2,2,2,2,4),(1.7360244562218,
1.86288757675054,1.98975069727928,2.07800494778941,2.16625919829954,2.24545821173022),
 .UNSPECIFIED.);
#35=B_SPLINE_CURVE_WITH_KNOTS('',3,(#589,#590,#591,#592,#593,#594,#595,
#596,#597,#598,#599,#600,#601,#602,#603,#604,#605,#606,#607,#608,#609,#610,
#611,#612,#613,#614,#615,#616,#617,#618),.UNSPECIFIED.,.F.,.F.,(4,2,2,2,
2,2,2,2,2,2,2,2,2,2,4),(0.105591512826801,0.167029614887455,0.282809372380497,
0.398589129873538,0.490425633039382,0.582262136205225,0.658746416646569,
0.735230697087912,0.811714977529256,0.888199257970599,0.980035761136443,
1.07187226430229,1.18765202179533,1.30343177928837,1.36486988134902),
 .UNSPECIFIED.);
#36=B_SPLINE_CURVE_WITH_KNOTS('',3,(#630,#631,#632,#633,#634,#635,#636,
#637,#638,#639,#640,#641,#642,#643,#644,#645,#646,#647,#648,#649,#650,#651),
 .UNSPECIFIED.,.F.,.F.,(4,2,2,2,2,2,2,2,2,2,4),(1.21275059634819,1.29951320506277,
1.3899250635092,1.48033692195563,1.61174745472793,1.74315798750024,1.87456852027254,
2.00597905304485,2.09639091149128,2.1868027699377,2.27356537865229),
 .UNSPECIFIED.);
#37=B_SPLINE_CURVE_WITH_KNOTS('',1,(#679,#680),.UNSPECIFIED.,.F.,.F.,(2,
2),(-1.30962715056604,-0.0010169632664232),.UNSPECIFIED.);
#38=B_SPLINE_CURVE_WITH_KNOTS('',3,(#1998,#1999,#2000,#2001,#2002,#2003,
#2004,#2005,#2006,#2007,#2008,#2009,#2010,#2011,#2012,#2013,#2014,#2015,
#2016,#2017,#2018,#2019,#2020,#2021,#2022,#2023,#2024,#2025,#2026,#2027,
#2028,#2029,#2030,#2031,#2032,#2033,#2034,#2035,#2036,#2037,#2038,#2039,
#2040,#2041,#2042,#2043,#2044,#2045,#2046,#2047,#2048,#2049,#2050,#2051,
#2052,#2053,#2054,#2055,#2056,#2057,#2058,#2059,#2060,#2061,#2062,#2063,
#2064,#2065,#2066,#2067,#2068,#2069,#2070,#2071,#2072,#2073,#2074,#2075,
#2076),.UNSPECIFIED.,.F.,.F.,(4,3,3,3,3,3,3,3,3,3,3,3,3,3,3,3,3,3,3,3,3,
3,3,3,3,3,4),(74.3677653170395,74.46471069351,74.9453022576082,77.2119329670911,
77.9049582581237,84.715539674951,87.5737337538758,93.4831487177406,95.6991793291899,
96.5707518082241,97.1682580552236,100.679041943752,101.31685793417,103.790491852961,
104.94056391696,105.613147178082,107.012708785896,107.563106372467,107.914804970001,
108.204417694585,108.956161673272,109.264369307331,109.468826381743,109.98845171435,
110.501698946604,110.821493392199,111.211393609335),.UNSPECIFIED.);
#39=B_SPLINE_CURVE_WITH_KNOTS('',3,(#2079,#2080,#2081,#2082,#2083,#2084,
#2085,#2086,#2087,#2088,#2089,#2090,#2091,#2092,#2093,#2094,#2095,#2096,
#2097,#2098,#2099,#2100,#2101,#2102,#2103,#2104,#2105,#2106,#2107,#2108,
#2109,#2110,#2111,#2112,#2113,#2114,#2115,#2116,#2117,#2118,#2119,#2120,
#2121,#2122,#2123,#2124,#2125,#2126,#2127,#2128,#2129,#2130,#2131,#2132,
#2133,#2134,#2135,#2136,#2137,#2138,#2139,#2140,#2141,#2142,#2143,#2144,
#2145,#2146,#2147,#2148,#2149,#2150,#2151,#2152,#2153,#2154,#2155,#2156,
#2157,#2158,#2159,#2160),.UNSPECIFIED.,.F.,.F.,(4,3,3,3,3,3,3,3,3,3,3,3,
3,3,3,3,3,3,3,3,3,3,3,3,3,3,3,4),(10.711062407599,11.4634264558418,12.0269692867285,
12.5887728643059,13.6584294997453,14.1424832073548,16.0767040268983,21.5460830592608,
28.0301430397972,33.8223023329209,36.7091882710593,40.0168603144688,44.0624625747545,
51.6387012772625,54.6877130662703,57.3554710931437,59.1864183602949,65.0966430975607,
67.8729376834793,69.4965576088062,70.663849395954,71.7731771413621,72.9177875295377,
73.6426024571622,74.0050099209745,74.2025810329625,74.3446404421435,74.3674173847867),
 .UNSPECIFIED.);
#40=B_SPLINE_CURVE_WITH_KNOTS('',3,(#2162,#2163,#2164,#2165),
 .UNSPECIFIED.,.F.,.F.,(4,4),(0.,0.5068044622163),.UNSPECIFIED.);
#41=B_SPLINE_CURVE_WITH_KNOTS('',3,(#2174,#2175,#2176,#2177),
 .UNSPECIFIED.,.F.,.F.,(4,4),(0.0569303472895009,0.563782673516629),
 .UNSPECIFIED.);
#42=B_SPLINE_CURVE_WITH_KNOTS('',3,(#2184,#2185,#2186,#2187),
 .UNSPECIFIED.,.F.,.F.,(4,4),(0.0581247778360955,0.56492924005239),
 .UNSPECIFIED.);
#43=B_SPLINE_CURVE_WITH_KNOTS('',3,(#2191,#2192,#2193,#2194),
 .UNSPECIFIED.,.F.,.F.,(4,4),(0.,0.506852326227123),.UNSPECIFIED.);
#44=B_SPLINE_CURVE_WITH_KNOTS('',3,(#2197,#2198,#2199,#2200,#2201,#2202,
#2203,#2204,#2205,#2206,#2207,#2208,#2209,#2210,#2211,#2212,#2213,#2214,
#2215,#2216,#2217,#2218,#2219,#2220,#2221,#2222,#2223,#2224,#2225,#2226,
#2227,#2228,#2229,#2230,#2231,#2232,#2233,#2234,#2235,#2236,#2237,#2238,
#2239,#2240,#2241,#2242,#2243,#2244,#2245,#2246,#2247,#2248,#2249,#2250,
#2251,#2252,#2253,#2254,#2255,#2256,#2257,#2258,#2259,#2260,#2261,#2262,
#2263,#2264,#2265,#2266,#2267,#2268,#2269,#2270,#2271,#2272,#2273,#2274,
#2275,#2276,#2277,#2278),.UNSPECIFIED.,.F.,.F.,(4,3,3,3,3,3,3,3,3,3,3,3,
3,3,3,3,3,3,3,3,3,3,3,3,3,3,3,4),(1.50499887581078,1.53126789987493,1.59624624457757,
1.704401869514,1.97049327318113,2.01712949129078,2.12432738412886,2.20163645844224,
2.43665070030135,2.55066248707938,2.64999242480705,2.80403593408286,2.95797382148263,
3.15983746398611,3.34453465167878,3.70796731134332,4.22261151944056,4.55689712899083,
4.75799606333696,4.86752880609833,4.97708099927056,5.22327683149993,5.37486888308991,
5.50741409281367,5.6547401134634,5.78729509793643,5.8926283954588,5.96186432818806),
 .UNSPECIFIED.);
#45=B_SPLINE_CURVE_WITH_KNOTS('',3,(#2280,#2281,#2282,#2283,#2284,#2285,
#2286,#2287,#2288,#2289,#2290,#2291,#2292,#2293,#2294,#2295,#2296,#2297,
#2298,#2299,#2300,#2301,#2302,#2303,#2304,#2305,#2306,#2307,#2308,#2309,
#2310,#2311,#2312,#2313,#2314,#2315,#2316,#2317,#2318,#2319,#2320,#2321,
#2322,#2323,#2324,#2325,#2326,#2327,#2328,#2329,#2330,#2331,#2332,#2333,
#2334,#2335,#2336,#2337,#2338,#2339,#2340,#2341,#2342,#2343),
 .UNSPECIFIED.,.F.,.F.,(4,3,3,3,3,3,3,3,3,3,3,3,3,3,3,3,3,3,3,3,3,4),(0.,
0.0456543769295097,0.0829269429763922,0.142198811362023,0.183953164534801,
0.266513537493085,0.309058331742019,0.608023531773348,0.649084169466435,
0.863042910066661,0.901563511520227,1.05240241660701,1.13648901202474,1.24710021509718,
1.28284951670893,1.31556571473758,1.34100870906877,1.37794880031588,1.40497626488266,
1.454947698375,1.49320496177599,1.50491913186734),.UNSPECIFIED.);
#46=CYLINDRICAL_SURFACE('',#380,2.);
#47=CYLINDRICAL_SURFACE('',#384,4.);
#48=CYLINDRICAL_SURFACE('',#389,2.06);
#49=CYLINDRICAL_SURFACE('',#394,4.12);
#50=CYLINDRICAL_SURFACE('',#396,7.7765);
#51=CYLINDRICAL_SURFACE('',#410,50.);
#52=CYLINDRICAL_SURFACE('',#411,50.);
#53=FACE_OUTER_BOUND('',#72,.T.);
#54=FACE_OUTER_BOUND('',#73,.T.);
#55=FACE_OUTER_BOUND('',#74,.T.);
#56=FACE_OUTER_BOUND('',#75,.T.);
#57=FACE_OUTER_BOUND('',#76,.T.);
#58=FACE_OUTER_BOUND('',#77,.T.);
#59=FACE_OUTER_BOUND('',#78,.T.);
#60=FACE_OUTER_BOUND('',#79,.T.);
#61=FACE_OUTER_BOUND('',#80,.T.);
#62=FACE_OUTER_BOUND('',#85,.T.);
#63=FACE_OUTER_BOUND('',#86,.T.);
#64=FACE_OUTER_BOUND('',#89,.T.);
#65=FACE_OUTER_BOUND('',#90,.T.);
#66=FACE_OUTER_BOUND('',#91,.T.);
#67=FACE_OUTER_BOUND('',#93,.T.);
#68=FACE_OUTER_BOUND('',#94,.T.);
#69=FACE_OUTER_BOUND('',#95,.T.);
#70=FACE_OUTER_BOUND('',#96,.T.);
#71=FACE_OUTER_BOUND('',#99,.T.);
#72=EDGE_LOOP('',(#232,#233));
#73=EDGE_LOOP('',(#234,#235,#236,#237,#238,#239));
#74=EDGE_LOOP('',(#240,#241));
#75=EDGE_LOOP('',(#242,#243,#244,#245,#246,#247));
#76=EDGE_LOOP('',(#248,#249,#250));
#77=EDGE_LOOP('',(#251,#252,#253,#254,#255,#256));
#78=EDGE_LOOP('',(#257,#258,#259));
#79=EDGE_LOOP('',(#260,#261,#262,#263,#264,#265));
#80=EDGE_LOOP('',(#266,#267,#268,#269,#270));
#81=EDGE_LOOP('',(#271,#272,#273));
#82=EDGE_LOOP('',(#274,#275,#276));
#83=EDGE_LOOP('',(#277,#278));
#84=EDGE_LOOP('',(#279,#280));
#85=EDGE_LOOP('',(#281,#282,#283,#284,#285,#286,#287,#288,#289));
#86=EDGE_LOOP('',(#290));
#87=EDGE_LOOP('',(#291));
#88=EDGE_LOOP('',(#292));
#89=EDGE_LOOP('',(#293,#294,#295,#296,#297,#298,#299,#300,#301));
#90=EDGE_LOOP('',(#302,#303));
#91=EDGE_LOOP('',(#304,#305,#306,#307,#308,#309,#310,#311));
#92=EDGE_LOOP('',(#312));
#93=EDGE_LOOP('',(#313,#314,#315,#316));
#94=EDGE_LOOP('',(#317,#318,#319,#320,#321));
#95=EDGE_LOOP('',(#322,#323,#324,#325,#326,#327,#328,#329,#330));
#96=EDGE_LOOP('',(#331));
#97=EDGE_LOOP('',(#332));
#98=EDGE_LOOP('',(#333));
#99=EDGE_LOOP('',(#334,#335));
#100=CIRCLE('',#379,2.);
#101=CIRCLE('',#381,2.);
#102=CIRCLE('',#383,4.);
#103=CIRCLE('',#385,4.);
#104=CIRCLE('',#387,2.06);
#105=CIRCLE('',#388,2.06);
#106=CIRCLE('',#390,2.06);
#107=CIRCLE('',#392,4.12);
#108=CIRCLE('',#393,4.12);
#109=CIRCLE('',#395,4.12);
#110=CIRCLE('',#397,7.7765);
#111=CIRCLE('',#398,7.7765);
#112=CIRCLE('',#399,7.7765);
#113=CIRCLE('',#400,50.);
#114=CIRCLE('',#401,50.);
#115=CIRCLE('',#402,50.);
#116=CIRCLE('',#403,50.);
#117=CIRCLE('',#404,50.);
#118=CIRCLE('',#408,50.);
#119=CIRCLE('',#409,50.);
#120=LINE('',#505,#133);
#121=LINE('',#511,#134);
#122=LINE('',#547,#135);
#123=LINE('',#553,#136);
#124=LINE('',#581,#137);
#125=LINE('',#588,#138);
#126=LINE('',#622,#139);
#127=LINE('',#629,#140);
#128=LINE('',#656,#141);
#129=LINE('',#2077,#142);
#130=LINE('',#2179,#143);
#131=LINE('',#2189,#144);
#132=LINE('',#3215,#145);
#133=VECTOR('',#418,10.);
#134=VECTOR('',#425,2.);
#135=VECTOR('',#428,10.);
#136=VECTOR('',#435,4.);
#137=VECTOR('',#438,10.);
#138=VECTOR('',#447,2.06);
#139=VECTOR('',#450,10.);
#140=VECTOR('',#459,4.12);
#141=VECTOR('',#464,7.7765);
#142=VECTOR('',#481,10.);
#143=VECTOR('',#484,10.);
#144=VECTOR('',#489,10.);
#145=VECTOR('',#496,10.);
#146=VERTEX_POINT('',#503);
#147=VERTEX_POINT('',#504);
#148=VERTEX_POINT('',#508);
#149=VERTEX_POINT('',#510);
#150=VERTEX_POINT('',#545);
#151=VERTEX_POINT('',#546);
#152=VERTEX_POINT('',#550);
#153=VERTEX_POINT('',#552);
#154=VERTEX_POINT('',#579);
#155=VERTEX_POINT('',#580);
#156=VERTEX_POINT('',#582);
#157=VERTEX_POINT('',#586);
#158=VERTEX_POINT('',#620);
#159=VERTEX_POINT('',#621);
#160=VERTEX_POINT('',#623);
#161=VERTEX_POINT('',#627);
#162=VERTEX_POINT('',#653);
#163=VERTEX_POINT('',#655);
#164=VERTEX_POINT('',#657);
#165=VERTEX_POINT('',#678);
#166=VERTEX_POINT('',#681);
#167=VERTEX_POINT('',#683);
#168=VERTEX_POINT('',#685);
#169=VERTEX_POINT('',#687);
#170=VERTEX_POINT('',#691);
#171=VERTEX_POINT('',#1997);
#172=VERTEX_POINT('',#2078);
#173=VERTEX_POINT('',#2161);
#174=VERTEX_POINT('',#2166);
#175=VERTEX_POINT('',#2181);
#176=VERTEX_POINT('',#2183);
#177=VERTEX_POINT('',#2188);
#178=VERTEX_POINT('',#2190);
#179=VERTEX_POINT('',#3214);
#180=EDGE_CURVE('',#146,#147,#120,.T.);
#181=EDGE_CURVE('',#147,#146,#100,.T.);
#182=EDGE_CURVE('',#148,#148,#101,.T.);
#183=EDGE_CURVE('',#148,#149,#121,.T.);
#184=EDGE_CURVE('',#147,#149,#31,.T.);
#185=EDGE_CURVE('',#149,#146,#32,.T.);
#186=EDGE_CURVE('',#150,#151,#122,.T.);
#187=EDGE_CURVE('',#151,#150,#102,.T.);
#188=EDGE_CURVE('',#152,#152,#103,.T.);
#189=EDGE_CURVE('',#152,#153,#123,.T.);
#190=EDGE_CURVE('',#151,#153,#33,.T.);
#191=EDGE_CURVE('',#153,#150,#34,.T.);
#192=EDGE_CURVE('',#154,#155,#124,.T.);
#193=EDGE_CURVE('',#156,#154,#104,.T.);
#194=EDGE_CURVE('',#155,#156,#105,.T.);
#195=EDGE_CURVE('',#157,#157,#106,.T.);
#196=EDGE_CURVE('',#157,#156,#125,.T.);
#197=EDGE_CURVE('',#155,#154,#35,.T.);
#198=EDGE_CURVE('',#158,#159,#126,.T.);
#199=EDGE_CURVE('',#160,#158,#107,.T.);
#200=EDGE_CURVE('',#159,#160,#108,.T.);
#201=EDGE_CURVE('',#161,#161,#109,.T.);
#202=EDGE_CURVE('',#161,#160,#127,.T.);
#203=EDGE_CURVE('',#159,#158,#36,.T.);
#204=EDGE_CURVE('',#162,#162,#110,.T.);
#205=EDGE_CURVE('',#162,#163,#128,.T.);
#206=EDGE_CURVE('',#164,#163,#111,.T.);
#207=EDGE_CURVE('',#163,#164,#112,.T.);
#208=EDGE_CURVE('',#164,#165,#37,.T.);
#209=EDGE_CURVE('',#165,#166,#113,.T.);
#210=EDGE_CURVE('',#166,#167,#114,.T.);
#211=EDGE_CURVE('',#167,#168,#115,.T.);
#212=EDGE_CURVE('',#168,#169,#116,.T.);
#213=EDGE_CURVE('',#169,#165,#117,.T.);
#214=EDGE_CURVE('',#170,#170,#15,.T.);
#215=EDGE_CURVE('',#169,#171,#38,.T.);
#216=EDGE_CURVE('',#169,#170,#129,.T.);
#217=EDGE_CURVE('',#172,#168,#39,.T.);
#218=EDGE_CURVE('',#173,#172,#40,.T.);
#219=EDGE_CURVE('',#173,#174,#16,.T.);
#220=EDGE_CURVE('',#171,#174,#41,.T.);
#221=EDGE_CURVE('',#174,#173,#130,.T.);
#222=EDGE_CURVE('',#175,#172,#118,.T.);
#223=EDGE_CURVE('',#175,#176,#42,.T.);
#224=EDGE_CURVE('',#176,#177,#131,.T.);
#225=EDGE_CURVE('',#177,#178,#43,.T.);
#226=EDGE_CURVE('',#171,#178,#119,.T.);
#227=EDGE_CURVE('',#167,#175,#44,.T.);
#228=EDGE_CURVE('',#178,#166,#45,.T.);
#229=EDGE_CURVE('',#166,#179,#132,.T.);
#230=EDGE_CURVE('',#179,#179,#17,.T.);
#231=EDGE_CURVE('',#176,#177,#18,.T.);
#232=ORIENTED_EDGE('',*,*,#180,.F.);
#233=ORIENTED_EDGE('',*,*,#181,.F.);
#234=ORIENTED_EDGE('',*,*,#182,.F.);
#235=ORIENTED_EDGE('',*,*,#183,.T.);
#236=ORIENTED_EDGE('',*,*,#184,.F.);
#237=ORIENTED_EDGE('',*,*,#181,.T.);
#238=ORIENTED_EDGE('',*,*,#185,.F.);
#239=ORIENTED_EDGE('',*,*,#183,.F.);
#240=ORIENTED_EDGE('',*,*,#186,.F.);
#241=ORIENTED_EDGE('',*,*,#187,.F.);
#242=ORIENTED_EDGE('',*,*,#188,.F.);
#243=ORIENTED_EDGE('',*,*,#189,.T.);
#244=ORIENTED_EDGE('',*,*,#190,.F.);
#245=ORIENTED_EDGE('',*,*,#187,.T.);
#246=ORIENTED_EDGE('',*,*,#191,.F.);
#247=ORIENTED_EDGE('',*,*,#189,.F.);
#248=ORIENTED_EDGE('',*,*,#192,.F.);
#249=ORIENTED_EDGE('',*,*,#193,.F.);
#250=ORIENTED_EDGE('',*,*,#194,.F.);
#251=ORIENTED_EDGE('',*,*,#195,.F.);
#252=ORIENTED_EDGE('',*,*,#196,.T.);
#253=ORIENTED_EDGE('',*,*,#193,.T.);
#254=ORIENTED_EDGE('',*,*,#197,.F.);
#255=ORIENTED_EDGE('',*,*,#194,.T.);
#256=ORIENTED_EDGE('',*,*,#196,.F.);
#257=ORIENTED_EDGE('',*,*,#198,.F.);
#258=ORIENTED_EDGE('',*,*,#199,.F.);
#259=ORIENTED_EDGE('',*,*,#200,.F.);
#260=ORIENTED_EDGE('',*,*,#201,.F.);
#261=ORIENTED_EDGE('',*,*,#202,.T.);
#262=ORIENTED_EDGE('',*,*,#199,.T.);
#263=ORIENTED_EDGE('',*,*,#203,.F.);
#264=ORIENTED_EDGE('',*,*,#200,.T.);
#265=ORIENTED_EDGE('',*,*,#202,.F.);
#266=ORIENTED_EDGE('',*,*,#204,.F.);
#267=ORIENTED_EDGE('',*,*,#205,.T.);
#268=ORIENTED_EDGE('',*,*,#206,.F.);
#269=ORIENTED_EDGE('',*,*,#207,.F.);
#270=ORIENTED_EDGE('',*,*,#205,.F.);
#271=ORIENTED_EDGE('',*,*,#184,.T.);
#272=ORIENTED_EDGE('',*,*,#185,.T.);
#273=ORIENTED_EDGE('',*,*,#180,.T.);
#274=ORIENTED_EDGE('',*,*,#190,.T.);
#275=ORIENTED_EDGE('',*,*,#191,.T.);
#276=ORIENTED_EDGE('',*,*,#186,.T.);
#277=ORIENTED_EDGE('',*,*,#197,.T.);
#278=ORIENTED_EDGE('',*,*,#192,.T.);
#279=ORIENTED_EDGE('',*,*,#203,.T.);
#280=ORIENTED_EDGE('',*,*,#198,.T.);
#281=ORIENTED_EDGE('',*,*,#207,.T.);
#282=ORIENTED_EDGE('',*,*,#208,.T.);
#283=ORIENTED_EDGE('',*,*,#209,.T.);
#284=ORIENTED_EDGE('',*,*,#210,.T.);
#285=ORIENTED_EDGE('',*,*,#211,.T.);
#286=ORIENTED_EDGE('',*,*,#212,.T.);
#287=ORIENTED_EDGE('',*,*,#213,.T.);
#288=ORIENTED_EDGE('',*,*,#208,.F.);
#289=ORIENTED_EDGE('',*,*,#206,.T.);
#290=ORIENTED_EDGE('',*,*,#214,.F.);
#291=ORIENTED_EDGE('',*,*,#195,.T.);
#292=ORIENTED_EDGE('',*,*,#201,.T.);
#293=ORIENTED_EDGE('',*,*,#215,.F.);
#294=ORIENTED_EDGE('',*,*,#216,.T.);
#295=ORIENTED_EDGE('',*,*,#214,.T.);
#296=ORIENTED_EDGE('',*,*,#216,.F.);
#297=ORIENTED_EDGE('',*,*,#212,.F.);
#298=ORIENTED_EDGE('',*,*,#217,.F.);
#299=ORIENTED_EDGE('',*,*,#218,.F.);
#300=ORIENTED_EDGE('',*,*,#219,.T.);
#301=ORIENTED_EDGE('',*,*,#220,.F.);
#302=ORIENTED_EDGE('',*,*,#221,.F.);
#303=ORIENTED_EDGE('',*,*,#219,.F.);
#304=ORIENTED_EDGE('',*,*,#220,.T.);
#305=ORIENTED_EDGE('',*,*,#221,.T.);
#306=ORIENTED_EDGE('',*,*,#218,.T.);
#307=ORIENTED_EDGE('',*,*,#222,.F.);
#308=ORIENTED_EDGE('',*,*,#223,.T.);
#309=ORIENTED_EDGE('',*,*,#224,.T.);
#310=ORIENTED_EDGE('',*,*,#225,.T.);
#311=ORIENTED_EDGE('',*,*,#226,.F.);
#312=ORIENTED_EDGE('',*,*,#204,.T.);
#313=ORIENTED_EDGE('',*,*,#217,.T.);
#314=ORIENTED_EDGE('',*,*,#211,.F.);
#315=ORIENTED_EDGE('',*,*,#227,.T.);
#316=ORIENTED_EDGE('',*,*,#222,.T.);
#317=ORIENTED_EDGE('',*,*,#215,.T.);
#318=ORIENTED_EDGE('',*,*,#226,.T.);
#319=ORIENTED_EDGE('',*,*,#228,.T.);
#320=ORIENTED_EDGE('',*,*,#209,.F.);
#321=ORIENTED_EDGE('',*,*,#213,.F.);
#322=ORIENTED_EDGE('',*,*,#223,.F.);
#323=ORIENTED_EDGE('',*,*,#227,.F.);
#324=ORIENTED_EDGE('',*,*,#210,.F.);
#325=ORIENTED_EDGE('',*,*,#229,.T.);
#326=ORIENTED_EDGE('',*,*,#230,.F.);
#327=ORIENTED_EDGE('',*,*,#229,.F.);
#328=ORIENTED_EDGE('',*,*,#228,.F.);
#329=ORIENTED_EDGE('',*,*,#225,.F.);
#330=ORIENTED_EDGE('',*,*,#231,.F.);
#331=ORIENTED_EDGE('',*,*,#230,.T.);
#332=ORIENTED_EDGE('',*,*,#182,.T.);
#333=ORIENTED_EDGE('',*,*,#188,.T.);
#334=ORIENTED_EDGE('',*,*,#224,.F.);
#335=ORIENTED_EDGE('',*,*,#231,.T.);
#336=PLANE('',#378);
#337=PLANE('',#382);
#338=PLANE('',#386);
#339=PLANE('',#391);
#340=PLANE('',#405);
#341=PLANE('',#406);
#342=PLANE('',#407);
#343=PLANE('',#412);
#344=PLANE('',#413);
#345=ADVANCED_FACE('',(#53),#336,.T.);
#346=ADVANCED_FACE('',(#54),#46,.F.);
#347=ADVANCED_FACE('',(#55),#337,.T.);
#348=ADVANCED_FACE('',(#56),#47,.F.);
#349=ADVANCED_FACE('',(#57),#338,.T.);
#350=ADVANCED_FACE('',(#58),#48,.F.);
#351=ADVANCED_FACE('',(#59),#339,.T.);
#352=ADVANCED_FACE('',(#60),#49,.F.);
#353=ADVANCED_FACE('',(#61,#22,#23,#24,#25),#50,.F.);
#354=ADVANCED_FACE('',(#62),#19,.F.);
#355=ADVANCED_FACE('',(#63,#26,#27),#340,.T.);
#356=ADVANCED_FACE('',(#64),#20,.F.);
#357=ADVANCED_FACE('',(#65),#341,.F.);
#358=ADVANCED_FACE('',(#66,#28),#342,.F.);
#359=ADVANCED_FACE('',(#67),#51,.T.);
#360=ADVANCED_FACE('',(#68),#52,.T.);
#361=ADVANCED_FACE('',(#69),#21,.T.);
#362=ADVANCED_FACE('',(#70,#29,#30),#343,.F.);
#363=ADVANCED_FACE('',(#71),#344,.T.);
#364=CLOSED_SHELL('',(#345,#346,#347,#348,#349,#350,#351,#352,#353,#354,
#355,#356,#357,#358,#359,#360,#361,#362,#363));
#365=DERIVED_UNIT_ELEMENT(#367,1.);
#366=DERIVED_UNIT_ELEMENT(#3665,-3.);
#367=(
MASS_UNIT()
NAMED_UNIT(*)
SI_UNIT(.KILO.,.GRAM.)
);
#368=DERIVED_UNIT((#365,#366));
#369=MEASURE_REPRESENTATION_ITEM('density measure',
POSITIVE_RATIO_MEASURE(7850.),#368);
#370=PROPERTY_DEFINITION_REPRESENTATION(#375,#372);
#371=PROPERTY_DEFINITION_REPRESENTATION(#376,#373);
#372=REPRESENTATION('material name',(#374),#3662);
#373=REPRESENTATION('density',(#369),#3662);
#374=DESCRIPTIVE_REPRESENTATION_ITEM('Steel','Steel');
#375=PROPERTY_DEFINITION('material property','material name',#3672);
#376=PROPERTY_DEFINITION('material property','density of part',#3672);
#377=AXIS2_PLACEMENT_3D('',#501,#414,#415);
#378=AXIS2_PLACEMENT_3D('',#502,#416,#417);
#379=AXIS2_PLACEMENT_3D('',#506,#419,#420);
#380=AXIS2_PLACEMENT_3D('',#507,#421,#422);
#381=AXIS2_PLACEMENT_3D('',#509,#423,#424);
#382=AXIS2_PLACEMENT_3D('',#544,#426,#427);
#383=AXIS2_PLACEMENT_3D('',#548,#429,#430);
#384=AXIS2_PLACEMENT_3D('',#549,#431,#432);
#385=AXIS2_PLACEMENT_3D('',#551,#433,#434);
#386=AXIS2_PLACEMENT_3D('',#578,#436,#437);
#387=AXIS2_PLACEMENT_3D('',#583,#439,#440);
#388=AXIS2_PLACEMENT_3D('',#584,#441,#442);
#389=AXIS2_PLACEMENT_3D('',#585,#443,#444);
#390=AXIS2_PLACEMENT_3D('',#587,#445,#446);
#391=AXIS2_PLACEMENT_3D('',#619,#448,#449);
#392=AXIS2_PLACEMENT_3D('',#624,#451,#452);
#393=AXIS2_PLACEMENT_3D('',#625,#453,#454);
#394=AXIS2_PLACEMENT_3D('',#626,#455,#456);
#395=AXIS2_PLACEMENT_3D('',#628,#457,#458);
#396=AXIS2_PLACEMENT_3D('',#652,#460,#461);
#397=AXIS2_PLACEMENT_3D('',#654,#462,#463);
#398=AXIS2_PLACEMENT_3D('',#658,#465,#466);
#399=AXIS2_PLACEMENT_3D('',#659,#467,#468);
#400=AXIS2_PLACEMENT_3D('',#682,#469,#470);
#401=AXIS2_PLACEMENT_3D('',#684,#471,#472);
#402=AXIS2_PLACEMENT_3D('',#686,#473,#474);
#403=AXIS2_PLACEMENT_3D('',#688,#475,#476);
#404=AXIS2_PLACEMENT_3D('',#689,#477,#478);
#405=AXIS2_PLACEMENT_3D('',#690,#479,#480);
#406=AXIS2_PLACEMENT_3D('',#2178,#482,#483);
#407=AXIS2_PLACEMENT_3D('',#2180,#485,#486);
#408=AXIS2_PLACEMENT_3D('',#2182,#487,#488);
#409=AXIS2_PLACEMENT_3D('',#2195,#490,#491);
#410=AXIS2_PLACEMENT_3D('',#2196,#492,#493);
#411=AXIS2_PLACEMENT_3D('',#2279,#494,#495);
#412=AXIS2_PLACEMENT_3D('',#3658,#497,#498);
#413=AXIS2_PLACEMENT_3D('',#3659,#499,#500);
#414=DIRECTION('axis',(0.,0.,1.));
#415=DIRECTION('refdir',(1.,0.,0.));
#416=DIRECTION('center_axis',(0.998629534754574,0.0523359562429439,0.));
#417=DIRECTION('ref_axis',(-0.0523359562429438,0.998629534754574,0.));
#418=DIRECTION('',(0.,0.,1.));
#419=DIRECTION('center_axis',(-0.998629534754574,-0.0523359562429439,0.));
#420=DIRECTION('ref_axis',(-0.0523359562429438,0.998629534754574,0.));
#421=DIRECTION('center_axis',(-0.998629534754574,-0.0523359562429438,0.));
#422=DIRECTION('ref_axis',(-0.0523359562429438,0.998629534754574,0.));
#423=DIRECTION('center_axis',(-0.998629534754574,-0.0523359562429439,0.));
#424=DIRECTION('ref_axis',(-0.0523359562429438,0.998629534754574,0.));
#425=DIRECTION('',(-0.998629534754574,-0.0523359562429439,0.));
#426=DIRECTION('center_axis',(0.998629534754574,0.0523359562429439,0.));
#427=DIRECTION('ref_axis',(-0.0523359562429438,0.998629534754574,0.));
#428=DIRECTION('',(0.,0.,1.));
#429=DIRECTION('center_axis',(-0.998629534754574,-0.0523359562429439,0.));
#430=DIRECTION('ref_axis',(-0.0523359562429438,0.998629534754574,0.));
#431=DIRECTION('center_axis',(-0.998629534754574,-0.0523359562429438,0.));
#432=DIRECTION('ref_axis',(-0.0523359562429438,0.998629534754574,0.));
#433=DIRECTION('center_axis',(-0.998629534754574,-0.0523359562429439,0.));
#434=DIRECTION('ref_axis',(-0.0523359562429438,0.998629534754574,0.));
#435=DIRECTION('',(-0.998629534754574,-0.0523359562429439,0.));
#436=DIRECTION('center_axis',(-0.998629534754574,0.0523359562429439,0.));
#437=DIRECTION('ref_axis',(-0.0523359562429438,-0.998629534754574,0.));
#438=DIRECTION('',(0.,0.,-1.));
#439=DIRECTION('center_axis',(0.998629534754574,-0.0523359562429439,0.));
#440=DIRECTION('ref_axis',(-0.0523359562429438,-0.998629534754574,0.));
#441=DIRECTION('center_axis',(0.998629534754574,-0.0523359562429439,0.));
#442=DIRECTION('ref_axis',(-0.0523359562429438,-0.998629534754574,0.));
#443=DIRECTION('center_axis',(0.998629534754574,-0.0523359562429438,0.));
#444=DIRECTION('ref_axis',(-0.0523359562429438,-0.998629534754574,0.));
#445=DIRECTION('center_axis',(0.998629534754574,-0.0523359562429439,0.));
#446=DIRECTION('ref_axis',(-0.0523359562429438,-0.998629534754574,0.));
#447=DIRECTION('',(0.998629534754574,-0.0523359562429438,0.));
#448=DIRECTION('center_axis',(-0.998629534754574,0.0523359562429439,0.));
#449=DIRECTION('ref_axis',(-0.0523359562429438,-0.998629534754574,0.));
#450=DIRECTION('',(0.,0.,-1.));
#451=DIRECTION('center_axis',(0.998629534754574,-0.0523359562429439,0.));
#452=DIRECTION('ref_axis',(-0.0523359562429438,-0.998629534754574,0.));
#453=DIRECTION('center_axis',(0.998629534754574,-0.0523359562429439,0.));
#454=DIRECTION('ref_axis',(-0.0523359562429438,-0.998629534754574,0.));
#455=DIRECTION('center_axis',(0.998629534754574,-0.0523359562429438,0.));
#456=DIRECTION('ref_axis',(-0.0523359562429438,-0.998629534754574,0.));
#457=DIRECTION('center_axis',(0.998629534754574,-0.0523359562429439,0.));
#458=DIRECTION('ref_axis',(-0.0523359562429438,-0.998629534754574,0.));
#459=DIRECTION('',(0.998629534754574,-0.0523359562429438,0.));
#460=DIRECTION('center_axis',(0.,0.,1.));
#461=DIRECTION('ref_axis',(1.,0.,0.));
#462=DIRECTION('center_axis',(0.,0.,1.));
#463=DIRECTION('ref_axis',(1.,0.,0.));
#464=DIRECTION('',(0.,0.,1.));
#465=DIRECTION('center_axis',(0.,0.,-1.));
#466=DIRECTION('ref_axis',(1.,0.,0.));
#467=DIRECTION('center_axis',(0.,0.,-1.));
#468=DIRECTION('ref_axis',(1.,0.,0.));
#469=DIRECTION('center_axis',(0.,0.,1.));
#470=DIRECTION('ref_axis',(1.,0.,0.));
#471=DIRECTION('center_axis',(0.,0.,1.));
#472=DIRECTION('ref_axis',(1.,0.,0.));
#473=DIRECTION('center_axis',(0.,0.,1.));
#474=DIRECTION('ref_axis',(1.,0.,0.));
#475=DIRECTION('center_axis',(0.,0.,1.));
#476=DIRECTION('ref_axis',(1.,0.,0.));
#477=DIRECTION('center_axis',(0.,0.,1.));
#478=DIRECTION('ref_axis',(1.,0.,0.));
#479=DIRECTION('center_axis',(-0.998629534754574,0.0523359562429439,0.));
#480=DIRECTION('ref_axis',(0.,0.,1.));
#481=DIRECTION('',(-0.998629534754574,0.0523359562429438,0.));
#482=DIRECTION('center_axis',(-0.998629534754574,0.0523359562429439,0.));
#483=DIRECTION('ref_axis',(0.,0.,1.));
#484=DIRECTION('',(0.0523359562429438,0.998629534754574,0.));
#485=DIRECTION('center_axis',(0.,0.,1.));
#486=DIRECTION('ref_axis',(1.,0.,0.));
#487=DIRECTION('center_axis',(0.,0.,1.));
#488=DIRECTION('ref_axis',(1.,0.,0.));
#489=DIRECTION('',(0.0523359562429438,-0.998629534754574,0.));
#490=DIRECTION('center_axis',(0.,0.,1.));
#491=DIRECTION('ref_axis',(1.,0.,0.));
#492=DIRECTION('center_axis',(0.,0.,1.));
#493=DIRECTION('ref_axis',(1.,0.,0.));
#494=DIRECTION('center_axis',(0.,0.,1.));
#495=DIRECTION('ref_axis',(-0.00018924779529547,-0.999999982092636,0.));
#496=DIRECTION('',(0.998629534754574,0.0523359562429438,0.));
#497=DIRECTION('center_axis',(-0.998629534754574,-0.0523359562429439,0.));
#498=DIRECTION('ref_axis',(0.,0.,1.));
#499=DIRECTION('center_axis',(-0.998629534754574,-0.0523359562429439,0.));
#500=DIRECTION('ref_axis',(0.,0.,1.));
#501=CARTESIAN_POINT('',(0.,0.,0.));
#502=CARTESIAN_POINT('Origin',(3.81140893153227,2.3939795633351,13.53));
#503=CARTESIAN_POINT('',(3.71509858361949,4.23169047630149,12.7467101958731));
#504=CARTESIAN_POINT('',(3.71509858361949,4.23169047630149,14.3132898041269));
#505=CARTESIAN_POINT('',(3.71509858361949,4.23169047630149,0.));
#506=CARTESIAN_POINT('Origin',(3.81140893153227,2.3939795633351,13.53));
#507=CARTESIAN_POINT('Origin',(50.7469970649973,4.85376950675346,13.53));
#508=CARTESIAN_POINT('',(50.8516689774832,2.85651043724431,13.53));
#509=CARTESIAN_POINT('Origin',(50.7469970649973,4.85376950675346,13.53));
#510=CARTESIAN_POINT('',(7.10383182319972,0.563783443552194,13.53));
#511=CARTESIAN_POINT('',(50.8516689774832,2.85651043724431,13.53));
#512=CARTESIAN_POINT('Ctrl Pts',(3.71509858361949,4.23169047630149,14.3132898041269));
#513=CARTESIAN_POINT('Ctrl Pts',(3.85856180497816,4.15367464518034,14.5139658963843));
#514=CARTESIAN_POINT('Ctrl Pts',(4.03833359475374,4.04893183927416,14.6885180072528));
#515=CARTESIAN_POINT('Ctrl Pts',(4.46977180434078,3.77098188262739,15.0396497233733));
#516=CARTESIAN_POINT('Ctrl Pts',(4.76504408611484,3.55732691630152,15.217423173422));
#517=CARTESIAN_POINT('Ctrl Pts',(5.34260580427913,3.06346927910009,15.4632191380403));
#518=CARTESIAN_POINT('Ctrl Pts',(5.62489761055641,2.78265237312082,15.53));
#519=CARTESIAN_POINT('Ctrl Pts',(6.06433723584289,2.27712996201638,15.53));
#520=CARTESIAN_POINT('Ctrl Pts',(6.26097784230528,2.0220208423589,15.4860641598648));
#521=CARTESIAN_POINT('Ctrl Pts',(6.596625019278,1.52885669385472,15.2782375871838));
#522=CARTESIAN_POINT('Ctrl Pts',(6.73620560276369,1.29154275822259,15.1135172060975));
#523=CARTESIAN_POINT('Ctrl Pts',(6.92442101471379,0.943806322562417,14.7381567526255));
#524=CARTESIAN_POINT('Ctrl Pts',(6.99375804199908,0.801812679563939,14.5208221741335));
#525=CARTESIAN_POINT('Ctrl Pts',(7.08306944668314,0.611714129475956,14.0404495777545));
#526=CARTESIAN_POINT('Ctrl Pts',(7.10383182319972,0.563783443552194,13.7774894628505));
#527=CARTESIAN_POINT('Ctrl Pts',(7.10383182319972,0.563783443552194,13.53));
#528=CARTESIAN_POINT('Ctrl Pts',(7.10383182319972,0.563783443552194,13.53));
#529=CARTESIAN_POINT('Ctrl Pts',(7.10383182319972,0.563783443552194,13.2825105371495));
#530=CARTESIAN_POINT('Ctrl Pts',(7.08306944668314,0.611714129475956,13.0195504222455));
#531=CARTESIAN_POINT('Ctrl Pts',(6.99375804199908,0.801812679563939,12.5391778258665));
#532=CARTESIAN_POINT('Ctrl Pts',(6.92442101471379,0.943806322562418,12.3218432473745));
#533=CARTESIAN_POINT('Ctrl Pts',(6.73620560276369,1.29154275822259,11.9464827939025));
#534=CARTESIAN_POINT('Ctrl Pts',(6.596625019278,1.52885669385472,11.7817624128162));
#535=CARTESIAN_POINT('Ctrl Pts',(6.26097784230528,2.0220208423589,11.5739358401352));
#536=CARTESIAN_POINT('Ctrl Pts',(6.06433723584289,2.27712996201638,11.53));
#537=CARTESIAN_POINT('Ctrl Pts',(5.62489761055641,2.78265237312082,11.53));
#538=CARTESIAN_POINT('Ctrl Pts',(5.34260580427913,3.06346927910009,11.5967808619597));
#539=CARTESIAN_POINT('Ctrl Pts',(4.76504408611484,3.55732691630152,11.842576826578));
#540=CARTESIAN_POINT('Ctrl Pts',(4.46977180434078,3.77098188262739,12.0203502766267));
#541=CARTESIAN_POINT('Ctrl Pts',(4.03833359475821,4.04893183927128,12.3714819927435));
#542=CARTESIAN_POINT('Ctrl Pts',(3.85856180493264,4.1536746452051,12.5460341036794));
#543=CARTESIAN_POINT('Ctrl Pts',(3.71509858361949,4.23169047630149,12.7467101958731));
#544=CARTESIAN_POINT('Origin',(3.62520464217934,5.94696906031973,33.51));
#545=CARTESIAN_POINT('',(3.7150985836195,4.23169047630149,29.8975578262759));
#546=CARTESIAN_POINT('',(3.7150985836195,4.23169047630149,37.1224421737241));
#547=CARTESIAN_POINT('',(3.7150985836195,4.23169047630148,0.));
#548=CARTESIAN_POINT('Origin',(3.62520464217934,5.94696906031973,33.51));
#549=CARTESIAN_POINT('Origin',(50.5607927756443,8.4067590037381,33.51));
#550=CARTESIAN_POINT('',(50.7701366006161,4.4122408647198,33.51));
#551=CARTESIAN_POINT('Origin',(50.5607927756443,8.4067590037381,33.51));
#552=CARTESIAN_POINT('',(6.21279221012484,2.07708939446448,33.51));
#553=CARTESIAN_POINT('',(50.7701366006161,4.4122408647198,33.51));
#554=CARTESIAN_POINT('Ctrl Pts',(3.7150985836195,4.23169047630148,37.1224421737241));
#555=CARTESIAN_POINT('Ctrl Pts',(3.94626091134897,4.10598354632376,37.0570009884437));
#556=CARTESIAN_POINT('Ctrl Pts',(4.16497587441376,3.97172892761671,36.9781458474784));
#557=CARTESIAN_POINT('Ctrl Pts',(4.59589335455458,3.67909877970564,36.7775470059434));
#558=CARTESIAN_POINT('Ctrl Pts',(4.82785711007338,3.50240210123199,36.6392935845833));
#559=CARTESIAN_POINT('Ctrl Pts',(5.24128127046819,3.15121596556558,36.3008842782925));
#560=CARTESIAN_POINT('Ctrl Pts',(5.42284751648094,2.97757247860731,36.0999807358215));
#561=CARTESIAN_POINT('Ctrl Pts',(5.77427237420782,2.61726310488137,35.589246204489));
#562=CARTESIAN_POINT('Ctrl Pts',(5.94408522290767,2.41717142259802,35.2116726954364));
#563=CARTESIAN_POINT('Ctrl Pts',(6.16228711594578,2.14661666365925,34.3833614278609));
#564=CARTESIAN_POINT('Ctrl Pts',(6.21279221012484,2.07708939446448,33.9328770684291));
#565=CARTESIAN_POINT('Ctrl Pts',(6.21279221012484,2.07708939446448,33.51));
#566=CARTESIAN_POINT('Ctrl Pts',(6.21279221012484,2.07708939446448,33.51));
#567=CARTESIAN_POINT('Ctrl Pts',(6.21279221012484,2.07708939446448,33.0871229315709));
#568=CARTESIAN_POINT('Ctrl Pts',(6.16228711594578,2.14661666365925,32.6366385721391));
#569=CARTESIAN_POINT('Ctrl Pts',(5.94408522290766,2.41717142259802,31.8083273045636));
#570=CARTESIAN_POINT('Ctrl Pts',(5.77427237420782,2.61726310488137,31.430753795511));
#571=CARTESIAN_POINT('Ctrl Pts',(5.42284751648094,2.97757247860731,30.9200192641785));
#572=CARTESIAN_POINT('Ctrl Pts',(5.2412812704682,3.15121596556558,30.7191157217075));
#573=CARTESIAN_POINT('Ctrl Pts',(4.82785711007339,3.50240210123198,30.3807064154167));
#574=CARTESIAN_POINT('Ctrl Pts',(4.59589335455458,3.67909877970564,30.2424529940566));
#575=CARTESIAN_POINT('Ctrl Pts',(4.16497587441376,3.97172892761671,30.0418541525216));
#576=CARTESIAN_POINT('Ctrl Pts',(3.94626091134897,4.10598354632376,29.9629990115563));
#577=CARTESIAN_POINT('Ctrl Pts',(3.7150985836195,4.23169047630148,29.8975578262759));
#578=CARTESIAN_POINT('Origin',(-3.81124627035098,2.39708332356907,13.5));
#579=CARTESIAN_POINT('',(-3.71509858361949,4.23169047630149,14.4319722192637));
#580=CARTESIAN_POINT('',(-3.71509858361949,4.23169047630149,12.5680277807363));
#581=CARTESIAN_POINT('',(-3.71509858361949,4.23169047630149,0.));
#582=CARTESIAN_POINT('',(-3.7034342004905,4.45426016516349,13.5));
#583=CARTESIAN_POINT('Origin',(-3.81124627035098,2.39708332356907,13.5));
#584=CARTESIAN_POINT('Origin',(-3.81124627035098,2.39708332356907,13.5));
#585=CARTESIAN_POINT('Origin',(-50.746834403816,4.85687326698744,13.5));
#586=CARTESIAN_POINT('',(-50.6390223339555,6.91405010858186,13.5));
#587=CARTESIAN_POINT('Origin',(-50.746834403816,4.85687326698743,13.5));
#588=CARTESIAN_POINT('',(-50.6390223339555,6.91405010858186,13.5));
#589=CARTESIAN_POINT('Ctrl Pts',(-3.71509858361949,4.23169047630149,12.5680277807363));
#590=CARTESIAN_POINT('Ctrl Pts',(-3.84601957388798,4.16049515689998,12.4143717064307));
#591=CARTESIAN_POINT('Ctrl Pts',(-3.99422436887048,4.07449801772069,12.2784176585012));
#592=CARTESIAN_POINT('Ctrl Pts',(-4.40868514772236,3.81402564421357,11.9477609678962));
#593=CARTESIAN_POINT('Ctrl Pts',(-4.71734003455695,3.5948378880492,11.7641767207042));
#594=CARTESIAN_POINT('Ctrl Pts',(-5.31953783122524,3.08610869492029,11.5096434532563));
#595=CARTESIAN_POINT('Ctrl Pts',(-5.61309412502849,2.79593092129667,11.44));
#596=CARTESIAN_POINT('Ctrl Pts',(-6.06738489854464,2.27385917155759,11.44));
#597=CARTESIAN_POINT('Ctrl Pts',(-6.26927944105025,2.01130176179346,11.4850817223249));
#598=CARTESIAN_POINT('Ctrl Pts',(-6.61289068732337,1.50336987766842,11.6988267598628));
#599=CARTESIAN_POINT('Ctrl Pts',(-6.75521996955845,1.25877852223077,11.868364219606));
#600=CARTESIAN_POINT('Ctrl Pts',(-6.94675118746202,0.900105278003823,12.2549751764276));
#601=CARTESIAN_POINT('Ctrl Pts',(-7.01705272314346,0.753591977594195,12.4790273585418));
#602=CARTESIAN_POINT('Ctrl Pts',(-7.10744575328558,0.557502537874235,12.9741079852352));
#603=CARTESIAN_POINT('Ctrl Pts',(-7.12837079840752,0.508099420934105,13.2450523985289));
#604=CARTESIAN_POINT('Ctrl Pts',(-7.12837079840752,0.508099420934105,13.7549476014711));
#605=CARTESIAN_POINT('Ctrl Pts',(-7.10744575328558,0.557502537874235,14.0258920147648));
#606=CARTESIAN_POINT('Ctrl Pts',(-7.01705272314346,0.753591977594195,14.5209726414582));
#607=CARTESIAN_POINT('Ctrl Pts',(-6.94675118746202,0.900105278003823,14.7450248235724));
#608=CARTESIAN_POINT('Ctrl Pts',(-6.75521996955845,1.25877852223077,15.131635780394));
#609=CARTESIAN_POINT('Ctrl Pts',(-6.61289068732337,1.50336987766842,15.3011732401372));
#610=CARTESIAN_POINT('Ctrl Pts',(-6.26927944105025,2.01130176179346,15.5149182776751));
#611=CARTESIAN_POINT('Ctrl Pts',(-6.06738489854464,2.27385917155759,15.56));
#612=CARTESIAN_POINT('Ctrl Pts',(-5.61309412502849,2.79593092129667,15.56));
#613=CARTESIAN_POINT('Ctrl Pts',(-5.31953783122524,3.0861086949203,15.4903565467437));
#614=CARTESIAN_POINT('Ctrl Pts',(-4.71734003455695,3.5948378880492,15.2358232792958));
#615=CARTESIAN_POINT('Ctrl Pts',(-4.40868514772236,3.81402564421357,15.0522390321038));
#616=CARTESIAN_POINT('Ctrl Pts',(-3.99422436887048,4.07449801772069,14.7215823414988));
#617=CARTESIAN_POINT('Ctrl Pts',(-3.84601957388798,4.16049515689998,14.5856282935693));
#618=CARTESIAN_POINT('Ctrl Pts',(-3.71509858361949,4.23169047630149,14.4319722192637));
#619=CARTESIAN_POINT('Origin',(-3.62520464217933,5.94696906031973,33.51));
#620=CARTESIAN_POINT('',(-3.71509858361949,4.23169047630149,37.2548816347784));
#621=CARTESIAN_POINT('',(-3.71509858361949,4.23169047630149,29.7651183652216));
#622=CARTESIAN_POINT('',(-3.71509858361949,4.23169047630149,0.));
#623=CARTESIAN_POINT('',(-3.40958050245839,10.0613227435086,33.51));
#624=CARTESIAN_POINT('Origin',(-3.62520464217933,5.94696906031973,33.51));
#625=CARTESIAN_POINT('Origin',(-3.62520464217933,5.94696906031973,33.51));
#626=CARTESIAN_POINT('Origin',(-50.5607927756443,8.40675900373809,33.51));
#627=CARTESIAN_POINT('',(-50.3451686359234,12.5211126869269,33.51));
#628=CARTESIAN_POINT('Origin',(-50.5607927756443,8.40675900373809,33.51));
#629=CARTESIAN_POINT('',(-50.3451686359234,12.5211126869269,33.51));
#630=CARTESIAN_POINT('Ctrl Pts',(-3.71509858361949,4.23169047630149,29.7651183652216));
#631=CARTESIAN_POINT('Ctrl Pts',(-3.96925653244239,4.09347844240402,29.83452493849));
#632=CARTESIAN_POINT('Ctrl Pts',(-4.20880159645486,3.94467490995234,29.9195669045478));
#633=CARTESIAN_POINT('Ctrl Pts',(-4.66169697412184,3.6306995638884,30.1319152849529));
#634=CARTESIAN_POINT('Ctrl Pts',(-4.89721704984117,3.44717121172506,30.2737785238835));
#635=CARTESIAN_POINT('Ctrl Pts',(-5.31593727677749,3.08258955739022,30.621130908275));
#636=CARTESIAN_POINT('Ctrl Pts',(-5.49927491818487,2.90241443499161,30.8273750745233));
#637=CARTESIAN_POINT('Ctrl Pts',(-5.8558251536284,2.52616449698598,31.3546625302187));
#638=CARTESIAN_POINT('Ctrl Pts',(-6.02757271764036,2.3167498134582,31.7463182751434));
#639=CARTESIAN_POINT('Ctrl Pts',(-6.24763374883638,2.03391064567619,32.6051106708828));
#640=CARTESIAN_POINT('Ctrl Pts',(-6.29821929313182,1.96140175665575,33.071964890759));
#641=CARTESIAN_POINT('Ctrl Pts',(-6.29821929313182,1.96140175665575,33.948035109241));
#642=CARTESIAN_POINT('Ctrl Pts',(-6.24763374883638,2.03391064567619,34.4148893291172));
#643=CARTESIAN_POINT('Ctrl Pts',(-6.02757271764036,2.3167498134582,35.2736817248566));
#644=CARTESIAN_POINT('Ctrl Pts',(-5.8558251536284,2.52616449698598,35.6653374697813));
#645=CARTESIAN_POINT('Ctrl Pts',(-5.49927491818487,2.90241443499161,36.1926249254767));
#646=CARTESIAN_POINT('Ctrl Pts',(-5.31593727677749,3.08258955739022,36.398869091725));
#647=CARTESIAN_POINT('Ctrl Pts',(-4.89721704984117,3.44717121172506,36.7462214761165));
#648=CARTESIAN_POINT('Ctrl Pts',(-4.66169697412185,3.6306995638884,36.8880847150471));
#649=CARTESIAN_POINT('Ctrl Pts',(-4.20880159645486,3.94467490995233,37.1004330954522));
#650=CARTESIAN_POINT('Ctrl Pts',(-3.96925653244239,4.09347844240402,37.18547506151));
#651=CARTESIAN_POINT('Ctrl Pts',(-3.71509858361949,4.23169047630149,37.2548816347784));
#652=CARTESIAN_POINT('Origin',(0.,-2.6,0.));
#653=CARTESIAN_POINT('',(-7.7765,-2.6,0.));
#654=CARTESIAN_POINT('Origin',(0.,-2.6,0.));
#655=CARTESIAN_POINT('',(-7.7765,-2.6,185.));
#656=CARTESIAN_POINT('',(-7.7765,-2.6,0.));
#657=CARTESIAN_POINT('',(-7.77394953316377,-2.79915046026254,185.));
#658=CARTESIAN_POINT('Origin',(0.,-2.6,185.));
#659=CARTESIAN_POINT('Origin',(0.,-2.6,185.));
#660=CARTESIAN_POINT('Ctrl Pts',(-51.3796429089235,-1.23023428257901,133.346300670721));
#661=CARTESIAN_POINT('Ctrl Pts',(-51.3796429089305,-52.5456843565223,131.787658388924));
#662=CARTESIAN_POINT('Ctrl Pts',(-7.05533642263951E-12,-52.5456843565293,
131.787658388924));
#663=CARTESIAN_POINT('Ctrl Pts',(51.3796429089164,-52.5456843565364,131.787658388924));
#664=CARTESIAN_POINT('Ctrl Pts',(51.3796429089235,-1.23023428259313,133.34630067072));
#665=CARTESIAN_POINT('Ctrl Pts',(51.3796429089305,50.0852157913501,134.904942952517));
#666=CARTESIAN_POINT('Ctrl Pts',(7.05533642263951E-12,50.0852157913572,
134.904942952517));
#667=CARTESIAN_POINT('Ctrl Pts',(-51.3796429089164,50.0852157913642,134.904942952517));
#668=CARTESIAN_POINT('Ctrl Pts',(-51.3796429089235,-1.23023428257901,133.346300670721));
#669=CARTESIAN_POINT('Ctrl Pts',(-7.57877862469018,-2.80617263493773,185.231192274303));
#670=CARTESIAN_POINT('Ctrl Pts',(-7.57877862469122,-10.3754824650224,185.001284004412));
#671=CARTESIAN_POINT('Ctrl Pts',(-1.04172106196683E-12,-10.3754824650235,
185.001284004412));
#672=CARTESIAN_POINT('Ctrl Pts',(7.57877862468913,-10.3754824650245,185.001284004412));
#673=CARTESIAN_POINT('Ctrl Pts',(7.57877862469018,-2.80617263493981,185.231192274303));
#674=CARTESIAN_POINT('Ctrl Pts',(7.57877862469122,4.7631371951449,185.461100544194));
#675=CARTESIAN_POINT('Ctrl Pts',(1.04172106196683E-12,4.76313719514595,
185.461100544194));
#676=CARTESIAN_POINT('Ctrl Pts',(-7.57877862468913,4.76313719514699,185.461100544194));
#677=CARTESIAN_POINT('Ctrl Pts',(-7.57877862469018,-2.80617263493773,185.231192274303));
#678=CARTESIAN_POINT('',(-49.9836014477192,-1.28046332066187,135.));
#679=CARTESIAN_POINT('Ctrl Pts',(-7.77394953316377,-2.79915046026253,185.));
#680=CARTESIAN_POINT('Ctrl Pts',(-49.9836014477192,-1.28046332066187,135.));
#681=CARTESIAN_POINT('',(49.9314767377287,2.61679781214719,135.));
#682=CARTESIAN_POINT('Origin',(0.,0.,135.));
#683=CARTESIAN_POINT('',(49.9314740775885,2.61684857015174,135.));
#684=CARTESIAN_POINT('Origin',(0.,0.,135.));
#685=CARTESIAN_POINT('',(-49.9314740775885,2.61684857015174,135.));
#686=CARTESIAN_POINT('Origin',(0.,0.,135.));
#687=CARTESIAN_POINT('',(-49.9314767377287,2.61679781214719,135.));
#688=CARTESIAN_POINT('Origin',(0.,0.,135.));
#689=CARTESIAN_POINT('Origin',(0.,0.,135.));
#690=CARTESIAN_POINT('Origin',(-50.5059522863458,9.45317787606411,67.4887210332928));
#691=CARTESIAN_POINT('',(-50.8616769189614,2.66554753793428,135.));
#692=CARTESIAN_POINT('Ctrl Pts',(-50.8616769189614,2.66554753793428,135.));
#693=CARTESIAN_POINT('Ctrl Pts',(-50.8617744255187,2.66368700198615,134.99975935684));
#694=CARTESIAN_POINT('Ctrl Pts',(-50.8617969769044,2.66325669591325,134.977014793931));
#695=CARTESIAN_POINT('Ctrl Pts',(-50.8613852151309,2.67111357859713,134.876000888071));
#696=CARTESIAN_POINT('Ctrl Pts',(-50.8605100135828,2.68781341896601,134.645155263081));
#697=CARTESIAN_POINT('Ctrl Pts',(-50.8595679407981,2.7057892385402,134.267717805209));
#698=CARTESIAN_POINT('Ctrl Pts',(-50.858800081075,2.72044087487287,133.835927772956));
#699=CARTESIAN_POINT('Ctrl Pts',(-50.8579838328047,2.73601581968949,133.366009038758));
#700=CARTESIAN_POINT('Ctrl Pts',(-50.8570031032464,2.75472925444578,132.864720344512));
#701=CARTESIAN_POINT('Ctrl Pts',(-50.8559057730416,2.77566756207529,132.335006149248));
#702=CARTESIAN_POINT('Ctrl Pts',(-50.854807737037,2.79661933716773,131.776953573525));
#703=CARTESIAN_POINT('Ctrl Pts',(-50.853853877669,2.81482005814897,131.190310907143));
#704=CARTESIAN_POINT('Ctrl Pts',(-50.8531459242486,2.82832861413167,130.576772348314));
#705=CARTESIAN_POINT('Ctrl Pts',(-50.8527167558854,2.83651763433297,129.940861860573));
#706=CARTESIAN_POINT('Ctrl Pts',(-50.8525583199212,2.83954077262087,129.288002427343));
#707=CARTESIAN_POINT('Ctrl Pts',(-50.8526380017146,2.83802035343014,128.623245604833));
#708=CARTESIAN_POINT('Ctrl Pts',(-50.8529190725917,2.83265720160449,127.94979303245));
#709=CARTESIAN_POINT('Ctrl Pts',(-50.8533806422122,2.82384992858633,127.267465978711));
#710=CARTESIAN_POINT('Ctrl Pts',(-50.854034161342,2.81138004074077,126.571611664632));
#711=CARTESIAN_POINT('Ctrl Pts',(-50.8549097447497,2.79467291405785,125.855418862108));
#712=CARTESIAN_POINT('Ctrl Pts',(-50.8560458467232,2.77299479700939,125.111853138936));
#713=CARTESIAN_POINT('Ctrl Pts',(-50.857477479113,2.74567762369467,124.335773491638));
#714=CARTESIAN_POINT('Ctrl Pts',(-50.8592254173103,2.71232497603009,123.525892716253));
#715=CARTESIAN_POINT('Ctrl Pts',(-50.8612841068615,2.67304283930492,122.686993256003));
#716=CARTESIAN_POINT('Ctrl Pts',(-50.8636126819216,2.62861098029689,121.831483953984));
#717=CARTESIAN_POINT('Ctrl Pts',(-50.8661479405956,2.58023536299823,120.976242326397));
#718=CARTESIAN_POINT('Ctrl Pts',(-50.8688152900313,2.52933930382261,120.139886626744));
#719=CARTESIAN_POINT('Ctrl Pts',(-50.8715402022953,2.47734488044994,119.339955887349));
#720=CARTESIAN_POINT('Ctrl Pts',(-50.8742600603044,2.42544689800804,118.58996362986));
#721=CARTESIAN_POINT('Ctrl Pts',(-50.8769344201831,2.37441707161004,117.896891548929));
#722=CARTESIAN_POINT('Ctrl Pts',(-50.8795594532234,2.32432845735791,117.257541023597));
#723=CARTESIAN_POINT('Ctrl Pts',(-50.8821668493752,2.27457637498697,116.659116188627));
#724=CARTESIAN_POINT('Ctrl Pts',(-50.8848074198931,2.22419128800205,116.083957718475));
#725=CARTESIAN_POINT('Ctrl Pts',(-50.8875382904475,2.17208317367706,115.513323147707));
#726=CARTESIAN_POINT('Ctrl Pts',(-50.8904098279913,2.11729097329979,114.931186519516));
#727=CARTESIAN_POINT('Ctrl Pts',(-50.8934497387717,2.05928602018042,114.328937212903));
#728=CARTESIAN_POINT('Ctrl Pts',(-50.8966602201899,1.99802638540512,113.706043054967));
#729=CARTESIAN_POINT('Ctrl Pts',(-50.900027639266,1.93377220172906,113.066862049463));
#730=CARTESIAN_POINT('Ctrl Pts',(-50.9035289481841,1.86696324767707,112.418448677652));
#731=CARTESIAN_POINT('Ctrl Pts',(-50.9071389740823,1.79807985006812,111.768112171851));
#732=CARTESIAN_POINT('Ctrl Pts',(-50.9108384473166,1.72748969561207,111.120697434787));
#733=CARTESIAN_POINT('Ctrl Pts',(-50.9146179015513,1.65537341275364,110.477298512758));
#734=CARTESIAN_POINT('Ctrl Pts',(-50.9184736058912,1.58180219121648,109.836713804246));
#735=CARTESIAN_POINT('Ctrl Pts',(-50.9224052831433,1.50678132015852,109.196287668297));
#736=CARTESIAN_POINT('Ctrl Pts',(-50.9264131393617,1.43030686783085,108.552988247332));
#737=CARTESIAN_POINT('Ctrl Pts',(-50.9304951185956,1.35241806411225,107.904408839237));
#738=CARTESIAN_POINT('Ctrl Pts',(-50.9346442579851,1.27324776828466,107.249732239991));
#739=CARTESIAN_POINT('Ctrl Pts',(-50.9388500901864,1.19299570916473,106.589260812804));
#740=CARTESIAN_POINT('Ctrl Pts',(-50.9430997956641,1.11190649806176,105.92403503603));
#741=CARTESIAN_POINT('Ctrl Pts',(-50.9473794911739,1.03024504305856,105.255403706936));
#742=CARTESIAN_POINT('Ctrl Pts',(-50.9516753675707,0.948274838336423,104.584647921717));
#743=CARTESIAN_POINT('Ctrl Pts',(-50.9559751253703,0.866230572038929,103.912498495005));
#744=CARTESIAN_POINT('Ctrl Pts',(-50.9602681695013,0.784314410168128,103.239097723887));
#745=CARTESIAN_POINT('Ctrl Pts',(-50.9645450768611,0.702706156236726,102.564221562058));
#746=CARTESIAN_POINT('Ctrl Pts',(-50.9687972831266,0.621569227258854,101.88742334444));
#747=CARTESIAN_POINT('Ctrl Pts',(-50.9730166833815,0.541058274254764,101.208208203542));
#748=CARTESIAN_POINT('Ctrl Pts',(-50.9771952591398,0.461326299052009,100.526198457544));
#749=CARTESIAN_POINT('Ctrl Pts',(-50.9813247240845,0.382531413995329,99.8412911026368));
#750=CARTESIAN_POINT('Ctrl Pts',(-50.9853967648647,0.304832247269463,99.1535793909483));
#751=CARTESIAN_POINT('Ctrl Pts',(-50.9894032475841,0.228384002862755,98.4632887639744));
#752=CARTESIAN_POINT('Ctrl Pts',(-50.9933364383867,0.15333425154006,97.770705225892));
#753=CARTESIAN_POINT('Ctrl Pts',(-50.9971892158438,0.0798188782542214,97.0761116860828));
#754=CARTESIAN_POINT('Ctrl Pts',(-51.0009552922579,0.00795785942013016,
96.3797092996247));
#755=CARTESIAN_POINT('Ctrl Pts',(-51.0046294129086,-0.0621485389227627,
95.6815862959223));
#756=CARTESIAN_POINT('Ctrl Pts',(-51.0082075304709,-0.130423089214549,94.9817589811725));
#757=CARTESIAN_POINT('Ctrl Pts',(-51.0116869765848,-0.196814876111496,94.2801952180986));
#758=CARTESIAN_POINT('Ctrl Pts',(-51.0150666532,-0.261302947566653,93.5768459577333));
#759=CARTESIAN_POINT('Ctrl Pts',(-51.0183471725418,-0.323898985534018,92.8716710453506));
#760=CARTESIAN_POINT('Ctrl Pts',(-51.0215311279996,-0.384652474831094,92.1646732606335));
#761=CARTESIAN_POINT('Ctrl Pts',(-51.0246227561878,-0.443644254877977,91.455899552948));
#762=CARTESIAN_POINT('Ctrl Pts',(-51.0276272786162,-0.500973958015717,90.7454257113274));
#763=CARTESIAN_POINT('Ctrl Pts',(-51.0305503506129,-0.556749494332489,90.0333462847735));
#764=CARTESIAN_POINT('Ctrl Pts',(-51.0333974496738,-0.611075380677606,89.3197620806613));
#765=CARTESIAN_POINT('Ctrl Pts',(-51.0361733274063,-0.664042283119605,88.6047692769783));
#766=CARTESIAN_POINT('Ctrl Pts',(-51.0388813351565,-0.715714149152438,87.8884463287099));
#767=CARTESIAN_POINT('Ctrl Pts',(-51.041523690686,-0.766133296189622,87.1708553559391));
#768=CARTESIAN_POINT('Ctrl Pts',(-51.0441019255462,-0.815328947968572,86.4520462242626));
#769=CARTESIAN_POINT('Ctrl Pts',(-51.0466172676617,-0.863324534691317,85.7320596894895));
#770=CARTESIAN_POINT('Ctrl Pts',(-51.0490710560838,-0.910145606975706,85.0109309520625));
#771=CARTESIAN_POINT('Ctrl Pts',(-51.0514651302512,-0.955827263404786,84.2886929947691));
#772=CARTESIAN_POINT('Ctrl Pts',(-51.0538022619779,-1.00042239334029,83.5653801237615));
#773=CARTESIAN_POINT('Ctrl Pts',(-51.0560857809161,-1.04399453032806,82.8410286823465));
#774=CARTESIAN_POINT('Ctrl Pts',(-51.0583191577547,-1.0866098990617,82.1156776267014));
#775=CARTESIAN_POINT('Ctrl Pts',(-51.0605056023438,-1.12832974712546,81.3893691522986));
#776=CARTESIAN_POINT('Ctrl Pts',(-51.0626476564066,-1.16920257349098,80.6621492961708));
#777=CARTESIAN_POINT('Ctrl Pts',(-51.0647467864347,-1.20925636048129,79.9340685565318));
#778=CARTESIAN_POINT('Ctrl Pts',(-51.0668029823909,-1.24849091657985,79.2051824859785));
#779=CARTESIAN_POINT('Ctrl Pts',(-51.0688151354164,-1.28688508349479,78.4755497349227));
#780=CARTESIAN_POINT('Ctrl Pts',(-51.0707814078157,-1.32440379591143,77.7452301208063));
#781=CARTESIAN_POINT('Ctrl Pts',(-51.0726996068853,-1.36100521455386,77.0142826808099));
#782=CARTESIAN_POINT('Ctrl Pts',(-51.0745675548566,-1.39664778511945,76.2827637474728));
#783=CARTESIAN_POINT('Ctrl Pts',(-51.0763834658004,-1.43129743005051,75.5507249767259));
#784=CARTESIAN_POINT('Ctrl Pts',(-51.0781463046485,-1.4649343990701,74.8182115022518));
#785=CARTESIAN_POINT('Ctrl Pts',(-51.0798556460085,-1.49755057520603,74.0852636554862));
#786=CARTESIAN_POINT('Ctrl Pts',(-51.081511549289,-1.529147092042,73.3519185680345));
#787=CARTESIAN_POINT('Ctrl Pts',(-51.083114427401,-1.55973182839043,72.6182118226826));
#788=CARTESIAN_POINT('Ctrl Pts',(-51.0846649189501,-1.58931696957234,71.8841790731683));
#789=CARTESIAN_POINT('Ctrl Pts',(-51.0861637571614,-1.61791650635493,71.1498577023366));
#790=CARTESIAN_POINT('Ctrl Pts',(-51.0876116452249,-1.64554385640369,70.4152883934983));
#791=CARTESIAN_POINT('Ctrl Pts',(-51.0890092835318,-1.67221238397717,69.6805145780709));
#792=CARTESIAN_POINT('Ctrl Pts',(-51.090357391477,-1.69793581594938,68.9455819578361));
#793=CARTESIAN_POINT('Ctrl Pts',(-51.0916567315457,-1.72272870140394,68.2105379997597));
#794=CARTESIAN_POINT('Ctrl Pts',(-51.0929081318685,-1.74660684201513,67.4754314415214));
#795=CARTESIAN_POINT('Ctrl Pts',(-51.0941125107722,-1.76958776049928,66.7403117948635));
#796=CARTESIAN_POINT('Ctrl Pts',(-51.0952708967199,-1.79169108110416,66.0052288431966));
#797=CARTESIAN_POINT('Ctrl Pts',(-51.0963843048241,-1.81293617333062,65.2702318715447));
#798=CARTESIAN_POINT('Ctrl Pts',(-51.0974536177058,-1.83333987858795,64.5353689066033));
#799=CARTESIAN_POINT('Ctrl Pts',(-51.0984794642778,-1.85291419724874,63.8006859489924));
#800=CARTESIAN_POINT('Ctrl Pts',(-51.0994621004129,-1.87166401165684,63.0662262177306));
#801=CARTESIAN_POINT('Ctrl Pts',(-51.1004012863961,-1.88958474777768,62.3320293681254));
#802=CARTESIAN_POINT('Ctrl Pts',(-51.1012961724543,-1.90666019097542,61.5981307805714));
#803=CARTESIAN_POINT('Ctrl Pts',(-51.1021455143671,-1.92286660010654,60.8645637940534));
#804=CARTESIAN_POINT('Ctrl Pts',(-51.1029478812363,-1.93817667201255,60.1313618679577));
#805=CARTESIAN_POINT('Ctrl Pts',(-51.1037018668005,-1.9525635736237,59.3985607794397));
#806=CARTESIAN_POINT('Ctrl Pts',(-51.1044062978298,-1.96600491838045,58.6662007858407));
#807=CARTESIAN_POINT('Ctrl Pts',(-51.1050604471284,-1.97848683056171,57.9343288494306));
#808=CARTESIAN_POINT('Ctrl Pts',(-51.1056642351653,-1.99000779262387,57.2030007028704));
#809=CARTESIAN_POINT('Ctrl Pts',(-51.1062180591219,-2.00057538323961,56.4722776287265));
#810=CARTESIAN_POINT('Ctrl Pts',(-51.1067226327291,-2.01020322120885,55.7422233966209));
#811=CARTESIAN_POINT('Ctrl Pts',(-51.1071788212546,-2.01890781682002,55.0129011210948));
#812=CARTESIAN_POINT('Ctrl Pts',(-51.1075874804314,-2.02670549843095,54.2843701994289));
#813=CARTESIAN_POINT('Ctrl Pts',(-51.107949289246,-2.03360922187634,53.5566831052325));
#814=CARTESIAN_POINT('Ctrl Pts',(-51.1082645980331,-2.03962567194149,52.829882556483));
#815=CARTESIAN_POINT('Ctrl Pts',(-51.1085335216458,-2.04475704015355,52.1040047346757));
#816=CARTESIAN_POINT('Ctrl Pts',(-51.1087560189828,-2.0490025422542,51.3790821659438));
#817=CARTESIAN_POINT('Ctrl Pts',(-51.1089319790674,-2.05236006068056,50.6551467656622));
#818=CARTESIAN_POINT('Ctrl Pts',(-51.1090613011391,-2.05482767280627,49.9322327316526));
#819=CARTESIAN_POINT('Ctrl Pts',(-51.1091439849415,-2.05640537374223,49.2103796974755));
#820=CARTESIAN_POINT('Ctrl Pts',(-51.1091801941417,-2.05709628644033,48.489635200532));
#821=CARTESIAN_POINT('Ctrl Pts',(-51.1091701321034,-2.05690429131339,47.770052430848));
#822=CARTESIAN_POINT('Ctrl Pts',(-51.1091139392801,-2.05583206836968,47.0516884864856));
#823=CARTESIAN_POINT('Ctrl Pts',(-51.1090115777936,-2.05387889485449,46.33460239671));
#824=CARTESIAN_POINT('Ctrl Pts',(-51.1088627317375,-2.05103874291317,45.618853330081));
#825=CARTESIAN_POINT('Ctrl Pts',(-51.1086666760146,-2.04729777686676,44.9044985163935));
#826=CARTESIAN_POINT('Ctrl Pts',(-51.1084222368608,-2.04263359996012,44.1915919438931));
#827=CARTESIAN_POINT('Ctrl Pts',(-51.1081280343225,-2.03701988111364,43.4801853718491));
#828=CARTESIAN_POINT('Ctrl Pts',(-51.1077826710217,-2.03042995676374,42.7703289341997));
#829=CARTESIAN_POINT('Ctrl Pts',(-51.1073849518468,-2.02284102282398,42.0620719195428));
#830=CARTESIAN_POINT('Ctrl Pts',(-51.1069340680566,-2.01423764759344,41.3554634407853));
#831=CARTESIAN_POINT('Ctrl Pts',(-51.106429851592,-2.00461662431224,40.6505532381584));
#832=CARTESIAN_POINT('Ctrl Pts',(-51.1058727956816,-1.99398736434199,39.947392106226));
#833=CARTESIAN_POINT('Ctrl Pts',(-51.1052637790261,-1.98236663429438,39.2460318610105));
#834=CARTESIAN_POINT('Ctrl Pts',(-51.1046038680277,-1.9697747823311,38.5465254276963));
#835=CARTESIAN_POINT('Ctrl Pts',(-51.1038940802316,-1.9562312243753,37.8489268678452));
#836=CARTESIAN_POINT('Ctrl Pts',(-51.1031351809046,-1.94175056258386,37.153291459528));
#837=CARTESIAN_POINT('Ctrl Pts',(-51.1023274230631,-1.92633762479997,36.4596756857375));
#838=CARTESIAN_POINT('Ctrl Pts',(-51.1014705564615,-1.90998763605286,35.7681376594413));
#839=CARTESIAN_POINT('Ctrl Pts',(-51.1005639409486,-1.89268838152724,35.0787377138224));
#840=CARTESIAN_POINT('Ctrl Pts',(-51.0996066260668,-1.87442172541484,34.3915389467819));
#841=CARTESIAN_POINT('Ctrl Pts',(-51.0985974447223,-1.85516539823751,33.7066077677138));
#842=CARTESIAN_POINT('Ctrl Pts',(-51.0975351007575,-1.8348946678359,33.0240144833159));
#843=CARTESIAN_POINT('Ctrl Pts',(-51.096418259438,-1.81358406595995,32.3438337513907));
#844=CARTESIAN_POINT('Ctrl Pts',(-51.0952456578291,-1.79120949437949,31.6661425931804));
#845=CARTESIAN_POINT('Ctrl Pts',(-51.094016210122,-1.76775023463059,30.991018591748));
#846=CARTESIAN_POINT('Ctrl Pts',(-51.0927291236765,-1.74319116223437,30.3185379055334));
#847=CARTESIAN_POINT('Ctrl Pts',(-51.0913839903786,-1.71752448991503,29.6487736217614));
#848=CARTESIAN_POINT('Ctrl Pts',(-51.0899809384311,-1.69075266392361,28.981793317271));
#849=CARTESIAN_POINT('Ctrl Pts',(-51.0885205558875,-1.66288690499351,28.3176595862454));
#850=CARTESIAN_POINT('Ctrl Pts',(-51.0870036073856,-1.63394180328052,27.656433256845));
#851=CARTESIAN_POINT('Ctrl Pts',(-51.0854308056577,-1.60393095852672,26.9981758874556));
#852=CARTESIAN_POINT('Ctrl Pts',(-51.0838025662939,-1.57286230066764,26.3429525022912));
#853=CARTESIAN_POINT('Ctrl Pts',(-51.0821187562529,-1.5407332911186,25.690834355916));
#854=CARTESIAN_POINT('Ctrl Pts',(-51.0803784838797,-1.50752691609085,25.0419013053962));
#855=CARTESIAN_POINT('Ctrl Pts',(-51.0785803491393,-1.47321646132759,24.3962396753785));
#856=CARTESIAN_POINT('Ctrl Pts',(-51.0767226537109,-1.43776952093382,23.7539405168697));
#857=CARTESIAN_POINT('Ctrl Pts',(-51.0748036320659,-1.40115240661929,23.1150976632781));
#858=CARTESIAN_POINT('Ctrl Pts',(-51.0728216606134,-1.36333413842301,22.4798059930667));
#859=CARTESIAN_POINT('Ctrl Pts',(-51.0707755102649,-1.32429126393863,21.8481592892945));
#860=CARTESIAN_POINT('Ctrl Pts',(-51.0686643025884,-1.28400702168668,21.2202508403806));
#861=CARTESIAN_POINT('Ctrl Pts',(-51.0664874006199,-1.24246925767036,20.5961746436959));
#862=CARTESIAN_POINT('Ctrl Pts',(-51.0642443230052,-1.19966878710303,19.9760263959427));
#863=CARTESIAN_POINT('Ctrl Pts',(-51.0619346462931,-1.15559753005606,19.3599045877989));
#864=CARTESIAN_POINT('Ctrl Pts',(-51.0595579174151,-1.11024684146528,18.747911517299));
#865=CARTESIAN_POINT('Ctrl Pts',(-51.0571135390405,-1.06360532358183,18.1401545061667));
#866=CARTESIAN_POINT('Ctrl Pts',(-51.054600654018,-1.01565662098716,17.5367471363587));
#867=CARTESIAN_POINT('Ctrl Pts',(-51.0520180122792,-0.966376880953226,16.9378105871487));
#868=CARTESIAN_POINT('Ctrl Pts',(-51.0493638845218,-0.915733106428037,16.3434746946555));
#869=CARTESIAN_POINT('Ctrl Pts',(-51.0466358560292,-0.863679221873396,15.7538797272938));
#870=CARTESIAN_POINT('Ctrl Pts',(-51.0438312102307,-0.810163392030671,15.1691746205417));
#871=CARTESIAN_POINT('Ctrl Pts',(-51.0409475611256,-0.75514008929638,14.5895136786039));
#872=CARTESIAN_POINT('Ctrl Pts',(-51.0379834290779,-0.698581080535243,14.0150536940998));
#873=CARTESIAN_POINT('Ctrl Pts',(-51.0349387889817,-0.64048588669414,13.4459510543053));
#874=CARTESIAN_POINT('Ctrl Pts',(-51.0318157670117,-0.580895077605701,12.8823584344348));
#875=CARTESIAN_POINT('Ctrl Pts',(-51.0286175324854,-0.519869127449072,12.3244263880426));
#876=CARTESIAN_POINT('Ctrl Pts',(-51.0253469161521,-0.457462050141166,11.7723052767416));
#877=CARTESIAN_POINT('Ctrl Pts',(-51.0220052081481,-0.393698462946055,11.2261476317524));
#878=CARTESIAN_POINT('Ctrl Pts',(-51.0185906883187,-0.328545543358699,10.6861090463166));
#879=CARTESIAN_POINT('Ctrl Pts',(-51.0150978812804,-0.2618988148372,10.152353740878));
#880=CARTESIAN_POINT('Ctrl Pts',(-51.0115187824391,-0.193605540626888,9.62507243639783));
#881=CARTESIAN_POINT('Ctrl Pts',(-51.0078437225583,-0.123481220706801,9.10449877345171));
#882=CARTESIAN_POINT('Ctrl Pts',(-51.004062382548,-0.0513289551069085,8.59092461551358));
#883=CARTESIAN_POINT('Ctrl Pts',(-51.0001647175583,0.0230429233254215,8.08472038797417));
#884=CARTESIAN_POINT('Ctrl Pts',(-50.9961427071511,0.0997874536633675,7.58629045251028));
#885=CARTESIAN_POINT('Ctrl Pts',(-50.991992528693,0.178977576101248,7.09601463942667));
#886=CARTESIAN_POINT('Ctrl Pts',(-50.9877159544796,0.260579473222392,6.61420500268447));
#887=CARTESIAN_POINT('Ctrl Pts',(-50.983323648152,0.344389670634125,6.14103042723496));
#888=CARTESIAN_POINT('Ctrl Pts',(-50.9788277554512,0.430176413791979,5.67661321005294));
#889=CARTESIAN_POINT('Ctrl Pts',(-50.9742290970282,0.517924043740377,5.22120444440726));
#890=CARTESIAN_POINT('Ctrl Pts',(-50.9695084562778,0.607999235152158,4.77530931445012));
#891=CARTESIAN_POINT('Ctrl Pts',(-50.964610385507,0.701459993037338,4.33989369649504));
#892=CARTESIAN_POINT('Ctrl Pts',(-50.9594742129323,0.799464003985173,3.91609392298744));
#893=CARTESIAN_POINT('Ctrl Pts',(-50.9540716066826,0.902551872306593,3.50485610953124));
#894=CARTESIAN_POINT('Ctrl Pts',(-50.9484487577787,1.00984222081638,3.10653137908941));
#895=CARTESIAN_POINT('Ctrl Pts',(-50.942746543864,1.11864694394498,2.72069196082537));
#896=CARTESIAN_POINT('Ctrl Pts',(-50.9371005177063,1.22637954080325,2.34724083729704));
#897=CARTESIAN_POINT('Ctrl Pts',(-50.931561555195,1.33206924158952,1.98724115497246));
#898=CARTESIAN_POINT('Ctrl Pts',(-50.925998091615,1.43822645061725,1.64410230482164));
#899=CARTESIAN_POINT('Ctrl Pts',(-50.920102487372,1.55072128103302,1.32211547107494));
#900=CARTESIAN_POINT('Ctrl Pts',(-50.9133999850224,1.67861264451576,1.02472761229938));
#901=CARTESIAN_POINT('Ctrl Pts',(-50.9052716816459,1.83370991228225,0.752645407331465));
#902=CARTESIAN_POINT('Ctrl Pts',(-50.895469870821,2.02073960441962,0.506964391923744));
#903=CARTESIAN_POINT('Ctrl Pts',(-50.885096495794,2.21867539122293,0.293621676032613));
#904=CARTESIAN_POINT('Ctrl Pts',(-50.8763709361278,2.38516898789176,0.125312718471644));
#905=CARTESIAN_POINT('Ctrl Pts',(-50.8693349509321,2.51942358314346,0.0159283020330063));
#906=CARTESIAN_POINT('Ctrl Pts',(-50.8588521789144,2.71944678887878,-0.0227985765743715));
#907=CARTESIAN_POINT('Ctrl Pts',(-50.8422593202161,3.03605739374195,0.00818176092519795));
#908=CARTESIAN_POINT('Ctrl Pts',(-50.8225901240729,3.41136801388674,0.0931292913310875));
#909=CARTESIAN_POINT('Ctrl Pts',(-50.8040550625471,3.76503805637773,0.213365248562166));
#910=CARTESIAN_POINT('Ctrl Pts',(-50.7882689023766,4.06625593636432,0.358764201038348));
#911=CARTESIAN_POINT('Ctrl Pts',(-50.7738998369773,4.34043403732321,0.52857638208848));
#912=CARTESIAN_POINT('Ctrl Pts',(-50.7590212516204,4.62433435823759,0.724712448499836));
#913=CARTESIAN_POINT('Ctrl Pts',(-50.7429342450578,4.93129272935509,0.946418893720894));
#914=CARTESIAN_POINT('Ctrl Pts',(-50.7261112563331,5.25229447670733,1.19050728720085));
#915=CARTESIAN_POINT('Ctrl Pts',(-50.7094059114433,5.57105144596577,1.45362281338602));
#916=CARTESIAN_POINT('Ctrl Pts',(-50.693409965809,5.87627227106283,1.73426869423102));
#917=CARTESIAN_POINT('Ctrl Pts',(-50.6782559037987,6.16542899965696,2.0328131220023));
#918=CARTESIAN_POINT('Ctrl Pts',(-50.6638311421285,6.44066984877356,2.34990196132403));
#919=CARTESIAN_POINT('Ctrl Pts',(-50.6498661102145,6.70713853157251,2.68525451036094));
#920=CARTESIAN_POINT('Ctrl Pts',(-50.6360639236564,6.97049993987798,3.03662685344189));
#921=CARTESIAN_POINT('Ctrl Pts',(-50.6221507017701,7.23598002845627,3.40106437473366));
#922=CARTESIAN_POINT('Ctrl Pts',(-50.6079345626866,7.50724012148145,3.77573815787686));
#923=CARTESIAN_POINT('Ctrl Pts',(-50.5933789891,7.78497701065412,4.15917192354014));
#924=CARTESIAN_POINT('Ctrl Pts',(-50.5785968277682,8.06703745156713,4.55138744213367));
#925=CARTESIAN_POINT('Ctrl Pts',(-50.5637633726271,8.35007663666659,4.95309493362102));
#926=CARTESIAN_POINT('Ctrl Pts',(-50.5490584008128,8.6306642138442,5.36519797321068));
#927=CARTESIAN_POINT('Ctrl Pts',(-50.5345816600506,8.90689688311908,5.7880465492714));
#928=CARTESIAN_POINT('Ctrl Pts',(-50.5203420196838,9.17860540734336,6.22132069593889));
#929=CARTESIAN_POINT('Ctrl Pts',(-50.5063018965093,9.446506916748,6.66437138557829));
#930=CARTESIAN_POINT('Ctrl Pts',(-50.4924039434933,9.71169565792587,7.11641714948313));
#931=CARTESIAN_POINT('Ctrl Pts',(-50.4786098234033,9.97490314885001,7.57683582809576));
#932=CARTESIAN_POINT('Ctrl Pts',(-50.4649177247014,10.2361639557238,8.04529520934556));
#933=CARTESIAN_POINT('Ctrl Pts',(-50.4513451806259,10.4951435244271,8.52162482484134));
#934=CARTESIAN_POINT('Ctrl Pts',(-50.4379189813213,10.7513306685558,9.0057404696113));
#935=CARTESIAN_POINT('Ctrl Pts',(-50.4246625743798,11.004277981395,9.49755007582324));
#936=CARTESIAN_POINT('Ctrl Pts',(-50.4115837000347,11.253837770495,9.99686129024524));
#937=CARTESIAN_POINT('Ctrl Pts',(-50.3986783163612,11.5000871603757,10.5034110591848));
#938=CARTESIAN_POINT('Ctrl Pts',(-50.3859361352151,11.7432224605247,11.0169073816703));
#939=CARTESIAN_POINT('Ctrl Pts',(-50.3733452595161,11.9834706807547,11.5370640666577));
#940=CARTESIAN_POINT('Ctrl Pts',(-50.3608979047593,12.22098035827,12.0636442599627));
#941=CARTESIAN_POINT('Ctrl Pts',(-50.348593361534,12.4557650294336,12.5964812909064));
#942=CARTESIAN_POINT('Ctrl Pts',(-50.3364349519072,12.6877613054275,13.1354500809623));
#943=CARTESIAN_POINT('Ctrl Pts',(-50.3244280833035,12.9168660064465,13.680447449178));
#944=CARTESIAN_POINT('Ctrl Pts',(-50.3125780631857,13.1429778600667,14.2313708095447));
#945=CARTESIAN_POINT('Ctrl Pts',(-50.3008875355116,13.3660464165678,14.7880928529898));
#946=CARTESIAN_POINT('Ctrl Pts',(-50.2893560084765,13.5860810601414,15.3504568433447));
#947=CARTESIAN_POINT('Ctrl Pts',(-50.2779814259195,13.8031210246789,15.9182919138301));
#948=CARTESIAN_POINT('Ctrl Pts',(-50.2667612234541,14.0172152415854,16.4914232627776));
#949=CARTESIAN_POINT('Ctrl Pts',(-50.25569347784,14.2284004084722,17.0696834314869));
#950=CARTESIAN_POINT('Ctrl Pts',(-50.2447783073043,14.4366742694346,17.6529256050391));
#951=CARTESIAN_POINT('Ctrl Pts',(-50.2340179325985,14.6419944500055,18.2410255035279));
#952=CARTESIAN_POINT('Ctrl Pts',(-50.2234156326425,14.8442983846707,18.8338737234017));
#953=CARTESIAN_POINT('Ctrl Pts',(-50.2129749872721,15.043517766092,19.4313706667482));
#954=CARTESIAN_POINT('Ctrl Pts',(-50.2026990727252,15.2395938961527,20.0334207891916));
#955=CARTESIAN_POINT('Ctrl Pts',(-50.1925895051713,15.4324959365021,20.6399262083624));
#956=CARTESIAN_POINT('Ctrl Pts',(-50.182646181482,15.6222258549479,21.2507840092987));
#957=CARTESIAN_POINT('Ctrl Pts',(-50.1728679657036,15.8088053267769,21.8658887278575));
#958=CARTESIAN_POINT('Ctrl Pts',(-50.1632531444894,15.9922670445938,22.4851335314418));
#959=CARTESIAN_POINT('Ctrl Pts',(-50.1537999599818,16.1726445503183,23.1084119079891));
#960=CARTESIAN_POINT('Ctrl Pts',(-50.1445071481627,16.3499619628515,23.7356191867463));
#961=CARTESIAN_POINT('Ctrl Pts',(-50.1353743584551,16.5242259716025,24.3666539840919));
#962=CARTESIAN_POINT('Ctrl Pts',(-50.1264019163663,16.6954303655224,25.0014188238785));
#963=CARTESIAN_POINT('Ctrl Pts',(-50.1175906779501,16.8635588101301,25.6398208541833));
#964=CARTESIAN_POINT('Ctrl Pts',(-50.1089418458986,17.0285883566934,26.2817725817289));
#965=CARTESIAN_POINT('Ctrl Pts',(-50.1004568079095,17.1904925263643,26.9271924703791));
#966=CARTESIAN_POINT('Ctrl Pts',(-50.0921369500367,17.3492448716563,27.5760059332394));
#967=CARTESIAN_POINT('Ctrl Pts',(-50.0839836048092,17.5048199664045,28.2281435125019));
#968=CARTESIAN_POINT('Ctrl Pts',(-50.0759980292237,17.657193825683,28.8835384537518));
#969=CARTESIAN_POINT('Ctrl Pts',(-50.0681813709964,17.806344549758,29.5421244156493));
#970=CARTESIAN_POINT('Ctrl Pts',(-50.0605346433364,17.9522528054532,30.2038332849745));
#971=CARTESIAN_POINT('Ctrl Pts',(-50.0530586873744,18.0949025430354,30.8685925560572));
#972=CARTESIAN_POINT('Ctrl Pts',(-50.0457541684236,18.2342810675733,31.5363241790369));
#973=CARTESIAN_POINT('Ctrl Pts',(-50.0386216489206,18.3703776471393,32.2069468565023));
#974=CARTESIAN_POINT('Ctrl Pts',(-50.0316616450657,18.5031824320413,32.8803776226429));
#975=CARTESIAN_POINT('Ctrl Pts',(-50.024874692112,18.6326852090424,33.5565337620925));
#976=CARTESIAN_POINT('Ctrl Pts',(-50.0182614009511,18.758874321641,34.2353344586917));
#977=CARTESIAN_POINT('Ctrl Pts',(-50.0118225312665,18.8817352742059,34.9167028804173));
#978=CARTESIAN_POINT('Ctrl Pts',(-50.0055589818486,19.0012509168002,35.6005661882017));
#979=CARTESIAN_POINT('Ctrl Pts',(-49.9994717497457,19.1174022246055,36.2868547728971));
#980=CARTESIAN_POINT('Ctrl Pts',(-49.9935618996005,19.2301688830304,36.9755017420557));
#981=CARTESIAN_POINT('Ctrl Pts',(-49.9878305286334,19.3395299558608,37.6664423044746));
#982=CARTESIAN_POINT('Ctrl Pts',(-49.9822787337533,19.4454645128302,38.3596131944436));
#983=CARTESIAN_POINT('Ctrl Pts',(-49.97690757695,19.5479522899661,39.0549520909682));
#984=CARTESIAN_POINT('Ctrl Pts',(-49.9717180004926,19.6469753077009,39.7523975743166));
#985=CARTESIAN_POINT('Ctrl Pts',(-49.9667107457538,19.7425194198024,40.4518890616797));
#986=CARTESIAN_POINT('Ctrl Pts',(-49.9618862658506,19.8345759802824,41.1533667576695));
#987=CARTESIAN_POINT('Ctrl Pts',(-49.9572446518619,19.9231432512525,41.8567715830793));
#988=CARTESIAN_POINT('Ctrl Pts',(-49.9527855268454,20.0082284251995,42.5620451501958));
#989=CARTESIAN_POINT('Ctrl Pts',(-49.94850803761,20.0898477819799,43.2691295985462));
#990=CARTESIAN_POINT('Ctrl Pts',(-49.9444111312153,20.1680214128944,43.9779670064817));
#991=CARTESIAN_POINT('Ctrl Pts',(-49.9404937767883,20.2427689881707,44.6884989023709));
#992=CARTESIAN_POINT('Ctrl Pts',(-49.9367552164826,20.3141049683784,45.4006656871094));
#993=CARTESIAN_POINT('Ctrl Pts',(-49.9331951866851,20.3820343835585,46.1144062077096));
#994=CARTESIAN_POINT('Ctrl Pts',(-49.9298141944444,20.4465475586416,46.8296569883223));
#995=CARTESIAN_POINT('Ctrl Pts',(-49.9266136142488,20.5076182668356,47.5463526339076));
#996=CARTESIAN_POINT('Ctrl Pts',(-49.9235955526357,20.5652063130061,48.2644278019165));
#997=CARTESIAN_POINT('Ctrl Pts',(-49.9207627712694,20.6192590014636,48.9838187274536));
#998=CARTESIAN_POINT('Ctrl Pts',(-49.9181185852765,20.6697130758211,49.7044650466694));
#999=CARTESIAN_POINT('Ctrl Pts',(-49.9156667746518,20.7164964094842,50.4263112217735));
#1000=CARTESIAN_POINT('Ctrl Pts',(-49.9134114839313,20.7595299199929,51.1493088116771));
#1001=CARTESIAN_POINT('Ctrl Pts',(-49.9113571529642,20.7987288899774,51.8734155143934));
#1002=CARTESIAN_POINT('Ctrl Pts',(-49.9095084710284,20.8340038426874,52.598591560082));
#1003=CARTESIAN_POINT('Ctrl Pts',(-49.9078703237462,20.8652615548922,53.3247969307683));
#1004=CARTESIAN_POINT('Ctrl Pts',(-49.9064477443867,20.8924059861006,54.0519880867385));
#1005=CARTESIAN_POINT('Ctrl Pts',(-49.9052458599797,20.9153393067527,54.7801152609459));
#1006=CARTESIAN_POINT('Ctrl Pts',(-49.9042698480155,20.9339627244503,55.509118611253));
#1007=CARTESIAN_POINT('Ctrl Pts',(-49.9035248485589,20.9481781609145,56.2389291254468));
#1008=CARTESIAN_POINT('Ctrl Pts',(-49.9030158479049,20.957890471968,56.9694724152358));
#1009=CARTESIAN_POINT('Ctrl Pts',(-49.9027475735483,20.9630094516355,57.7006715755081));
#1010=CARTESIAN_POINT('Ctrl Pts',(-49.90272437855,20.9634520385686,58.4324505592087));
#1011=CARTESIAN_POINT('Ctrl Pts',(-49.9029501441875,20.9591441735802,59.1647370307555));
#1012=CARTESIAN_POINT('Ctrl Pts',(-49.9034281399138,20.9500234717913,59.897466203863));
#1013=CARTESIAN_POINT('Ctrl Pts',(-49.9041610776326,20.936038186995,60.630580422901));
#1014=CARTESIAN_POINT('Ctrl Pts',(-49.9051512700783,20.9171441895922,61.3640265117242));
#1015=CARTESIAN_POINT('Ctrl Pts',(-49.9064007532603,20.8933026302074,62.0977538502364));
#1016=CARTESIAN_POINT('Ctrl Pts',(-49.9079114316141,20.8644771700459,62.8317120733334));
#1017=CARTESIAN_POINT('Ctrl Pts',(-49.9096851952236,20.8306317441629,63.5658491085725));
#1018=CARTESIAN_POINT('Ctrl Pts',(-49.9117240951271,20.7917272164097,64.3001086205104));
#1019=CARTESIAN_POINT('Ctrl Pts',(-49.9140302578401,20.7477230104603,65.034429992557));
#1020=CARTESIAN_POINT('Ctrl Pts',(-49.9166056644342,20.6985813252117,65.7687495910524));
#1021=CARTESIAN_POINT('Ctrl Pts',(-49.9194519766327,20.6442704530956,66.5030016227827));
#1022=CARTESIAN_POINT('Ctrl Pts',(-49.9225703329041,20.5847686708407,67.2371191763851));
#1023=CARTESIAN_POINT('Ctrl Pts',(-49.9259611817881,20.5200674197971,67.9710351491874));
#1024=CARTESIAN_POINT('Ctrl Pts',(-49.9296240375504,20.4501759683286,68.704683313205));
#1025=CARTESIAN_POINT('Ctrl Pts',(-49.9335575759843,20.3751195838052,69.4379988796199));
#1026=CARTESIAN_POINT('Ctrl Pts',(-49.9377599156871,20.2949341655284,70.1709188182704));
#1027=CARTESIAN_POINT('Ctrl Pts',(-49.9422288382315,20.2096620436111,70.9033822290733));
#1028=CARTESIAN_POINT('Ctrl Pts',(-49.9469620418982,20.1193471374773,71.6353307433069));
#1029=CARTESIAN_POINT('Ctrl Pts',(-49.951957361827,20.0240307551165,72.36670879298));
#1030=CARTESIAN_POINT('Ctrl Pts',(-49.9572130528725,19.9237461958885,73.0974642372672));
#1031=CARTESIAN_POINT('Ctrl Pts',(-49.9627278166159,19.8185182350996,73.827547402602));
#1032=CARTESIAN_POINT('Ctrl Pts',(-49.9685006761264,19.7083655137002,74.5569091334962));
#1033=CARTESIAN_POINT('Ctrl Pts',(-49.9745308967047,19.5933020505884,75.2854991919426));
#1034=CARTESIAN_POINT('Ctrl Pts',(-49.980817888019,19.4733391099667,76.0132644074174));
#1035=CARTESIAN_POINT('Ctrl Pts',(-49.9873611132964,19.3484869340708,76.7401471780177));
#1036=CARTESIAN_POINT('Ctrl Pts',(-49.9941599978251,19.2187564890545,77.4660832082885));
#1037=CARTESIAN_POINT('Ctrl Pts',(-50.001213826587,19.0841614182766,78.1910023515905));
#1038=CARTESIAN_POINT('Ctrl Pts',(-50.008521630686,18.9447202093759,78.9148315744086));
#1039=CARTESIAN_POINT('Ctrl Pts',(-50.0160820805493,18.8004582321127,79.637497247874));
#1040=CARTESIAN_POINT('Ctrl Pts',(-50.0238933689369,18.6514099706828,80.358927811));
#1041=CARTESIAN_POINT('Ctrl Pts',(-50.0319531154249,18.4976208462771,81.0790560560872));
#1042=CARTESIAN_POINT('Ctrl Pts',(-50.040258218866,18.3391500323107,81.7978221221546));
#1043=CARTESIAN_POINT('Ctrl Pts',(-50.0488049195329,18.1760692686568,82.5151738075149));
#1044=CARTESIAN_POINT('Ctrl Pts',(-50.0575890216307,18.0084586158497,83.2310649076837));
#1045=CARTESIAN_POINT('Ctrl Pts',(-50.0666060633933,17.8364032094591,83.9454541187138));
#1046=CARTESIAN_POINT('Ctrl Pts',(-50.0758515212933,17.659989363529,84.6583037258771));
#1047=CARTESIAN_POINT('Ctrl Pts',(-50.0853209705238,17.479301508403,85.369578343054));
#1048=CARTESIAN_POINT('Ctrl Pts',(-50.0950103368727,17.2944173846833,86.0792437344172));
#1049=CARTESIAN_POINT('Ctrl Pts',(-50.1049157954185,17.1054099762164,86.7872651336839));
#1050=CARTESIAN_POINT('Ctrl Pts',(-50.1150333925328,16.9123547227265,87.4936050676426));
#1051=CARTESIAN_POINT('Ctrl Pts',(-50.1253587560866,16.7153350494051,88.1982214531974));
#1052=CARTESIAN_POINT('Ctrl Pts',(-50.1358867510622,16.5144489382286,88.9010652993653));
#1053=CARTESIAN_POINT('Ctrl Pts',(-50.1466112009877,16.3098142432996,89.6020792332645));
#1054=CARTESIAN_POINT('Ctrl Pts',(-50.1575244748742,16.1015765725605,90.3011940327156));
#1055=CARTESIAN_POINT('Ctrl Pts',(-50.1686176028397,15.8899070815565,90.9983333168912));
#1056=CARTESIAN_POINT('Ctrl Pts',(-50.1798807776705,15.6749929030715,91.6934243636562));
#1057=CARTESIAN_POINT('Ctrl Pts',(-50.191303731503,15.4570299596167,92.3864067463309));
#1058=CARTESIAN_POINT('Ctrl Pts',(-50.2028761898025,15.2362143009899,93.0772427101583));
#1059=CARTESIAN_POINT('Ctrl Pts',(-50.2145882321131,15.0127352207695,93.7659248507944));
#1060=CARTESIAN_POINT('Ctrl Pts',(-50.2264308445573,14.7867647139814,94.4524898843134));
#1061=CARTESIAN_POINT('Ctrl Pts',(-50.2383956490123,14.558462644734,95.1370056659055));
#1062=CARTESIAN_POINT('Ctrl Pts',(-50.2504741564008,14.3279909942702,95.8195425353306));
#1063=CARTESIAN_POINT('Ctrl Pts',(-50.262657183928,14.0955249807547,96.5001502997689));
#1064=CARTESIAN_POINT('Ctrl Pts',(-50.2749341647014,13.8612662325049,97.1788310581316));
#1065=CARTESIAN_POINT('Ctrl Pts',(-50.2872925959917,13.6254533158076,97.8555180566096));
#1066=CARTESIAN_POINT('Ctrl Pts',(-50.2997171893046,13.3883779525161,98.5300409945059));
#1067=CARTESIAN_POINT('Ctrl Pts',(-50.3121906669413,13.1503698207575,99.2021669402849));
#1068=CARTESIAN_POINT('Ctrl Pts',(-50.3246951110659,12.9117708132132,99.8716667661044));
#1069=CARTESIAN_POINT('Ctrl Pts',(-50.3372131168675,12.6729130334536,100.538372365065));
#1070=CARTESIAN_POINT('Ctrl Pts',(-50.3497290570267,12.4340946685014,101.202239454114));
#1071=CARTESIAN_POINT('Ctrl Pts',(-50.3622302293699,12.1955580902628,101.863403918356));
#1072=CARTESIAN_POINT('Ctrl Pts',(-50.3747082404804,11.9574634546728,102.522251854537));
#1073=CARTESIAN_POINT('Ctrl Pts',(-50.3871568365503,11.719930091494,103.17928140412));
#1074=CARTESIAN_POINT('Ctrl Pts',(-50.3995695311882,11.4830817684446,103.834952914407));
#1075=CARTESIAN_POINT('Ctrl Pts',(-50.4119372106219,11.24709238666,104.48953718848));
#1076=CARTESIAN_POINT('Ctrl Pts',(-50.424245964782,11.0122273660746,105.142978361157));
#1077=CARTESIAN_POINT('Ctrl Pts',(-50.4364743034278,10.7788967649116,105.7947174031));
#1078=CARTESIAN_POINT('Ctrl Pts',(-50.4485922393852,10.547672772534,106.443634989154));
#1079=CARTESIAN_POINT('Ctrl Pts',(-50.4605678732372,10.3191640660824,107.08847485489));
#1080=CARTESIAN_POINT('Ctrl Pts',(-50.4723726006169,10.0939164493891,107.728178079882));
#1081=CARTESIAN_POINT('Ctrl Pts',(-50.4839873376666,9.87229406415176,108.362284679238));
#1082=CARTESIAN_POINT('Ctrl Pts',(-50.4954072107298,9.65438990527725,108.99123188201));
#1083=CARTESIAN_POINT('Ctrl Pts',(-50.5066496807302,9.43987079849193,109.616884722523));
#1084=CARTESIAN_POINT('Ctrl Pts',(-50.5177477100461,9.22810778414916,110.242054022999));
#1085=CARTESIAN_POINT('Ctrl Pts',(-50.528734921881,9.0184592933103,110.869473000285));
#1086=CARTESIAN_POINT('Ctrl Pts',(-50.5396326875405,8.81051753717103,111.50090278312));
#1087=CARTESIAN_POINT('Ctrl Pts',(-50.5504375971102,8.60434758077272,112.136267605551));
#1088=CARTESIAN_POINT('Ctrl Pts',(-50.5611059512578,8.40078325704908,112.7725794497));
#1089=CARTESIAN_POINT('Ctrl Pts',(-50.5715481367146,8.20153448903057,113.40355788368));
#1090=CARTESIAN_POINT('Ctrl Pts',(-50.5816645929839,8.00850100415935,114.022172923109));
#1091=CARTESIAN_POINT('Ctrl Pts',(-50.5913753840812,7.82320807188632,114.62273857356));
#1092=CARTESIAN_POINT('Ctrl Pts',(-50.6006527778562,7.64618485316025,115.203217573214));
#1093=CARTESIAN_POINT('Ctrl Pts',(-50.6095513663982,7.47638966886205,115.76735367475));
#1094=CARTESIAN_POINT('Ctrl Pts',(-50.6182424343727,7.31055421287936,116.3271015902));
#1095=CARTESIAN_POINT('Ctrl Pts',(-50.6269646859136,7.14412373900133,116.899194225218));
#1096=CARTESIAN_POINT('Ctrl Pts',(-50.6359714692512,6.97226407502098,117.501463432957));
#1097=CARTESIAN_POINT('Ctrl Pts',(-50.6454780711509,6.79086730473645,118.149167967704));
#1098=CARTESIAN_POINT('Ctrl Pts',(-50.6556117282042,6.59750560935612,118.851506457256));
#1099=CARTESIAN_POINT('Ctrl Pts',(-50.6663531784639,6.39254652872675,119.607551545612));
#1100=CARTESIAN_POINT('Ctrl Pts',(-50.6775664579113,6.17858441087266,120.408225324987));
#1101=CARTESIAN_POINT('Ctrl Pts',(-50.6890408183873,5.95964057022527,121.239103971213));
#1102=CARTESIAN_POINT('Ctrl Pts',(-50.7005281149369,5.74044989459058,122.08291380643));
#1103=CARTESIAN_POINT('Ctrl Pts',(-50.7117826305034,5.52570094471201,122.922190443195));
#1104=CARTESIAN_POINT('Ctrl Pts',(-50.7225986228893,5.31931951558251,123.741790792197));
#1105=CARTESIAN_POINT('Ctrl Pts',(-50.7328517876136,5.12367747799713,124.531652207536));
#1106=CARTESIAN_POINT('Ctrl Pts',(-50.7425303999826,4.93899855243531,125.28890458192));
#1107=CARTESIAN_POINT('Ctrl Pts',(-50.7516976013509,4.76407793008454,126.01567362681));
#1108=CARTESIAN_POINT('Ctrl Pts',(-50.7604610164016,4.5968620096499,126.717341618508));
#1109=CARTESIAN_POINT('Ctrl Pts',(-50.7689394043642,4.43508473004494,127.400625453377));
#1110=CARTESIAN_POINT('Ctrl Pts',(-50.7772309120315,4.27687333889711,128.071748251015));
#1111=CARTESIAN_POINT('Ctrl Pts',(-50.7853798321724,4.12138267983139,128.734533364686));
#1112=CARTESIAN_POINT('Ctrl Pts',(-50.7933463260604,3.96937292103242,129.388638439969));
#1113=CARTESIAN_POINT('Ctrl Pts',(-50.8010469601987,3.82243606845826,130.030899021758));
#1114=CARTESIAN_POINT('Ctrl Pts',(-50.8083910252465,3.68230295943663,130.656515179696));
#1115=CARTESIAN_POINT('Ctrl Pts',(-50.8153214439097,3.55006269362173,131.260374309325));
#1116=CARTESIAN_POINT('Ctrl Pts',(-50.8218468458363,3.4255506075172,131.838139272333));
#1117=CARTESIAN_POINT('Ctrl Pts',(-50.8280951732082,3.306325418865,132.387883363877));
#1118=CARTESIAN_POINT('Ctrl Pts',(-50.8342483930645,3.18891498971724,132.9090584397));
#1119=CARTESIAN_POINT('Ctrl Pts',(-50.8404249310803,3.07105962358064,133.400955992805));
#1120=CARTESIAN_POINT('Ctrl Pts',(-50.8465930437917,2.9533650218283,133.860498963263));
#1121=CARTESIAN_POINT('Ctrl Pts',(-50.8524391360383,2.84181493658139,134.282209649295));
#1122=CARTESIAN_POINT('Ctrl Pts',(-50.8573632768574,2.74785673254326,134.651755321724));
#1123=CARTESIAN_POINT('Ctrl Pts',(-50.8600715437736,2.69617992132856,134.879103069443));
#1124=CARTESIAN_POINT('Ctrl Pts',(-50.8612119375605,2.67441991160207,134.97845865289));
#1125=CARTESIAN_POINT('Ctrl Pts',(-50.8615794124041,2.66740807388242,135.00024064316));
#1126=CARTESIAN_POINT('Ctrl Pts',(-50.8616769189614,2.66554753793428,135.));
#1127=CARTESIAN_POINT('Ctrl Pts',(-53.2679794589533,2.7916565103384,135.));
#1128=CARTESIAN_POINT('Ctrl Pts',(-44.869899710434,2.35153180047662,135.));
#1129=CARTESIAN_POINT('Ctrl Pts',(-53.267881952396,2.79351704628654,135.00024064316));
#1130=CARTESIAN_POINT('Ctrl Pts',(-44.8698022038767,2.35339233642476,135.00024064316));
#1131=CARTESIAN_POINT('Ctrl Pts',(-53.2675144775524,2.80052888400619,134.97845865289));
#1132=CARTESIAN_POINT('Ctrl Pts',(-44.8694347290331,2.36040417414441,134.97845865289));
#1133=CARTESIAN_POINT('Ctrl Pts',(-53.2663740837655,2.82228889373267,134.879103069443));
#1134=CARTESIAN_POINT('Ctrl Pts',(-44.8682943352461,2.38216418387089,134.879103069443));
#1135=CARTESIAN_POINT('Ctrl Pts',(-53.2636658168493,2.87396570494737,134.651755321724));
#1136=CARTESIAN_POINT('Ctrl Pts',(-44.8655860683299,2.43384099508559,134.651755321724));
#1137=CARTESIAN_POINT('Ctrl Pts',(-53.2587416760303,2.9679239089855,134.282209649295));
#1138=CARTESIAN_POINT('Ctrl Pts',(-44.8606619275109,2.52779919912372,134.282209649295));
#1139=CARTESIAN_POINT('Ctrl Pts',(-53.2528955837836,3.07947399423242,133.860498963263));
#1140=CARTESIAN_POINT('Ctrl Pts',(-44.8548158352643,2.63934928437064,133.860498963263));
#1141=CARTESIAN_POINT('Ctrl Pts',(-53.2467274710722,3.19716859598476,133.400955992805));
#1142=CARTESIAN_POINT('Ctrl Pts',(-44.8486477225528,2.75704388612298,133.400955992805));
#1143=CARTESIAN_POINT('Ctrl Pts',(-53.2405509330564,3.31502396212136,132.9090584397));
#1144=CARTESIAN_POINT('Ctrl Pts',(-44.842471184537,2.87489925225958,132.9090584397));
#1145=CARTESIAN_POINT('Ctrl Pts',(-53.2343977132001,3.43243439126912,132.387883363877));
#1146=CARTESIAN_POINT('Ctrl Pts',(-44.8363179646807,2.99230968140734,132.387883363877));
#1147=CARTESIAN_POINT('Ctrl Pts',(-53.2281493858282,3.55165957992131,131.838139272333));
#1148=CARTESIAN_POINT('Ctrl Pts',(-44.8300696373089,3.11153487005953,131.838139272333));
#1149=CARTESIAN_POINT('Ctrl Pts',(-53.2216239839016,3.67617166602585,131.260374309325));
#1150=CARTESIAN_POINT('Ctrl Pts',(-44.8235442353822,3.23604695616407,131.260374309325));
#1151=CARTESIAN_POINT('Ctrl Pts',(-53.2146935652384,3.80841193184075,130.656515179696));
#1152=CARTESIAN_POINT('Ctrl Pts',(-44.8166138167191,3.36828722197897,130.656515179696));
#1153=CARTESIAN_POINT('Ctrl Pts',(-53.2073495001906,3.94854504086238,130.030899021758));
#1154=CARTESIAN_POINT('Ctrl Pts',(-44.8092697516712,3.5084203310006,130.030899021758));
#1155=CARTESIAN_POINT('Ctrl Pts',(-53.1996488660523,4.09548189343654,129.388638439969));
#1156=CARTESIAN_POINT('Ctrl Pts',(-44.801569117533,3.65535718357475,129.388638439969));
#1157=CARTESIAN_POINT('Ctrl Pts',(-53.1916823721643,4.24749165223551,128.734533364686));
#1158=CARTESIAN_POINT('Ctrl Pts',(-44.793602623645,3.80736694237373,128.734533364686));
#1159=CARTESIAN_POINT('Ctrl Pts',(-53.1835334520234,4.40298231130123,128.071748251015));
#1160=CARTESIAN_POINT('Ctrl Pts',(-44.7854537035041,3.96285760143945,128.071748251015));
#1161=CARTESIAN_POINT('Ctrl Pts',(-53.1752419443561,4.56119370244906,127.400625453377));
#1162=CARTESIAN_POINT('Ctrl Pts',(-44.7771621958367,4.12106899258728,127.400625453377));
#1163=CARTESIAN_POINT('Ctrl Pts',(-53.1667635563935,4.72297098205402,126.717341618508));
#1164=CARTESIAN_POINT('Ctrl Pts',(-44.7686838078742,4.28284627219223,126.717341618508));
#1165=CARTESIAN_POINT('Ctrl Pts',(-53.1580001413428,4.89018690248866,126.01567362681));
#1166=CARTESIAN_POINT('Ctrl Pts',(-44.7599203928234,4.45006219262687,126.01567362681));
#1167=CARTESIAN_POINT('Ctrl Pts',(-53.1488329399746,5.06510752483942,125.28890458192));
#1168=CARTESIAN_POINT('Ctrl Pts',(-44.7507531914552,4.62498281497764,125.28890458192));
#1169=CARTESIAN_POINT('Ctrl Pts',(-53.1391543276055,5.24978645040125,124.531652207536));
#1170=CARTESIAN_POINT('Ctrl Pts',(-44.7410745790861,4.80966174053946,124.531652207536));
#1171=CARTESIAN_POINT('Ctrl Pts',(-53.1289011628812,5.44542848798663,123.741790792197));
#1172=CARTESIAN_POINT('Ctrl Pts',(-44.7308214143619,5.00530377812485,123.741790792197));
#1173=CARTESIAN_POINT('Ctrl Pts',(-53.1180851704953,5.65180991711613,122.922190443195));
#1174=CARTESIAN_POINT('Ctrl Pts',(-44.7200054219759,5.21168520725435,122.922190443195));
#1175=CARTESIAN_POINT('Ctrl Pts',(-53.1068306549288,5.8665588669947,122.08291380643));
#1176=CARTESIAN_POINT('Ctrl Pts',(-44.7087509064094,5.42643415713292,122.08291380643));
#1177=CARTESIAN_POINT('Ctrl Pts',(-53.0953433583792,6.08574954262939,121.239103971213));
#1178=CARTESIAN_POINT('Ctrl Pts',(-44.6972636098599,5.64562483276761,121.239103971213));
#1179=CARTESIAN_POINT('Ctrl Pts',(-53.0838689979032,6.30469338327678,120.408225324987));
#1180=CARTESIAN_POINT('Ctrl Pts',(-44.6857892493838,5.864568673415,120.408225324987));
#1181=CARTESIAN_POINT('Ctrl Pts',(-53.0726557184558,6.51865550113087,119.607551545612));
#1182=CARTESIAN_POINT('Ctrl Pts',(-44.6745759699364,6.07853079126909,119.607551545612));
#1183=CARTESIAN_POINT('Ctrl Pts',(-53.0619142681961,6.72361458176024,118.851506457256));
#1184=CARTESIAN_POINT('Ctrl Pts',(-44.6638345196767,6.28348987189846,118.851506457256));
#1185=CARTESIAN_POINT('Ctrl Pts',(-53.0517806111428,6.91697627714057,118.149167967704));
#1186=CARTESIAN_POINT('Ctrl Pts',(-44.6537008626235,6.47685156727879,118.149167967704));
#1187=CARTESIAN_POINT('Ctrl Pts',(-53.0422740092431,7.0983730474251,117.501463432957));
#1188=CARTESIAN_POINT('Ctrl Pts',(-44.6441942607237,6.65824833756332,117.501463432957));
#1189=CARTESIAN_POINT('Ctrl Pts',(-53.0332672259055,7.27023271140545,116.899194225218));
#1190=CARTESIAN_POINT('Ctrl Pts',(-44.6351874773862,6.83010800154367,116.899194225218));
#1191=CARTESIAN_POINT('Ctrl Pts',(-53.0245449743646,7.43666318528348,116.3271015902));
#1192=CARTESIAN_POINT('Ctrl Pts',(-44.6264652258452,6.9965384754217,116.3271015902));
#1193=CARTESIAN_POINT('Ctrl Pts',(-53.0158539063901,7.60249864126617,115.76735367475));
#1194=CARTESIAN_POINT('Ctrl Pts',(-44.6177741578708,7.16237393140439,115.76735367475));
#1195=CARTESIAN_POINT('Ctrl Pts',(-53.0069553178481,7.77229382556437,115.203217573214));
#1196=CARTESIAN_POINT('Ctrl Pts',(-44.6088755693287,7.33216911570259,115.203217573214));
#1197=CARTESIAN_POINT('Ctrl Pts',(-52.9976779240731,7.94931704429044,114.62273857356));
#1198=CARTESIAN_POINT('Ctrl Pts',(-44.5995981755538,7.50919233442866,114.62273857356));
#1199=CARTESIAN_POINT('Ctrl Pts',(-52.9879671329759,8.13460997656346,114.022172923109));
#1200=CARTESIAN_POINT('Ctrl Pts',(-44.5898873844565,7.69448526670168,114.022172923109));
#1201=CARTESIAN_POINT('Ctrl Pts',(-52.9778506767065,8.32764346143469,113.40355788368));
#1202=CARTESIAN_POINT('Ctrl Pts',(-44.5797709281871,7.88751875157291,113.40355788368));
#1203=CARTESIAN_POINT('Ctrl Pts',(-52.9674084912498,8.5268922294532,112.7725794497));
#1204=CARTESIAN_POINT('Ctrl Pts',(-44.5693287427304,8.08676751959142,112.7725794497));
#1205=CARTESIAN_POINT('Ctrl Pts',(-52.9567401371022,8.73045655317684,112.136267605551));
#1206=CARTESIAN_POINT('Ctrl Pts',(-44.5586603885828,8.29033184331506,112.136267605551));
#1207=CARTESIAN_POINT('Ctrl Pts',(-52.9459352275324,8.93662650957515,111.50090278312));
#1208=CARTESIAN_POINT('Ctrl Pts',(-44.5478554790131,8.49650179971337,111.50090278312));
#1209=CARTESIAN_POINT('Ctrl Pts',(-52.935037461873,9.14456826571442,110.869473000285));
#1210=CARTESIAN_POINT('Ctrl Pts',(-44.5369577133536,8.70444355585264,110.869473000285));
#1211=CARTESIAN_POINT('Ctrl Pts',(-52.9240502500381,9.35421675655328,110.242054022999));
#1212=CARTESIAN_POINT('Ctrl Pts',(-44.5259705015187,8.9140920466915,110.242054022999));
#1213=CARTESIAN_POINT('Ctrl Pts',(-52.9129522207221,9.56597977089604,109.616884722523));
#1214=CARTESIAN_POINT('Ctrl Pts',(-44.5148724722027,9.12585506103426,109.616884722523));
#1215=CARTESIAN_POINT('Ctrl Pts',(-52.9017097507217,9.78049887768137,108.99123188201));
#1216=CARTESIAN_POINT('Ctrl Pts',(-44.5036300022023,9.34037416781958,108.99123188201));
#1217=CARTESIAN_POINT('Ctrl Pts',(-52.8902898776585,9.99840303655588,108.362284679238));
#1218=CARTESIAN_POINT('Ctrl Pts',(-44.4922101291392,9.5582783266941,108.362284679238));
#1219=CARTESIAN_POINT('Ctrl Pts',(-52.8786751406088,10.2200254217932,107.728178079882));
#1220=CARTESIAN_POINT('Ctrl Pts',(-44.4805953920895,9.77990071193144,107.728178079882));
#1221=CARTESIAN_POINT('Ctrl Pts',(-52.8668704132291,10.4452730384865,107.08847485489));
#1222=CARTESIAN_POINT('Ctrl Pts',(-44.4687906647098,10.0051483286247,107.08847485489));
#1223=CARTESIAN_POINT('Ctrl Pts',(-52.8548947793772,10.6737817449381,106.443634989154));
#1224=CARTESIAN_POINT('Ctrl Pts',(-44.4568150308578,10.2336570350763,106.443634989154));
#1225=CARTESIAN_POINT('Ctrl Pts',(-52.8427768434197,10.9050057373157,105.7947174031));
#1226=CARTESIAN_POINT('Ctrl Pts',(-44.4446970949003,10.4648810274539,105.7947174031));
#1227=CARTESIAN_POINT('Ctrl Pts',(-52.830548504774,11.1383363384787,105.142978361157));
#1228=CARTESIAN_POINT('Ctrl Pts',(-44.4324687562546,10.698211628617,105.142978361157));
#1229=CARTESIAN_POINT('Ctrl Pts',(-52.8182397506138,11.3732013590641,104.48953718848));
#1230=CARTESIAN_POINT('Ctrl Pts',(-44.4201600020945,10.9330766492023,104.48953718848));
#1231=CARTESIAN_POINT('Ctrl Pts',(-52.8058720711801,11.6091907408487,103.834952914407));
#1232=CARTESIAN_POINT('Ctrl Pts',(-44.4077923226607,11.1690660309869,103.834952914407));
#1233=CARTESIAN_POINT('Ctrl Pts',(-52.7934593765422,11.8460390638981,103.17928140412));
#1234=CARTESIAN_POINT('Ctrl Pts',(-44.3953796280228,11.4059143540364,103.17928140412));
#1235=CARTESIAN_POINT('Ctrl Pts',(-52.7810107804724,12.0835724270769,102.522251854537));
#1236=CARTESIAN_POINT('Ctrl Pts',(-44.382931031953,11.6434477172151,102.522251854537));
#1237=CARTESIAN_POINT('Ctrl Pts',(-52.7685327693619,12.321667062667,101.863403918356));
#1238=CARTESIAN_POINT('Ctrl Pts',(-44.3704530208425,11.8815423528052,101.863403918356));
#1239=CARTESIAN_POINT('Ctrl Pts',(-52.7560315970186,12.5602036409055,101.202239454114));
#1240=CARTESIAN_POINT('Ctrl Pts',(-44.3579518484992,12.1200789310438,101.202239454114));
#1241=CARTESIAN_POINT('Ctrl Pts',(-52.7435156568595,12.7990220058577,100.538372365065));
#1242=CARTESIAN_POINT('Ctrl Pts',(-44.3454359083401,12.358897295996,100.538372365065));
#1243=CARTESIAN_POINT('Ctrl Pts',(-52.7309976510578,13.0378797856173,99.8716667661044));
#1244=CARTESIAN_POINT('Ctrl Pts',(-44.3329179025384,12.5977550757555,99.8716667661044));
#1245=CARTESIAN_POINT('Ctrl Pts',(-52.7184932069332,13.2764787931616,99.2021669402849));
#1246=CARTESIAN_POINT('Ctrl Pts',(-44.3204134584139,12.8363540832998,99.2021669402849));
#1247=CARTESIAN_POINT('Ctrl Pts',(-52.7060197292965,13.5144869249203,98.5300409945059));
#1248=CARTESIAN_POINT('Ctrl Pts',(-44.3079399807771,13.0743622150585,98.5300409945059));
#1249=CARTESIAN_POINT('Ctrl Pts',(-52.6935951359836,13.7515622882118,97.8555180566096));
#1250=CARTESIAN_POINT('Ctrl Pts',(-44.2955153874643,13.31143757835,97.8555180566096));
#1251=CARTESIAN_POINT('Ctrl Pts',(-52.6812367046933,13.987375204909,97.1788310581316));
#1252=CARTESIAN_POINT('Ctrl Pts',(-44.2831569561739,13.5472504950473,97.1788310581316));
#1253=CARTESIAN_POINT('Ctrl Pts',(-52.6689597239199,14.2216339531588,96.5001502997689));
#1254=CARTESIAN_POINT('Ctrl Pts',(-44.2708799754005,13.781509243297,96.5001502997689));
#1255=CARTESIAN_POINT('Ctrl Pts',(-52.6567766963927,14.4540999666743,95.8195425353306));
#1256=CARTESIAN_POINT('Ctrl Pts',(-44.2586969478734,14.0139752568125,95.8195425353306));
#1257=CARTESIAN_POINT('Ctrl Pts',(-52.6446981890042,14.6845716171381,95.1370056659055));
#1258=CARTESIAN_POINT('Ctrl Pts',(-44.2466184404849,14.2444469072763,95.1370056659055));
#1259=CARTESIAN_POINT('Ctrl Pts',(-52.6327333845493,14.9128736863856,94.4524898843134));
#1260=CARTESIAN_POINT('Ctrl Pts',(-44.2346536360299,14.4727489765238,94.4524898843134));
#1261=CARTESIAN_POINT('Ctrl Pts',(-52.620890772105,15.1388441931736,93.7659248507944));
#1262=CARTESIAN_POINT('Ctrl Pts',(-44.2228110235857,14.6987194833118,93.7659248507944));
#1263=CARTESIAN_POINT('Ctrl Pts',(-52.6091787297945,15.3623232733941,93.0772427101583));
#1264=CARTESIAN_POINT('Ctrl Pts',(-44.2110989812751,14.9221985635323,93.0772427101583));
#1265=CARTESIAN_POINT('Ctrl Pts',(-52.5976062714949,15.5831389320209,92.3864067463309));
#1266=CARTESIAN_POINT('Ctrl Pts',(-44.1995265229755,15.1430142221591,92.3864067463309));
#1267=CARTESIAN_POINT('Ctrl Pts',(-52.5861833176624,15.8011018754756,91.6934243636562));
#1268=CARTESIAN_POINT('Ctrl Pts',(-44.1881035691431,15.3609771656138,91.6934243636562));
#1269=CARTESIAN_POINT('Ctrl Pts',(-52.5749201428316,16.0160160539606,90.9983333168912));
#1270=CARTESIAN_POINT('Ctrl Pts',(-44.1768403943122,15.5758913440989,90.9983333168912));
#1271=CARTESIAN_POINT('Ctrl Pts',(-52.5638270148661,16.2276855449646,90.3011940327156));
#1272=CARTESIAN_POINT('Ctrl Pts',(-44.1657472663468,15.7875608351029,90.3011940327156));
#1273=CARTESIAN_POINT('Ctrl Pts',(-52.5529137409796,16.4359232157037,89.6020792332645));
#1274=CARTESIAN_POINT('Ctrl Pts',(-44.1548339924602,15.9957985058419,89.6020792332645));
#1275=CARTESIAN_POINT('Ctrl Pts',(-52.5421892910541,16.6405579106327,88.9010652993653));
#1276=CARTESIAN_POINT('Ctrl Pts',(-44.1441095425348,16.2004332007709,88.9010652993653));
#1277=CARTESIAN_POINT('Ctrl Pts',(-52.5316612960786,16.8414440218092,88.1982214531974));
#1278=CARTESIAN_POINT('Ctrl Pts',(-44.1335815475592,16.4013193119474,88.1982214531974));
#1279=CARTESIAN_POINT('Ctrl Pts',(-52.5213359325247,17.0384636951306,87.4936050676426));
#1280=CARTESIAN_POINT('Ctrl Pts',(-44.1232561840054,16.5983389852688,87.4936050676426));
#1281=CARTESIAN_POINT('Ctrl Pts',(-52.5112183354104,17.2315189486205,86.7872651336839));
#1282=CARTESIAN_POINT('Ctrl Pts',(-44.113138586891,16.7913942387587,86.7872651336839));
#1283=CARTESIAN_POINT('Ctrl Pts',(-52.5013128768646,17.4205263570874,86.0792437344172));
#1284=CARTESIAN_POINT('Ctrl Pts',(-44.1032331283452,16.9804016472256,86.0792437344172));
#1285=CARTESIAN_POINT('Ctrl Pts',(-52.4916235105158,17.6054104808071,85.369578343054));
#1286=CARTESIAN_POINT('Ctrl Pts',(-44.0935437619964,17.1652857709453,85.369578343054));
#1287=CARTESIAN_POINT('Ctrl Pts',(-52.4821540612852,17.7860983359331,84.6583037258771));
#1288=CARTESIAN_POINT('Ctrl Pts',(-44.0840743127658,17.3459736260713,84.6583037258771));
#1289=CARTESIAN_POINT('Ctrl Pts',(-52.4729086033852,17.9625121818632,83.9454541187138));
#1290=CARTESIAN_POINT('Ctrl Pts',(-44.0748288548658,17.5223874720014,83.9454541187138));
#1291=CARTESIAN_POINT('Ctrl Pts',(-52.4638915616226,18.1345675882538,83.2310649076837));
#1292=CARTESIAN_POINT('Ctrl Pts',(-44.0658118131033,17.694442878392,83.2310649076837));
#1293=CARTESIAN_POINT('Ctrl Pts',(-52.4551074595248,18.302178241061,82.5151738075149));
#1294=CARTESIAN_POINT('Ctrl Pts',(-44.0570277110055,17.8620535311992,82.5151738075149));
#1295=CARTESIAN_POINT('Ctrl Pts',(-52.4465607588579,18.4652590047148,81.7978221221546));
#1296=CARTESIAN_POINT('Ctrl Pts',(-44.0484810103386,18.025134294853,81.7978221221546));
#1297=CARTESIAN_POINT('Ctrl Pts',(-52.4382556554168,18.6237298186812,81.0790560560872));
#1298=CARTESIAN_POINT('Ctrl Pts',(-44.0401759068974,18.1836051088194,81.0790560560872));
#1299=CARTESIAN_POINT('Ctrl Pts',(-52.4301959089288,18.7775189430869,80.358927811));
#1300=CARTESIAN_POINT('Ctrl Pts',(-44.0321161604094,18.3373942332251,80.358927811));
#1301=CARTESIAN_POINT('Ctrl Pts',(-52.4223846205413,18.9265672045168,79.637497247874));
#1302=CARTESIAN_POINT('Ctrl Pts',(-44.0243048720219,18.486442494655,79.637497247874));
#1303=CARTESIAN_POINT('Ctrl Pts',(-52.4148241706779,19.07082918178,78.9148315744086));
#1304=CARTESIAN_POINT('Ctrl Pts',(-44.0167444221586,18.6307044719183,78.9148315744086));
#1305=CARTESIAN_POINT('Ctrl Pts',(-52.4075163665789,19.2102703906807,78.1910023515905));
#1306=CARTESIAN_POINT('Ctrl Pts',(-44.0094366180595,18.770145680819,78.1910023515905));
#1307=CARTESIAN_POINT('Ctrl Pts',(-52.400462537817,19.3448654614586,77.4660832082885));
#1308=CARTESIAN_POINT('Ctrl Pts',(-44.0023827892976,18.9047407515969,77.4660832082885));
#1309=CARTESIAN_POINT('Ctrl Pts',(-52.3936636532883,19.4745959064749,76.7401471780177));
#1310=CARTESIAN_POINT('Ctrl Pts',(-43.9955839047689,19.0344711966131,76.7401471780177));
#1311=CARTESIAN_POINT('Ctrl Pts',(-52.3871204280109,19.5994480823708,76.0132644074174));
#1312=CARTESIAN_POINT('Ctrl Pts',(-43.9890406794915,19.159323372509,76.0132644074174));
#1313=CARTESIAN_POINT('Ctrl Pts',(-52.3808334366967,19.7194110229925,75.2854991919426));
#1314=CARTESIAN_POINT('Ctrl Pts',(-43.9827536881773,19.2792863131307,75.2854991919426));
#1315=CARTESIAN_POINT('Ctrl Pts',(-52.3748032161184,19.8344744861043,74.5569091334962));
#1316=CARTESIAN_POINT('Ctrl Pts',(-43.976723467599,19.3943497762426,74.5569091334962));
#1317=CARTESIAN_POINT('Ctrl Pts',(-52.3690303566078,19.9446272075037,73.827547402602));
#1318=CARTESIAN_POINT('Ctrl Pts',(-43.9709506080885,19.504502497642,73.827547402602));
#1319=CARTESIAN_POINT('Ctrl Pts',(-52.3635155928644,20.0498551682926,73.0974642372672));
#1320=CARTESIAN_POINT('Ctrl Pts',(-43.965435844345,19.6097304584308,73.0974642372672));
#1321=CARTESIAN_POINT('Ctrl Pts',(-52.3582599018189,20.1501397275206,72.36670879298));
#1322=CARTESIAN_POINT('Ctrl Pts',(-43.9601801532995,19.7100150176588,72.36670879298));
#1323=CARTESIAN_POINT('Ctrl Pts',(-52.3532645818901,20.2454561098814,71.6353307433069));
#1324=CARTESIAN_POINT('Ctrl Pts',(-43.9551848333707,19.8053314000196,71.6353307433069));
#1325=CARTESIAN_POINT('Ctrl Pts',(-52.3485313782234,20.3357710160152,70.9033822290733));
#1326=CARTESIAN_POINT('Ctrl Pts',(-43.9504516297041,19.8956463061534,70.9033822290733));
#1327=CARTESIAN_POINT('Ctrl Pts',(-52.344062455679,20.4210431379325,70.1709188182704));
#1328=CARTESIAN_POINT('Ctrl Pts',(-43.9459827071596,19.9809184280707,70.1709188182704));
#1329=CARTESIAN_POINT('Ctrl Pts',(-52.3398601159762,20.5012285562093,69.4379988796199));
#1330=CARTESIAN_POINT('Ctrl Pts',(-43.9417803674569,20.0611038463475,69.4379988796199));
#1331=CARTESIAN_POINT('Ctrl Pts',(-52.3359265775424,20.5762849407327,68.704683313205));
#1332=CARTESIAN_POINT('Ctrl Pts',(-43.937846829023,20.1361602308709,68.704683313205));
#1333=CARTESIAN_POINT('Ctrl Pts',(-52.33226372178,20.6461763922012,67.9710351491874));
#1334=CARTESIAN_POINT('Ctrl Pts',(-43.9341839732607,20.2060516823395,67.9710351491874));
#1335=CARTESIAN_POINT('Ctrl Pts',(-52.328872872896,20.7108776432448,67.2371191763851));
#1336=CARTESIAN_POINT('Ctrl Pts',(-43.9307931243766,20.270752933383,67.2371191763851));
#1337=CARTESIAN_POINT('Ctrl Pts',(-52.3257545166246,20.7703794254997,66.5030016227827));
#1338=CARTESIAN_POINT('Ctrl Pts',(-43.9276747681053,20.3302547156379,66.5030016227827));
#1339=CARTESIAN_POINT('Ctrl Pts',(-52.3229082044261,20.8246902976158,65.7687495910524));
#1340=CARTESIAN_POINT('Ctrl Pts',(-43.9248284559067,20.3845655877541,65.7687495910524));
#1341=CARTESIAN_POINT('Ctrl Pts',(-52.320332797832,20.8738319828644,65.034429992557));
#1342=CARTESIAN_POINT('Ctrl Pts',(-43.9222530493126,20.4337072730026,65.034429992557));
#1343=CARTESIAN_POINT('Ctrl Pts',(-52.3180266351191,20.9178361888138,64.3001086205104));
#1344=CARTESIAN_POINT('Ctrl Pts',(-43.9199468865997,20.477711478952,64.3001086205104));
#1345=CARTESIAN_POINT('Ctrl Pts',(-52.3159877352155,20.956740716567,63.5658491085725));
#1346=CARTESIAN_POINT('Ctrl Pts',(-43.9179079866961,20.5166160067052,63.5658491085725));
#1347=CARTESIAN_POINT('Ctrl Pts',(-52.3142139716061,20.99058614245,62.8317120733334));
#1348=CARTESIAN_POINT('Ctrl Pts',(-43.9161342230867,20.5504614325883,62.8317120733334));
#1349=CARTESIAN_POINT('Ctrl Pts',(-52.3127032932522,21.0194116026116,62.0977538502364));
#1350=CARTESIAN_POINT('Ctrl Pts',(-43.9146235447328,20.5792868927498,62.0977538502364));
#1351=CARTESIAN_POINT('Ctrl Pts',(-52.3114538100702,21.0432531619963,61.3640265117242));
#1352=CARTESIAN_POINT('Ctrl Pts',(-43.9133740615508,20.6031284521345,61.3640265117242));
#1353=CARTESIAN_POINT('Ctrl Pts',(-52.3104636176245,21.0621471593991,60.630580422901));
#1354=CARTESIAN_POINT('Ctrl Pts',(-43.9123838691051,20.6220224495374,60.630580422901));
#1355=CARTESIAN_POINT('Ctrl Pts',(-52.3097306799057,21.0761324441955,59.897466203863));
#1356=CARTESIAN_POINT('Ctrl Pts',(-43.9116509313863,20.6360077343337,59.897466203863));
#1357=CARTESIAN_POINT('Ctrl Pts',(-52.3092526841794,21.0852531459844,59.1647370307555));
#1358=CARTESIAN_POINT('Ctrl Pts',(-43.9111729356601,20.6451284361226,59.1647370307555));
#1359=CARTESIAN_POINT('Ctrl Pts',(-52.3090269185419,21.0895610109727,58.4324505592087));
#1360=CARTESIAN_POINT('Ctrl Pts',(-43.9109471700226,20.6494363011109,58.4324505592087));
#1361=CARTESIAN_POINT('Ctrl Pts',(-52.3090501135403,21.0891184240396,57.7006715755081));
#1362=CARTESIAN_POINT('Ctrl Pts',(-43.9109703650209,20.6489937141778,57.7006715755081));
#1363=CARTESIAN_POINT('Ctrl Pts',(-52.3093183878968,21.0839994443721,56.9694724152358));
#1364=CARTESIAN_POINT('Ctrl Pts',(-43.9112386393774,20.6438747345104,56.9694724152358));
#1365=CARTESIAN_POINT('Ctrl Pts',(-52.3098273885508,21.0742871333186,56.2389291254468));
#1366=CARTESIAN_POINT('Ctrl Pts',(-43.9117476400315,20.6341624234568,56.2389291254468));
#1367=CARTESIAN_POINT('Ctrl Pts',(-52.3105723880075,21.0600716968544,55.509118611253));
#1368=CARTESIAN_POINT('Ctrl Pts',(-43.9124926394881,20.6199469869926,55.509118611253));
#1369=CARTESIAN_POINT('Ctrl Pts',(-52.3115483999717,21.0414482791568,54.7801152609459));
#1370=CARTESIAN_POINT('Ctrl Pts',(-43.9134686514523,20.601323569295,54.7801152609459));
#1371=CARTESIAN_POINT('Ctrl Pts',(-52.3127502843786,21.0185149585047,54.0519880867385));
#1372=CARTESIAN_POINT('Ctrl Pts',(-43.9146705358593,20.5783902486429,54.0519880867385));
#1373=CARTESIAN_POINT('Ctrl Pts',(-52.3141728637382,20.9913705272963,53.3247969307683));
#1374=CARTESIAN_POINT('Ctrl Pts',(-43.9160931152188,20.5512458174346,53.3247969307683));
#1375=CARTESIAN_POINT('Ctrl Pts',(-52.3158110110203,20.9601128150915,52.598591560082));
#1376=CARTESIAN_POINT('Ctrl Pts',(-43.9177312625009,20.5199881052297,52.598591560082));
#1377=CARTESIAN_POINT('Ctrl Pts',(-52.3176596929561,20.9248378623815,51.8734155143934));
#1378=CARTESIAN_POINT('Ctrl Pts',(-43.9195799444368,20.4847131525197,51.8734155143934));
#1379=CARTESIAN_POINT('Ctrl Pts',(-52.3197140239232,20.885638892397,51.1493088116771));
#1380=CARTESIAN_POINT('Ctrl Pts',(-43.9216342754038,20.4455141825352,51.1493088116771));
#1381=CARTESIAN_POINT('Ctrl Pts',(-52.3219693146437,20.8426053818883,50.4263112217735));
#1382=CARTESIAN_POINT('Ctrl Pts',(-43.9238895661243,20.4024806720265,50.4263112217735));
#1383=CARTESIAN_POINT('Ctrl Pts',(-52.3244211252684,20.7958220482253,49.7044650466694));
#1384=CARTESIAN_POINT('Ctrl Pts',(-43.9263413767491,20.3556973383635,49.7044650466694));
#1385=CARTESIAN_POINT('Ctrl Pts',(-52.3270653112613,20.7453679738677,48.9838187274536));
#1386=CARTESIAN_POINT('Ctrl Pts',(-43.9289855627419,20.3052432640059,48.9838187274536));
#1387=CARTESIAN_POINT('Ctrl Pts',(-52.3298980926276,20.6913152854102,48.2644278019165));
#1388=CARTESIAN_POINT('Ctrl Pts',(-43.9318183441083,20.2511905755484,48.2644278019165));
#1389=CARTESIAN_POINT('Ctrl Pts',(-52.3329161542407,20.6337272392397,47.5463526339076));
#1390=CARTESIAN_POINT('Ctrl Pts',(-43.9348364057213,20.1936025293779,47.5463526339076));
#1391=CARTESIAN_POINT('Ctrl Pts',(-52.3361167344364,20.5726565310457,46.8296569883223));
#1392=CARTESIAN_POINT('Ctrl Pts',(-43.938036985917,20.1325318211839,46.8296569883223));
#1393=CARTESIAN_POINT('Ctrl Pts',(-52.339497726677,20.5081433559626,46.1144062077096));
#1394=CARTESIAN_POINT('Ctrl Pts',(-43.9414179781576,20.0680186461008,46.1144062077096));
#1395=CARTESIAN_POINT('Ctrl Pts',(-52.3430577564746,20.4402139407825,45.4006656871094));
#1396=CARTESIAN_POINT('Ctrl Pts',(-43.9449780079552,20.0000892309207,45.4006656871094));
#1397=CARTESIAN_POINT('Ctrl Pts',(-52.3467963167802,20.3688779605748,44.6884989023709));
#1398=CARTESIAN_POINT('Ctrl Pts',(-43.9487165682608,19.928753250713,44.6884989023709));
#1399=CARTESIAN_POINT('Ctrl Pts',(-52.3507136712072,20.2941303852985,43.9779670064817));
#1400=CARTESIAN_POINT('Ctrl Pts',(-43.9526339226879,19.8540056754367,43.9779670064817));
#1401=CARTESIAN_POINT('Ctrl Pts',(-52.354810577602,20.2159567543841,43.2691295985462));
#1402=CARTESIAN_POINT('Ctrl Pts',(-43.9567308290826,19.7758320445223,43.2691295985462));
#1403=CARTESIAN_POINT('Ctrl Pts',(-52.3590880668373,20.1343373976036,42.5620451501958));
#1404=CARTESIAN_POINT('Ctrl Pts',(-43.961008318318,19.6942126877418,42.5620451501958));
#1405=CARTESIAN_POINT('Ctrl Pts',(-52.3635471918538,20.0492522236566,41.8567715830793));
#1406=CARTESIAN_POINT('Ctrl Pts',(-43.9654674433345,19.6091275137948,41.8567715830793));
#1407=CARTESIAN_POINT('Ctrl Pts',(-52.3681888058425,19.9606849526865,41.1533667576695));
#1408=CARTESIAN_POINT('Ctrl Pts',(-43.9701090573232,19.5205602428247,41.1533667576695));
#1409=CARTESIAN_POINT('Ctrl Pts',(-52.3730132857457,19.8686283922066,40.4518890616797));
#1410=CARTESIAN_POINT('Ctrl Pts',(-43.9749335372263,19.4285036823448,40.4518890616797));
#1411=CARTESIAN_POINT('Ctrl Pts',(-52.3780205404845,19.773084280105,39.7523975743166));
#1412=CARTESIAN_POINT('Ctrl Pts',(-43.9799407919652,19.3329595702432,39.7523975743166));
#1413=CARTESIAN_POINT('Ctrl Pts',(-52.3832101169419,19.6740612623702,39.0549520909682));
#1414=CARTESIAN_POINT('Ctrl Pts',(-43.9851303684225,19.2339365525084,39.0549520909682));
#1415=CARTESIAN_POINT('Ctrl Pts',(-52.3885812737453,19.5715734852343,38.3596131944436));
#1416=CARTESIAN_POINT('Ctrl Pts',(-43.9905015252259,19.1314487753725,38.3596131944436));
#1417=CARTESIAN_POINT('Ctrl Pts',(-52.3941330686254,19.4656389282649,37.6664423044746));
#1418=CARTESIAN_POINT('Ctrl Pts',(-43.996053320106,19.0255142184031,37.6664423044746));
#1419=CARTESIAN_POINT('Ctrl Pts',(-52.3998644395924,19.3562778554345,36.9755017420557));
#1420=CARTESIAN_POINT('Ctrl Pts',(-44.001784691073,18.9161531455727,36.9755017420557));
#1421=CARTESIAN_POINT('Ctrl Pts',(-52.4057742897376,19.2435111970096,36.2868547728971));
#1422=CARTESIAN_POINT('Ctrl Pts',(-44.0076945412182,18.8033864871478,36.2868547728971));
#1423=CARTESIAN_POINT('Ctrl Pts',(-52.4118615218405,19.1273598892043,35.6005661882017));
#1424=CARTESIAN_POINT('Ctrl Pts',(-44.0137817733211,18.6872351793426,35.6005661882017));
#1425=CARTESIAN_POINT('Ctrl Pts',(-52.4181250712585,19.00784424661,34.9167028804173));
#1426=CARTESIAN_POINT('Ctrl Pts',(-44.0200453227391,18.5677195367482,34.9167028804173));
#1427=CARTESIAN_POINT('Ctrl Pts',(-52.424563940943,18.8849832940451,34.2353344586917));
#1428=CARTESIAN_POINT('Ctrl Pts',(-44.0264841924236,18.4448585841833,34.2353344586917));
#1429=CARTESIAN_POINT('Ctrl Pts',(-52.431177232104,18.7587941814466,33.5565337620925));
#1430=CARTESIAN_POINT('Ctrl Pts',(-44.0330974835846,18.3186694715848,33.5565337620925));
#1431=CARTESIAN_POINT('Ctrl Pts',(-52.4379641850576,18.6292914044454,32.8803776226429));
#1432=CARTESIAN_POINT('Ctrl Pts',(-44.0398844365382,18.1891666945836,32.8803776226429));
#1433=CARTESIAN_POINT('Ctrl Pts',(-52.4449241889125,18.4964866195434,32.2069468565023));
#1434=CARTESIAN_POINT('Ctrl Pts',(-44.0468444403931,18.0563619096816,32.2069468565023));
#1435=CARTESIAN_POINT('Ctrl Pts',(-52.4520567084155,18.3603900399774,31.5363241790369));
#1436=CARTESIAN_POINT('Ctrl Pts',(-44.0539769598962,17.9202653301156,31.5363241790369));
#1437=CARTESIAN_POINT('Ctrl Pts',(-52.4593612273663,18.2210115154395,30.8685925560572));
#1438=CARTESIAN_POINT('Ctrl Pts',(-44.061281478847,17.7808868055777,30.8685925560572));
#1439=CARTESIAN_POINT('Ctrl Pts',(-52.4668371833283,18.0783617778573,30.2038332849745));
#1440=CARTESIAN_POINT('Ctrl Pts',(-44.068757434809,17.6382370679955,30.2038332849745));
#1441=CARTESIAN_POINT('Ctrl Pts',(-52.4744839109884,17.9324535221622,29.5421244156493));
#1442=CARTESIAN_POINT('Ctrl Pts',(-44.076404162469,17.4923288123004,29.5421244156493));
#1443=CARTESIAN_POINT('Ctrl Pts',(-52.4823005692156,17.7833027980871,28.8835384537518));
#1444=CARTESIAN_POINT('Ctrl Pts',(-44.0842208206962,17.3431780882253,28.8835384537518));
#1445=CARTESIAN_POINT('Ctrl Pts',(-52.4902861448012,17.6309289388087,28.2281435125019));
#1446=CARTESIAN_POINT('Ctrl Pts',(-44.0922063962818,17.1908042289469,28.2281435125019));
#1447=CARTESIAN_POINT('Ctrl Pts',(-52.4984394900287,17.4753538440604,27.5760059332394));
#1448=CARTESIAN_POINT('Ctrl Pts',(-44.1003597415093,17.0352291341986,27.5760059332394));
#1449=CARTESIAN_POINT('Ctrl Pts',(-52.5067593479014,17.3166014987684,26.9271924703791));
#1450=CARTESIAN_POINT('Ctrl Pts',(-44.108679599382,16.8764767889067,26.9271924703791));
#1451=CARTESIAN_POINT('Ctrl Pts',(-52.5152443858905,17.1546973290975,26.2817725817289));
#1452=CARTESIAN_POINT('Ctrl Pts',(-44.1171646373712,16.7145726192357,26.2817725817289));
#1453=CARTESIAN_POINT('Ctrl Pts',(-52.523893217942,16.9896677825342,25.6398208541833));
#1454=CARTESIAN_POINT('Ctrl Pts',(-44.1258134694226,16.5495430726724,25.6398208541833));
#1455=CARTESIAN_POINT('Ctrl Pts',(-52.5327044563582,16.8215393379265,25.0014188238785));
#1456=CARTESIAN_POINT('Ctrl Pts',(-44.1346247078388,16.3814146280647,25.0014188238785));
#1457=CARTESIAN_POINT('Ctrl Pts',(-52.541676898447,16.6503349440066,24.3666539840919));
#1458=CARTESIAN_POINT('Ctrl Pts',(-44.1435971499277,16.2102102341448,24.3666539840919));
#1459=CARTESIAN_POINT('Ctrl Pts',(-52.5508096881546,16.4760709352556,23.7356191867463));
#1460=CARTESIAN_POINT('Ctrl Pts',(-44.1527299396353,16.0359462253939,23.7356191867463));
#1461=CARTESIAN_POINT('Ctrl Pts',(-52.5601024999737,16.2987535227224,23.1084119079891));
#1462=CARTESIAN_POINT('Ctrl Pts',(-44.1620227514543,15.8586288128607,23.1084119079891));
#1463=CARTESIAN_POINT('Ctrl Pts',(-52.5695556844813,16.1183760169979,22.4851335314418));
#1464=CARTESIAN_POINT('Ctrl Pts',(-44.171475935962,15.6782513071361,22.4851335314418));
#1465=CARTESIAN_POINT('Ctrl Pts',(-52.5791705056956,15.934914299181,21.8658887278575));
#1466=CARTESIAN_POINT('Ctrl Pts',(-44.1810907571762,15.4947895893192,21.8658887278575));
#1467=CARTESIAN_POINT('Ctrl Pts',(-52.5889487214739,15.748334827352,21.2507840092987));
#1468=CARTESIAN_POINT('Ctrl Pts',(-44.1908689729546,15.3082101174903,21.2507840092987));
#1469=CARTESIAN_POINT('Ctrl Pts',(-52.5988920451632,15.5586049089062,20.6399262083624));
#1470=CARTESIAN_POINT('Ctrl Pts',(-44.2008122966439,15.1184801990444,20.6399262083624));
#1471=CARTESIAN_POINT('Ctrl Pts',(-52.6090016127171,15.3657028685568,20.0334207891916));
#1472=CARTESIAN_POINT('Ctrl Pts',(-44.2109218641977,14.925578158695,20.0334207891916));
#1473=CARTESIAN_POINT('Ctrl Pts',(-52.619277527264,15.1696267384961,19.4313706667482));
#1474=CARTESIAN_POINT('Ctrl Pts',(-44.2211977787446,14.7295020286343,19.4313706667482));
#1475=CARTESIAN_POINT('Ctrl Pts',(-52.6297181726344,14.9704073570749,18.8338737234017));
#1476=CARTESIAN_POINT('Ctrl Pts',(-44.2316384241151,14.5302826472131,18.8338737234017));
#1477=CARTESIAN_POINT('Ctrl Pts',(-52.6403204725904,14.7681034224096,18.2410255035279));
#1478=CARTESIAN_POINT('Ctrl Pts',(-44.2422407240711,14.3279787125479,18.2410255035279));
#1479=CARTESIAN_POINT('Ctrl Pts',(-52.6510808472962,14.5627832418387,17.6529256050391));
#1480=CARTESIAN_POINT('Ctrl Pts',(-44.2530010987768,14.1226585319769,17.6529256050391));
#1481=CARTESIAN_POINT('Ctrl Pts',(-52.6619960178319,14.3545093808763,17.0696834314869));
#1482=CARTESIAN_POINT('Ctrl Pts',(-44.2639162693126,13.9143846710146,17.0696834314869));
#1483=CARTESIAN_POINT('Ctrl Pts',(-52.673063763446,14.1433242139895,16.4914232627776));
#1484=CARTESIAN_POINT('Ctrl Pts',(-44.2749840149266,13.7031995041277,16.4914232627776));
#1485=CARTESIAN_POINT('Ctrl Pts',(-52.6842839659114,13.929229997083,15.9182919138301));
#1486=CARTESIAN_POINT('Ctrl Pts',(-44.286204217392,13.4891052872212,15.9182919138301));
#1487=CARTESIAN_POINT('Ctrl Pts',(-52.6956585484685,13.7121900325455,15.3504568433447));
#1488=CARTESIAN_POINT('Ctrl Pts',(-44.2975787999491,13.2720653226837,15.3504568433447));
#1489=CARTESIAN_POINT('Ctrl Pts',(-52.7071900755035,13.492155388972,14.7880928529898));
#1490=CARTESIAN_POINT('Ctrl Pts',(-44.3091103269841,13.0520306791102,14.7880928529898));
#1491=CARTESIAN_POINT('Ctrl Pts',(-52.7188806031776,13.2690868324708,14.2313708095447));
#1492=CARTESIAN_POINT('Ctrl Pts',(-44.3208008546582,12.8289621226091,14.2313708095447));
#1493=CARTESIAN_POINT('Ctrl Pts',(-52.7307306232954,13.0429749788506,13.680447449178));
#1494=CARTESIAN_POINT('Ctrl Pts',(-44.332650874776,12.6028502689888,13.680447449178));
#1495=CARTESIAN_POINT('Ctrl Pts',(-52.7427374918991,12.8138702778316,13.1354500809623));
#1496=CARTESIAN_POINT('Ctrl Pts',(-44.3446577433797,12.3737455679698,13.1354500809623));
#1497=CARTESIAN_POINT('Ctrl Pts',(-52.7548959015259,12.5818740018377,12.5964812909064));
#1498=CARTESIAN_POINT('Ctrl Pts',(-44.3568161530065,12.1417492919759,12.5964812909064));
#1499=CARTESIAN_POINT('Ctrl Pts',(-52.7672004447513,12.3470893306742,12.0636442599627));
#1500=CARTESIAN_POINT('Ctrl Pts',(-44.3691206962319,11.9069646208124,12.0636442599627));
#1501=CARTESIAN_POINT('Ctrl Pts',(-52.7796477995081,12.1095796531588,11.5370640666577));
#1502=CARTESIAN_POINT('Ctrl Pts',(-44.3815680509887,11.669454943297,11.5370640666577));
#1503=CARTESIAN_POINT('Ctrl Pts',(-52.792238675207,11.8693314329288,11.0169073816703));
#1504=CARTESIAN_POINT('Ctrl Pts',(-44.3941589266877,11.429206723067,11.0169073816703));
#1505=CARTESIAN_POINT('Ctrl Pts',(-52.8049808563532,11.6261961327798,10.5034110591848));
#1506=CARTESIAN_POINT('Ctrl Pts',(-44.4069011078338,11.1860714229181,10.5034110591848));
#1507=CARTESIAN_POINT('Ctrl Pts',(-52.8178862400266,11.3799467428991,9.99686129024524));
#1508=CARTESIAN_POINT('Ctrl Pts',(-44.4198064915072,10.9398220330373,9.99686129024524));
#1509=CARTESIAN_POINT('Ctrl Pts',(-52.8309651143717,11.1303869537991,9.49755007582324));
#1510=CARTESIAN_POINT('Ctrl Pts',(-44.4328853658523,10.6902622439373,9.49755007582324));
#1511=CARTESIAN_POINT('Ctrl Pts',(-52.8442215213132,10.8774396409599,9.0057404696113));
#1512=CARTESIAN_POINT('Ctrl Pts',(-44.4461417727938,10.4373149310981,9.0057404696113));
#1513=CARTESIAN_POINT('Ctrl Pts',(-52.8576477206178,10.6212524968312,8.52162482484134));
#1514=CARTESIAN_POINT('Ctrl Pts',(-44.4595679720985,10.1811277869695,8.52162482484134));
#1515=CARTESIAN_POINT('Ctrl Pts',(-52.8712202646933,10.3622729281279,8.04529520934556));
#1516=CARTESIAN_POINT('Ctrl Pts',(-44.4731405161739,9.92214821826611,8.04529520934556));
#1517=CARTESIAN_POINT('Ctrl Pts',(-52.8849123633952,10.1010121212541,7.57683582809576));
#1518=CARTESIAN_POINT('Ctrl Pts',(-44.4868326148759,9.66088741139235,7.57683582809576));
#1519=CARTESIAN_POINT('Ctrl Pts',(-52.8987064834852,9.83780463032999,7.11641714948313));
#1520=CARTESIAN_POINT('Ctrl Pts',(-44.5006267349658,9.39767992046821,7.11641714948313));
#1521=CARTESIAN_POINT('Ctrl Pts',(-52.9126044365012,9.57261588915211,6.66437138557829));
#1522=CARTESIAN_POINT('Ctrl Pts',(-44.5145246879818,9.13249117929033,6.66437138557829));
#1523=CARTESIAN_POINT('Ctrl Pts',(-52.9266445596757,9.30471437974748,6.22132069593889));
#1524=CARTESIAN_POINT('Ctrl Pts',(-44.5285648111563,8.8645896698857,6.22132069593889));
#1525=CARTESIAN_POINT('Ctrl Pts',(-52.9408842000426,9.0330058555232,5.7880465492714));
#1526=CARTESIAN_POINT('Ctrl Pts',(-44.5428044515232,8.59288114566142,5.7880465492714));
#1527=CARTESIAN_POINT('Ctrl Pts',(-52.9553609408047,8.75677318624832,5.36519797321068));
#1528=CARTESIAN_POINT('Ctrl Pts',(-44.5572811922853,8.31664847638654,5.36519797321068));
#1529=CARTESIAN_POINT('Ctrl Pts',(-52.970065912619,8.47618560907071,4.95309493362102));
#1530=CARTESIAN_POINT('Ctrl Pts',(-44.5719861640996,8.03606089920892,4.95309493362102));
#1531=CARTESIAN_POINT('Ctrl Pts',(-52.9848993677601,8.19314642397125,4.55138744213367));
#1532=CARTESIAN_POINT('Ctrl Pts',(-44.5868196192407,7.75302171410947,4.55138744213367));
#1533=CARTESIAN_POINT('Ctrl Pts',(-52.999681529092,7.91108598305823,4.15917192354014));
#1534=CARTESIAN_POINT('Ctrl Pts',(-44.6016017805726,7.47096127319645,4.15917192354014));
#1535=CARTESIAN_POINT('Ctrl Pts',(-53.0142371026785,7.63334909388557,3.77573815787686));
#1536=CARTESIAN_POINT('Ctrl Pts',(-44.6161573541591,7.19322438402379,3.77573815787686));
#1537=CARTESIAN_POINT('Ctrl Pts',(-53.028453241762,7.36208900086039,3.40106437473366));
#1538=CARTESIAN_POINT('Ctrl Pts',(-44.6303734932427,6.92196429099861,3.40106437473366));
#1539=CARTESIAN_POINT('Ctrl Pts',(-53.0423664636483,7.0966089122821,3.03662685344189));
#1540=CARTESIAN_POINT('Ctrl Pts',(-44.6442867151289,6.65648420242032,3.03662685344189));
#1541=CARTESIAN_POINT('Ctrl Pts',(-53.0561686502064,6.83324750397663,2.68525451036094));
#1542=CARTESIAN_POINT('Ctrl Pts',(-44.6580889016871,6.39312279411485,2.68525451036094));
#1543=CARTESIAN_POINT('Ctrl Pts',(-53.0701336821204,6.56677882117768,2.34990196132403));
#1544=CARTESIAN_POINT('Ctrl Pts',(-44.672053933601,6.1266541113159,2.34990196132403));
#1545=CARTESIAN_POINT('Ctrl Pts',(-53.0845584437906,6.29153797206108,2.0328131220023));
#1546=CARTESIAN_POINT('Ctrl Pts',(-44.6864786952712,5.8514132621993,2.0328131220023));
#1547=CARTESIAN_POINT('Ctrl Pts',(-53.0997125058009,6.00238124346695,1.73426869423102));
#1548=CARTESIAN_POINT('Ctrl Pts',(-44.7016327572816,5.56225653360517,1.73426869423102));
#1549=CARTESIAN_POINT('Ctrl Pts',(-53.1157084514352,5.69716041836988,1.45362281338602));
#1550=CARTESIAN_POINT('Ctrl Pts',(-44.7176287029159,5.2570357085081,1.45362281338602));
#1551=CARTESIAN_POINT('Ctrl Pts',(-53.132413796325,5.37840344911145,1.19050728720085));
#1552=CARTESIAN_POINT('Ctrl Pts',(-44.7343340478057,4.93827873924967,1.19050728720085));
#1553=CARTESIAN_POINT('Ctrl Pts',(-53.1492367850498,5.05740170175921,0.946418893720894));
#1554=CARTESIAN_POINT('Ctrl Pts',(-44.7511570365304,4.61727699189743,0.946418893720894));
#1555=CARTESIAN_POINT('Ctrl Pts',(-53.1653237916124,4.75044333064171,0.724712448499836));
#1556=CARTESIAN_POINT('Ctrl Pts',(-44.767244043093,4.31031862077993,0.724712448499836));
#1557=CARTESIAN_POINT('Ctrl Pts',(-53.1802023769692,4.46654300972733,0.52857638208848));
#1558=CARTESIAN_POINT('Ctrl Pts',(-44.7821226284499,4.02641829986554,0.52857638208848));
#1559=CARTESIAN_POINT('Ctrl Pts',(-53.1945714423685,4.19236490876844,0.358764201038348));
#1560=CARTESIAN_POINT('Ctrl Pts',(-44.7964916938492,3.75224019890666,0.358764201038348));
#1561=CARTESIAN_POINT('Ctrl Pts',(-53.210357602539,3.89114702878185,0.213365248562166));
#1562=CARTESIAN_POINT('Ctrl Pts',(-44.8122778540196,3.45102231892007,0.213365248562166));
#1563=CARTESIAN_POINT('Ctrl Pts',(-53.2288926640649,3.53747698629086,0.0931292913310875));
#1564=CARTESIAN_POINT('Ctrl Pts',(-44.8308129155455,3.09735227642908,0.0931292913310875));
#1565=CARTESIAN_POINT('Ctrl Pts',(-53.248561860208,3.16216636614607,0.00818176092519795));
#1566=CARTESIAN_POINT('Ctrl Pts',(-44.8504821116886,2.72204165628429,0.00818176092519795));
#1567=CARTESIAN_POINT('Ctrl Pts',(-53.2651547189063,2.8455557612829,-0.0227985765743715));
#1568=CARTESIAN_POINT('Ctrl Pts',(-44.867074970387,2.40543105142112,-0.0227985765743715));
#1569=CARTESIAN_POINT('Ctrl Pts',(-53.275637490924,2.64553255554758,0.0159283020330063));
#1570=CARTESIAN_POINT('Ctrl Pts',(-44.8775577424046,2.2054078456858,0.0159283020330063));
#1571=CARTESIAN_POINT('Ctrl Pts',(-53.2826734761197,2.51127796029588,0.125312718471644));
#1572=CARTESIAN_POINT('Ctrl Pts',(-44.8845937276003,2.0711532504341,0.125312718471644));
#1573=CARTESIAN_POINT('Ctrl Pts',(-53.2913990357859,2.34478436362705,0.293621676032613));
#1574=CARTESIAN_POINT('Ctrl Pts',(-44.8933192872666,1.90465965376527,0.293621676032613));
#1575=CARTESIAN_POINT('Ctrl Pts',(-53.3017724108129,2.14684857682374,0.506964391923744));
#1576=CARTESIAN_POINT('Ctrl Pts',(-44.9036926622936,1.70672386696196,0.506964391923744));
#1577=CARTESIAN_POINT('Ctrl Pts',(-53.3115742216378,1.95981888468637,0.752645407331465));
#1578=CARTESIAN_POINT('Ctrl Pts',(-44.9134944731185,1.51969417482458,0.752645407331465));
#1579=CARTESIAN_POINT('Ctrl Pts',(-53.3197025250143,1.80472161691988,1.02472761229938));
#1580=CARTESIAN_POINT('Ctrl Pts',(-44.921622776495,1.36459690705809,1.02472761229938));
#1581=CARTESIAN_POINT('Ctrl Pts',(-53.326405027364,1.67683025343714,1.32211547107494));
#1582=CARTESIAN_POINT('Ctrl Pts',(-44.9283252788446,1.23670554357536,1.32211547107494));
#1583=CARTESIAN_POINT('Ctrl Pts',(-53.3323006316069,1.56433542302137,1.64410230482164));
#1584=CARTESIAN_POINT('Ctrl Pts',(-44.9342208830875,1.12421071315959,1.64410230482164));
#1585=CARTESIAN_POINT('Ctrl Pts',(-53.3378640951869,1.45817821399364,1.98724115497246));
#1586=CARTESIAN_POINT('Ctrl Pts',(-44.9397843466675,1.01805350413185,1.98724115497246));
#1587=CARTESIAN_POINT('Ctrl Pts',(-53.3434030576982,1.35248851320737,2.34724083729704));
#1588=CARTESIAN_POINT('Ctrl Pts',(-44.9453233091788,0.91236380334559,2.34724083729704));
#1589=CARTESIAN_POINT('Ctrl Pts',(-53.3490490838559,1.2447559163491,2.72069196082537));
#1590=CARTESIAN_POINT('Ctrl Pts',(-44.9509693353366,0.804631206487318,2.72069196082537));
#1591=CARTESIAN_POINT('Ctrl Pts',(-53.3547512977706,1.1359511932205,3.10653137908941));
#1592=CARTESIAN_POINT('Ctrl Pts',(-44.9566715492513,0.695826483358715,3.10653137908941));
#1593=CARTESIAN_POINT('Ctrl Pts',(-53.3603741466745,1.02866084471071,3.50485610953124));
#1594=CARTESIAN_POINT('Ctrl Pts',(-44.9622943981552,0.58853613484893,3.50485610953124));
#1595=CARTESIAN_POINT('Ctrl Pts',(-53.3657767529243,0.925572976389292,3.91609392298744));
#1596=CARTESIAN_POINT('Ctrl Pts',(-44.9676970044049,0.48544826652751,3.91609392298744));
#1597=CARTESIAN_POINT('Ctrl Pts',(-53.3709129254989,0.827568965441457,4.33989369649504));
#1598=CARTESIAN_POINT('Ctrl Pts',(-44.9728331769795,0.387444255579675,4.33989369649504));
#1599=CARTESIAN_POINT('Ctrl Pts',(-53.3758109962697,0.734108207556277,4.77530931445012));
#1600=CARTESIAN_POINT('Ctrl Pts',(-44.9777312477504,0.293983497694495,4.77530931445012));
#1601=CARTESIAN_POINT('Ctrl Pts',(-53.3805316370201,0.644033016144495,5.22120444440726));
#1602=CARTESIAN_POINT('Ctrl Pts',(-44.9824518885008,0.203908306282714,5.22120444440726));
#1603=CARTESIAN_POINT('Ctrl Pts',(-53.3851302954431,0.556285386196097,5.67661321005294));
#1604=CARTESIAN_POINT('Ctrl Pts',(-44.9870505469237,0.116160676334316,5.67661321005294));
#1605=CARTESIAN_POINT('Ctrl Pts',(-53.3896261881439,0.470498643038243,6.14103042723496));
#1606=CARTESIAN_POINT('Ctrl Pts',(-44.9915464396246,0.0303739331764621,
6.14103042723496));
#1607=CARTESIAN_POINT('Ctrl Pts',(-53.3940184944715,0.386688445626511,6.61420500268447));
#1608=CARTESIAN_POINT('Ctrl Pts',(-44.9959387459522,-0.0534362642352706,
6.61420500268447));
#1609=CARTESIAN_POINT('Ctrl Pts',(-53.3982950686849,0.305086548505367,7.09601463942667));
#1610=CARTESIAN_POINT('Ctrl Pts',(-45.0002153201656,-0.135038161356415,
7.09601463942667));
#1611=CARTESIAN_POINT('Ctrl Pts',(-53.4024452471431,0.225896426067486,7.58629045251028));
#1612=CARTESIAN_POINT('Ctrl Pts',(-45.0043654986237,-0.214228283794295,
7.58629045251028));
#1613=CARTESIAN_POINT('Ctrl Pts',(-53.4064672575502,0.14915189572954,8.08472038797417));
#1614=CARTESIAN_POINT('Ctrl Pts',(-45.0083875090308,-0.290972814132242,
8.08472038797417));
#1615=CARTESIAN_POINT('Ctrl Pts',(-53.4103649225399,0.0747800172972098,
8.59092461551358));
#1616=CARTESIAN_POINT('Ctrl Pts',(-45.0122851740206,-0.365344692564571,
8.59092461551358));
#1617=CARTESIAN_POINT('Ctrl Pts',(-53.4141462625503,0.0026277516973168,
9.10449877345171));
#1618=CARTESIAN_POINT('Ctrl Pts',(-45.0160665140309,-0.437496958164464,
9.10449877345171));
#1619=CARTESIAN_POINT('Ctrl Pts',(-53.417821322431,-0.0674965682227695,
9.62507243639783));
#1620=CARTESIAN_POINT('Ctrl Pts',(-45.0197415739116,-0.507621278084551,
9.62507243639783));
#1621=CARTESIAN_POINT('Ctrl Pts',(-53.4214004212723,-0.135789842433082,
10.152353740878));
#1622=CARTESIAN_POINT('Ctrl Pts',(-45.023320672753,-0.575914552294863,10.152353740878));
#1623=CARTESIAN_POINT('Ctrl Pts',(-53.4248932283106,-0.20243657095458,10.6861090463166));
#1624=CARTESIAN_POINT('Ctrl Pts',(-45.0268134797913,-0.642561280816362,
10.6861090463166));
#1625=CARTESIAN_POINT('Ctrl Pts',(-53.42830774814,-0.267589490541937,11.2261476317524));
#1626=CARTESIAN_POINT('Ctrl Pts',(-45.0302279996206,-0.707714200403718,
11.2261476317524));
#1627=CARTESIAN_POINT('Ctrl Pts',(-53.431649456144,-0.331353077737048,11.7723052767416));
#1628=CARTESIAN_POINT('Ctrl Pts',(-45.0335697076247,-0.771477787598829,
11.7723052767416));
#1629=CARTESIAN_POINT('Ctrl Pts',(-53.4349200724773,-0.393760155044954,
12.3244263880426));
#1630=CARTESIAN_POINT('Ctrl Pts',(-45.0368403239579,-0.833884864906735,
12.3244263880426));
#1631=CARTESIAN_POINT('Ctrl Pts',(-53.4381183070036,-0.454786105201583,
12.8823584344348));
#1632=CARTESIAN_POINT('Ctrl Pts',(-45.0400385584843,-0.894910815063364,
12.8823584344348));
#1633=CARTESIAN_POINT('Ctrl Pts',(-53.4412413289736,-0.514376914290022,
13.4459510543053));
#1634=CARTESIAN_POINT('Ctrl Pts',(-45.0431615804543,-0.954501624151803,
13.4459510543053));
#1635=CARTESIAN_POINT('Ctrl Pts',(-53.4442859690699,-0.572472108131124,
14.0150536940998));
#1636=CARTESIAN_POINT('Ctrl Pts',(-45.0462062205505,-1.01259681799291,14.0150536940998));
#1637=CARTESIAN_POINT('Ctrl Pts',(-53.4472501011175,-0.629031116892262,
14.5895136786039));
#1638=CARTESIAN_POINT('Ctrl Pts',(-45.0491703525981,-1.06915582675404,14.5895136786039));
#1639=CARTESIAN_POINT('Ctrl Pts',(-53.4501337502226,-0.684054419626553,
15.1691746205417));
#1640=CARTESIAN_POINT('Ctrl Pts',(-45.0520540017032,-1.12417912948833,15.1691746205417));
#1641=CARTESIAN_POINT('Ctrl Pts',(-53.4529383960211,-0.737570249469278,
15.7538797272938));
#1642=CARTESIAN_POINT('Ctrl Pts',(-45.0548586475018,-1.17769495933106,15.7538797272938));
#1643=CARTESIAN_POINT('Ctrl Pts',(-53.4556664245137,-0.789624134023919,
16.3434746946555));
#1644=CARTESIAN_POINT('Ctrl Pts',(-45.0575866759943,-1.2297488438857,16.3434746946555));
#1645=CARTESIAN_POINT('Ctrl Pts',(-53.4583205522711,-0.840267908549108,
16.9378105871487));
#1646=CARTESIAN_POINT('Ctrl Pts',(-45.0602408037517,-1.28039261841089,16.9378105871487));
#1647=CARTESIAN_POINT('Ctrl Pts',(-53.4609031940099,-0.889547648583037,
17.5367471363587));
#1648=CARTESIAN_POINT('Ctrl Pts',(-45.0628234454906,-1.32967235844482,17.5367471363587));
#1649=CARTESIAN_POINT('Ctrl Pts',(-53.4634160790324,-0.937496351177708,
18.1401545061667));
#1650=CARTESIAN_POINT('Ctrl Pts',(-45.065336330513,-1.37762106103949,18.1401545061667));
#1651=CARTESIAN_POINT('Ctrl Pts',(-53.4658604574071,-0.984137869061162,
18.747911517299));
#1652=CARTESIAN_POINT('Ctrl Pts',(-45.0677807088877,-1.42426257892294,18.747911517299));
#1653=CARTESIAN_POINT('Ctrl Pts',(-53.4682371862851,-1.02948855765195,19.3599045877989));
#1654=CARTESIAN_POINT('Ctrl Pts',(-45.0701574377657,-1.46961326751373,19.3599045877989));
#1655=CARTESIAN_POINT('Ctrl Pts',(-53.4705468629971,-1.07355981469891,19.9760263959427));
#1656=CARTESIAN_POINT('Ctrl Pts',(-45.0724671144777,-1.51368452456069,19.9760263959427));
#1657=CARTESIAN_POINT('Ctrl Pts',(-53.4727899406118,-1.11636028526624,20.5961746436959));
#1658=CARTESIAN_POINT('Ctrl Pts',(-45.0747101920924,-1.55648499512802,20.5961746436959));
#1659=CARTESIAN_POINT('Ctrl Pts',(-53.4749668425803,-1.15789804928257,21.2202508403806));
#1660=CARTESIAN_POINT('Ctrl Pts',(-45.0768870940609,-1.59802275914435,21.2202508403806));
#1661=CARTESIAN_POINT('Ctrl Pts',(-53.4770780502568,-1.19818229153451,21.8481592892945));
#1662=CARTESIAN_POINT('Ctrl Pts',(-45.0789983017374,-1.63830700139629,21.8481592892945));
#1663=CARTESIAN_POINT('Ctrl Pts',(-53.4791242006054,-1.2372251660189,22.4798059930667));
#1664=CARTESIAN_POINT('Ctrl Pts',(-45.081044452086,-1.67734987588068,22.4798059930667));
#1665=CARTESIAN_POINT('Ctrl Pts',(-53.4811061720579,-1.27504343421518,23.1150976632781));
#1666=CARTESIAN_POINT('Ctrl Pts',(-45.0830264235385,-1.71516814407696,23.1150976632781));
#1667=CARTESIAN_POINT('Ctrl Pts',(-53.4830251937028,-1.3116605485297,23.7539405168697));
#1668=CARTESIAN_POINT('Ctrl Pts',(-45.0849454451835,-1.75178525839148,23.7539405168697));
#1669=CARTESIAN_POINT('Ctrl Pts',(-53.4848828891313,-1.34710748892347,24.3962396753785));
#1670=CARTESIAN_POINT('Ctrl Pts',(-45.0868031406119,-1.78723219878525,24.3962396753785));
#1671=CARTESIAN_POINT('Ctrl Pts',(-53.4866810238716,-1.38141794368673,25.0419013053962));
#1672=CARTESIAN_POINT('Ctrl Pts',(-45.0886012753522,-1.82154265354851,25.0419013053962));
#1673=CARTESIAN_POINT('Ctrl Pts',(-53.4884212962448,-1.41462431871448,25.690834355916));
#1674=CARTESIAN_POINT('Ctrl Pts',(-45.0903415477255,-1.85474902857626,25.690834355916));
#1675=CARTESIAN_POINT('Ctrl Pts',(-53.4901051062859,-1.44675332826352,26.3429525022912));
#1676=CARTESIAN_POINT('Ctrl Pts',(-45.0920253577665,-1.8868780381253,26.3429525022912));
#1677=CARTESIAN_POINT('Ctrl Pts',(-53.4917333456496,-1.4778219861226,26.9981758874556));
#1678=CARTESIAN_POINT('Ctrl Pts',(-45.0936535971302,-1.91794669598438,26.9981758874556));
#1679=CARTESIAN_POINT('Ctrl Pts',(-53.4933061473775,-1.5078328308764,27.656433256845));
#1680=CARTESIAN_POINT('Ctrl Pts',(-45.0952263988582,-1.94795754073819,27.656433256845));
#1681=CARTESIAN_POINT('Ctrl Pts',(-53.4948230958794,-1.53677793258939,28.3176595862454));
#1682=CARTESIAN_POINT('Ctrl Pts',(-45.0967433473601,-1.97690264245117,28.3176595862454));
#1683=CARTESIAN_POINT('Ctrl Pts',(-53.496283478423,-1.5646436915195,28.981793317271));
#1684=CARTESIAN_POINT('Ctrl Pts',(-45.0982037299036,-2.00476840138128,28.981793317271));
#1685=CARTESIAN_POINT('Ctrl Pts',(-53.4976865303705,-1.59141551751091,29.6487736217614));
#1686=CARTESIAN_POINT('Ctrl Pts',(-45.0996067818512,-2.03154022737269,29.6487736217614));
#1687=CARTESIAN_POINT('Ctrl Pts',(-53.4990316636684,-1.61708218983026,30.3185379055334));
#1688=CARTESIAN_POINT('Ctrl Pts',(-45.100951915149,-2.05720689969204,30.3185379055334));
#1689=CARTESIAN_POINT('Ctrl Pts',(-53.5003187501139,-1.64164126222647,30.991018591748));
#1690=CARTESIAN_POINT('Ctrl Pts',(-45.1022390015946,-2.08176597208825,30.991018591748));
#1691=CARTESIAN_POINT('Ctrl Pts',(-53.501548197821,-1.66510052197537,31.6661425931804));
#1692=CARTESIAN_POINT('Ctrl Pts',(-45.1034684493016,-2.10522523183715,31.6661425931804));
#1693=CARTESIAN_POINT('Ctrl Pts',(-53.5027207994299,-1.68747509355583,32.3438337513907));
#1694=CARTESIAN_POINT('Ctrl Pts',(-45.1046410509106,-2.12759980341761,32.3438337513907));
#1695=CARTESIAN_POINT('Ctrl Pts',(-53.5038376407494,-1.70878569543178,33.0240144833159));
#1696=CARTESIAN_POINT('Ctrl Pts',(-45.1057578922301,-2.14891040529356,33.0240144833159));
#1697=CARTESIAN_POINT('Ctrl Pts',(-53.5048999847142,-1.72905642583339,33.7066077677138));
#1698=CARTESIAN_POINT('Ctrl Pts',(-45.1068202361949,-2.16918113569517,33.7066077677138));
#1699=CARTESIAN_POINT('Ctrl Pts',(-53.5059091660587,-1.74831275301072,34.3915389467819));
#1700=CARTESIAN_POINT('Ctrl Pts',(-45.1078294175394,-2.1884374628725,34.3915389467819));
#1701=CARTESIAN_POINT('Ctrl Pts',(-53.5068664809405,-1.76657940912312,35.0787377138224));
#1702=CARTESIAN_POINT('Ctrl Pts',(-45.1087867324212,-2.2067041189849,35.0787377138224));
#1703=CARTESIAN_POINT('Ctrl Pts',(-53.5077730964535,-1.78387866364874,35.7681376594413));
#1704=CARTESIAN_POINT('Ctrl Pts',(-45.1096933479341,-2.22400337351053,35.7681376594413));
#1705=CARTESIAN_POINT('Ctrl Pts',(-53.508629963055,-1.80022865239585,36.4596756857375));
#1706=CARTESIAN_POINT('Ctrl Pts',(-45.1105502145356,-2.24035336225763,36.4596756857375));
#1707=CARTESIAN_POINT('Ctrl Pts',(-53.5094377208965,-1.81564159017974,37.153291459528));
#1708=CARTESIAN_POINT('Ctrl Pts',(-45.1113579723771,-2.25576630004152,37.153291459528));
#1709=CARTESIAN_POINT('Ctrl Pts',(-53.5101966202235,-1.83012225197118,37.8489268678452));
#1710=CARTESIAN_POINT('Ctrl Pts',(-45.1121168717042,-2.27024696183297,37.8489268678452));
#1711=CARTESIAN_POINT('Ctrl Pts',(-53.5109064080196,-1.84366580992698,38.5465254276963));
#1712=CARTESIAN_POINT('Ctrl Pts',(-45.1128266595002,-2.28379051978877,38.5465254276963));
#1713=CARTESIAN_POINT('Ctrl Pts',(-53.511566319018,-1.85625766189026,39.2460318610105));
#1714=CARTESIAN_POINT('Ctrl Pts',(-45.1134865704987,-2.29638237175204,39.2460318610105));
#1715=CARTESIAN_POINT('Ctrl Pts',(-53.5121753356735,-1.86787839193787,39.947392106226));
#1716=CARTESIAN_POINT('Ctrl Pts',(-45.1140955871541,-2.30800310179965,39.947392106226));
#1717=CARTESIAN_POINT('Ctrl Pts',(-53.5127323915839,-1.87850765190813,40.6505532381584));
#1718=CARTESIAN_POINT('Ctrl Pts',(-45.1146526430646,-2.31863236176991,40.6505532381584));
#1719=CARTESIAN_POINT('Ctrl Pts',(-53.5132366080485,-1.88812867518932,41.3554634407853));
#1720=CARTESIAN_POINT('Ctrl Pts',(-45.1151568595292,-2.3282533850511,41.3554634407853));
#1721=CARTESIAN_POINT('Ctrl Pts',(-53.5136874918387,-1.89673205041986,42.0620719195428));
#1722=CARTESIAN_POINT('Ctrl Pts',(-45.1156077433193,-2.33685676028164,42.0620719195428));
#1723=CARTESIAN_POINT('Ctrl Pts',(-53.5140852110136,-1.90432098435963,42.7703289341997));
#1724=CARTESIAN_POINT('Ctrl Pts',(-45.1160054624943,-2.34444569422141,42.7703289341997));
#1725=CARTESIAN_POINT('Ctrl Pts',(-53.5144305743144,-1.91091090870952,43.4801853718491));
#1726=CARTESIAN_POINT('Ctrl Pts',(-45.1163508257951,-2.35103561857131,43.4801853718491));
#1727=CARTESIAN_POINT('Ctrl Pts',(-53.5147247768527,-1.916524627556,44.1915919438931));
#1728=CARTESIAN_POINT('Ctrl Pts',(-45.1166450283333,-2.35664933741778,44.1915919438931));
#1729=CARTESIAN_POINT('Ctrl Pts',(-53.5149692160066,-1.92118880446264,44.9044985163935));
#1730=CARTESIAN_POINT('Ctrl Pts',(-45.1168894674872,-2.36131351432443,44.9044985163935));
#1731=CARTESIAN_POINT('Ctrl Pts',(-53.5151652717294,-1.92492977050906,45.618853330081));
#1732=CARTESIAN_POINT('Ctrl Pts',(-45.1170855232101,-2.36505448037084,45.618853330081));
#1733=CARTESIAN_POINT('Ctrl Pts',(-53.5153141177855,-1.92776992245037,46.33460239671));
#1734=CARTESIAN_POINT('Ctrl Pts',(-45.1172343692661,-2.36789463231216,46.33460239671));
#1735=CARTESIAN_POINT('Ctrl Pts',(-53.515416479272,-1.92972309596556,47.0516884864856));
#1736=CARTESIAN_POINT('Ctrl Pts',(-45.1173367307526,-2.36984780582734,47.0516884864856));
#1737=CARTESIAN_POINT('Ctrl Pts',(-53.5154726720954,-1.93079531890927,47.770052430848));
#1738=CARTESIAN_POINT('Ctrl Pts',(-45.117392923576,-2.37092002877105,47.770052430848));
#1739=CARTESIAN_POINT('Ctrl Pts',(-53.5154827341336,-1.93098731403621,48.489635200532));
#1740=CARTESIAN_POINT('Ctrl Pts',(-45.1174029856142,-2.37111202389799,48.489635200532));
#1741=CARTESIAN_POINT('Ctrl Pts',(-53.5154465249334,-1.93029640133811,49.2103796974755));
#1742=CARTESIAN_POINT('Ctrl Pts',(-45.117366776414,-2.37042111119989,49.2103796974755));
#1743=CARTESIAN_POINT('Ctrl Pts',(-53.515363841131,-1.92871870040215,49.9322327316526));
#1744=CARTESIAN_POINT('Ctrl Pts',(-45.1172840926116,-2.36884341026393,49.9322327316526));
#1745=CARTESIAN_POINT('Ctrl Pts',(-53.5152345190593,-1.92625108827644,50.6551467656622));
#1746=CARTESIAN_POINT('Ctrl Pts',(-45.11715477054,-2.36637579813822,50.6551467656622));
#1747=CARTESIAN_POINT('Ctrl Pts',(-53.5150585589747,-1.92289356985009,51.3790821659438));
#1748=CARTESIAN_POINT('Ctrl Pts',(-45.1169788104553,-2.36301827971187,51.3790821659438));
#1749=CARTESIAN_POINT('Ctrl Pts',(-53.5148360616377,-1.91864806774943,52.1040047346757));
#1750=CARTESIAN_POINT('Ctrl Pts',(-45.1167563131183,-2.35877277761121,52.1040047346757));
#1751=CARTESIAN_POINT('Ctrl Pts',(-53.514567138025,-1.91351669953737,52.829882556483));
#1752=CARTESIAN_POINT('Ctrl Pts',(-45.1164873895056,-2.35364140939916,52.829882556483));
#1753=CARTESIAN_POINT('Ctrl Pts',(-53.5142518292379,-1.90750024947223,53.5566831052325));
#1754=CARTESIAN_POINT('Ctrl Pts',(-45.1161720807185,-2.34762495933401,53.5566831052325));
#1755=CARTESIAN_POINT('Ctrl Pts',(-53.5138900204234,-1.90059652602683,54.2843701994289));
#1756=CARTESIAN_POINT('Ctrl Pts',(-45.115810271904,-2.34072123588862,54.2843701994289));
#1757=CARTESIAN_POINT('Ctrl Pts',(-53.5134813612466,-1.89279884441591,55.0129011210948));
#1758=CARTESIAN_POINT('Ctrl Pts',(-45.1154016127272,-2.33292355427769,55.0129011210948));
#1759=CARTESIAN_POINT('Ctrl Pts',(-53.513025172721,-1.88409424880474,55.7422233966209));
#1760=CARTESIAN_POINT('Ctrl Pts',(-45.1149454242017,-2.32421895866652,55.7422233966209));
#1761=CARTESIAN_POINT('Ctrl Pts',(-53.5125205991138,-1.87446641083549,56.4722776287265));
#1762=CARTESIAN_POINT('Ctrl Pts',(-45.1144408505944,-2.31459112069727,56.4722776287265));
#1763=CARTESIAN_POINT('Ctrl Pts',(-53.5119667751572,-1.86389882021975,57.2030007028704));
#1764=CARTESIAN_POINT('Ctrl Pts',(-45.1138870266379,-2.30402353008153,57.2030007028704));
#1765=CARTESIAN_POINT('Ctrl Pts',(-53.5113629871203,-1.85237785815759,57.9343288494306));
#1766=CARTESIAN_POINT('Ctrl Pts',(-45.113283238601,-2.29250256801937,57.9343288494306));
#1767=CARTESIAN_POINT('Ctrl Pts',(-53.5107088378217,-1.83989594597633,58.6662007858407));
#1768=CARTESIAN_POINT('Ctrl Pts',(-45.1126290893024,-2.28002065583811,58.6662007858407));
#1769=CARTESIAN_POINT('Ctrl Pts',(-53.5100044067924,-1.82645460121959,59.3985607794397));
#1770=CARTESIAN_POINT('Ctrl Pts',(-45.1119246582731,-2.26657931108137,59.3985607794397));
#1771=CARTESIAN_POINT('Ctrl Pts',(-53.5092504212282,-1.81206769960843,60.1313618679577));
#1772=CARTESIAN_POINT('Ctrl Pts',(-45.1111706727089,-2.25219240947021,60.1313618679577));
#1773=CARTESIAN_POINT('Ctrl Pts',(-53.508448054359,-1.79675762770242,60.8645637940534));
#1774=CARTESIAN_POINT('Ctrl Pts',(-45.1103683058396,-2.2368823375642,60.8645637940534));
#1775=CARTESIAN_POINT('Ctrl Pts',(-53.5075987124463,-1.7805512185713,61.5981307805714));
#1776=CARTESIAN_POINT('Ctrl Pts',(-45.1095189639269,-2.22067592843308,61.5981307805714));
#1777=CARTESIAN_POINT('Ctrl Pts',(-53.506703826388,-1.76347577537356,62.3320293681254));
#1778=CARTESIAN_POINT('Ctrl Pts',(-45.1086240778686,-2.20360048523534,62.3320293681254));
#1779=CARTESIAN_POINT('Ctrl Pts',(-53.5057646404048,-1.74555503925272,63.0662262177306));
#1780=CARTESIAN_POINT('Ctrl Pts',(-45.1076848918854,-2.1856797491145,63.0662262177306));
#1781=CARTESIAN_POINT('Ctrl Pts',(-53.5047820042697,-1.72680522484463,63.8006859489924));
#1782=CARTESIAN_POINT('Ctrl Pts',(-45.1067022557503,-2.16692993470641,63.8006859489924));
#1783=CARTESIAN_POINT('Ctrl Pts',(-53.5037561576977,-1.70723090618384,64.5353689066033));
#1784=CARTESIAN_POINT('Ctrl Pts',(-45.1056764091783,-2.14735561604562,64.5353689066033));
#1785=CARTESIAN_POINT('Ctrl Pts',(-53.502686844816,-1.68682720092651,65.2702318715447));
#1786=CARTESIAN_POINT('Ctrl Pts',(-45.1046070962967,-2.12695191078829,65.2702318715447));
#1787=CARTESIAN_POINT('Ctrl Pts',(-53.5015734367118,-1.66558210870005,66.0052288431966));
#1788=CARTESIAN_POINT('Ctrl Pts',(-45.1034936881924,-2.10570681856183,66.0052288431966));
#1789=CARTESIAN_POINT('Ctrl Pts',(-53.5004150507641,-1.64347878809516,66.7403117948635));
#1790=CARTESIAN_POINT('Ctrl Pts',(-45.1023353022447,-2.08360349795694,66.7403117948635));
#1791=CARTESIAN_POINT('Ctrl Pts',(-53.4992106718604,-1.62049786961101,67.4754314415214));
#1792=CARTESIAN_POINT('Ctrl Pts',(-45.1011309233411,-2.06062257947279,67.4754314415214));
#1793=CARTESIAN_POINT('Ctrl Pts',(-53.4979592715376,-1.59661972899982,68.2105379997597));
#1794=CARTESIAN_POINT('Ctrl Pts',(-45.0998795230182,-2.0367444388616,68.2105379997597));
#1795=CARTESIAN_POINT('Ctrl Pts',(-53.4966599314689,-1.57182684354526,68.9455819578361));
#1796=CARTESIAN_POINT('Ctrl Pts',(-45.0985801829496,-2.01195155340704,68.9455819578361));
#1797=CARTESIAN_POINT('Ctrl Pts',(-53.4953118235237,-1.54610341157305,69.6805145780709));
#1798=CARTESIAN_POINT('Ctrl Pts',(-45.0972320750043,-1.98622812143483,69.6805145780709));
#1799=CARTESIAN_POINT('Ctrl Pts',(-53.4939141852168,-1.51943488399957,70.4152883934983));
#1800=CARTESIAN_POINT('Ctrl Pts',(-45.0958344366975,-1.95955959386135,70.4152883934983));
#1801=CARTESIAN_POINT('Ctrl Pts',(-53.4924662971533,-1.49180753395081,71.1498577023366));
#1802=CARTESIAN_POINT('Ctrl Pts',(-45.0943865486339,-1.93193224381259,71.1498577023366));
#1803=CARTESIAN_POINT('Ctrl Pts',(-53.490967458942,-1.46320799716822,71.8841790731683));
#1804=CARTESIAN_POINT('Ctrl Pts',(-45.0928877104226,-1.90333270703,71.8841790731683));
#1805=CARTESIAN_POINT('Ctrl Pts',(-53.4894169673929,-1.43362285598631,72.6182118226826));
#1806=CARTESIAN_POINT('Ctrl Pts',(-45.0913372188735,-1.87374756584809,72.6182118226826));
#1807=CARTESIAN_POINT('Ctrl Pts',(-53.4878140892809,-1.40303811963788,73.3519185680345));
#1808=CARTESIAN_POINT('Ctrl Pts',(-45.0897343407615,-1.84316282949966,73.3519185680345));
#1809=CARTESIAN_POINT('Ctrl Pts',(-53.4861581860005,-1.37144160280191,74.0852636554862));
#1810=CARTESIAN_POINT('Ctrl Pts',(-45.0880784374811,-1.81156631266369,74.0852636554862));
#1811=CARTESIAN_POINT('Ctrl Pts',(-53.4844488446405,-1.33882542666598,74.8182115022518));
#1812=CARTESIAN_POINT('Ctrl Pts',(-45.0863690961211,-1.77895013652776,74.8182115022518));
#1813=CARTESIAN_POINT('Ctrl Pts',(-53.4826860057923,-1.30518845764639,75.5507249767259));
#1814=CARTESIAN_POINT('Ctrl Pts',(-45.084606257273,-1.74531316750817,75.5507249767259));
#1815=CARTESIAN_POINT('Ctrl Pts',(-53.4808700948485,-1.27053881271533,76.2827637474728));
#1816=CARTESIAN_POINT('Ctrl Pts',(-45.0827903463292,-1.71066352257711,76.2827637474728));
#1817=CARTESIAN_POINT('Ctrl Pts',(-53.4790021468773,-1.23489624214974,77.0142826808099));
#1818=CARTESIAN_POINT('Ctrl Pts',(-45.0809223983579,-1.67502095201152,77.0142826808099));
#1819=CARTESIAN_POINT('Ctrl Pts',(-53.4770839478076,-1.19829482350732,77.7452301208063));
#1820=CARTESIAN_POINT('Ctrl Pts',(-45.0790041992882,-1.6384195333691,77.7452301208063));
#1821=CARTESIAN_POINT('Ctrl Pts',(-53.4751176754083,-1.16077611109067,78.4755497349227));
#1822=CARTESIAN_POINT('Ctrl Pts',(-45.0770379268889,-1.60090082095245,78.4755497349227));
#1823=CARTESIAN_POINT('Ctrl Pts',(-53.4731055223829,-1.12238194417573,79.2051824859785));
#1824=CARTESIAN_POINT('Ctrl Pts',(-45.0750257738635,-1.56250665403751,79.2051824859785));
#1825=CARTESIAN_POINT('Ctrl Pts',(-53.4710493264266,-1.08314738807717,79.9340685565318));
#1826=CARTESIAN_POINT('Ctrl Pts',(-45.0729695779072,-1.52327209793895,79.9340685565318));
#1827=CARTESIAN_POINT('Ctrl Pts',(-53.4689501963986,-1.04309360108686,80.6621492961708));
#1828=CARTESIAN_POINT('Ctrl Pts',(-45.0708704478792,-1.48321831094865,80.6621492961708));
#1829=CARTESIAN_POINT('Ctrl Pts',(-53.4668081423357,-1.00222077472134,81.3893691522986));
#1830=CARTESIAN_POINT('Ctrl Pts',(-45.0687283938163,-1.44234548458313,81.3893691522986));
#1831=CARTESIAN_POINT('Ctrl Pts',(-53.4646216977467,-0.960500926657579,
82.1156776267014));
#1832=CARTESIAN_POINT('Ctrl Pts',(-45.0665419492273,-1.40062563651936,82.1156776267014));
#1833=CARTESIAN_POINT('Ctrl Pts',(-53.462388320908,-0.917885557923938,82.8410286823465));
#1834=CARTESIAN_POINT('Ctrl Pts',(-45.0643085723886,-1.35801026778572,82.8410286823465));
#1835=CARTESIAN_POINT('Ctrl Pts',(-53.4601048019698,-0.87431342093617,83.5653801237615));
#1836=CARTESIAN_POINT('Ctrl Pts',(-45.0620250534505,-1.31443813079795,83.5653801237615));
#1837=CARTESIAN_POINT('Ctrl Pts',(-53.4577676702431,-0.829718291000668,
84.2886929947691));
#1838=CARTESIAN_POINT('Ctrl Pts',(-45.0596879217237,-1.26984300086245,84.2886929947691));
#1839=CARTESIAN_POINT('Ctrl Pts',(-53.4553735960757,-0.784036634571588,
85.0109309520625));
#1840=CARTESIAN_POINT('Ctrl Pts',(-45.0572938475563,-1.22416134443337,85.0109309520625));
#1841=CARTESIAN_POINT('Ctrl Pts',(-53.4529198076536,-0.737215562287198,
85.7320596894895));
#1842=CARTESIAN_POINT('Ctrl Pts',(-45.0548400591342,-1.17734027214898,85.7320596894895));
#1843=CARTESIAN_POINT('Ctrl Pts',(-53.4504044655381,-0.689219975564454,
86.4520462242626));
#1844=CARTESIAN_POINT('Ctrl Pts',(-45.0523247170187,-1.12934468542624,86.4520462242626));
#1845=CARTESIAN_POINT('Ctrl Pts',(-53.447826230678,-0.640024323785503,87.1708553559391));
#1846=CARTESIAN_POINT('Ctrl Pts',(-45.0497464821586,-1.08014903364728,87.1708553559391));
#1847=CARTESIAN_POINT('Ctrl Pts',(-53.4451838751484,-0.589605176748319,
87.8884463287099));
#1848=CARTESIAN_POINT('Ctrl Pts',(-45.047104126629,-1.0297298866101,87.8884463287099));
#1849=CARTESIAN_POINT('Ctrl Pts',(-53.4424758673982,-0.537933310715486,
88.6047692769783));
#1850=CARTESIAN_POINT('Ctrl Pts',(-45.0443961188788,-0.978058020577268,
88.6047692769783));
#1851=CARTESIAN_POINT('Ctrl Pts',(-53.4396999896657,-0.484966408273488,
89.3197620806613));
#1852=CARTESIAN_POINT('Ctrl Pts',(-45.0416202411464,-0.925091118135269,
89.3197620806613));
#1853=CARTESIAN_POINT('Ctrl Pts',(-53.4368528906048,-0.430640521928371,
90.0333462847735));
#1854=CARTESIAN_POINT('Ctrl Pts',(-45.0387731420854,-0.870765231790152,
90.0333462847735));
#1855=CARTESIAN_POINT('Ctrl Pts',(-53.4339298186081,-0.374864985611599,
90.7454257113274));
#1856=CARTESIAN_POINT('Ctrl Pts',(-45.0358500700887,-0.81498969547338,90.7454257113274));
#1857=CARTESIAN_POINT('Ctrl Pts',(-53.4309252961797,-0.317535282473859,
91.455899552948));
#1858=CARTESIAN_POINT('Ctrl Pts',(-45.0328455476603,-0.75765999233564,91.455899552948));
#1859=CARTESIAN_POINT('Ctrl Pts',(-53.4278336679915,-0.258543502426975,
92.1646732606335));
#1860=CARTESIAN_POINT('Ctrl Pts',(-45.0297539194721,-0.698668212288757,
92.1646732606335));
#1861=CARTESIAN_POINT('Ctrl Pts',(-53.4246497125337,-0.1977900131299,92.8716710453506));
#1862=CARTESIAN_POINT('Ctrl Pts',(-45.0265699640144,-0.637914722991681,
92.8716710453506));
#1863=CARTESIAN_POINT('Ctrl Pts',(-53.4213691931919,-0.135193975162535,
93.5768459577333));
#1864=CARTESIAN_POINT('Ctrl Pts',(-45.0232894446726,-0.575318685024316,
93.5768459577333));
#1865=CARTESIAN_POINT('Ctrl Pts',(-53.4179895165767,-0.0707059037073775,
94.2801952180986));
#1866=CARTESIAN_POINT('Ctrl Pts',(-45.0199097680574,-0.510830613569159,
94.2801952180986));
#1867=CARTESIAN_POINT('Ctrl Pts',(-53.4145100704628,-0.00431411681043034,
94.9817589811725));
#1868=CARTESIAN_POINT('Ctrl Pts',(-45.0164303219435,-0.444438826672212,
94.9817589811725));
#1869=CARTESIAN_POINT('Ctrl Pts',(-53.4109319529005,0.0639604334813555,
95.6815862959223));
#1870=CARTESIAN_POINT('Ctrl Pts',(-45.0128522043811,-0.376164276380426,
95.6815862959223));
#1871=CARTESIAN_POINT('Ctrl Pts',(-53.4072578322498,0.134066831824248,96.3797092996247));
#1872=CARTESIAN_POINT('Ctrl Pts',(-45.0091780837304,-0.306057878037533,
96.3797092996247));
#1873=CARTESIAN_POINT('Ctrl Pts',(-53.4034917558357,0.20592785065834,97.0761116860828));
#1874=CARTESIAN_POINT('Ctrl Pts',(-45.0054120073163,-0.234196859203442,
97.0761116860828));
#1875=CARTESIAN_POINT('Ctrl Pts',(-53.3996389783786,0.279443223944179,97.770705225892));
#1876=CARTESIAN_POINT('Ctrl Pts',(-45.0015592298593,-0.160681485917603,
97.770705225892));
#1877=CARTESIAN_POINT('Ctrl Pts',(-53.3957057875761,0.354492975266873,98.4632887639744));
#1878=CARTESIAN_POINT('Ctrl Pts',(-44.9976260390567,-0.0856317345949081,
98.4632887639744));
#1879=CARTESIAN_POINT('Ctrl Pts',(-53.3916993048566,0.430941219673581,99.1535793909483));
#1880=CARTESIAN_POINT('Ctrl Pts',(-44.9936195563372,-0.00918349018820042,
99.1535793909483));
#1881=CARTESIAN_POINT('Ctrl Pts',(-53.3876272640764,0.508640386399447,99.8412911026368));
#1882=CARTESIAN_POINT('Ctrl Pts',(-44.989547515557,0.0685156765376657,99.8412911026368));
#1883=CARTESIAN_POINT('Ctrl Pts',(-53.3834977991317,0.587435271456128,100.526198457544));
#1884=CARTESIAN_POINT('Ctrl Pts',(-44.9854180506123,0.147310561594346,100.526198457544));
#1885=CARTESIAN_POINT('Ctrl Pts',(-53.3793192233735,0.667167246658882,101.208208203542));
#1886=CARTESIAN_POINT('Ctrl Pts',(-44.9812394748541,0.227042536797101,101.208208203542));
#1887=CARTESIAN_POINT('Ctrl Pts',(-53.3750998231186,0.747678199662972,101.88742334444));
#1888=CARTESIAN_POINT('Ctrl Pts',(-44.9770200745992,0.307553489801191,101.88742334444));
#1889=CARTESIAN_POINT('Ctrl Pts',(-53.370847616853,0.828815128640844,102.564221562058));
#1890=CARTESIAN_POINT('Ctrl Pts',(-44.9727678683336,0.388690418779063,102.564221562058));
#1891=CARTESIAN_POINT('Ctrl Pts',(-53.3665707094933,0.910423382572246,103.239097723887));
#1892=CARTESIAN_POINT('Ctrl Pts',(-44.9684909609739,0.470298672710465,103.239097723887));
#1893=CARTESIAN_POINT('Ctrl Pts',(-53.3622776653622,0.992339544443047,103.912498495005));
#1894=CARTESIAN_POINT('Ctrl Pts',(-44.9641979168429,0.552214834581266,103.912498495005));
#1895=CARTESIAN_POINT('Ctrl Pts',(-53.3579779075627,1.07438381074054,104.584647921717));
#1896=CARTESIAN_POINT('Ctrl Pts',(-44.9598981590433,0.63425910087876,104.584647921717));
#1897=CARTESIAN_POINT('Ctrl Pts',(-53.3536820311658,1.15635401546268,105.255403706936));
#1898=CARTESIAN_POINT('Ctrl Pts',(-44.9556022826464,0.716229305600895,105.255403706936));
#1899=CARTESIAN_POINT('Ctrl Pts',(-53.3494023356561,1.23801547046587,105.92403503603));
#1900=CARTESIAN_POINT('Ctrl Pts',(-44.9513225871367,0.797890760604093,105.92403503603));
#1901=CARTESIAN_POINT('Ctrl Pts',(-53.3451526301783,1.31910468156885,106.589260812804));
#1902=CARTESIAN_POINT('Ctrl Pts',(-44.947072881659,0.878979971707069,106.589260812804));
#1903=CARTESIAN_POINT('Ctrl Pts',(-53.340946797977,1.39935674068878,107.249732239991));
#1904=CARTESIAN_POINT('Ctrl Pts',(-44.9428670494576,0.959232030827,107.249732239991));
#1905=CARTESIAN_POINT('Ctrl Pts',(-53.3367976585875,1.47852703651636,107.904408839237));
#1906=CARTESIAN_POINT('Ctrl Pts',(-44.9387179100681,1.03840232665458,107.904408839237));
#1907=CARTESIAN_POINT('Ctrl Pts',(-53.3327156793536,1.55641584023497,108.552988247332));
#1908=CARTESIAN_POINT('Ctrl Pts',(-44.9346359308342,1.11629113037319,108.552988247332));
#1909=CARTESIAN_POINT('Ctrl Pts',(-53.3287078231352,1.63289029256263,109.196287668297));
#1910=CARTESIAN_POINT('Ctrl Pts',(-44.9306280746158,1.19276558270085,109.196287668297));
#1911=CARTESIAN_POINT('Ctrl Pts',(-53.3247761458832,1.7079111636206,109.836713804246));
#1912=CARTESIAN_POINT('Ctrl Pts',(-44.9266963973638,1.26778645375882,109.836713804246));
#1913=CARTESIAN_POINT('Ctrl Pts',(-53.3209204415433,1.78148238515776,110.477298512758));
#1914=CARTESIAN_POINT('Ctrl Pts',(-44.9228406930239,1.34135767529598,110.477298512758));
#1915=CARTESIAN_POINT('Ctrl Pts',(-53.3171409873085,1.85359866801619,111.120697434787));
#1916=CARTESIAN_POINT('Ctrl Pts',(-44.9190612387891,1.41347395815441,111.120697434787));
#1917=CARTESIAN_POINT('Ctrl Pts',(-53.3134415140742,1.92418882247224,111.768112171851));
#1918=CARTESIAN_POINT('Ctrl Pts',(-44.9153617655548,1.48406411261045,111.768112171851));
#1919=CARTESIAN_POINT('Ctrl Pts',(-53.3098314881761,1.99307222008119,112.418448677652));
#1920=CARTESIAN_POINT('Ctrl Pts',(-44.9117517396567,1.5529475102194,112.418448677652));
#1921=CARTESIAN_POINT('Ctrl Pts',(-53.306330179258,2.05988117413318,113.066862049463));
#1922=CARTESIAN_POINT('Ctrl Pts',(-44.9082504307386,1.6197564642714,113.066862049463));
#1923=CARTESIAN_POINT('Ctrl Pts',(-53.3029627601818,2.12413535780924,113.706043054967));
#1924=CARTESIAN_POINT('Ctrl Pts',(-44.9048830116625,1.68401064794746,113.706043054967));
#1925=CARTESIAN_POINT('Ctrl Pts',(-53.2997522787636,2.18539499258453,114.328937212903));
#1926=CARTESIAN_POINT('Ctrl Pts',(-44.9016725302442,1.74527028272275,114.328937212903));
#1927=CARTESIAN_POINT('Ctrl Pts',(-53.2967123679832,2.24339994570391,114.931186519516));
#1928=CARTESIAN_POINT('Ctrl Pts',(-44.8986326194638,1.80327523584212,114.931186519516));
#1929=CARTESIAN_POINT('Ctrl Pts',(-53.2938408304394,2.29819214608118,115.513323147707));
#1930=CARTESIAN_POINT('Ctrl Pts',(-44.89576108192,1.85806743621939,115.513323147707));
#1931=CARTESIAN_POINT('Ctrl Pts',(-53.291109959885,2.35030026040616,116.083957718475));
#1932=CARTESIAN_POINT('Ctrl Pts',(-44.8930302113656,1.91017555054438,116.083957718475));
#1933=CARTESIAN_POINT('Ctrl Pts',(-53.2884693893671,2.40068534739109,116.659116188627));
#1934=CARTESIAN_POINT('Ctrl Pts',(-44.8903896408478,1.96056063752931,116.659116188627));
#1935=CARTESIAN_POINT('Ctrl Pts',(-53.2858619932154,2.45043742976202,117.257541023597));
#1936=CARTESIAN_POINT('Ctrl Pts',(-44.887782244696,2.01031271990024,117.257541023597));
#1937=CARTESIAN_POINT('Ctrl Pts',(-53.283236960175,2.50052604401416,117.896891548929));
#1938=CARTESIAN_POINT('Ctrl Pts',(-44.8851572116557,2.06040133415238,117.896891548929));
#1939=CARTESIAN_POINT('Ctrl Pts',(-53.2805626002963,2.55155587041216,118.58996362986));
#1940=CARTESIAN_POINT('Ctrl Pts',(-44.882482851777,2.11143116055038,118.58996362986));
#1941=CARTESIAN_POINT('Ctrl Pts',(-53.2778427422873,2.60345385285405,119.339955887349));
#1942=CARTESIAN_POINT('Ctrl Pts',(-44.8797629937679,2.16332914299227,119.339955887349));
#1943=CARTESIAN_POINT('Ctrl Pts',(-53.2751178300232,2.65544827622673,120.139886626744));
#1944=CARTESIAN_POINT('Ctrl Pts',(-44.8770380815038,2.21532356636495,120.139886626744));
#1945=CARTESIAN_POINT('Ctrl Pts',(-53.2724504805876,2.70634433540235,120.976242326397));
#1946=CARTESIAN_POINT('Ctrl Pts',(-44.8743707320682,2.26621962554057,120.976242326397));
#1947=CARTESIAN_POINT('Ctrl Pts',(-53.2699152219135,2.75471995270101,121.831483953984));
#1948=CARTESIAN_POINT('Ctrl Pts',(-44.8718354733941,2.31459524283923,121.831483953984));
#1949=CARTESIAN_POINT('Ctrl Pts',(-53.2675866468535,2.79915181170904,122.686993256003));
#1950=CARTESIAN_POINT('Ctrl Pts',(-44.8695068983341,2.35902710184726,122.686993256003));
#1951=CARTESIAN_POINT('Ctrl Pts',(-53.2655279573022,2.83843394843421,123.525892716253));
#1952=CARTESIAN_POINT('Ctrl Pts',(-44.8674482087828,2.39830923857243,123.525892716253));
#1953=CARTESIAN_POINT('Ctrl Pts',(-53.2637800191049,2.87178659609879,124.335773491638));
#1954=CARTESIAN_POINT('Ctrl Pts',(-44.8657002705855,2.43166188623701,124.335773491638));
#1955=CARTESIAN_POINT('Ctrl Pts',(-53.2623483867152,2.89910376941351,125.111853138936));
#1956=CARTESIAN_POINT('Ctrl Pts',(-44.8642686381958,2.45897905955173,125.111853138936));
#1957=CARTESIAN_POINT('Ctrl Pts',(-53.2612122847416,2.92078188646197,125.855418862108));
#1958=CARTESIAN_POINT('Ctrl Pts',(-44.8631325362223,2.48065717660019,125.855418862108));
#1959=CARTESIAN_POINT('Ctrl Pts',(-53.260336701334,2.93748901314489,126.571611664632));
#1960=CARTESIAN_POINT('Ctrl Pts',(-44.8622569528146,2.49736430328311,126.571611664632));
#1961=CARTESIAN_POINT('Ctrl Pts',(-53.2596831822041,2.94995890099045,127.267465978711));
#1962=CARTESIAN_POINT('Ctrl Pts',(-44.8616034336847,2.50983419112867,127.267465978711));
#1963=CARTESIAN_POINT('Ctrl Pts',(-53.2592216125837,2.95876617400861,127.94979303245));
#1964=CARTESIAN_POINT('Ctrl Pts',(-44.8611418640643,2.51864146414683,127.94979303245));
#1965=CARTESIAN_POINT('Ctrl Pts',(-53.2589405417065,2.96412932583425,128.623245604833));
#1966=CARTESIAN_POINT('Ctrl Pts',(-44.8608607931872,2.52400461597247,128.623245604833));
#1967=CARTESIAN_POINT('Ctrl Pts',(-53.2588608599132,2.96564974502499,129.288002427343));
#1968=CARTESIAN_POINT('Ctrl Pts',(-44.8607811113938,2.52552503516321,129.288002427343));
#1969=CARTESIAN_POINT('Ctrl Pts',(-53.2590192958773,2.96262660673709,129.940861860573));
#1970=CARTESIAN_POINT('Ctrl Pts',(-44.8609395473579,2.52250189687531,129.940861860573));
#1971=CARTESIAN_POINT('Ctrl Pts',(-53.2594484642405,2.95443758653579,130.576772348314));
#1972=CARTESIAN_POINT('Ctrl Pts',(-44.8613687157212,2.51431287667401,130.576772348314));
#1973=CARTESIAN_POINT('Ctrl Pts',(-53.2601564176609,2.94092903055308,131.190310907143));
#1974=CARTESIAN_POINT('Ctrl Pts',(-44.8620766691416,2.5008043206913,131.190310907143));
#1975=CARTESIAN_POINT('Ctrl Pts',(-53.2611102770289,2.92272830957185,131.776953573525));
#1976=CARTESIAN_POINT('Ctrl Pts',(-44.8630305285095,2.48260359971007,131.776953573525));
#1977=CARTESIAN_POINT('Ctrl Pts',(-53.2622083130335,2.90177653447941,132.335006149248));
#1978=CARTESIAN_POINT('Ctrl Pts',(-44.8641285645142,2.46165182461763,132.335006149248));
#1979=CARTESIAN_POINT('Ctrl Pts',(-53.2633056432383,2.8808382268499,132.864720344512));
#1980=CARTESIAN_POINT('Ctrl Pts',(-44.865225894719,2.44071351698812,132.864720344512));
#1981=CARTESIAN_POINT('Ctrl Pts',(-53.2642863727967,2.86212479209361,133.366009038758));
#1982=CARTESIAN_POINT('Ctrl Pts',(-44.8662066242773,2.42200008223183,133.366009038758));
#1983=CARTESIAN_POINT('Ctrl Pts',(-53.265102621067,2.84654984727699,133.835927772956));
#1984=CARTESIAN_POINT('Ctrl Pts',(-44.8670228725476,2.40642513741521,133.835927772956));
#1985=CARTESIAN_POINT('Ctrl Pts',(-53.26587048079,2.83189821094431,134.267717805209));
#1986=CARTESIAN_POINT('Ctrl Pts',(-44.8677907322707,2.39177350108253,134.267717805209));
#1987=CARTESIAN_POINT('Ctrl Pts',(-53.2668125535747,2.81392239137012,134.645155263081));
#1988=CARTESIAN_POINT('Ctrl Pts',(-44.8687328050553,2.37379768150834,134.645155263081));
#1989=CARTESIAN_POINT('Ctrl Pts',(-53.2676877551228,2.79722255100125,134.876000888071));
#1990=CARTESIAN_POINT('Ctrl Pts',(-44.8696080066034,2.35709784113947,134.876000888071));
#1991=CARTESIAN_POINT('Ctrl Pts',(-53.2680995168964,2.78936566831736,134.977014793931));
#1992=CARTESIAN_POINT('Ctrl Pts',(-44.870019768377,2.34924095845558,134.977014793931));
#1993=CARTESIAN_POINT('Ctrl Pts',(-53.2680769655107,2.78979597439027,134.99975935684));
#1994=CARTESIAN_POINT('Ctrl Pts',(-44.8699972169913,2.34967126452849,134.99975935684));
#1995=CARTESIAN_POINT('Ctrl Pts',(-53.2679794589533,2.7916565103384,135.));
#1996=CARTESIAN_POINT('Ctrl Pts',(-44.869899710434,2.35153180047662,135.));
#1997=CARTESIAN_POINT('',(-49.9314767377287,2.6167978121472,0.));
#1998=CARTESIAN_POINT('Ctrl Pts',(-49.9314767377287,2.6167978121472,135.));
#1999=CARTESIAN_POINT('Ctrl Pts',(-49.9317217922401,2.61212189351942,134.999395213065));
#2000=CARTESIAN_POINT('Ctrl Pts',(-49.9315606584001,2.6151961401528,134.987097398111));
#2001=CARTESIAN_POINT('Ctrl Pts',(-49.9315189677929,2.61599189007558,134.970358830499));
#2002=CARTESIAN_POINT('Ctrl Pts',(-49.9313122931184,2.61993669604716,134.887379995587));
#2003=CARTESIAN_POINT('Ctrl Pts',(-49.9304109631755,2.63707897745103,134.669323595723));
#2004=CARTESIAN_POINT('Ctrl Pts',(-49.9298200243577,2.64822059792114,134.435930332913));
#2005=CARTESIAN_POINT('Ctrl Pts',(-49.927032959057,2.70076821006733,133.335169569739));
#2006=CARTESIAN_POINT('Ctrl Pts',(-49.923055637892,2.77284466644382,131.243514276599));
#2007=CARTESIAN_POINT('Ctrl Pts',(-49.922369410073,2.78514496646123,130.073723238805));
#2008=CARTESIAN_POINT('Ctrl Pts',(-49.9221595950238,2.78890579920902,129.716058105697));
#2009=CARTESIAN_POINT('Ctrl Pts',(-49.9220961196666,2.79003927775229,129.402208542421));
#2010=CARTESIAN_POINT('Ctrl Pts',(-49.9221179171175,2.7896492018556,129.053412249318));
#2011=CARTESIAN_POINT('Ctrl Pts',(-49.9223321276462,2.78581580113057,125.62567940493));
#2012=CARTESIAN_POINT('Ctrl Pts',(-49.9336496805044,2.5978363762356,121.164164208087));
#2013=CARTESIAN_POINT('Ctrl Pts',(-49.9491467145419,2.25449384323185,117.009191698231));
#2014=CARTESIAN_POINT('Ctrl Pts',(-49.955650348845,2.11040341470402,115.265475986027));
#2015=CARTESIAN_POINT('Ctrl Pts',(-49.9622597519981,1.94876847537533,113.659269164795));
#2016=CARTESIAN_POINT('Ctrl Pts',(-49.9679327376876,1.79044629127093,112.162040142316));
#2017=CARTESIAN_POINT('Ctrl Pts',(-49.9796618315132,1.46310970809172,109.06646743261));
#2018=CARTESIAN_POINT('Ctrl Pts',(-49.9890822636563,1.11210692441763,106.353152750299));
#2019=CARTESIAN_POINT('Ctrl Pts',(-49.9946532997494,0.731191792796517,103.217391654267));
#2020=CARTESIAN_POINT('Ctrl Pts',(-49.9967424382843,0.5883486184386,102.041481243255));
#2021=CARTESIAN_POINT('Ctrl Pts',(-49.9982897377703,0.440353807984327,100.806263519004));
#2022=CARTESIAN_POINT('Ctrl Pts',(-49.9991643902661,0.289067942092488,99.468996769556));
#2023=CARTESIAN_POINT('Ctrl Pts',(-49.999508394108,0.229566689493838,98.9430451469002));
#2024=CARTESIAN_POINT('Ctrl Pts',(-49.9997488049493,0.169569247492925,98.4013068782812));
#2025=CARTESIAN_POINT('Ctrl Pts',(-49.999880569193,0.109284337568973,97.841175867425));
#2026=CARTESIAN_POINT('Ctrl Pts',(-49.99997090013,0.0679560359694572,97.4571782238835));
#2027=CARTESIAN_POINT('Ctrl Pts',(-50.0000117931015,0.0291608557937814,
97.0905188393987));
#2028=CARTESIAN_POINT('Ctrl Pts',(-49.9999974747756,-0.0158909543559919,
96.6537923355956));
#2029=CARTESIAN_POINT('Ctrl Pts',(-49.9999133441944,-0.280603114299278,
94.0877064060429));
#2030=CARTESIAN_POINT('Ctrl Pts',(-49.9947093810833,-0.911180035468795,
87.5891398412141));
#2031=CARTESIAN_POINT('Ctrl Pts',(-49.9786859741608,-1.45977679671423,76.1588799189828));
#2032=CARTESIAN_POINT('Ctrl Pts',(-49.9757749475979,-1.55944222692124,74.0823059159921));
#2033=CARTESIAN_POINT('Ctrl Pts',(-49.9727843273671,-1.65139162626327,71.8924066231564));
#2034=CARTESIAN_POINT('Ctrl Pts',(-49.9700442668625,-1.7305132093687,69.6834043928043));
#2035=CARTESIAN_POINT('Ctrl Pts',(-49.9594175238746,-2.0373694729593,61.116258184849));
#2036=CARTESIAN_POINT('Ctrl Pts',(-49.9525922448559,-2.17851467518133,51.9032624260342));
#2037=CARTESIAN_POINT('Ctrl Pts',(-49.9561920061836,-2.09257741584826,42.9790715304935));
#2038=CARTESIAN_POINT('Ctrl Pts',(-49.9578656511431,-2.05262241666072,38.8299278092723));
#2039=CARTESIAN_POINT('Ctrl Pts',(-49.9616675445091,-1.96268382151926,34.7432683091694));
#2040=CARTESIAN_POINT('Ctrl Pts',(-49.9668606751774,-1.82011930032398,30.812991777916));
#2041=CARTESIAN_POINT('Ctrl Pts',(-49.9698977133506,-1.73674495050062,28.5144938930854));
#2042=CARTESIAN_POINT('Ctrl Pts',(-49.9734852011477,-1.63187234200771,26.2376111259488));
#2043=CARTESIAN_POINT('Ctrl Pts',(-49.9768501302901,-1.52133200009786,24.2260048431546));
#2044=CARTESIAN_POINT('Ctrl Pts',(-49.9838521267907,-1.29131138020708,20.0401038756882));
#2045=CARTESIAN_POINT('Ctrl Pts',(-49.9900809954635,-1.02805525016062,16.7847403512916));
#2046=CARTESIAN_POINT('Ctrl Pts',(-49.9940251649304,-0.772947480950533,
14.2169866664399));
#2047=CARTESIAN_POINT('Ctrl Pts',(-49.9955762658919,-0.672622708032376,
13.207180864993));
#2048=CARTESIAN_POINT('Ctrl Pts',(-49.9968028025351,-0.573381647202288,
12.3037338464716));
#2049=CARTESIAN_POINT('Ctrl Pts',(-49.9977130251865,-0.478217786265002,
11.4917950683184));
#2050=CARTESIAN_POINT('Ctrl Pts',(-49.9982946484307,-0.417409023210549,
10.9729742440144));
#2051=CARTESIAN_POINT('Ctrl Pts',(-49.9987501165419,-0.358194361569261,
10.4915216204552));
#2052=CARTESIAN_POINT('Ctrl Pts',(-49.9990963457824,-0.300607061079719,
10.0436617657935));
#2053=CARTESIAN_POINT('Ctrl Pts',(-49.9993814546637,-0.253185731813241,
9.67486327285127));
#2054=CARTESIAN_POINT('Ctrl Pts',(-49.9996099965095,-0.207085826275895,
9.32668474671049));
#2055=CARTESIAN_POINT('Ctrl Pts',(-49.9997904403701,-0.144761593924766,
8.88336146954187));
#2056=CARTESIAN_POINT('Ctrl Pts',(-50.0002588161498,0.017012604579724,7.73263301069327));
#2057=CARTESIAN_POINT('Ctrl Pts',(-50.0001993897771,0.263152951229482,6.1847243416098));
#2058=CARTESIAN_POINT('Ctrl Pts',(-49.9968439492647,0.561778526530346,4.75927777198654));
#2059=CARTESIAN_POINT('Ctrl Pts',(-49.9954682516724,0.68421207391128,4.17485870491524));
#2060=CARTESIAN_POINT('Ctrl Pts',(-49.9935310785803,0.818650313654462,3.62038234061777));
#2061=CARTESIAN_POINT('Ctrl Pts',(-49.9905631355472,0.971389412576489,3.06853052573744));
#2062=CARTESIAN_POINT('Ctrl Pts',(-49.9885942779249,1.07271263063774,2.70244612317619));
#2063=CARTESIAN_POINT('Ctrl Pts',(-49.9865687433053,1.16081332019017,2.40079988966422));
#2064=CARTESIAN_POINT('Ctrl Pts',(-49.9849132288343,1.22818952361129,2.17312141892807));
#2065=CARTESIAN_POINT('Ctrl Pts',(-49.9807057576078,1.39942537941707,1.59447917128788));
#2066=CARTESIAN_POINT('Ctrl Pts',(-49.977734403253,1.49745905474075,1.31398876934216));
#2067=CARTESIAN_POINT('Ctrl Pts',(-49.9735822159381,1.62514014991769,1.05321074290679));
#2068=CARTESIAN_POINT('Ctrl Pts',(-49.9694809943204,1.75125403351534,0.795633615884811));
#2069=CARTESIAN_POINT('Ctrl Pts',(-49.9642914142927,1.89923615347749,0.591465645206747));
#2070=CARTESIAN_POINT('Ctrl Pts',(-49.956184649931,2.092753024606,0.379487287896096));
#2071=CARTESIAN_POINT('Ctrl Pts',(-49.9511334815044,2.21332965245079,0.247407664287343));
#2072=CARTESIAN_POINT('Ctrl Pts',(-49.9460753611614,2.32230514114568,0.141718037656382));
#2073=CARTESIAN_POINT('Ctrl Pts',(-49.9432390831306,2.3817787229842,0.0961385960128169));
#2074=CARTESIAN_POINT('Ctrl Pts',(-49.9397810323879,2.45429018399333,0.0405671674324954));
#2075=CARTESIAN_POINT('Ctrl Pts',(-49.9364192832108,2.52248842621797,0.0116694386591389));
#2076=CARTESIAN_POINT('Ctrl Pts',(-49.9314767377287,2.6167978121472,-1.15847002130076E-15));
#2077=CARTESIAN_POINT('',(-49.8630473842069,2.61321158169134,135.));
#2078=CARTESIAN_POINT('',(-49.9195488015183,2.83525086241697,0.));
#2079=CARTESIAN_POINT('Ctrl Pts',(-49.9195488015183,2.83525086241697,-1.2007539060277E-16));
#2080=CARTESIAN_POINT('Ctrl Pts',(-49.9068414052327,3.05898679260498,0.0197562784229882));
#2081=CARTESIAN_POINT('Ctrl Pts',(-49.8901083220703,3.3239190160367,0.0805252373251827));
#2082=CARTESIAN_POINT('Ctrl Pts',(-49.8709282615487,3.59033624211793,0.176635030742428));
#2083=CARTESIAN_POINT('Ctrl Pts',(-49.8565618313236,3.78989059101786,0.248624096653792));
#2084=CARTESIAN_POINT('Ctrl Pts',(-49.8393734367059,4.01572503614721,0.353032213770725));
#2085=CARTESIAN_POINT('Ctrl Pts',(-49.8136102770143,4.31326224217066,0.548772767634922));
#2086=CARTESIAN_POINT('Ctrl Pts',(-49.7879266297542,4.60988116382983,0.743909210529357));
#2087=CARTESIAN_POINT('Ctrl Pts',(-49.7465614867891,5.03841742927532,1.05782677531078));
#2088=CARTESIAN_POINT('Ctrl Pts',(-49.711640685673,5.36216190901911,1.32783416115931));
#2089=CARTESIAN_POINT('Ctrl Pts',(-49.6451525604288,5.97856138521704,1.84191987263868));
#2090=CARTESIAN_POINT('Ctrl Pts',(-49.5956718440588,6.36676299490656,2.3023241149435));
#2091=CARTESIAN_POINT('Ctrl Pts',(-49.5246807978109,6.87793514617142,2.99306086239637));
#2092=CARTESIAN_POINT('Ctrl Pts',(-49.4925550875551,7.10925683095185,3.30564124801633));
#2093=CARTESIAN_POINT('Ctrl Pts',(-49.4551551925682,7.36435757052376,3.66190537417067));
#2094=CARTESIAN_POINT('Ctrl Pts',(-49.4226063289965,7.57667365332823,3.95700802969391));
#2095=CARTESIAN_POINT('Ctrl Pts',(-49.2925449565015,8.42506336965226,5.13620300587665));
#2096=CARTESIAN_POINT('Ctrl Pts',(-49.2085375429473,8.87246758467802,5.82638461459605));
#2097=CARTESIAN_POINT('Ctrl Pts',(-49.1250650173053,9.31278621281117,6.56546235559394));
#2098=CARTESIAN_POINT('Ctrl Pts',(-48.8890304979207,10.55787128683,8.65534591958822));
#2099=CARTESIAN_POINT('Ctrl Pts',(-48.5982094896293,11.8205620020232,11.2125070228841));
#2100=CARTESIAN_POINT('Ctrl Pts',(-48.2783516392388,13.0077193619022,14.1643443996014));
#2101=CARTESIAN_POINT('Ctrl Pts',(-47.8991536580959,14.4151185350521,17.6638075909752));
#2102=CARTESIAN_POINT('Ctrl Pts',(-47.4798749293415,15.7223892580304,21.6840271650595));
#2103=CARTESIAN_POINT('Ctrl Pts',(-47.0618239843312,16.8874131609263,26.3585431147216));
#2104=CARTESIAN_POINT('Ctrl Pts',(-46.6883823947393,17.9281197623653,30.534251093976));
#2105=CARTESIAN_POINT('Ctrl Pts',(-46.3219982926437,18.8362087687193,35.1951001301935));
#2106=CARTESIAN_POINT('Ctrl Pts',(-46.0378994965223,19.5067119204675,40.2374865505147));
#2107=CARTESIAN_POINT('Ctrl Pts',(-45.8963010393566,19.8408992282229,42.750676142653));
#2108=CARTESIAN_POINT('Ctrl Pts',(-45.7753855275764,20.1163177556155,45.3584743723978));
#2109=CARTESIAN_POINT('Ctrl Pts',(-45.6825466267071,20.3249829938117,48.0476486811942));
#2110=CARTESIAN_POINT('Ctrl Pts',(-45.5761757331121,20.5640628153227,51.1287910857317));
#2111=CARTESIAN_POINT('Ctrl Pts',(-45.5126719274011,20.7025952116685,54.2102951343248));
#2112=CARTESIAN_POINT('Ctrl Pts',(-45.5012851806015,20.7275914402415,57.1321058850395));
#2113=CARTESIAN_POINT('Ctrl Pts',(-45.4873580898909,20.7581642411378,60.7057625299812));
#2114=CARTESIAN_POINT('Ctrl Pts',(-45.5474836918817,20.6279922710561,64.0200474068704));
#2115=CARTESIAN_POINT('Ctrl Pts',(-45.6678106047633,20.3580714844866,67.2654461876362));
#2116=CARTESIAN_POINT('Ctrl Pts',(-45.89314798488,19.8525882020852,73.3431360508442));
#2117=CARTESIAN_POINT('Ctrl Pts',(-46.3205071558713,18.8824928162185,78.9889713100275));
#2118=CARTESIAN_POINT('Ctrl Pts',(-46.8326427365769,17.5129544711378,84.5622649182065));
#2119=CARTESIAN_POINT('Ctrl Pts',(-47.0387486269081,16.9617919848942,86.8052034767968));
#2120=CARTESIAN_POINT('Ctrl Pts',(-47.2580674934132,16.3445417035721,89.0281360599785));
#2121=CARTESIAN_POINT('Ctrl Pts',(-47.4730251632449,15.6943264223067,91.17156034937));
#2122=CARTESIAN_POINT('Ctrl Pts',(-47.6611041504101,15.1254151960383,93.0469671200603));
#2123=CARTESIAN_POINT('Ctrl Pts',(-47.8480391800716,14.5257250736598,94.8876101568695));
#2124=CARTESIAN_POINT('Ctrl Pts',(-48.030592721245,13.8946810991071,96.7415168040094));
#2125=CARTESIAN_POINT('Ctrl Pts',(-48.1558836599108,13.4615802597429,98.0138980600832));
#2126=CARTESIAN_POINT('Ctrl Pts',(-48.2778954410514,13.0169035125515,99.281799921337));
#2127=CARTESIAN_POINT('Ctrl Pts',(-48.3890737071791,12.589580841362,100.485548492824));
#2128=CARTESIAN_POINT('Ctrl Pts',(-48.7479527150581,11.21020030574,104.371200861023));
#2129=CARTESIAN_POINT('Ctrl Pts',(-49.0284334741496,9.90836756525733,107.852943416382));
#2130=CARTESIAN_POINT('Ctrl Pts',(-49.2673971208065,8.52781220130593,112.16729572119));
#2131=CARTESIAN_POINT('Ctrl Pts',(-49.3796489399737,7.87930414063407,114.193938273386));
#2132=CARTESIAN_POINT('Ctrl Pts',(-49.4862417150404,7.1846424016884,116.475362855018));
#2133=CARTESIAN_POINT('Ctrl Pts',(-49.5785188094697,6.47846221406412,119.083379302899));
#2134=CARTESIAN_POINT('Ctrl Pts',(-49.6324838785681,6.06547714060929,120.608587575766));
#2135=CARTESIAN_POINT('Ctrl Pts',(-49.6826706090911,5.64081850634409,122.236506531504));
#2136=CARTESIAN_POINT('Ctrl Pts',(-49.7276916168641,5.21120777345015,123.969076474292));
#2137=CARTESIAN_POINT('Ctrl Pts',(-49.7600591998204,4.90234171905215,125.214697221689));
#2138=CARTESIAN_POINT('Ctrl Pts',(-49.7914826171094,4.57151918429203,126.605794756259));
#2139=CARTESIAN_POINT('Ctrl Pts',(-49.817188246952,4.27173912683674,127.881098869825));
#2140=CARTESIAN_POINT('Ctrl Pts',(-49.8416174160009,3.98684520492564,129.093075388969));
#2141=CARTESIAN_POINT('Ctrl Pts',(-49.8604958760314,3.73620037997013,130.187744923124));
#2142=CARTESIAN_POINT('Ctrl Pts',(-49.872490169473,3.56857454676553,130.952528701603));
#2143=CARTESIAN_POINT('Ctrl Pts',(-49.8848659465405,3.39561730233817,131.741636754816));
#2144=CARTESIAN_POINT('Ctrl Pts',(-49.8920159323742,3.28720362849251,132.264814258351));
#2145=CARTESIAN_POINT('Ctrl Pts',(-49.9006904626533,3.14977639689935,132.859249786076));
#2146=CARTESIAN_POINT('Ctrl Pts',(-49.9061835361928,3.06275175519608,133.23567109804));
#2147=CARTESIAN_POINT('Ctrl Pts',(-49.9119441361221,2.96769688975196,133.615022446135));
#2148=CARTESIAN_POINT('Ctrl Pts',(-49.9175088137632,2.8709430206591,133.986502078212));
#2149=CARTESIAN_POINT('Ctrl Pts',(-49.9202911525838,2.82256608611267,134.172241894251));
#2150=CARTESIAN_POINT('Ctrl Pts',(-49.923011405352,2.77399372471202,134.357066385503));
#2151=CARTESIAN_POINT('Ctrl Pts',(-49.9255171163878,2.72813868072564,134.541722085628));
#2152=CARTESIAN_POINT('Ctrl Pts',(-49.9268831371381,2.70314021094979,134.642389526704));
#2153=CARTESIAN_POINT('Ctrl Pts',(-49.9281794320747,2.67907365871311,134.743034593622));
#2154=CARTESIAN_POINT('Ctrl Pts',(-49.92941044449,2.65593160033383,134.843649163447));
#2155=CARTESIAN_POINT('Ctrl Pts',(-49.9302955784281,2.63929178337117,134.915993982487));
#2156=CARTESIAN_POINT('Ctrl Pts',(-49.9309643012955,2.62656608686282,134.974968790376));
#2157=CARTESIAN_POINT('Ctrl Pts',(-49.9313176035719,2.61983250823967,134.994411632186));
#2158=CARTESIAN_POINT('Ctrl Pts',(-49.9313742499126,2.61875288715038,134.997528979325));
#2159=CARTESIAN_POINT('Ctrl Pts',(-49.9314157450706,2.6179615992512,135.000003251508));
#2160=CARTESIAN_POINT('Ctrl Pts',(-49.9314740775885,2.61684857015147,135.000003251417));
#2161=CARTESIAN_POINT('',(-44.8584497583723,2.57000990083416,-6.00376953013848E-17));
#2162=CARTESIAN_POINT('Ctrl Pts',(-44.8584497583723,2.57000990083416,-1.2007539060277E-16));
#2163=CARTESIAN_POINT('Ctrl Pts',(-46.5454827727543,2.6584235546951,-1.2007539060277E-16));
#2164=CARTESIAN_POINT('Ctrl Pts',(-48.2325157871363,2.74683720855603,0.));
#2165=CARTESIAN_POINT('Ctrl Pts',(-49.9195488015183,2.83525086241697,0.));
#2166=CARTESIAN_POINT('',(-44.869899710434,2.35153180047662,-1.49077798716757E-18));
#2167=CARTESIAN_POINT('Ctrl Pts',(-44.8584497583723,2.57000990083416,-1.2007539060277E-16));
#2168=CARTESIAN_POINT('Ctrl Pts',(-44.8599915777441,2.54059023465274,-0.00259721284923886));
#2169=CARTESIAN_POINT('Ctrl Pts',(-44.8625261418192,2.49222787109142,-0.00578446038919292));
#2170=CARTESIAN_POINT('Ctrl Pts',(-44.8648947038918,2.44703301443079,-0.00679472013322877));
#2171=CARTESIAN_POINT('Ctrl Pts',(-44.8670826075108,2.40528532641691,-0.0055163378864303));
#2172=CARTESIAN_POINT('Ctrl Pts',(-44.8690971918641,2.36684476700339,-0.00189476075804109));
#2173=CARTESIAN_POINT('Ctrl Pts',(-44.869899710434,2.35153180047662,-1.0842021724855E-18));
#2174=CARTESIAN_POINT('Ctrl Pts',(-49.9314767377287,2.6167978121472,0.));
#2175=CARTESIAN_POINT('Ctrl Pts',(-48.2442843952971,2.52837580825701,0.));
#2176=CARTESIAN_POINT('Ctrl Pts',(-46.5570920528656,2.43995380436681,-2.98155597433514E-18));
#2177=CARTESIAN_POINT('Ctrl Pts',(-44.869899710434,2.35153180047662,-2.98155597433514E-18));
#2178=CARTESIAN_POINT('Origin',(-44.5141750778184,9.13916213860645,67.4887210332928));
#2179=CARTESIAN_POINT('',(-44.6920373941262,5.74534696954154,0.));
#2180=CARTESIAN_POINT('Origin',(0.,0.,0.));
#2181=CARTESIAN_POINT('',(49.9195488015183,2.83525086241697,0.));
#2182=CARTESIAN_POINT('Origin',(0.,0.,0.));
#2183=CARTESIAN_POINT('',(44.8584497583723,2.57000990083416,-6.00376953013848E-17));
#2184=CARTESIAN_POINT('Ctrl Pts',(49.9195488015183,2.83525086241697,0.));
#2185=CARTESIAN_POINT('Ctrl Pts',(48.2325157871363,2.74683720855603,0.));
#2186=CARTESIAN_POINT('Ctrl Pts',(46.5454827727543,2.6584235546951,-1.2007539060277E-16));
#2187=CARTESIAN_POINT('Ctrl Pts',(44.8584497583723,2.57000990083416,-1.2007539060277E-16));
#2188=CARTESIAN_POINT('',(44.869899710434,2.35153180047662,-1.49077798716757E-18));
#2189=CARTESIAN_POINT('',(44.6920373941262,5.74534696954154,0.));
#2190=CARTESIAN_POINT('',(49.9314767377287,2.61679781214719,0.));
#2191=CARTESIAN_POINT('Ctrl Pts',(44.869899710434,2.35153180047662,-2.98155597433514E-18));
#2192=CARTESIAN_POINT('Ctrl Pts',(46.5570920528655,2.43995380436681,-2.98155597433514E-18));
#2193=CARTESIAN_POINT('Ctrl Pts',(48.2442843952972,2.528375808257,0.));
#2194=CARTESIAN_POINT('Ctrl Pts',(49.9314767377287,2.61679781214719,0.));
#2195=CARTESIAN_POINT('Origin',(0.,0.,0.));
#2196=CARTESIAN_POINT('Origin',(0.,0.,0.));
#2197=CARTESIAN_POINT('Ctrl Pts',(49.9314740775885,2.61684857015146,135.000003251417));
#2198=CARTESIAN_POINT('Ctrl Pts',(49.9311830962136,2.62240071754975,135.00000325187));
#2199=CARTESIAN_POINT('Ctrl Pts',(49.9310448483892,2.62504154384907,134.97747686105));
#2200=CARTESIAN_POINT('Ctrl Pts',(49.9305655856941,2.63412609658256,134.938532380515));
#2201=CARTESIAN_POINT('Ctrl Pts',(49.9293800945038,2.65659739957213,134.842200370833));
#2202=CARTESIAN_POINT('Ctrl Pts',(49.9260614823476,2.71874811299551,134.575731798904));
#2203=CARTESIAN_POINT('Ctrl Pts',(49.9229184459289,2.77528626291638,134.355093342833));
#2204=CARTESIAN_POINT('Ctrl Pts',(49.9176869019488,2.86939329142603,133.987843450419));
#2205=CARTESIAN_POINT('Ctrl Pts',(49.9114236305784,2.97747836708486,133.589146899356));
#2206=CARTESIAN_POINT('Ctrl Pts',(49.9036780441486,3.10208279482648,133.063096428729));
#2207=CARTESIAN_POINT('Ctrl Pts',(49.8846218557484,3.40864259789169,131.768873329271));
#2208=CARTESIAN_POINT('Ctrl Pts',(49.8642788973102,3.7678457931786,129.998100111518));
#2209=CARTESIAN_POINT('Ctrl Pts',(49.7910478601285,4.56635007313198,126.633339525016));
#2210=CARTESIAN_POINT('Ctrl Pts',(49.7782131026905,4.70629905024355,126.043618450091));
#2211=CARTESIAN_POINT('Ctrl Pts',(49.7636996315689,4.85729514470789,125.413626545148));
#2212=CARTESIAN_POINT('Ctrl Pts',(49.7498873463355,4.99486826922706,124.849161228271));
#2213=CARTESIAN_POINT('Ctrl Pts',(49.7181384624782,5.31109350483535,123.551682680435));
#2214=CARTESIAN_POINT('Ctrl Pts',(49.6867945211416,5.59676167455205,122.424592504647));
#2215=CARTESIAN_POINT('Ctrl Pts',(49.6491581266112,5.912790992311,121.212948934781));
#2216=CARTESIAN_POINT('Ctrl Pts',(49.6220154772121,6.14070530447701,120.339134717877));
#2217=CARTESIAN_POINT('Ctrl Pts',(49.5920726266672,6.37813912749572,119.447704787779));
#2218=CARTESIAN_POINT('Ctrl Pts',(49.5612633450119,6.60917359783966,118.603032798343));
#2219=CARTESIAN_POINT('Ctrl Pts',(49.4676052584969,7.31150241723678,116.035288339106));
#2220=CARTESIAN_POINT('Ctrl Pts',(49.358942710635,8.02588267923916,113.688059780505));
#2221=CARTESIAN_POINT('Ctrl Pts',(49.2085648080714,8.86099032444106,111.137993583755));
#2222=CARTESIAN_POINT('Ctrl Pts',(49.1356124064315,9.26612370711723,109.900887265458));
#2223=CARTESIAN_POINT('Ctrl Pts',(49.0515937742415,9.70482722915437,108.61775512475));
#2224=CARTESIAN_POINT('Ctrl Pts',(48.9512589819107,10.1869644195858,107.239536740221));
#2225=CARTESIAN_POINT('Ctrl Pts',(48.8638447859246,10.6070144727876,106.038798200995));
#2226=CARTESIAN_POINT('Ctrl Pts',(48.7623608100245,11.0650993499208,104.752467889378));
#2227=CARTESIAN_POINT('Ctrl Pts',(48.6583687186874,11.504918671432,103.522861410092));
#2228=CARTESIAN_POINT('Ctrl Pts',(48.4970950175961,12.1870021729705,101.615954978552));
#2229=CARTESIAN_POINT('Ctrl Pts',(48.3237275046654,12.8568556001763,99.7520014109139));
#2230=CARTESIAN_POINT('Ctrl Pts',(48.136053932702,13.5248035766886,97.8196084760679));
#2231=CARTESIAN_POINT('Ctrl Pts',(47.9485090414914,14.1922935662418,95.8885405108227));
#2232=CARTESIAN_POINT('Ctrl Pts',(47.7531927332053,14.833018381801,93.9580812046704));
#2233=CARTESIAN_POINT('Ctrl Pts',(47.561575940413,15.4238936090834,92.053058820096));
#2234=CARTESIAN_POINT('Ctrl Pts',(47.310302752173,16.1987270672986,89.5549424427927));
#2235=CARTESIAN_POINT('Ctrl Pts',(47.0616432083564,16.901634461507,87.0601756482995));
#2236=CARTESIAN_POINT('Ctrl Pts',(46.8228243945201,17.539188000587,84.4552953871218));
#2237=CARTESIAN_POINT('Ctrl Pts',(46.6043146978921,18.1225240793935,82.0719337646474));
#2238=CARTESIAN_POINT('Ctrl Pts',(46.4038138323875,18.6251037466028,79.6967345183775));
#2239=CARTESIAN_POINT('Ctrl Pts',(46.229897909061,19.047218676694,77.3176851332634));
#2240=CARTESIAN_POINT('Ctrl Pts',(45.8876797769811,19.8778233742732,72.6363780906026));
#2241=CARTESIAN_POINT('Ctrl Pts',(45.645827963535,20.4086542842703,67.9170093018767));
#2242=CARTESIAN_POINT('Ctrl Pts',(45.5492963029828,20.6218720368225,63.124253095294));
#2243=CARTESIAN_POINT('Ctrl Pts',(45.4126012133146,20.9238021977381,56.337399583514));
#2244=CARTESIAN_POINT('Ctrl Pts',(45.5718210364206,20.5890060967308,49.5139528948202));
#2245=CARTESIAN_POINT('Ctrl Pts',(45.9030425294083,19.8219748396404,42.7910049995664));
#2246=CARTESIAN_POINT('Ctrl Pts',(46.1181864617356,19.3237519755989,38.4241342570612));
#2247=CARTESIAN_POINT('Ctrl Pts',(46.4139405680032,18.6226875635737,34.0659123015158));
#2248=CARTESIAN_POINT('Ctrl Pts',(46.7773073333336,17.6602241957132,29.6644024032366));
#2249=CARTESIAN_POINT('Ctrl Pts',(46.9959008569467,17.0812272179961,27.0165500136327));
#2250=CARTESIAN_POINT('Ctrl Pts',(47.2374198430309,16.4098100391181,24.3718255448781));
#2251=CARTESIAN_POINT('Ctrl Pts',(47.4907216572911,15.6406955238474,21.7780486660468));
#2252=CARTESIAN_POINT('Ctrl Pts',(47.6286877909883,15.2217812087165,20.3652938119588));
#2253=CARTESIAN_POINT('Ctrl Pts',(47.7705131484917,14.7725792605131,18.9680651065539));
#2254=CARTESIAN_POINT('Ctrl Pts',(47.9137303077305,14.2924612295456,17.5940302025309));
#2255=CARTESIAN_POINT('Ctrl Pts',(48.0569728989317,13.8122579410312,16.2197513025782));
#2256=CARTESIAN_POINT('Ctrl Pts',(48.1924858024937,13.3311369215406,14.953174489936));
#2257=CARTESIAN_POINT('Ctrl Pts',(48.3171684441688,12.8627848282483,13.8067903134399));
#2258=CARTESIAN_POINT('Ctrl Pts',(48.5973668212428,11.8102606382196,11.2305296452179));
#2259=CARTESIAN_POINT('Ctrl Pts',(48.8240150746096,10.8147318222277,9.22724879172557));
#2260=CARTESIAN_POINT('Ctrl Pts',(48.9958804451643,9.97014039034409,7.70900546527289));
#2261=CARTESIAN_POINT('Ctrl Pts',(49.1017044304191,9.45009361800367,6.77416583543168));
#2262=CARTESIAN_POINT('Ctrl Pts',(49.1864095163885,8.99169590382685,6.02030269940766));
#2263=CARTESIAN_POINT('Ctrl Pts',(49.253837634343,8.60578167802175,5.43401792796088));
#2264=CARTESIAN_POINT('Ctrl Pts',(49.3127937203767,8.26835579415635,4.92139713304318));
#2265=CARTESIAN_POINT('Ctrl Pts',(49.3624114342786,7.96905002811191,4.50242115726879));
#2266=CARTESIAN_POINT('Ctrl Pts',(49.4218064219919,7.58188960531343,3.96425806451215));
#2267=CARTESIAN_POINT('Ctrl Pts',(49.4878248560385,7.15155489489391,3.36608158509332));
#2268=CARTESIAN_POINT('Ctrl Pts',(49.5587023524312,6.64729961482693,2.63785893515013));
#2269=CARTESIAN_POINT('Ctrl Pts',(49.6203906620711,6.14953905129868,2.0845646116525));
#2270=CARTESIAN_POINT('Ctrl Pts',(49.6758940476266,5.70168439888368,1.58674406279908));
#2271=CARTESIAN_POINT('Ctrl Pts',(49.7224817821531,5.282514387693,1.24514205293335));
#2272=CARTESIAN_POINT('Ctrl Pts',(49.7685849593051,4.8049923151267,0.894063367995916));
#2273=CARTESIAN_POINT('Ctrl Pts',(49.8052203200574,4.42553487908165,0.615082719163338));
#2274=CARTESIAN_POINT('Ctrl Pts',(49.8390180260824,4.0326326264358,0.33745496999252));
#2275=CARTESIAN_POINT('Ctrl Pts',(49.870372209108,3.59805165680415,0.179429449732959));
#2276=CARTESIAN_POINT('Ctrl Pts',(49.8909814196596,3.3124001155862,0.0755587407781396));
#2277=CARTESIAN_POINT('Ctrl Pts',(49.9085274177802,3.02930159375207,0.0171350228513574));
#2278=CARTESIAN_POINT('Ctrl Pts',(49.9195488015183,2.83525086241698,1.16090947618885E-15));
#2279=CARTESIAN_POINT('Origin',(0.,0.,0.));
#2280=CARTESIAN_POINT('Ctrl Pts',(49.9314767377287,2.61679781214719,-2.98155597433514E-18));
#2281=CARTESIAN_POINT('Ctrl Pts',(49.9393811731211,2.46597219998602,0.0186625139375096));
#2282=CARTESIAN_POINT('Ctrl Pts',(49.9418689804214,2.41500820258598,0.0534703229071962));
#2283=CARTESIAN_POINT('Ctrl Pts',(49.9486703692794,2.26502281248293,0.200316171377125));
#2284=CARTESIAN_POINT('Ctrl Pts',(49.9542230727105,2.14257364693382,0.320202192256497));
#2285=CARTESIAN_POINT('Ctrl Pts',(49.9624074112461,1.94305513501583,0.536677841517557));
#2286=CARTESIAN_POINT('Ctrl Pts',(49.9672133733795,1.8104109199745,0.732311206321975));
#2287=CARTESIAN_POINT('Ctrl Pts',(49.9748559476707,1.59947640996099,1.04341280946731));
#2288=CARTESIAN_POINT('Ctrl Pts',(49.9787632214179,1.46856997860033,1.37849236694857));
#2289=CARTESIAN_POINT('Ctrl Pts',(49.9834675396489,1.28567986406516,1.98108056912536));
#2290=CARTESIAN_POINT('Ctrl Pts',(49.9867815192855,1.15684204197346,2.40557673057147));
#2291=CARTESIAN_POINT('Ctrl Pts',(49.9903454724208,0.996609099485161,2.94696793204104));
#2292=CARTESIAN_POINT('Ctrl Pts',(49.9931156954212,0.829688534473102,3.59925701849818));
#2293=CARTESIAN_POINT('Ctrl Pts',(49.9985932235519,0.49963853837383,4.88902026861193));
#2294=CARTESIAN_POINT('Ctrl Pts',(50.0013504081466,0.138256627181333,6.71236327883921));
#2295=CARTESIAN_POINT('Ctrl Pts',(49.9993529686111,-0.25436729396127,9.68859698403542));
#2296=CARTESIAN_POINT('Ctrl Pts',(49.9983236533232,-0.456693220355303,11.2223019091366));
#2297=CARTESIAN_POINT('Ctrl Pts',(49.9957916111675,-0.674052513741694,13.1411990877491));
#2298=CARTESIAN_POINT('Ctrl Pts',(49.9926528167027,-0.857125631762688,15.0877459247831));
#2299=CARTESIAN_POINT('Ctrl Pts',(49.9705962917718,-2.14359304371586,28.7662646431761));
#2300=CARTESIAN_POINT('Ctrl Pts',(49.9504585047829,-2.23410988653721,46.2832841027021));
#2301=CARTESIAN_POINT('Ctrl Pts',(49.9585543587252,-2.03539833602672,58.111106042595));
#2302=CARTESIAN_POINT('Ctrl Pts',(49.9596662638081,-2.00810678844831,59.7355690614392));
#2303=CARTESIAN_POINT('Ctrl Pts',(49.9609427162351,-1.97627904206824,61.2339971080768));
#2304=CARTESIAN_POINT('Ctrl Pts',(49.9624317154624,-1.93788985181128,62.7905753345809));
#2305=CARTESIAN_POINT('Ctrl Pts',(49.9701905915376,-1.73785148754047,70.9015920089431));
#2306=CARTESIAN_POINT('Ctrl Pts',(49.9844232245909,-1.3592962640744,79.4340552452259));
#2307=CARTESIAN_POINT('Ctrl Pts',(49.9932653917775,-0.820618953778243,87.1726280394798));
#2308=CARTESIAN_POINT('Ctrl Pts',(49.9948573136463,-0.723636825710997,88.5658615086553));
#2309=CARTESIAN_POINT('Ctrl Pts',(49.9962136786482,-0.62323869830261,89.9013935453318));
#2310=CARTESIAN_POINT('Ctrl Pts',(49.9972520116732,-0.524205380778545,91.1229672372413));
#2311=CARTESIAN_POINT('Ctrl Pts',(50.0013179143511,-0.136410885917198,95.9064034043155));
#2312=CARTESIAN_POINT('Ctrl Pts',(50.0015547502847,0.258984532038255,99.3299541845616));
#2313=CARTESIAN_POINT('Ctrl Pts',(49.9946606848438,0.730686668370095,103.213233303502));
#2314=CARTESIAN_POINT('Ctrl Pts',(49.9908175218933,0.993641551744514,105.378004520719));
#2315=CARTESIAN_POINT('Ctrl Pts',(49.9841630418291,1.28918178310671,107.720489873805));
#2316=CARTESIAN_POINT('Ctrl Pts',(49.9753668470336,1.56930191627274,110.159114511694));
#2317=CARTESIAN_POINT('Ctrl Pts',(49.963795945822,1.93778425023309,113.366988533695));
#2318=CARTESIAN_POINT('Ctrl Pts',(49.9485500526849,2.27956561933793,116.807579060036));
#2319=CARTESIAN_POINT('Ctrl Pts',(49.9368684800508,2.51180540769212,120.660663526156));
#2320=CARTESIAN_POINT('Ctrl Pts',(49.9330930210394,2.58686480501811,121.905972092455));
#2321=CARTESIAN_POINT('Ctrl Pts',(49.9295314238137,2.65403599539151,123.225687868869));
#2322=CARTESIAN_POINT('Ctrl Pts',(49.927108292483,2.6988622696751,124.418119680067));
#2323=CARTESIAN_POINT('Ctrl Pts',(49.9248907486181,2.73988531628665,125.509381145662));
#2324=CARTESIAN_POINT('Ctrl Pts',(49.9234963235749,2.76490543077354,126.537359742277));
#2325=CARTESIAN_POINT('Ctrl Pts',(49.9227359681364,2.77856679886266,127.570642225797));
#2326=CARTESIAN_POINT('Ctrl Pts',(49.9221446488426,2.78919108077169,128.374213604957));
#2327=CARTESIAN_POINT('Ctrl Pts',(49.9219677757727,2.7923398627614,129.200040605893));
#2328=CARTESIAN_POINT('Ctrl Pts',(49.9222654222738,2.7870082719733,129.871555136653));
#2329=CARTESIAN_POINT('Ctrl Pts',(49.9226975683006,2.7792674594085,130.846511453395));
#2330=CARTESIAN_POINT('Ctrl Pts',(49.9240736315934,2.75454645430205,131.598630696566));
#2331=CARTESIAN_POINT('Ctrl Pts',(49.9254695845213,2.72900838493287,132.272716352528));
#2332=CARTESIAN_POINT('Ctrl Pts',(49.9264909428077,2.71032328585279,132.765915626445));
#2333=CARTESIAN_POINT('Ctrl Pts',(49.9274406847028,2.69272820402125,133.219205923142));
#2334=CARTESIAN_POINT('Ctrl Pts',(49.9280245794179,2.68185786294471,133.534622772659));
#2335=CARTESIAN_POINT('Ctrl Pts',(49.92910415001,2.66175954684838,134.117801119969));
#2336=CARTESIAN_POINT('Ctrl Pts',(49.9295657841484,2.65303482094339,134.355492826909));
#2337=CARTESIAN_POINT('Ctrl Pts',(49.9301754064474,2.64151166595884,134.567708749878));
#2338=CARTESIAN_POINT('Ctrl Pts',(49.9306421227138,2.63268973821641,134.73017758248));
#2339=CARTESIAN_POINT('Ctrl Pts',(49.9313708713096,2.61881863447406,134.910299174561));
#2340=CARTESIAN_POINT('Ctrl Pts',(49.9315200370894,2.61597148029852,134.970790284465));
#2341=CARTESIAN_POINT('Ctrl Pts',(49.931565710856,2.61509969686908,134.98931233982));
#2342=CARTESIAN_POINT('Ctrl Pts',(49.9316067085546,2.61431782105201,134.999679236032));
#2343=CARTESIAN_POINT('Ctrl Pts',(49.9314767377287,2.61679781214719,135.));
#2344=CARTESIAN_POINT('Ctrl Pts',(53.2679794589533,2.7916565103384,135.));
#2345=CARTESIAN_POINT('Ctrl Pts',(44.869899710434,2.35153180047662,135.));
#2346=CARTESIAN_POINT('Ctrl Pts',(53.267881952396,2.79351704628654,135.00024064316));
#2347=CARTESIAN_POINT('Ctrl Pts',(44.8698022038767,2.35339233642476,135.00024064316));
#2348=CARTESIAN_POINT('Ctrl Pts',(53.2675144775524,2.80052888400619,134.97845865289));
#2349=CARTESIAN_POINT('Ctrl Pts',(44.8694347290331,2.36040417414441,134.97845865289));
#2350=CARTESIAN_POINT('Ctrl Pts',(53.2663740837655,2.82228889373267,134.879103069443));
#2351=CARTESIAN_POINT('Ctrl Pts',(44.8682943352461,2.38216418387089,134.879103069443));
#2352=CARTESIAN_POINT('Ctrl Pts',(53.2636658168493,2.87396570494737,134.651755321724));
#2353=CARTESIAN_POINT('Ctrl Pts',(44.8655860683299,2.43384099508559,134.651755321724));
#2354=CARTESIAN_POINT('Ctrl Pts',(53.2587416760303,2.9679239089855,134.282209649295));
#2355=CARTESIAN_POINT('Ctrl Pts',(44.8606619275109,2.52779919912372,134.282209649295));
#2356=CARTESIAN_POINT('Ctrl Pts',(53.2528955837836,3.07947399423242,133.860498963263));
#2357=CARTESIAN_POINT('Ctrl Pts',(44.8548158352643,2.63934928437064,133.860498963263));
#2358=CARTESIAN_POINT('Ctrl Pts',(53.2467274710722,3.19716859598476,133.400955992805));
#2359=CARTESIAN_POINT('Ctrl Pts',(44.8486477225528,2.75704388612298,133.400955992805));
#2360=CARTESIAN_POINT('Ctrl Pts',(53.2405509330564,3.31502396212136,132.9090584397));
#2361=CARTESIAN_POINT('Ctrl Pts',(44.842471184537,2.87489925225958,132.9090584397));
#2362=CARTESIAN_POINT('Ctrl Pts',(53.2343977132001,3.43243439126912,132.387883363877));
#2363=CARTESIAN_POINT('Ctrl Pts',(44.8363179646807,2.99230968140734,132.387883363877));
#2364=CARTESIAN_POINT('Ctrl Pts',(53.2281493858282,3.55165957992131,131.838139272333));
#2365=CARTESIAN_POINT('Ctrl Pts',(44.8300696373089,3.11153487005953,131.838139272333));
#2366=CARTESIAN_POINT('Ctrl Pts',(53.2216239839016,3.67617166602585,131.260374309325));
#2367=CARTESIAN_POINT('Ctrl Pts',(44.8235442353822,3.23604695616407,131.260374309325));
#2368=CARTESIAN_POINT('Ctrl Pts',(53.2146935652384,3.80841193184075,130.656515179696));
#2369=CARTESIAN_POINT('Ctrl Pts',(44.8166138167191,3.36828722197897,130.656515179696));
#2370=CARTESIAN_POINT('Ctrl Pts',(53.2073495001906,3.94854504086238,130.030899021758));
#2371=CARTESIAN_POINT('Ctrl Pts',(44.8092697516712,3.5084203310006,130.030899021758));
#2372=CARTESIAN_POINT('Ctrl Pts',(53.1996488660523,4.09548189343654,129.388638439969));
#2373=CARTESIAN_POINT('Ctrl Pts',(44.801569117533,3.65535718357475,129.388638439969));
#2374=CARTESIAN_POINT('Ctrl Pts',(53.1916823721643,4.24749165223551,128.734533364686));
#2375=CARTESIAN_POINT('Ctrl Pts',(44.793602623645,3.80736694237373,128.734533364686));
#2376=CARTESIAN_POINT('Ctrl Pts',(53.1835334520234,4.40298231130123,128.071748251015));
#2377=CARTESIAN_POINT('Ctrl Pts',(44.7854537035041,3.96285760143945,128.071748251015));
#2378=CARTESIAN_POINT('Ctrl Pts',(53.1752419443561,4.56119370244906,127.400625453377));
#2379=CARTESIAN_POINT('Ctrl Pts',(44.7771621958367,4.12106899258728,127.400625453377));
#2380=CARTESIAN_POINT('Ctrl Pts',(53.1667635563935,4.72297098205402,126.717341618508));
#2381=CARTESIAN_POINT('Ctrl Pts',(44.7686838078742,4.28284627219223,126.717341618508));
#2382=CARTESIAN_POINT('Ctrl Pts',(53.1580001413428,4.89018690248866,126.01567362681));
#2383=CARTESIAN_POINT('Ctrl Pts',(44.7599203928234,4.45006219262687,126.01567362681));
#2384=CARTESIAN_POINT('Ctrl Pts',(53.1488329399746,5.06510752483942,125.28890458192));
#2385=CARTESIAN_POINT('Ctrl Pts',(44.7507531914552,4.62498281497764,125.28890458192));
#2386=CARTESIAN_POINT('Ctrl Pts',(53.1391543276055,5.24978645040125,124.531652207536));
#2387=CARTESIAN_POINT('Ctrl Pts',(44.7410745790861,4.80966174053946,124.531652207536));
#2388=CARTESIAN_POINT('Ctrl Pts',(53.1289011628812,5.44542848798663,123.741790792197));
#2389=CARTESIAN_POINT('Ctrl Pts',(44.7308214143619,5.00530377812485,123.741790792197));
#2390=CARTESIAN_POINT('Ctrl Pts',(53.1180851704953,5.65180991711613,122.922190443195));
#2391=CARTESIAN_POINT('Ctrl Pts',(44.7200054219759,5.21168520725435,122.922190443195));
#2392=CARTESIAN_POINT('Ctrl Pts',(53.1068306549288,5.8665588669947,122.08291380643));
#2393=CARTESIAN_POINT('Ctrl Pts',(44.7087509064094,5.42643415713292,122.08291380643));
#2394=CARTESIAN_POINT('Ctrl Pts',(53.0953433583792,6.08574954262939,121.239103971213));
#2395=CARTESIAN_POINT('Ctrl Pts',(44.6972636098599,5.64562483276761,121.239103971213));
#2396=CARTESIAN_POINT('Ctrl Pts',(53.0838689979032,6.30469338327678,120.408225324987));
#2397=CARTESIAN_POINT('Ctrl Pts',(44.6857892493838,5.864568673415,120.408225324987));
#2398=CARTESIAN_POINT('Ctrl Pts',(53.0726557184558,6.51865550113087,119.607551545612));
#2399=CARTESIAN_POINT('Ctrl Pts',(44.6745759699364,6.07853079126909,119.607551545612));
#2400=CARTESIAN_POINT('Ctrl Pts',(53.0619142681961,6.72361458176024,118.851506457256));
#2401=CARTESIAN_POINT('Ctrl Pts',(44.6638345196767,6.28348987189846,118.851506457256));
#2402=CARTESIAN_POINT('Ctrl Pts',(53.0517806111428,6.91697627714057,118.149167967704));
#2403=CARTESIAN_POINT('Ctrl Pts',(44.6537008626235,6.47685156727879,118.149167967704));
#2404=CARTESIAN_POINT('Ctrl Pts',(53.0422740092431,7.0983730474251,117.501463432957));
#2405=CARTESIAN_POINT('Ctrl Pts',(44.6441942607237,6.65824833756332,117.501463432957));
#2406=CARTESIAN_POINT('Ctrl Pts',(53.0332672259055,7.27023271140545,116.899194225218));
#2407=CARTESIAN_POINT('Ctrl Pts',(44.6351874773862,6.83010800154367,116.899194225218));
#2408=CARTESIAN_POINT('Ctrl Pts',(53.0245449743646,7.43666318528348,116.3271015902));
#2409=CARTESIAN_POINT('Ctrl Pts',(44.6264652258452,6.9965384754217,116.3271015902));
#2410=CARTESIAN_POINT('Ctrl Pts',(53.0158539063901,7.60249864126617,115.76735367475));
#2411=CARTESIAN_POINT('Ctrl Pts',(44.6177741578708,7.16237393140439,115.76735367475));
#2412=CARTESIAN_POINT('Ctrl Pts',(53.0069553178481,7.77229382556437,115.203217573214));
#2413=CARTESIAN_POINT('Ctrl Pts',(44.6088755693287,7.33216911570259,115.203217573214));
#2414=CARTESIAN_POINT('Ctrl Pts',(52.9976779240731,7.94931704429044,114.62273857356));
#2415=CARTESIAN_POINT('Ctrl Pts',(44.5995981755538,7.50919233442866,114.62273857356));
#2416=CARTESIAN_POINT('Ctrl Pts',(52.9879671329759,8.13460997656346,114.022172923109));
#2417=CARTESIAN_POINT('Ctrl Pts',(44.5898873844565,7.69448526670168,114.022172923109));
#2418=CARTESIAN_POINT('Ctrl Pts',(52.9778506767065,8.32764346143469,113.40355788368));
#2419=CARTESIAN_POINT('Ctrl Pts',(44.5797709281871,7.88751875157291,113.40355788368));
#2420=CARTESIAN_POINT('Ctrl Pts',(52.9674084912498,8.5268922294532,112.7725794497));
#2421=CARTESIAN_POINT('Ctrl Pts',(44.5693287427304,8.08676751959142,112.7725794497));
#2422=CARTESIAN_POINT('Ctrl Pts',(52.9567401371022,8.73045655317684,112.136267605551));
#2423=CARTESIAN_POINT('Ctrl Pts',(44.5586603885828,8.29033184331506,112.136267605551));
#2424=CARTESIAN_POINT('Ctrl Pts',(52.9459352275324,8.93662650957515,111.50090278312));
#2425=CARTESIAN_POINT('Ctrl Pts',(44.5478554790131,8.49650179971337,111.50090278312));
#2426=CARTESIAN_POINT('Ctrl Pts',(52.935037461873,9.14456826571442,110.869473000285));
#2427=CARTESIAN_POINT('Ctrl Pts',(44.5369577133536,8.70444355585264,110.869473000285));
#2428=CARTESIAN_POINT('Ctrl Pts',(52.9240502500381,9.35421675655328,110.242054022999));
#2429=CARTESIAN_POINT('Ctrl Pts',(44.5259705015187,8.9140920466915,110.242054022999));
#2430=CARTESIAN_POINT('Ctrl Pts',(52.9129522207221,9.56597977089604,109.616884722523));
#2431=CARTESIAN_POINT('Ctrl Pts',(44.5148724722027,9.12585506103426,109.616884722523));
#2432=CARTESIAN_POINT('Ctrl Pts',(52.9017097507217,9.78049887768137,108.99123188201));
#2433=CARTESIAN_POINT('Ctrl Pts',(44.5036300022023,9.34037416781958,108.99123188201));
#2434=CARTESIAN_POINT('Ctrl Pts',(52.8902898776585,9.99840303655588,108.362284679238));
#2435=CARTESIAN_POINT('Ctrl Pts',(44.4922101291392,9.5582783266941,108.362284679238));
#2436=CARTESIAN_POINT('Ctrl Pts',(52.8786751406088,10.2200254217932,107.728178079882));
#2437=CARTESIAN_POINT('Ctrl Pts',(44.4805953920895,9.77990071193144,107.728178079882));
#2438=CARTESIAN_POINT('Ctrl Pts',(52.8668704132291,10.4452730384865,107.08847485489));
#2439=CARTESIAN_POINT('Ctrl Pts',(44.4687906647098,10.0051483286247,107.08847485489));
#2440=CARTESIAN_POINT('Ctrl Pts',(52.8548947793772,10.6737817449381,106.443634989154));
#2441=CARTESIAN_POINT('Ctrl Pts',(44.4568150308578,10.2336570350763,106.443634989154));
#2442=CARTESIAN_POINT('Ctrl Pts',(52.8427768434197,10.9050057373157,105.7947174031));
#2443=CARTESIAN_POINT('Ctrl Pts',(44.4446970949003,10.4648810274539,105.7947174031));
#2444=CARTESIAN_POINT('Ctrl Pts',(52.830548504774,11.1383363384787,105.142978361157));
#2445=CARTESIAN_POINT('Ctrl Pts',(44.4324687562546,10.698211628617,105.142978361157));
#2446=CARTESIAN_POINT('Ctrl Pts',(52.8182397506138,11.3732013590641,104.48953718848));
#2447=CARTESIAN_POINT('Ctrl Pts',(44.4201600020945,10.9330766492023,104.48953718848));
#2448=CARTESIAN_POINT('Ctrl Pts',(52.8058720711801,11.6091907408487,103.834952914407));
#2449=CARTESIAN_POINT('Ctrl Pts',(44.4077923226607,11.1690660309869,103.834952914407));
#2450=CARTESIAN_POINT('Ctrl Pts',(52.7934593765422,11.8460390638981,103.17928140412));
#2451=CARTESIAN_POINT('Ctrl Pts',(44.3953796280228,11.4059143540364,103.17928140412));
#2452=CARTESIAN_POINT('Ctrl Pts',(52.7810107804724,12.0835724270769,102.522251854537));
#2453=CARTESIAN_POINT('Ctrl Pts',(44.382931031953,11.6434477172151,102.522251854537));
#2454=CARTESIAN_POINT('Ctrl Pts',(52.7685327693619,12.321667062667,101.863403918356));
#2455=CARTESIAN_POINT('Ctrl Pts',(44.3704530208425,11.8815423528052,101.863403918356));
#2456=CARTESIAN_POINT('Ctrl Pts',(52.7560315970186,12.5602036409055,101.202239454114));
#2457=CARTESIAN_POINT('Ctrl Pts',(44.3579518484992,12.1200789310438,101.202239454114));
#2458=CARTESIAN_POINT('Ctrl Pts',(52.7435156568595,12.7990220058577,100.538372365065));
#2459=CARTESIAN_POINT('Ctrl Pts',(44.3454359083401,12.358897295996,100.538372365065));
#2460=CARTESIAN_POINT('Ctrl Pts',(52.7309976510578,13.0378797856173,99.8716667661044));
#2461=CARTESIAN_POINT('Ctrl Pts',(44.3329179025384,12.5977550757555,99.8716667661044));
#2462=CARTESIAN_POINT('Ctrl Pts',(52.7184932069332,13.2764787931616,99.2021669402849));
#2463=CARTESIAN_POINT('Ctrl Pts',(44.3204134584139,12.8363540832998,99.2021669402849));
#2464=CARTESIAN_POINT('Ctrl Pts',(52.7060197292965,13.5144869249203,98.5300409945059));
#2465=CARTESIAN_POINT('Ctrl Pts',(44.3079399807771,13.0743622150585,98.5300409945059));
#2466=CARTESIAN_POINT('Ctrl Pts',(52.6935951359836,13.7515622882118,97.8555180566096));
#2467=CARTESIAN_POINT('Ctrl Pts',(44.2955153874643,13.31143757835,97.8555180566096));
#2468=CARTESIAN_POINT('Ctrl Pts',(52.6812367046933,13.987375204909,97.1788310581316));
#2469=CARTESIAN_POINT('Ctrl Pts',(44.2831569561739,13.5472504950473,97.1788310581316));
#2470=CARTESIAN_POINT('Ctrl Pts',(52.6689597239199,14.2216339531588,96.5001502997689));
#2471=CARTESIAN_POINT('Ctrl Pts',(44.2708799754005,13.781509243297,96.5001502997689));
#2472=CARTESIAN_POINT('Ctrl Pts',(52.6567766963927,14.4540999666743,95.8195425353306));
#2473=CARTESIAN_POINT('Ctrl Pts',(44.2586969478734,14.0139752568125,95.8195425353306));
#2474=CARTESIAN_POINT('Ctrl Pts',(52.6446981890042,14.6845716171381,95.1370056659055));
#2475=CARTESIAN_POINT('Ctrl Pts',(44.2466184404849,14.2444469072763,95.1370056659055));
#2476=CARTESIAN_POINT('Ctrl Pts',(52.6327333845493,14.9128736863856,94.4524898843134));
#2477=CARTESIAN_POINT('Ctrl Pts',(44.2346536360299,14.4727489765238,94.4524898843134));
#2478=CARTESIAN_POINT('Ctrl Pts',(52.620890772105,15.1388441931736,93.7659248507944));
#2479=CARTESIAN_POINT('Ctrl Pts',(44.2228110235857,14.6987194833118,93.7659248507944));
#2480=CARTESIAN_POINT('Ctrl Pts',(52.6091787297945,15.3623232733941,93.0772427101583));
#2481=CARTESIAN_POINT('Ctrl Pts',(44.2110989812751,14.9221985635323,93.0772427101583));
#2482=CARTESIAN_POINT('Ctrl Pts',(52.5976062714949,15.5831389320209,92.3864067463309));
#2483=CARTESIAN_POINT('Ctrl Pts',(44.1995265229755,15.1430142221591,92.3864067463309));
#2484=CARTESIAN_POINT('Ctrl Pts',(52.5861833176624,15.8011018754756,91.6934243636562));
#2485=CARTESIAN_POINT('Ctrl Pts',(44.1881035691431,15.3609771656138,91.6934243636562));
#2486=CARTESIAN_POINT('Ctrl Pts',(52.5749201428316,16.0160160539606,90.9983333168912));
#2487=CARTESIAN_POINT('Ctrl Pts',(44.1768403943122,15.5758913440989,90.9983333168912));
#2488=CARTESIAN_POINT('Ctrl Pts',(52.5638270148661,16.2276855449646,90.3011940327156));
#2489=CARTESIAN_POINT('Ctrl Pts',(44.1657472663468,15.7875608351029,90.3011940327156));
#2490=CARTESIAN_POINT('Ctrl Pts',(52.5529137409796,16.4359232157037,89.6020792332645));
#2491=CARTESIAN_POINT('Ctrl Pts',(44.1548339924602,15.9957985058419,89.6020792332645));
#2492=CARTESIAN_POINT('Ctrl Pts',(52.5421892910541,16.6405579106327,88.9010652993653));
#2493=CARTESIAN_POINT('Ctrl Pts',(44.1441095425348,16.2004332007709,88.9010652993653));
#2494=CARTESIAN_POINT('Ctrl Pts',(52.5316612960786,16.8414440218092,88.1982214531974));
#2495=CARTESIAN_POINT('Ctrl Pts',(44.1335815475592,16.4013193119474,88.1982214531974));
#2496=CARTESIAN_POINT('Ctrl Pts',(52.5213359325247,17.0384636951306,87.4936050676426));
#2497=CARTESIAN_POINT('Ctrl Pts',(44.1232561840054,16.5983389852688,87.4936050676426));
#2498=CARTESIAN_POINT('Ctrl Pts',(52.5112183354104,17.2315189486205,86.7872651336839));
#2499=CARTESIAN_POINT('Ctrl Pts',(44.113138586891,16.7913942387587,86.7872651336839));
#2500=CARTESIAN_POINT('Ctrl Pts',(52.5013128768646,17.4205263570874,86.0792437344172));
#2501=CARTESIAN_POINT('Ctrl Pts',(44.1032331283452,16.9804016472256,86.0792437344172));
#2502=CARTESIAN_POINT('Ctrl Pts',(52.4916235105158,17.6054104808071,85.369578343054));
#2503=CARTESIAN_POINT('Ctrl Pts',(44.0935437619964,17.1652857709453,85.369578343054));
#2504=CARTESIAN_POINT('Ctrl Pts',(52.4821540612852,17.7860983359331,84.6583037258771));
#2505=CARTESIAN_POINT('Ctrl Pts',(44.0840743127658,17.3459736260713,84.6583037258771));
#2506=CARTESIAN_POINT('Ctrl Pts',(52.4729086033852,17.9625121818632,83.9454541187138));
#2507=CARTESIAN_POINT('Ctrl Pts',(44.0748288548658,17.5223874720014,83.9454541187138));
#2508=CARTESIAN_POINT('Ctrl Pts',(52.4638915616226,18.1345675882538,83.2310649076837));
#2509=CARTESIAN_POINT('Ctrl Pts',(44.0658118131033,17.694442878392,83.2310649076837));
#2510=CARTESIAN_POINT('Ctrl Pts',(52.4551074595248,18.302178241061,82.5151738075149));
#2511=CARTESIAN_POINT('Ctrl Pts',(44.0570277110055,17.8620535311992,82.5151738075149));
#2512=CARTESIAN_POINT('Ctrl Pts',(52.4465607588579,18.4652590047148,81.7978221221546));
#2513=CARTESIAN_POINT('Ctrl Pts',(44.0484810103386,18.025134294853,81.7978221221546));
#2514=CARTESIAN_POINT('Ctrl Pts',(52.4382556554168,18.6237298186812,81.0790560560872));
#2515=CARTESIAN_POINT('Ctrl Pts',(44.0401759068974,18.1836051088194,81.0790560560872));
#2516=CARTESIAN_POINT('Ctrl Pts',(52.4301959089288,18.7775189430869,80.358927811));
#2517=CARTESIAN_POINT('Ctrl Pts',(44.0321161604094,18.3373942332251,80.358927811));
#2518=CARTESIAN_POINT('Ctrl Pts',(52.4223846205413,18.9265672045168,79.637497247874));
#2519=CARTESIAN_POINT('Ctrl Pts',(44.0243048720219,18.486442494655,79.637497247874));
#2520=CARTESIAN_POINT('Ctrl Pts',(52.4148241706779,19.07082918178,78.9148315744086));
#2521=CARTESIAN_POINT('Ctrl Pts',(44.0167444221586,18.6307044719183,78.9148315744086));
#2522=CARTESIAN_POINT('Ctrl Pts',(52.4075163665789,19.2102703906807,78.1910023515905));
#2523=CARTESIAN_POINT('Ctrl Pts',(44.0094366180595,18.770145680819,78.1910023515905));
#2524=CARTESIAN_POINT('Ctrl Pts',(52.400462537817,19.3448654614586,77.4660832082885));
#2525=CARTESIAN_POINT('Ctrl Pts',(44.0023827892976,18.9047407515969,77.4660832082885));
#2526=CARTESIAN_POINT('Ctrl Pts',(52.3936636532883,19.4745959064749,76.7401471780177));
#2527=CARTESIAN_POINT('Ctrl Pts',(43.9955839047689,19.0344711966131,76.7401471780177));
#2528=CARTESIAN_POINT('Ctrl Pts',(52.3871204280109,19.5994480823708,76.0132644074174));
#2529=CARTESIAN_POINT('Ctrl Pts',(43.9890406794915,19.159323372509,76.0132644074174));
#2530=CARTESIAN_POINT('Ctrl Pts',(52.3808334366967,19.7194110229925,75.2854991919426));
#2531=CARTESIAN_POINT('Ctrl Pts',(43.9827536881773,19.2792863131307,75.2854991919426));
#2532=CARTESIAN_POINT('Ctrl Pts',(52.3748032161184,19.8344744861043,74.5569091334962));
#2533=CARTESIAN_POINT('Ctrl Pts',(43.976723467599,19.3943497762426,74.5569091334962));
#2534=CARTESIAN_POINT('Ctrl Pts',(52.3690303566078,19.9446272075037,73.827547402602));
#2535=CARTESIAN_POINT('Ctrl Pts',(43.9709506080885,19.504502497642,73.827547402602));
#2536=CARTESIAN_POINT('Ctrl Pts',(52.3635155928644,20.0498551682926,73.0974642372672));
#2537=CARTESIAN_POINT('Ctrl Pts',(43.965435844345,19.6097304584308,73.0974642372672));
#2538=CARTESIAN_POINT('Ctrl Pts',(52.3582599018189,20.1501397275206,72.36670879298));
#2539=CARTESIAN_POINT('Ctrl Pts',(43.9601801532995,19.7100150176588,72.36670879298));
#2540=CARTESIAN_POINT('Ctrl Pts',(52.3532645818901,20.2454561098814,71.6353307433069));
#2541=CARTESIAN_POINT('Ctrl Pts',(43.9551848333707,19.8053314000196,71.6353307433069));
#2542=CARTESIAN_POINT('Ctrl Pts',(52.3485313782234,20.3357710160152,70.9033822290733));
#2543=CARTESIAN_POINT('Ctrl Pts',(43.9504516297041,19.8956463061534,70.9033822290733));
#2544=CARTESIAN_POINT('Ctrl Pts',(52.344062455679,20.4210431379325,70.1709188182704));
#2545=CARTESIAN_POINT('Ctrl Pts',(43.9459827071596,19.9809184280707,70.1709188182704));
#2546=CARTESIAN_POINT('Ctrl Pts',(52.3398601159762,20.5012285562093,69.4379988796199));
#2547=CARTESIAN_POINT('Ctrl Pts',(43.9417803674569,20.0611038463475,69.4379988796199));
#2548=CARTESIAN_POINT('Ctrl Pts',(52.3359265775424,20.5762849407327,68.704683313205));
#2549=CARTESIAN_POINT('Ctrl Pts',(43.937846829023,20.1361602308709,68.704683313205));
#2550=CARTESIAN_POINT('Ctrl Pts',(52.33226372178,20.6461763922012,67.9710351491874));
#2551=CARTESIAN_POINT('Ctrl Pts',(43.9341839732607,20.2060516823395,67.9710351491874));
#2552=CARTESIAN_POINT('Ctrl Pts',(52.328872872896,20.7108776432448,67.2371191763851));
#2553=CARTESIAN_POINT('Ctrl Pts',(43.9307931243766,20.270752933383,67.2371191763851));
#2554=CARTESIAN_POINT('Ctrl Pts',(52.3257545166246,20.7703794254997,66.5030016227827));
#2555=CARTESIAN_POINT('Ctrl Pts',(43.9276747681053,20.3302547156379,66.5030016227827));
#2556=CARTESIAN_POINT('Ctrl Pts',(52.3229082044261,20.8246902976158,65.7687495910524));
#2557=CARTESIAN_POINT('Ctrl Pts',(43.9248284559067,20.3845655877541,65.7687495910524));
#2558=CARTESIAN_POINT('Ctrl Pts',(52.320332797832,20.8738319828644,65.034429992557));
#2559=CARTESIAN_POINT('Ctrl Pts',(43.9222530493126,20.4337072730026,65.034429992557));
#2560=CARTESIAN_POINT('Ctrl Pts',(52.3180266351191,20.9178361888138,64.3001086205104));
#2561=CARTESIAN_POINT('Ctrl Pts',(43.9199468865997,20.477711478952,64.3001086205104));
#2562=CARTESIAN_POINT('Ctrl Pts',(52.3159877352155,20.956740716567,63.5658491085725));
#2563=CARTESIAN_POINT('Ctrl Pts',(43.9179079866961,20.5166160067052,63.5658491085725));
#2564=CARTESIAN_POINT('Ctrl Pts',(52.3142139716061,20.99058614245,62.8317120733334));
#2565=CARTESIAN_POINT('Ctrl Pts',(43.9161342230867,20.5504614325883,62.8317120733334));
#2566=CARTESIAN_POINT('Ctrl Pts',(52.3127032932522,21.0194116026116,62.0977538502364));
#2567=CARTESIAN_POINT('Ctrl Pts',(43.9146235447328,20.5792868927498,62.0977538502364));
#2568=CARTESIAN_POINT('Ctrl Pts',(52.3114538100702,21.0432531619963,61.3640265117242));
#2569=CARTESIAN_POINT('Ctrl Pts',(43.9133740615508,20.6031284521345,61.3640265117242));
#2570=CARTESIAN_POINT('Ctrl Pts',(52.3104636176245,21.0621471593991,60.630580422901));
#2571=CARTESIAN_POINT('Ctrl Pts',(43.9123838691051,20.6220224495374,60.630580422901));
#2572=CARTESIAN_POINT('Ctrl Pts',(52.3097306799057,21.0761324441955,59.897466203863));
#2573=CARTESIAN_POINT('Ctrl Pts',(43.9116509313863,20.6360077343337,59.897466203863));
#2574=CARTESIAN_POINT('Ctrl Pts',(52.3092526841794,21.0852531459844,59.1647370307555));
#2575=CARTESIAN_POINT('Ctrl Pts',(43.9111729356601,20.6451284361226,59.1647370307555));
#2576=CARTESIAN_POINT('Ctrl Pts',(52.3090269185419,21.0895610109727,58.4324505592087));
#2577=CARTESIAN_POINT('Ctrl Pts',(43.9109471700226,20.6494363011109,58.4324505592087));
#2578=CARTESIAN_POINT('Ctrl Pts',(52.3090501135403,21.0891184240396,57.7006715755081));
#2579=CARTESIAN_POINT('Ctrl Pts',(43.9109703650209,20.6489937141778,57.7006715755081));
#2580=CARTESIAN_POINT('Ctrl Pts',(52.3093183878968,21.0839994443721,56.9694724152358));
#2581=CARTESIAN_POINT('Ctrl Pts',(43.9112386393774,20.6438747345104,56.9694724152358));
#2582=CARTESIAN_POINT('Ctrl Pts',(52.3098273885508,21.0742871333186,56.2389291254468));
#2583=CARTESIAN_POINT('Ctrl Pts',(43.9117476400315,20.6341624234568,56.2389291254468));
#2584=CARTESIAN_POINT('Ctrl Pts',(52.3105723880075,21.0600716968544,55.509118611253));
#2585=CARTESIAN_POINT('Ctrl Pts',(43.9124926394881,20.6199469869926,55.509118611253));
#2586=CARTESIAN_POINT('Ctrl Pts',(52.3115483999717,21.0414482791568,54.7801152609459));
#2587=CARTESIAN_POINT('Ctrl Pts',(43.9134686514523,20.601323569295,54.7801152609459));
#2588=CARTESIAN_POINT('Ctrl Pts',(52.3127502843786,21.0185149585047,54.0519880867385));
#2589=CARTESIAN_POINT('Ctrl Pts',(43.9146705358593,20.5783902486429,54.0519880867385));
#2590=CARTESIAN_POINT('Ctrl Pts',(52.3141728637382,20.9913705272963,53.3247969307683));
#2591=CARTESIAN_POINT('Ctrl Pts',(43.9160931152188,20.5512458174346,53.3247969307683));
#2592=CARTESIAN_POINT('Ctrl Pts',(52.3158110110203,20.9601128150915,52.598591560082));
#2593=CARTESIAN_POINT('Ctrl Pts',(43.9177312625009,20.5199881052297,52.598591560082));
#2594=CARTESIAN_POINT('Ctrl Pts',(52.3176596929561,20.9248378623815,51.8734155143934));
#2595=CARTESIAN_POINT('Ctrl Pts',(43.9195799444368,20.4847131525197,51.8734155143934));
#2596=CARTESIAN_POINT('Ctrl Pts',(52.3197140239232,20.885638892397,51.1493088116771));
#2597=CARTESIAN_POINT('Ctrl Pts',(43.9216342754038,20.4455141825352,51.1493088116771));
#2598=CARTESIAN_POINT('Ctrl Pts',(52.3219693146437,20.8426053818883,50.4263112217735));
#2599=CARTESIAN_POINT('Ctrl Pts',(43.9238895661243,20.4024806720265,50.4263112217735));
#2600=CARTESIAN_POINT('Ctrl Pts',(52.3244211252684,20.7958220482253,49.7044650466694));
#2601=CARTESIAN_POINT('Ctrl Pts',(43.9263413767491,20.3556973383635,49.7044650466694));
#2602=CARTESIAN_POINT('Ctrl Pts',(52.3270653112613,20.7453679738677,48.9838187274536));
#2603=CARTESIAN_POINT('Ctrl Pts',(43.9289855627419,20.3052432640059,48.9838187274536));
#2604=CARTESIAN_POINT('Ctrl Pts',(52.3298980926276,20.6913152854102,48.2644278019165));
#2605=CARTESIAN_POINT('Ctrl Pts',(43.9318183441083,20.2511905755484,48.2644278019165));
#2606=CARTESIAN_POINT('Ctrl Pts',(52.3329161542407,20.6337272392397,47.5463526339076));
#2607=CARTESIAN_POINT('Ctrl Pts',(43.9348364057213,20.1936025293779,47.5463526339076));
#2608=CARTESIAN_POINT('Ctrl Pts',(52.3361167344364,20.5726565310457,46.8296569883223));
#2609=CARTESIAN_POINT('Ctrl Pts',(43.938036985917,20.1325318211839,46.8296569883223));
#2610=CARTESIAN_POINT('Ctrl Pts',(52.339497726677,20.5081433559626,46.1144062077096));
#2611=CARTESIAN_POINT('Ctrl Pts',(43.9414179781576,20.0680186461008,46.1144062077096));
#2612=CARTESIAN_POINT('Ctrl Pts',(52.3430577564746,20.4402139407825,45.4006656871094));
#2613=CARTESIAN_POINT('Ctrl Pts',(43.9449780079552,20.0000892309207,45.4006656871094));
#2614=CARTESIAN_POINT('Ctrl Pts',(52.3467963167802,20.3688779605748,44.6884989023709));
#2615=CARTESIAN_POINT('Ctrl Pts',(43.9487165682608,19.928753250713,44.6884989023709));
#2616=CARTESIAN_POINT('Ctrl Pts',(52.3507136712072,20.2941303852985,43.9779670064817));
#2617=CARTESIAN_POINT('Ctrl Pts',(43.9526339226879,19.8540056754367,43.9779670064817));
#2618=CARTESIAN_POINT('Ctrl Pts',(52.354810577602,20.2159567543841,43.2691295985462));
#2619=CARTESIAN_POINT('Ctrl Pts',(43.9567308290826,19.7758320445223,43.2691295985462));
#2620=CARTESIAN_POINT('Ctrl Pts',(52.3590880668373,20.1343373976036,42.5620451501958));
#2621=CARTESIAN_POINT('Ctrl Pts',(43.961008318318,19.6942126877418,42.5620451501958));
#2622=CARTESIAN_POINT('Ctrl Pts',(52.3635471918538,20.0492522236566,41.8567715830793));
#2623=CARTESIAN_POINT('Ctrl Pts',(43.9654674433345,19.6091275137948,41.8567715830793));
#2624=CARTESIAN_POINT('Ctrl Pts',(52.3681888058425,19.9606849526865,41.1533667576695));
#2625=CARTESIAN_POINT('Ctrl Pts',(43.9701090573232,19.5205602428247,41.1533667576695));
#2626=CARTESIAN_POINT('Ctrl Pts',(52.3730132857457,19.8686283922066,40.4518890616797));
#2627=CARTESIAN_POINT('Ctrl Pts',(43.9749335372263,19.4285036823448,40.4518890616797));
#2628=CARTESIAN_POINT('Ctrl Pts',(52.3780205404845,19.773084280105,39.7523975743166));
#2629=CARTESIAN_POINT('Ctrl Pts',(43.9799407919652,19.3329595702432,39.7523975743166));
#2630=CARTESIAN_POINT('Ctrl Pts',(52.3832101169419,19.6740612623702,39.0549520909682));
#2631=CARTESIAN_POINT('Ctrl Pts',(43.9851303684225,19.2339365525084,39.0549520909682));
#2632=CARTESIAN_POINT('Ctrl Pts',(52.3885812737453,19.5715734852343,38.3596131944436));
#2633=CARTESIAN_POINT('Ctrl Pts',(43.9905015252259,19.1314487753725,38.3596131944436));
#2634=CARTESIAN_POINT('Ctrl Pts',(52.3941330686254,19.4656389282649,37.6664423044746));
#2635=CARTESIAN_POINT('Ctrl Pts',(43.996053320106,19.0255142184031,37.6664423044746));
#2636=CARTESIAN_POINT('Ctrl Pts',(52.3998644395924,19.3562778554345,36.9755017420557));
#2637=CARTESIAN_POINT('Ctrl Pts',(44.001784691073,18.9161531455727,36.9755017420557));
#2638=CARTESIAN_POINT('Ctrl Pts',(52.4057742897376,19.2435111970096,36.2868547728971));
#2639=CARTESIAN_POINT('Ctrl Pts',(44.0076945412182,18.8033864871478,36.2868547728971));
#2640=CARTESIAN_POINT('Ctrl Pts',(52.4118615218405,19.1273598892043,35.6005661882017));
#2641=CARTESIAN_POINT('Ctrl Pts',(44.0137817733211,18.6872351793426,35.6005661882017));
#2642=CARTESIAN_POINT('Ctrl Pts',(52.4181250712585,19.00784424661,34.9167028804173));
#2643=CARTESIAN_POINT('Ctrl Pts',(44.0200453227391,18.5677195367482,34.9167028804173));
#2644=CARTESIAN_POINT('Ctrl Pts',(52.424563940943,18.8849832940451,34.2353344586917));
#2645=CARTESIAN_POINT('Ctrl Pts',(44.0264841924236,18.4448585841833,34.2353344586917));
#2646=CARTESIAN_POINT('Ctrl Pts',(52.431177232104,18.7587941814466,33.5565337620925));
#2647=CARTESIAN_POINT('Ctrl Pts',(44.0330974835846,18.3186694715848,33.5565337620925));
#2648=CARTESIAN_POINT('Ctrl Pts',(52.4379641850576,18.6292914044454,32.8803776226429));
#2649=CARTESIAN_POINT('Ctrl Pts',(44.0398844365382,18.1891666945836,32.8803776226429));
#2650=CARTESIAN_POINT('Ctrl Pts',(52.4449241889125,18.4964866195434,32.2069468565023));
#2651=CARTESIAN_POINT('Ctrl Pts',(44.0468444403931,18.0563619096816,32.2069468565023));
#2652=CARTESIAN_POINT('Ctrl Pts',(52.4520567084155,18.3603900399774,31.5363241790369));
#2653=CARTESIAN_POINT('Ctrl Pts',(44.0539769598962,17.9202653301156,31.5363241790369));
#2654=CARTESIAN_POINT('Ctrl Pts',(52.4593612273663,18.2210115154395,30.8685925560572));
#2655=CARTESIAN_POINT('Ctrl Pts',(44.061281478847,17.7808868055777,30.8685925560572));
#2656=CARTESIAN_POINT('Ctrl Pts',(52.4668371833283,18.0783617778573,30.2038332849745));
#2657=CARTESIAN_POINT('Ctrl Pts',(44.068757434809,17.6382370679955,30.2038332849745));
#2658=CARTESIAN_POINT('Ctrl Pts',(52.4744839109884,17.9324535221622,29.5421244156493));
#2659=CARTESIAN_POINT('Ctrl Pts',(44.076404162469,17.4923288123004,29.5421244156493));
#2660=CARTESIAN_POINT('Ctrl Pts',(52.4823005692156,17.7833027980871,28.8835384537518));
#2661=CARTESIAN_POINT('Ctrl Pts',(44.0842208206962,17.3431780882253,28.8835384537518));
#2662=CARTESIAN_POINT('Ctrl Pts',(52.4902861448012,17.6309289388087,28.2281435125019));
#2663=CARTESIAN_POINT('Ctrl Pts',(44.0922063962818,17.1908042289469,28.2281435125019));
#2664=CARTESIAN_POINT('Ctrl Pts',(52.4984394900287,17.4753538440604,27.5760059332394));
#2665=CARTESIAN_POINT('Ctrl Pts',(44.1003597415093,17.0352291341986,27.5760059332394));
#2666=CARTESIAN_POINT('Ctrl Pts',(52.5067593479014,17.3166014987684,26.9271924703791));
#2667=CARTESIAN_POINT('Ctrl Pts',(44.108679599382,16.8764767889067,26.9271924703791));
#2668=CARTESIAN_POINT('Ctrl Pts',(52.5152443858905,17.1546973290975,26.2817725817289));
#2669=CARTESIAN_POINT('Ctrl Pts',(44.1171646373712,16.7145726192357,26.2817725817289));
#2670=CARTESIAN_POINT('Ctrl Pts',(52.523893217942,16.9896677825342,25.6398208541833));
#2671=CARTESIAN_POINT('Ctrl Pts',(44.1258134694226,16.5495430726724,25.6398208541833));
#2672=CARTESIAN_POINT('Ctrl Pts',(52.5327044563582,16.8215393379265,25.0014188238785));
#2673=CARTESIAN_POINT('Ctrl Pts',(44.1346247078388,16.3814146280647,25.0014188238785));
#2674=CARTESIAN_POINT('Ctrl Pts',(52.541676898447,16.6503349440066,24.3666539840919));
#2675=CARTESIAN_POINT('Ctrl Pts',(44.1435971499277,16.2102102341448,24.3666539840919));
#2676=CARTESIAN_POINT('Ctrl Pts',(52.5508096881546,16.4760709352556,23.7356191867463));
#2677=CARTESIAN_POINT('Ctrl Pts',(44.1527299396353,16.0359462253939,23.7356191867463));
#2678=CARTESIAN_POINT('Ctrl Pts',(52.5601024999737,16.2987535227224,23.1084119079891));
#2679=CARTESIAN_POINT('Ctrl Pts',(44.1620227514543,15.8586288128607,23.1084119079891));
#2680=CARTESIAN_POINT('Ctrl Pts',(52.5695556844813,16.1183760169979,22.4851335314418));
#2681=CARTESIAN_POINT('Ctrl Pts',(44.171475935962,15.6782513071361,22.4851335314418));
#2682=CARTESIAN_POINT('Ctrl Pts',(52.5791705056956,15.934914299181,21.8658887278575));
#2683=CARTESIAN_POINT('Ctrl Pts',(44.1810907571762,15.4947895893192,21.8658887278575));
#2684=CARTESIAN_POINT('Ctrl Pts',(52.5889487214739,15.748334827352,21.2507840092987));
#2685=CARTESIAN_POINT('Ctrl Pts',(44.1908689729546,15.3082101174903,21.2507840092987));
#2686=CARTESIAN_POINT('Ctrl Pts',(52.5988920451632,15.5586049089062,20.6399262083624));
#2687=CARTESIAN_POINT('Ctrl Pts',(44.2008122966439,15.1184801990444,20.6399262083624));
#2688=CARTESIAN_POINT('Ctrl Pts',(52.6090016127171,15.3657028685568,20.0334207891916));
#2689=CARTESIAN_POINT('Ctrl Pts',(44.2109218641977,14.925578158695,20.0334207891916));
#2690=CARTESIAN_POINT('Ctrl Pts',(52.619277527264,15.1696267384961,19.4313706667482));
#2691=CARTESIAN_POINT('Ctrl Pts',(44.2211977787446,14.7295020286343,19.4313706667482));
#2692=CARTESIAN_POINT('Ctrl Pts',(52.6297181726344,14.9704073570749,18.8338737234017));
#2693=CARTESIAN_POINT('Ctrl Pts',(44.2316384241151,14.5302826472131,18.8338737234017));
#2694=CARTESIAN_POINT('Ctrl Pts',(52.6403204725904,14.7681034224096,18.2410255035279));
#2695=CARTESIAN_POINT('Ctrl Pts',(44.2422407240711,14.3279787125479,18.2410255035279));
#2696=CARTESIAN_POINT('Ctrl Pts',(52.6510808472962,14.5627832418387,17.6529256050391));
#2697=CARTESIAN_POINT('Ctrl Pts',(44.2530010987768,14.1226585319769,17.6529256050391));
#2698=CARTESIAN_POINT('Ctrl Pts',(52.6619960178319,14.3545093808763,17.0696834314869));
#2699=CARTESIAN_POINT('Ctrl Pts',(44.2639162693126,13.9143846710146,17.0696834314869));
#2700=CARTESIAN_POINT('Ctrl Pts',(52.673063763446,14.1433242139895,16.4914232627776));
#2701=CARTESIAN_POINT('Ctrl Pts',(44.2749840149266,13.7031995041277,16.4914232627776));
#2702=CARTESIAN_POINT('Ctrl Pts',(52.6842839659114,13.929229997083,15.9182919138301));
#2703=CARTESIAN_POINT('Ctrl Pts',(44.286204217392,13.4891052872212,15.9182919138301));
#2704=CARTESIAN_POINT('Ctrl Pts',(52.6956585484685,13.7121900325455,15.3504568433447));
#2705=CARTESIAN_POINT('Ctrl Pts',(44.2975787999491,13.2720653226837,15.3504568433447));
#2706=CARTESIAN_POINT('Ctrl Pts',(52.7071900755035,13.492155388972,14.7880928529898));
#2707=CARTESIAN_POINT('Ctrl Pts',(44.3091103269841,13.0520306791102,14.7880928529898));
#2708=CARTESIAN_POINT('Ctrl Pts',(52.7188806031776,13.2690868324708,14.2313708095447));
#2709=CARTESIAN_POINT('Ctrl Pts',(44.3208008546582,12.8289621226091,14.2313708095447));
#2710=CARTESIAN_POINT('Ctrl Pts',(52.7307306232954,13.0429749788506,13.680447449178));
#2711=CARTESIAN_POINT('Ctrl Pts',(44.332650874776,12.6028502689888,13.680447449178));
#2712=CARTESIAN_POINT('Ctrl Pts',(52.7427374918991,12.8138702778316,13.1354500809623));
#2713=CARTESIAN_POINT('Ctrl Pts',(44.3446577433797,12.3737455679698,13.1354500809623));
#2714=CARTESIAN_POINT('Ctrl Pts',(52.7548959015259,12.5818740018377,12.5964812909064));
#2715=CARTESIAN_POINT('Ctrl Pts',(44.3568161530065,12.1417492919759,12.5964812909064));
#2716=CARTESIAN_POINT('Ctrl Pts',(52.7672004447513,12.3470893306742,12.0636442599627));
#2717=CARTESIAN_POINT('Ctrl Pts',(44.3691206962319,11.9069646208124,12.0636442599627));
#2718=CARTESIAN_POINT('Ctrl Pts',(52.7796477995081,12.1095796531588,11.5370640666577));
#2719=CARTESIAN_POINT('Ctrl Pts',(44.3815680509887,11.669454943297,11.5370640666577));
#2720=CARTESIAN_POINT('Ctrl Pts',(52.792238675207,11.8693314329288,11.0169073816703));
#2721=CARTESIAN_POINT('Ctrl Pts',(44.3941589266877,11.429206723067,11.0169073816703));
#2722=CARTESIAN_POINT('Ctrl Pts',(52.8049808563532,11.6261961327798,10.5034110591848));
#2723=CARTESIAN_POINT('Ctrl Pts',(44.4069011078338,11.1860714229181,10.5034110591848));
#2724=CARTESIAN_POINT('Ctrl Pts',(52.8178862400266,11.3799467428991,9.99686129024524));
#2725=CARTESIAN_POINT('Ctrl Pts',(44.4198064915072,10.9398220330373,9.99686129024524));
#2726=CARTESIAN_POINT('Ctrl Pts',(52.8309651143717,11.1303869537991,9.49755007582324));
#2727=CARTESIAN_POINT('Ctrl Pts',(44.4328853658523,10.6902622439373,9.49755007582324));
#2728=CARTESIAN_POINT('Ctrl Pts',(52.8442215213132,10.8774396409599,9.0057404696113));
#2729=CARTESIAN_POINT('Ctrl Pts',(44.4461417727938,10.4373149310981,9.0057404696113));
#2730=CARTESIAN_POINT('Ctrl Pts',(52.8576477206178,10.6212524968312,8.52162482484134));
#2731=CARTESIAN_POINT('Ctrl Pts',(44.4595679720985,10.1811277869695,8.52162482484134));
#2732=CARTESIAN_POINT('Ctrl Pts',(52.8712202646933,10.3622729281279,8.04529520934556));
#2733=CARTESIAN_POINT('Ctrl Pts',(44.4731405161739,9.92214821826611,8.04529520934556));
#2734=CARTESIAN_POINT('Ctrl Pts',(52.8849123633952,10.1010121212541,7.57683582809576));
#2735=CARTESIAN_POINT('Ctrl Pts',(44.4868326148759,9.66088741139235,7.57683582809576));
#2736=CARTESIAN_POINT('Ctrl Pts',(52.8987064834852,9.83780463032999,7.11641714948313));
#2737=CARTESIAN_POINT('Ctrl Pts',(44.5006267349658,9.39767992046821,7.11641714948313));
#2738=CARTESIAN_POINT('Ctrl Pts',(52.9126044365012,9.57261588915211,6.66437138557829));
#2739=CARTESIAN_POINT('Ctrl Pts',(44.5145246879818,9.13249117929033,6.66437138557829));
#2740=CARTESIAN_POINT('Ctrl Pts',(52.9266445596757,9.30471437974748,6.22132069593889));
#2741=CARTESIAN_POINT('Ctrl Pts',(44.5285648111563,8.8645896698857,6.22132069593889));
#2742=CARTESIAN_POINT('Ctrl Pts',(52.9408842000426,9.0330058555232,5.7880465492714));
#2743=CARTESIAN_POINT('Ctrl Pts',(44.5428044515232,8.59288114566142,5.7880465492714));
#2744=CARTESIAN_POINT('Ctrl Pts',(52.9553609408047,8.75677318624832,5.36519797321068));
#2745=CARTESIAN_POINT('Ctrl Pts',(44.5572811922853,8.31664847638654,5.36519797321068));
#2746=CARTESIAN_POINT('Ctrl Pts',(52.970065912619,8.47618560907071,4.95309493362102));
#2747=CARTESIAN_POINT('Ctrl Pts',(44.5719861640996,8.03606089920892,4.95309493362102));
#2748=CARTESIAN_POINT('Ctrl Pts',(52.9848993677601,8.19314642397125,4.55138744213367));
#2749=CARTESIAN_POINT('Ctrl Pts',(44.5868196192407,7.75302171410947,4.55138744213367));
#2750=CARTESIAN_POINT('Ctrl Pts',(52.999681529092,7.91108598305823,4.15917192354014));
#2751=CARTESIAN_POINT('Ctrl Pts',(44.6016017805726,7.47096127319645,4.15917192354014));
#2752=CARTESIAN_POINT('Ctrl Pts',(53.0142371026785,7.63334909388557,3.77573815787686));
#2753=CARTESIAN_POINT('Ctrl Pts',(44.6161573541591,7.19322438402379,3.77573815787686));
#2754=CARTESIAN_POINT('Ctrl Pts',(53.028453241762,7.36208900086039,3.40106437473366));
#2755=CARTESIAN_POINT('Ctrl Pts',(44.6303734932427,6.92196429099861,3.40106437473366));
#2756=CARTESIAN_POINT('Ctrl Pts',(53.0423664636483,7.0966089122821,3.03662685344189));
#2757=CARTESIAN_POINT('Ctrl Pts',(44.6442867151289,6.65648420242032,3.03662685344189));
#2758=CARTESIAN_POINT('Ctrl Pts',(53.0561686502064,6.83324750397663,2.68525451036094));
#2759=CARTESIAN_POINT('Ctrl Pts',(44.6580889016871,6.39312279411485,2.68525451036094));
#2760=CARTESIAN_POINT('Ctrl Pts',(53.0701336821204,6.56677882117768,2.34990196132403));
#2761=CARTESIAN_POINT('Ctrl Pts',(44.672053933601,6.1266541113159,2.34990196132403));
#2762=CARTESIAN_POINT('Ctrl Pts',(53.0845584437906,6.29153797206108,2.0328131220023));
#2763=CARTESIAN_POINT('Ctrl Pts',(44.6864786952712,5.8514132621993,2.0328131220023));
#2764=CARTESIAN_POINT('Ctrl Pts',(53.0997125058009,6.00238124346695,1.73426869423102));
#2765=CARTESIAN_POINT('Ctrl Pts',(44.7016327572816,5.56225653360517,1.73426869423102));
#2766=CARTESIAN_POINT('Ctrl Pts',(53.1157084514352,5.69716041836988,1.45362281338602));
#2767=CARTESIAN_POINT('Ctrl Pts',(44.7176287029159,5.2570357085081,1.45362281338602));
#2768=CARTESIAN_POINT('Ctrl Pts',(53.132413796325,5.37840344911145,1.19050728720085));
#2769=CARTESIAN_POINT('Ctrl Pts',(44.7343340478057,4.93827873924967,1.19050728720085));
#2770=CARTESIAN_POINT('Ctrl Pts',(53.1492367850498,5.05740170175921,0.946418893720894));
#2771=CARTESIAN_POINT('Ctrl Pts',(44.7511570365304,4.61727699189743,0.946418893720894));
#2772=CARTESIAN_POINT('Ctrl Pts',(53.1653237916124,4.75044333064171,0.724712448499836));
#2773=CARTESIAN_POINT('Ctrl Pts',(44.767244043093,4.31031862077993,0.724712448499836));
#2774=CARTESIAN_POINT('Ctrl Pts',(53.1802023769692,4.46654300972733,0.52857638208848));
#2775=CARTESIAN_POINT('Ctrl Pts',(44.7821226284499,4.02641829986554,0.52857638208848));
#2776=CARTESIAN_POINT('Ctrl Pts',(53.1945714423685,4.19236490876844,0.358764201038348));
#2777=CARTESIAN_POINT('Ctrl Pts',(44.7964916938492,3.75224019890666,0.358764201038348));
#2778=CARTESIAN_POINT('Ctrl Pts',(53.210357602539,3.89114702878185,0.213365248562166));
#2779=CARTESIAN_POINT('Ctrl Pts',(44.8122778540196,3.45102231892007,0.213365248562166));
#2780=CARTESIAN_POINT('Ctrl Pts',(53.2288926640649,3.53747698629086,0.0931292913310875));
#2781=CARTESIAN_POINT('Ctrl Pts',(44.8308129155455,3.09735227642908,0.0931292913310875));
#2782=CARTESIAN_POINT('Ctrl Pts',(53.248561860208,3.16216636614607,0.00818176092519795));
#2783=CARTESIAN_POINT('Ctrl Pts',(44.8504821116886,2.72204165628429,0.00818176092519795));
#2784=CARTESIAN_POINT('Ctrl Pts',(53.2651547189063,2.8455557612829,-0.0227985765743715));
#2785=CARTESIAN_POINT('Ctrl Pts',(44.867074970387,2.40543105142112,-0.0227985765743715));
#2786=CARTESIAN_POINT('Ctrl Pts',(53.275637490924,2.64553255554758,0.0159283020330063));
#2787=CARTESIAN_POINT('Ctrl Pts',(44.8775577424046,2.2054078456858,0.0159283020330063));
#2788=CARTESIAN_POINT('Ctrl Pts',(53.2826734761197,2.51127796029588,0.125312718471644));
#2789=CARTESIAN_POINT('Ctrl Pts',(44.8845937276003,2.0711532504341,0.125312718471644));
#2790=CARTESIAN_POINT('Ctrl Pts',(53.2913990357859,2.34478436362705,0.293621676032613));
#2791=CARTESIAN_POINT('Ctrl Pts',(44.8933192872666,1.90465965376527,0.293621676032613));
#2792=CARTESIAN_POINT('Ctrl Pts',(53.3017724108129,2.14684857682374,0.506964391923744));
#2793=CARTESIAN_POINT('Ctrl Pts',(44.9036926622936,1.70672386696196,0.506964391923744));
#2794=CARTESIAN_POINT('Ctrl Pts',(53.3115742216378,1.95981888468637,0.752645407331465));
#2795=CARTESIAN_POINT('Ctrl Pts',(44.9134944731185,1.51969417482458,0.752645407331465));
#2796=CARTESIAN_POINT('Ctrl Pts',(53.3197025250143,1.80472161691988,1.02472761229938));
#2797=CARTESIAN_POINT('Ctrl Pts',(44.921622776495,1.36459690705809,1.02472761229938));
#2798=CARTESIAN_POINT('Ctrl Pts',(53.326405027364,1.67683025343714,1.32211547107494));
#2799=CARTESIAN_POINT('Ctrl Pts',(44.9283252788446,1.23670554357536,1.32211547107494));
#2800=CARTESIAN_POINT('Ctrl Pts',(53.3323006316069,1.56433542302137,1.64410230482164));
#2801=CARTESIAN_POINT('Ctrl Pts',(44.9342208830875,1.12421071315959,1.64410230482164));
#2802=CARTESIAN_POINT('Ctrl Pts',(53.3378640951869,1.45817821399364,1.98724115497246));
#2803=CARTESIAN_POINT('Ctrl Pts',(44.9397843466675,1.01805350413185,1.98724115497246));
#2804=CARTESIAN_POINT('Ctrl Pts',(53.3434030576982,1.35248851320737,2.34724083729704));
#2805=CARTESIAN_POINT('Ctrl Pts',(44.9453233091788,0.91236380334559,2.34724083729704));
#2806=CARTESIAN_POINT('Ctrl Pts',(53.3490490838559,1.2447559163491,2.72069196082537));
#2807=CARTESIAN_POINT('Ctrl Pts',(44.9509693353366,0.804631206487318,2.72069196082537));
#2808=CARTESIAN_POINT('Ctrl Pts',(53.3547512977706,1.1359511932205,3.10653137908941));
#2809=CARTESIAN_POINT('Ctrl Pts',(44.9566715492513,0.695826483358715,3.10653137908941));
#2810=CARTESIAN_POINT('Ctrl Pts',(53.3603741466745,1.02866084471071,3.50485610953124));
#2811=CARTESIAN_POINT('Ctrl Pts',(44.9622943981552,0.58853613484893,3.50485610953124));
#2812=CARTESIAN_POINT('Ctrl Pts',(53.3657767529243,0.925572976389292,3.91609392298744));
#2813=CARTESIAN_POINT('Ctrl Pts',(44.9676970044049,0.48544826652751,3.91609392298744));
#2814=CARTESIAN_POINT('Ctrl Pts',(53.3709129254989,0.827568965441457,4.33989369649504));
#2815=CARTESIAN_POINT('Ctrl Pts',(44.9728331769795,0.387444255579675,4.33989369649504));
#2816=CARTESIAN_POINT('Ctrl Pts',(53.3758109962697,0.734108207556277,4.77530931445012));
#2817=CARTESIAN_POINT('Ctrl Pts',(44.9777312477504,0.293983497694495,4.77530931445012));
#2818=CARTESIAN_POINT('Ctrl Pts',(53.3805316370201,0.644033016144495,5.22120444440726));
#2819=CARTESIAN_POINT('Ctrl Pts',(44.9824518885008,0.203908306282714,5.22120444440726));
#2820=CARTESIAN_POINT('Ctrl Pts',(53.3851302954431,0.556285386196097,5.67661321005294));
#2821=CARTESIAN_POINT('Ctrl Pts',(44.9870505469237,0.116160676334316,5.67661321005294));
#2822=CARTESIAN_POINT('Ctrl Pts',(53.3896261881439,0.470498643038243,6.14103042723496));
#2823=CARTESIAN_POINT('Ctrl Pts',(44.9915464396246,0.0303739331764621,6.14103042723496));
#2824=CARTESIAN_POINT('Ctrl Pts',(53.3940184944715,0.386688445626511,6.61420500268447));
#2825=CARTESIAN_POINT('Ctrl Pts',(44.9959387459522,-0.0534362642352706,
6.61420500268447));
#2826=CARTESIAN_POINT('Ctrl Pts',(53.3982950686849,0.305086548505367,7.09601463942667));
#2827=CARTESIAN_POINT('Ctrl Pts',(45.0002153201656,-0.135038161356415,7.09601463942667));
#2828=CARTESIAN_POINT('Ctrl Pts',(53.4024452471431,0.225896426067486,7.58629045251028));
#2829=CARTESIAN_POINT('Ctrl Pts',(45.0043654986237,-0.214228283794295,7.58629045251028));
#2830=CARTESIAN_POINT('Ctrl Pts',(53.4064672575502,0.14915189572954,8.08472038797417));
#2831=CARTESIAN_POINT('Ctrl Pts',(45.0083875090308,-0.290972814132242,8.08472038797417));
#2832=CARTESIAN_POINT('Ctrl Pts',(53.4103649225399,0.0747800172972098,8.59092461551358));
#2833=CARTESIAN_POINT('Ctrl Pts',(45.0122851740206,-0.365344692564571,8.59092461551358));
#2834=CARTESIAN_POINT('Ctrl Pts',(53.4141462625503,0.0026277516973168,9.10449877345171));
#2835=CARTESIAN_POINT('Ctrl Pts',(45.0160665140309,-0.437496958164464,9.10449877345171));
#2836=CARTESIAN_POINT('Ctrl Pts',(53.417821322431,-0.0674965682227695,9.62507243639783));
#2837=CARTESIAN_POINT('Ctrl Pts',(45.0197415739116,-0.507621278084551,9.62507243639783));
#2838=CARTESIAN_POINT('Ctrl Pts',(53.4214004212723,-0.135789842433082,10.152353740878));
#2839=CARTESIAN_POINT('Ctrl Pts',(45.023320672753,-0.575914552294863,10.152353740878));
#2840=CARTESIAN_POINT('Ctrl Pts',(53.4248932283106,-0.20243657095458,10.6861090463166));
#2841=CARTESIAN_POINT('Ctrl Pts',(45.0268134797913,-0.642561280816362,10.6861090463166));
#2842=CARTESIAN_POINT('Ctrl Pts',(53.42830774814,-0.267589490541937,11.2261476317524));
#2843=CARTESIAN_POINT('Ctrl Pts',(45.0302279996206,-0.707714200403718,11.2261476317524));
#2844=CARTESIAN_POINT('Ctrl Pts',(53.431649456144,-0.331353077737048,11.7723052767416));
#2845=CARTESIAN_POINT('Ctrl Pts',(45.0335697076247,-0.771477787598829,11.7723052767416));
#2846=CARTESIAN_POINT('Ctrl Pts',(53.4349200724773,-0.393760155044954,12.3244263880426));
#2847=CARTESIAN_POINT('Ctrl Pts',(45.0368403239579,-0.833884864906735,12.3244263880426));
#2848=CARTESIAN_POINT('Ctrl Pts',(53.4381183070036,-0.454786105201583,12.8823584344348));
#2849=CARTESIAN_POINT('Ctrl Pts',(45.0400385584843,-0.894910815063364,12.8823584344348));
#2850=CARTESIAN_POINT('Ctrl Pts',(53.4412413289736,-0.514376914290022,13.4459510543053));
#2851=CARTESIAN_POINT('Ctrl Pts',(45.0431615804543,-0.954501624151803,13.4459510543053));
#2852=CARTESIAN_POINT('Ctrl Pts',(53.4442859690699,-0.572472108131124,14.0150536940998));
#2853=CARTESIAN_POINT('Ctrl Pts',(45.0462062205505,-1.01259681799291,14.0150536940998));
#2854=CARTESIAN_POINT('Ctrl Pts',(53.4472501011175,-0.629031116892262,14.5895136786039));
#2855=CARTESIAN_POINT('Ctrl Pts',(45.0491703525981,-1.06915582675404,14.5895136786039));
#2856=CARTESIAN_POINT('Ctrl Pts',(53.4501337502226,-0.684054419626553,15.1691746205417));
#2857=CARTESIAN_POINT('Ctrl Pts',(45.0520540017032,-1.12417912948833,15.1691746205417));
#2858=CARTESIAN_POINT('Ctrl Pts',(53.4529383960211,-0.737570249469278,15.7538797272938));
#2859=CARTESIAN_POINT('Ctrl Pts',(45.0548586475018,-1.17769495933106,15.7538797272938));
#2860=CARTESIAN_POINT('Ctrl Pts',(53.4556664245137,-0.789624134023919,16.3434746946555));
#2861=CARTESIAN_POINT('Ctrl Pts',(45.0575866759943,-1.2297488438857,16.3434746946555));
#2862=CARTESIAN_POINT('Ctrl Pts',(53.4583205522711,-0.840267908549108,16.9378105871487));
#2863=CARTESIAN_POINT('Ctrl Pts',(45.0602408037517,-1.28039261841089,16.9378105871487));
#2864=CARTESIAN_POINT('Ctrl Pts',(53.4609031940099,-0.889547648583037,17.5367471363587));
#2865=CARTESIAN_POINT('Ctrl Pts',(45.0628234454906,-1.32967235844482,17.5367471363587));
#2866=CARTESIAN_POINT('Ctrl Pts',(53.4634160790324,-0.937496351177708,18.1401545061667));
#2867=CARTESIAN_POINT('Ctrl Pts',(45.065336330513,-1.37762106103949,18.1401545061667));
#2868=CARTESIAN_POINT('Ctrl Pts',(53.4658604574071,-0.984137869061162,18.747911517299));
#2869=CARTESIAN_POINT('Ctrl Pts',(45.0677807088877,-1.42426257892294,18.747911517299));
#2870=CARTESIAN_POINT('Ctrl Pts',(53.4682371862851,-1.02948855765195,19.3599045877989));
#2871=CARTESIAN_POINT('Ctrl Pts',(45.0701574377657,-1.46961326751373,19.3599045877989));
#2872=CARTESIAN_POINT('Ctrl Pts',(53.4705468629971,-1.07355981469891,19.9760263959427));
#2873=CARTESIAN_POINT('Ctrl Pts',(45.0724671144777,-1.51368452456069,19.9760263959427));
#2874=CARTESIAN_POINT('Ctrl Pts',(53.4727899406118,-1.11636028526624,20.5961746436959));
#2875=CARTESIAN_POINT('Ctrl Pts',(45.0747101920924,-1.55648499512802,20.5961746436959));
#2876=CARTESIAN_POINT('Ctrl Pts',(53.4749668425803,-1.15789804928257,21.2202508403806));
#2877=CARTESIAN_POINT('Ctrl Pts',(45.0768870940609,-1.59802275914435,21.2202508403806));
#2878=CARTESIAN_POINT('Ctrl Pts',(53.4770780502568,-1.19818229153451,21.8481592892945));
#2879=CARTESIAN_POINT('Ctrl Pts',(45.0789983017374,-1.63830700139629,21.8481592892945));
#2880=CARTESIAN_POINT('Ctrl Pts',(53.4791242006054,-1.2372251660189,22.4798059930667));
#2881=CARTESIAN_POINT('Ctrl Pts',(45.081044452086,-1.67734987588068,22.4798059930667));
#2882=CARTESIAN_POINT('Ctrl Pts',(53.4811061720579,-1.27504343421518,23.1150976632781));
#2883=CARTESIAN_POINT('Ctrl Pts',(45.0830264235385,-1.71516814407696,23.1150976632781));
#2884=CARTESIAN_POINT('Ctrl Pts',(53.4830251937028,-1.3116605485297,23.7539405168697));
#2885=CARTESIAN_POINT('Ctrl Pts',(45.0849454451835,-1.75178525839148,23.7539405168697));
#2886=CARTESIAN_POINT('Ctrl Pts',(53.4848828891313,-1.34710748892347,24.3962396753785));
#2887=CARTESIAN_POINT('Ctrl Pts',(45.0868031406119,-1.78723219878525,24.3962396753785));
#2888=CARTESIAN_POINT('Ctrl Pts',(53.4866810238716,-1.38141794368673,25.0419013053962));
#2889=CARTESIAN_POINT('Ctrl Pts',(45.0886012753522,-1.82154265354851,25.0419013053962));
#2890=CARTESIAN_POINT('Ctrl Pts',(53.4884212962448,-1.41462431871448,25.690834355916));
#2891=CARTESIAN_POINT('Ctrl Pts',(45.0903415477255,-1.85474902857626,25.690834355916));
#2892=CARTESIAN_POINT('Ctrl Pts',(53.4901051062859,-1.44675332826352,26.3429525022912));
#2893=CARTESIAN_POINT('Ctrl Pts',(45.0920253577665,-1.8868780381253,26.3429525022912));
#2894=CARTESIAN_POINT('Ctrl Pts',(53.4917333456496,-1.4778219861226,26.9981758874556));
#2895=CARTESIAN_POINT('Ctrl Pts',(45.0936535971302,-1.91794669598438,26.9981758874556));
#2896=CARTESIAN_POINT('Ctrl Pts',(53.4933061473775,-1.5078328308764,27.656433256845));
#2897=CARTESIAN_POINT('Ctrl Pts',(45.0952263988582,-1.94795754073819,27.656433256845));
#2898=CARTESIAN_POINT('Ctrl Pts',(53.4948230958794,-1.53677793258939,28.3176595862454));
#2899=CARTESIAN_POINT('Ctrl Pts',(45.0967433473601,-1.97690264245117,28.3176595862454));
#2900=CARTESIAN_POINT('Ctrl Pts',(53.496283478423,-1.5646436915195,28.981793317271));
#2901=CARTESIAN_POINT('Ctrl Pts',(45.0982037299036,-2.00476840138128,28.981793317271));
#2902=CARTESIAN_POINT('Ctrl Pts',(53.4976865303705,-1.59141551751091,29.6487736217614));
#2903=CARTESIAN_POINT('Ctrl Pts',(45.0996067818512,-2.03154022737269,29.6487736217614));
#2904=CARTESIAN_POINT('Ctrl Pts',(53.4990316636684,-1.61708218983026,30.3185379055334));
#2905=CARTESIAN_POINT('Ctrl Pts',(45.100951915149,-2.05720689969204,30.3185379055334));
#2906=CARTESIAN_POINT('Ctrl Pts',(53.5003187501139,-1.64164126222647,30.991018591748));
#2907=CARTESIAN_POINT('Ctrl Pts',(45.1022390015946,-2.08176597208825,30.991018591748));
#2908=CARTESIAN_POINT('Ctrl Pts',(53.501548197821,-1.66510052197537,31.6661425931804));
#2909=CARTESIAN_POINT('Ctrl Pts',(45.1034684493016,-2.10522523183715,31.6661425931804));
#2910=CARTESIAN_POINT('Ctrl Pts',(53.5027207994299,-1.68747509355583,32.3438337513907));
#2911=CARTESIAN_POINT('Ctrl Pts',(45.1046410509106,-2.12759980341761,32.3438337513907));
#2912=CARTESIAN_POINT('Ctrl Pts',(53.5038376407494,-1.70878569543178,33.0240144833159));
#2913=CARTESIAN_POINT('Ctrl Pts',(45.1057578922301,-2.14891040529356,33.0240144833159));
#2914=CARTESIAN_POINT('Ctrl Pts',(53.5048999847142,-1.72905642583339,33.7066077677138));
#2915=CARTESIAN_POINT('Ctrl Pts',(45.1068202361949,-2.16918113569517,33.7066077677138));
#2916=CARTESIAN_POINT('Ctrl Pts',(53.5059091660587,-1.74831275301072,34.3915389467819));
#2917=CARTESIAN_POINT('Ctrl Pts',(45.1078294175394,-2.1884374628725,34.3915389467819));
#2918=CARTESIAN_POINT('Ctrl Pts',(53.5068664809405,-1.76657940912312,35.0787377138224));
#2919=CARTESIAN_POINT('Ctrl Pts',(45.1087867324212,-2.2067041189849,35.0787377138224));
#2920=CARTESIAN_POINT('Ctrl Pts',(53.5077730964535,-1.78387866364874,35.7681376594413));
#2921=CARTESIAN_POINT('Ctrl Pts',(45.1096933479341,-2.22400337351053,35.7681376594413));
#2922=CARTESIAN_POINT('Ctrl Pts',(53.508629963055,-1.80022865239585,36.4596756857375));
#2923=CARTESIAN_POINT('Ctrl Pts',(45.1105502145356,-2.24035336225763,36.4596756857375));
#2924=CARTESIAN_POINT('Ctrl Pts',(53.5094377208965,-1.81564159017974,37.153291459528));
#2925=CARTESIAN_POINT('Ctrl Pts',(45.1113579723771,-2.25576630004152,37.153291459528));
#2926=CARTESIAN_POINT('Ctrl Pts',(53.5101966202235,-1.83012225197118,37.8489268678452));
#2927=CARTESIAN_POINT('Ctrl Pts',(45.1121168717042,-2.27024696183297,37.8489268678452));
#2928=CARTESIAN_POINT('Ctrl Pts',(53.5109064080196,-1.84366580992698,38.5465254276963));
#2929=CARTESIAN_POINT('Ctrl Pts',(45.1128266595002,-2.28379051978877,38.5465254276963));
#2930=CARTESIAN_POINT('Ctrl Pts',(53.511566319018,-1.85625766189026,39.2460318610105));
#2931=CARTESIAN_POINT('Ctrl Pts',(45.1134865704987,-2.29638237175204,39.2460318610105));
#2932=CARTESIAN_POINT('Ctrl Pts',(53.5121753356735,-1.86787839193787,39.947392106226));
#2933=CARTESIAN_POINT('Ctrl Pts',(45.1140955871541,-2.30800310179965,39.947392106226));
#2934=CARTESIAN_POINT('Ctrl Pts',(53.5127323915839,-1.87850765190813,40.6505532381584));
#2935=CARTESIAN_POINT('Ctrl Pts',(45.1146526430646,-2.31863236176991,40.6505532381584));
#2936=CARTESIAN_POINT('Ctrl Pts',(53.5132366080485,-1.88812867518932,41.3554634407853));
#2937=CARTESIAN_POINT('Ctrl Pts',(45.1151568595292,-2.3282533850511,41.3554634407853));
#2938=CARTESIAN_POINT('Ctrl Pts',(53.5136874918387,-1.89673205041986,42.0620719195428));
#2939=CARTESIAN_POINT('Ctrl Pts',(45.1156077433193,-2.33685676028164,42.0620719195428));
#2940=CARTESIAN_POINT('Ctrl Pts',(53.5140852110136,-1.90432098435963,42.7703289341997));
#2941=CARTESIAN_POINT('Ctrl Pts',(45.1160054624943,-2.34444569422141,42.7703289341997));
#2942=CARTESIAN_POINT('Ctrl Pts',(53.5144305743144,-1.91091090870952,43.4801853718491));
#2943=CARTESIAN_POINT('Ctrl Pts',(45.1163508257951,-2.35103561857131,43.4801853718491));
#2944=CARTESIAN_POINT('Ctrl Pts',(53.5147247768527,-1.916524627556,44.1915919438931));
#2945=CARTESIAN_POINT('Ctrl Pts',(45.1166450283333,-2.35664933741778,44.1915919438931));
#2946=CARTESIAN_POINT('Ctrl Pts',(53.5149692160066,-1.92118880446264,44.9044985163935));
#2947=CARTESIAN_POINT('Ctrl Pts',(45.1168894674872,-2.36131351432443,44.9044985163935));
#2948=CARTESIAN_POINT('Ctrl Pts',(53.5151652717294,-1.92492977050906,45.618853330081));
#2949=CARTESIAN_POINT('Ctrl Pts',(45.1170855232101,-2.36505448037084,45.618853330081));
#2950=CARTESIAN_POINT('Ctrl Pts',(53.5153141177855,-1.92776992245037,46.33460239671));
#2951=CARTESIAN_POINT('Ctrl Pts',(45.1172343692661,-2.36789463231216,46.33460239671));
#2952=CARTESIAN_POINT('Ctrl Pts',(53.515416479272,-1.92972309596556,47.0516884864856));
#2953=CARTESIAN_POINT('Ctrl Pts',(45.1173367307526,-2.36984780582734,47.0516884864856));
#2954=CARTESIAN_POINT('Ctrl Pts',(53.5154726720954,-1.93079531890927,47.770052430848));
#2955=CARTESIAN_POINT('Ctrl Pts',(45.117392923576,-2.37092002877105,47.770052430848));
#2956=CARTESIAN_POINT('Ctrl Pts',(53.5154827341336,-1.93098731403621,48.489635200532));
#2957=CARTESIAN_POINT('Ctrl Pts',(45.1174029856142,-2.37111202389799,48.489635200532));
#2958=CARTESIAN_POINT('Ctrl Pts',(53.5154465249334,-1.93029640133811,49.2103796974755));
#2959=CARTESIAN_POINT('Ctrl Pts',(45.117366776414,-2.37042111119989,49.2103796974755));
#2960=CARTESIAN_POINT('Ctrl Pts',(53.515363841131,-1.92871870040215,49.9322327316526));
#2961=CARTESIAN_POINT('Ctrl Pts',(45.1172840926116,-2.36884341026393,49.9322327316526));
#2962=CARTESIAN_POINT('Ctrl Pts',(53.5152345190593,-1.92625108827644,50.6551467656622));
#2963=CARTESIAN_POINT('Ctrl Pts',(45.11715477054,-2.36637579813822,50.6551467656622));
#2964=CARTESIAN_POINT('Ctrl Pts',(53.5150585589747,-1.92289356985009,51.3790821659438));
#2965=CARTESIAN_POINT('Ctrl Pts',(45.1169788104553,-2.36301827971187,51.3790821659438));
#2966=CARTESIAN_POINT('Ctrl Pts',(53.5148360616377,-1.91864806774943,52.1040047346757));
#2967=CARTESIAN_POINT('Ctrl Pts',(45.1167563131183,-2.35877277761121,52.1040047346757));
#2968=CARTESIAN_POINT('Ctrl Pts',(53.514567138025,-1.91351669953737,52.829882556483));
#2969=CARTESIAN_POINT('Ctrl Pts',(45.1164873895056,-2.35364140939916,52.829882556483));
#2970=CARTESIAN_POINT('Ctrl Pts',(53.5142518292379,-1.90750024947223,53.5566831052325));
#2971=CARTESIAN_POINT('Ctrl Pts',(45.1161720807185,-2.34762495933401,53.5566831052325));
#2972=CARTESIAN_POINT('Ctrl Pts',(53.5138900204234,-1.90059652602683,54.2843701994289));
#2973=CARTESIAN_POINT('Ctrl Pts',(45.115810271904,-2.34072123588862,54.2843701994289));
#2974=CARTESIAN_POINT('Ctrl Pts',(53.5134813612466,-1.89279884441591,55.0129011210948));
#2975=CARTESIAN_POINT('Ctrl Pts',(45.1154016127272,-2.33292355427769,55.0129011210948));
#2976=CARTESIAN_POINT('Ctrl Pts',(53.513025172721,-1.88409424880474,55.7422233966209));
#2977=CARTESIAN_POINT('Ctrl Pts',(45.1149454242017,-2.32421895866652,55.7422233966209));
#2978=CARTESIAN_POINT('Ctrl Pts',(53.5125205991138,-1.87446641083549,56.4722776287265));
#2979=CARTESIAN_POINT('Ctrl Pts',(45.1144408505944,-2.31459112069727,56.4722776287265));
#2980=CARTESIAN_POINT('Ctrl Pts',(53.5119667751572,-1.86389882021975,57.2030007028704));
#2981=CARTESIAN_POINT('Ctrl Pts',(45.1138870266379,-2.30402353008153,57.2030007028704));
#2982=CARTESIAN_POINT('Ctrl Pts',(53.5113629871203,-1.85237785815759,57.9343288494306));
#2983=CARTESIAN_POINT('Ctrl Pts',(45.113283238601,-2.29250256801937,57.9343288494306));
#2984=CARTESIAN_POINT('Ctrl Pts',(53.5107088378217,-1.83989594597633,58.6662007858407));
#2985=CARTESIAN_POINT('Ctrl Pts',(45.1126290893024,-2.28002065583811,58.6662007858407));
#2986=CARTESIAN_POINT('Ctrl Pts',(53.5100044067924,-1.82645460121959,59.3985607794397));
#2987=CARTESIAN_POINT('Ctrl Pts',(45.1119246582731,-2.26657931108137,59.3985607794397));
#2988=CARTESIAN_POINT('Ctrl Pts',(53.5092504212282,-1.81206769960843,60.1313618679577));
#2989=CARTESIAN_POINT('Ctrl Pts',(45.1111706727089,-2.25219240947021,60.1313618679577));
#2990=CARTESIAN_POINT('Ctrl Pts',(53.508448054359,-1.79675762770242,60.8645637940534));
#2991=CARTESIAN_POINT('Ctrl Pts',(45.1103683058396,-2.2368823375642,60.8645637940534));
#2992=CARTESIAN_POINT('Ctrl Pts',(53.5075987124463,-1.7805512185713,61.5981307805714));
#2993=CARTESIAN_POINT('Ctrl Pts',(45.1095189639269,-2.22067592843308,61.5981307805714));
#2994=CARTESIAN_POINT('Ctrl Pts',(53.506703826388,-1.76347577537356,62.3320293681254));
#2995=CARTESIAN_POINT('Ctrl Pts',(45.1086240778686,-2.20360048523534,62.3320293681254));
#2996=CARTESIAN_POINT('Ctrl Pts',(53.5057646404048,-1.74555503925272,63.0662262177306));
#2997=CARTESIAN_POINT('Ctrl Pts',(45.1076848918854,-2.1856797491145,63.0662262177306));
#2998=CARTESIAN_POINT('Ctrl Pts',(53.5047820042697,-1.72680522484463,63.8006859489924));
#2999=CARTESIAN_POINT('Ctrl Pts',(45.1067022557503,-2.16692993470641,63.8006859489924));
#3000=CARTESIAN_POINT('Ctrl Pts',(53.5037561576977,-1.70723090618384,64.5353689066033));
#3001=CARTESIAN_POINT('Ctrl Pts',(45.1056764091783,-2.14735561604562,64.5353689066033));
#3002=CARTESIAN_POINT('Ctrl Pts',(53.502686844816,-1.68682720092651,65.2702318715447));
#3003=CARTESIAN_POINT('Ctrl Pts',(45.1046070962967,-2.12695191078829,65.2702318715447));
#3004=CARTESIAN_POINT('Ctrl Pts',(53.5015734367118,-1.66558210870005,66.0052288431966));
#3005=CARTESIAN_POINT('Ctrl Pts',(45.1034936881924,-2.10570681856183,66.0052288431966));
#3006=CARTESIAN_POINT('Ctrl Pts',(53.5004150507641,-1.64347878809516,66.7403117948635));
#3007=CARTESIAN_POINT('Ctrl Pts',(45.1023353022447,-2.08360349795694,66.7403117948635));
#3008=CARTESIAN_POINT('Ctrl Pts',(53.4992106718604,-1.62049786961101,67.4754314415214));
#3009=CARTESIAN_POINT('Ctrl Pts',(45.1011309233411,-2.06062257947279,67.4754314415214));
#3010=CARTESIAN_POINT('Ctrl Pts',(53.4979592715376,-1.59661972899982,68.2105379997597));
#3011=CARTESIAN_POINT('Ctrl Pts',(45.0998795230182,-2.0367444388616,68.2105379997597));
#3012=CARTESIAN_POINT('Ctrl Pts',(53.4966599314689,-1.57182684354526,68.9455819578361));
#3013=CARTESIAN_POINT('Ctrl Pts',(45.0985801829496,-2.01195155340704,68.9455819578361));
#3014=CARTESIAN_POINT('Ctrl Pts',(53.4953118235237,-1.54610341157305,69.6805145780709));
#3015=CARTESIAN_POINT('Ctrl Pts',(45.0972320750043,-1.98622812143483,69.6805145780709));
#3016=CARTESIAN_POINT('Ctrl Pts',(53.4939141852168,-1.51943488399957,70.4152883934983));
#3017=CARTESIAN_POINT('Ctrl Pts',(45.0958344366975,-1.95955959386135,70.4152883934983));
#3018=CARTESIAN_POINT('Ctrl Pts',(53.4924662971533,-1.49180753395081,71.1498577023366));
#3019=CARTESIAN_POINT('Ctrl Pts',(45.0943865486339,-1.93193224381259,71.1498577023366));
#3020=CARTESIAN_POINT('Ctrl Pts',(53.490967458942,-1.46320799716822,71.8841790731683));
#3021=CARTESIAN_POINT('Ctrl Pts',(45.0928877104226,-1.90333270703,71.8841790731683));
#3022=CARTESIAN_POINT('Ctrl Pts',(53.4894169673929,-1.43362285598631,72.6182118226826));
#3023=CARTESIAN_POINT('Ctrl Pts',(45.0913372188735,-1.87374756584809,72.6182118226826));
#3024=CARTESIAN_POINT('Ctrl Pts',(53.4878140892809,-1.40303811963788,73.3519185680345));
#3025=CARTESIAN_POINT('Ctrl Pts',(45.0897343407615,-1.84316282949966,73.3519185680345));
#3026=CARTESIAN_POINT('Ctrl Pts',(53.4861581860005,-1.37144160280191,74.0852636554862));
#3027=CARTESIAN_POINT('Ctrl Pts',(45.0880784374811,-1.81156631266369,74.0852636554862));
#3028=CARTESIAN_POINT('Ctrl Pts',(53.4844488446405,-1.33882542666598,74.8182115022518));
#3029=CARTESIAN_POINT('Ctrl Pts',(45.0863690961211,-1.77895013652776,74.8182115022518));
#3030=CARTESIAN_POINT('Ctrl Pts',(53.4826860057923,-1.30518845764639,75.5507249767259));
#3031=CARTESIAN_POINT('Ctrl Pts',(45.084606257273,-1.74531316750817,75.5507249767259));
#3032=CARTESIAN_POINT('Ctrl Pts',(53.4808700948485,-1.27053881271533,76.2827637474728));
#3033=CARTESIAN_POINT('Ctrl Pts',(45.0827903463292,-1.71066352257711,76.2827637474728));
#3034=CARTESIAN_POINT('Ctrl Pts',(53.4790021468773,-1.23489624214974,77.0142826808099));
#3035=CARTESIAN_POINT('Ctrl Pts',(45.0809223983579,-1.67502095201152,77.0142826808099));
#3036=CARTESIAN_POINT('Ctrl Pts',(53.4770839478076,-1.19829482350732,77.7452301208063));
#3037=CARTESIAN_POINT('Ctrl Pts',(45.0790041992882,-1.6384195333691,77.7452301208063));
#3038=CARTESIAN_POINT('Ctrl Pts',(53.4751176754083,-1.16077611109067,78.4755497349227));
#3039=CARTESIAN_POINT('Ctrl Pts',(45.0770379268889,-1.60090082095245,78.4755497349227));
#3040=CARTESIAN_POINT('Ctrl Pts',(53.4731055223829,-1.12238194417573,79.2051824859785));
#3041=CARTESIAN_POINT('Ctrl Pts',(45.0750257738635,-1.56250665403751,79.2051824859785));
#3042=CARTESIAN_POINT('Ctrl Pts',(53.4710493264266,-1.08314738807717,79.9340685565318));
#3043=CARTESIAN_POINT('Ctrl Pts',(45.0729695779072,-1.52327209793895,79.9340685565318));
#3044=CARTESIAN_POINT('Ctrl Pts',(53.4689501963986,-1.04309360108686,80.6621492961708));
#3045=CARTESIAN_POINT('Ctrl Pts',(45.0708704478792,-1.48321831094865,80.6621492961708));
#3046=CARTESIAN_POINT('Ctrl Pts',(53.4668081423357,-1.00222077472134,81.3893691522986));
#3047=CARTESIAN_POINT('Ctrl Pts',(45.0687283938163,-1.44234548458313,81.3893691522986));
#3048=CARTESIAN_POINT('Ctrl Pts',(53.4646216977467,-0.960500926657579,82.1156776267014));
#3049=CARTESIAN_POINT('Ctrl Pts',(45.0665419492273,-1.40062563651936,82.1156776267014));
#3050=CARTESIAN_POINT('Ctrl Pts',(53.462388320908,-0.917885557923938,82.8410286823465));
#3051=CARTESIAN_POINT('Ctrl Pts',(45.0643085723886,-1.35801026778572,82.8410286823465));
#3052=CARTESIAN_POINT('Ctrl Pts',(53.4601048019698,-0.87431342093617,83.5653801237615));
#3053=CARTESIAN_POINT('Ctrl Pts',(45.0620250534505,-1.31443813079795,83.5653801237615));
#3054=CARTESIAN_POINT('Ctrl Pts',(53.4577676702431,-0.829718291000668,84.2886929947691));
#3055=CARTESIAN_POINT('Ctrl Pts',(45.0596879217237,-1.26984300086245,84.2886929947691));
#3056=CARTESIAN_POINT('Ctrl Pts',(53.4553735960757,-0.784036634571588,85.0109309520625));
#3057=CARTESIAN_POINT('Ctrl Pts',(45.0572938475563,-1.22416134443337,85.0109309520625));
#3058=CARTESIAN_POINT('Ctrl Pts',(53.4529198076536,-0.737215562287198,85.7320596894895));
#3059=CARTESIAN_POINT('Ctrl Pts',(45.0548400591342,-1.17734027214898,85.7320596894895));
#3060=CARTESIAN_POINT('Ctrl Pts',(53.4504044655381,-0.689219975564454,86.4520462242626));
#3061=CARTESIAN_POINT('Ctrl Pts',(45.0523247170187,-1.12934468542624,86.4520462242626));
#3062=CARTESIAN_POINT('Ctrl Pts',(53.447826230678,-0.640024323785503,87.1708553559391));
#3063=CARTESIAN_POINT('Ctrl Pts',(45.0497464821586,-1.08014903364728,87.1708553559391));
#3064=CARTESIAN_POINT('Ctrl Pts',(53.4451838751484,-0.589605176748319,87.8884463287099));
#3065=CARTESIAN_POINT('Ctrl Pts',(45.047104126629,-1.0297298866101,87.8884463287099));
#3066=CARTESIAN_POINT('Ctrl Pts',(53.4424758673982,-0.537933310715486,88.6047692769783));
#3067=CARTESIAN_POINT('Ctrl Pts',(45.0443961188788,-0.978058020577268,88.6047692769783));
#3068=CARTESIAN_POINT('Ctrl Pts',(53.4396999896657,-0.484966408273488,89.3197620806613));
#3069=CARTESIAN_POINT('Ctrl Pts',(45.0416202411464,-0.925091118135269,89.3197620806613));
#3070=CARTESIAN_POINT('Ctrl Pts',(53.4368528906048,-0.430640521928371,90.0333462847735));
#3071=CARTESIAN_POINT('Ctrl Pts',(45.0387731420854,-0.870765231790152,90.0333462847735));
#3072=CARTESIAN_POINT('Ctrl Pts',(53.4339298186081,-0.374864985611599,90.7454257113274));
#3073=CARTESIAN_POINT('Ctrl Pts',(45.0358500700887,-0.81498969547338,90.7454257113274));
#3074=CARTESIAN_POINT('Ctrl Pts',(53.4309252961797,-0.317535282473859,91.455899552948));
#3075=CARTESIAN_POINT('Ctrl Pts',(45.0328455476603,-0.75765999233564,91.455899552948));
#3076=CARTESIAN_POINT('Ctrl Pts',(53.4278336679915,-0.258543502426975,92.1646732606335));
#3077=CARTESIAN_POINT('Ctrl Pts',(45.0297539194721,-0.698668212288757,92.1646732606335));
#3078=CARTESIAN_POINT('Ctrl Pts',(53.4246497125337,-0.1977900131299,92.8716710453506));
#3079=CARTESIAN_POINT('Ctrl Pts',(45.0265699640144,-0.637914722991681,92.8716710453506));
#3080=CARTESIAN_POINT('Ctrl Pts',(53.4213691931919,-0.135193975162535,93.5768459577333));
#3081=CARTESIAN_POINT('Ctrl Pts',(45.0232894446726,-0.575318685024316,93.5768459577333));
#3082=CARTESIAN_POINT('Ctrl Pts',(53.4179895165767,-0.0707059037073775,
94.2801952180986));
#3083=CARTESIAN_POINT('Ctrl Pts',(45.0199097680574,-0.510830613569159,94.2801952180986));
#3084=CARTESIAN_POINT('Ctrl Pts',(53.4145100704628,-0.00431411681043034,
94.9817589811725));
#3085=CARTESIAN_POINT('Ctrl Pts',(45.0164303219435,-0.444438826672212,94.9817589811725));
#3086=CARTESIAN_POINT('Ctrl Pts',(53.4109319529005,0.0639604334813555,95.6815862959223));
#3087=CARTESIAN_POINT('Ctrl Pts',(45.0128522043811,-0.376164276380426,95.6815862959223));
#3088=CARTESIAN_POINT('Ctrl Pts',(53.4072578322498,0.134066831824248,96.3797092996247));
#3089=CARTESIAN_POINT('Ctrl Pts',(45.0091780837304,-0.306057878037533,96.3797092996247));
#3090=CARTESIAN_POINT('Ctrl Pts',(53.4034917558357,0.20592785065834,97.0761116860828));
#3091=CARTESIAN_POINT('Ctrl Pts',(45.0054120073163,-0.234196859203442,97.0761116860828));
#3092=CARTESIAN_POINT('Ctrl Pts',(53.3996389783786,0.279443223944179,97.770705225892));
#3093=CARTESIAN_POINT('Ctrl Pts',(45.0015592298593,-0.160681485917603,97.770705225892));
#3094=CARTESIAN_POINT('Ctrl Pts',(53.3957057875761,0.354492975266873,98.4632887639744));
#3095=CARTESIAN_POINT('Ctrl Pts',(44.9976260390567,-0.0856317345949081,
98.4632887639744));
#3096=CARTESIAN_POINT('Ctrl Pts',(53.3916993048566,0.430941219673581,99.1535793909483));
#3097=CARTESIAN_POINT('Ctrl Pts',(44.9936195563372,-0.00918349018820042,
99.1535793909483));
#3098=CARTESIAN_POINT('Ctrl Pts',(53.3876272640764,0.508640386399447,99.8412911026368));
#3099=CARTESIAN_POINT('Ctrl Pts',(44.989547515557,0.0685156765376657,99.8412911026368));
#3100=CARTESIAN_POINT('Ctrl Pts',(53.3834977991317,0.587435271456128,100.526198457544));
#3101=CARTESIAN_POINT('Ctrl Pts',(44.9854180506123,0.147310561594346,100.526198457544));
#3102=CARTESIAN_POINT('Ctrl Pts',(53.3793192233735,0.667167246658882,101.208208203542));
#3103=CARTESIAN_POINT('Ctrl Pts',(44.9812394748541,0.227042536797101,101.208208203542));
#3104=CARTESIAN_POINT('Ctrl Pts',(53.3750998231186,0.747678199662972,101.88742334444));
#3105=CARTESIAN_POINT('Ctrl Pts',(44.9770200745992,0.307553489801191,101.88742334444));
#3106=CARTESIAN_POINT('Ctrl Pts',(53.370847616853,0.828815128640844,102.564221562058));
#3107=CARTESIAN_POINT('Ctrl Pts',(44.9727678683336,0.388690418779063,102.564221562058));
#3108=CARTESIAN_POINT('Ctrl Pts',(53.3665707094933,0.910423382572246,103.239097723887));
#3109=CARTESIAN_POINT('Ctrl Pts',(44.9684909609739,0.470298672710465,103.239097723887));
#3110=CARTESIAN_POINT('Ctrl Pts',(53.3622776653622,0.992339544443047,103.912498495005));
#3111=CARTESIAN_POINT('Ctrl Pts',(44.9641979168429,0.552214834581266,103.912498495005));
#3112=CARTESIAN_POINT('Ctrl Pts',(53.3579779075627,1.07438381074054,104.584647921717));
#3113=CARTESIAN_POINT('Ctrl Pts',(44.9598981590433,0.63425910087876,104.584647921717));
#3114=CARTESIAN_POINT('Ctrl Pts',(53.3536820311658,1.15635401546268,105.255403706936));
#3115=CARTESIAN_POINT('Ctrl Pts',(44.9556022826464,0.716229305600895,105.255403706936));
#3116=CARTESIAN_POINT('Ctrl Pts',(53.3494023356561,1.23801547046587,105.92403503603));
#3117=CARTESIAN_POINT('Ctrl Pts',(44.9513225871367,0.797890760604093,105.92403503603));
#3118=CARTESIAN_POINT('Ctrl Pts',(53.3451526301783,1.31910468156885,106.589260812804));
#3119=CARTESIAN_POINT('Ctrl Pts',(44.947072881659,0.878979971707069,106.589260812804));
#3120=CARTESIAN_POINT('Ctrl Pts',(53.340946797977,1.39935674068878,107.249732239991));
#3121=CARTESIAN_POINT('Ctrl Pts',(44.9428670494576,0.959232030827,107.249732239991));
#3122=CARTESIAN_POINT('Ctrl Pts',(53.3367976585875,1.47852703651636,107.904408839237));
#3123=CARTESIAN_POINT('Ctrl Pts',(44.9387179100681,1.03840232665458,107.904408839237));
#3124=CARTESIAN_POINT('Ctrl Pts',(53.3327156793536,1.55641584023497,108.552988247332));
#3125=CARTESIAN_POINT('Ctrl Pts',(44.9346359308342,1.11629113037319,108.552988247332));
#3126=CARTESIAN_POINT('Ctrl Pts',(53.3287078231352,1.63289029256263,109.196287668297));
#3127=CARTESIAN_POINT('Ctrl Pts',(44.9306280746158,1.19276558270085,109.196287668297));
#3128=CARTESIAN_POINT('Ctrl Pts',(53.3247761458832,1.7079111636206,109.836713804246));
#3129=CARTESIAN_POINT('Ctrl Pts',(44.9266963973638,1.26778645375882,109.836713804246));
#3130=CARTESIAN_POINT('Ctrl Pts',(53.3209204415433,1.78148238515776,110.477298512758));
#3131=CARTESIAN_POINT('Ctrl Pts',(44.9228406930239,1.34135767529598,110.477298512758));
#3132=CARTESIAN_POINT('Ctrl Pts',(53.3171409873085,1.85359866801619,111.120697434787));
#3133=CARTESIAN_POINT('Ctrl Pts',(44.9190612387891,1.41347395815441,111.120697434787));
#3134=CARTESIAN_POINT('Ctrl Pts',(53.3134415140742,1.92418882247224,111.768112171851));
#3135=CARTESIAN_POINT('Ctrl Pts',(44.9153617655548,1.48406411261045,111.768112171851));
#3136=CARTESIAN_POINT('Ctrl Pts',(53.3098314881761,1.99307222008119,112.418448677652));
#3137=CARTESIAN_POINT('Ctrl Pts',(44.9117517396567,1.5529475102194,112.418448677652));
#3138=CARTESIAN_POINT('Ctrl Pts',(53.306330179258,2.05988117413318,113.066862049463));
#3139=CARTESIAN_POINT('Ctrl Pts',(44.9082504307386,1.6197564642714,113.066862049463));
#3140=CARTESIAN_POINT('Ctrl Pts',(53.3029627601818,2.12413535780924,113.706043054967));
#3141=CARTESIAN_POINT('Ctrl Pts',(44.9048830116625,1.68401064794746,113.706043054967));
#3142=CARTESIAN_POINT('Ctrl Pts',(53.2997522787636,2.18539499258453,114.328937212903));
#3143=CARTESIAN_POINT('Ctrl Pts',(44.9016725302442,1.74527028272275,114.328937212903));
#3144=CARTESIAN_POINT('Ctrl Pts',(53.2967123679832,2.24339994570391,114.931186519516));
#3145=CARTESIAN_POINT('Ctrl Pts',(44.8986326194638,1.80327523584212,114.931186519516));
#3146=CARTESIAN_POINT('Ctrl Pts',(53.2938408304394,2.29819214608118,115.513323147707));
#3147=CARTESIAN_POINT('Ctrl Pts',(44.89576108192,1.85806743621939,115.513323147707));
#3148=CARTESIAN_POINT('Ctrl Pts',(53.291109959885,2.35030026040616,116.083957718475));
#3149=CARTESIAN_POINT('Ctrl Pts',(44.8930302113656,1.91017555054438,116.083957718475));
#3150=CARTESIAN_POINT('Ctrl Pts',(53.2884693893671,2.40068534739109,116.659116188627));
#3151=CARTESIAN_POINT('Ctrl Pts',(44.8903896408478,1.96056063752931,116.659116188627));
#3152=CARTESIAN_POINT('Ctrl Pts',(53.2858619932154,2.45043742976202,117.257541023597));
#3153=CARTESIAN_POINT('Ctrl Pts',(44.887782244696,2.01031271990024,117.257541023597));
#3154=CARTESIAN_POINT('Ctrl Pts',(53.283236960175,2.50052604401416,117.896891548929));
#3155=CARTESIAN_POINT('Ctrl Pts',(44.8851572116557,2.06040133415238,117.896891548929));
#3156=CARTESIAN_POINT('Ctrl Pts',(53.2805626002963,2.55155587041216,118.58996362986));
#3157=CARTESIAN_POINT('Ctrl Pts',(44.882482851777,2.11143116055038,118.58996362986));
#3158=CARTESIAN_POINT('Ctrl Pts',(53.2778427422873,2.60345385285405,119.339955887349));
#3159=CARTESIAN_POINT('Ctrl Pts',(44.8797629937679,2.16332914299227,119.339955887349));
#3160=CARTESIAN_POINT('Ctrl Pts',(53.2751178300232,2.65544827622673,120.139886626744));
#3161=CARTESIAN_POINT('Ctrl Pts',(44.8770380815038,2.21532356636495,120.139886626744));
#3162=CARTESIAN_POINT('Ctrl Pts',(53.2724504805876,2.70634433540235,120.976242326397));
#3163=CARTESIAN_POINT('Ctrl Pts',(44.8743707320682,2.26621962554057,120.976242326397));
#3164=CARTESIAN_POINT('Ctrl Pts',(53.2699152219135,2.75471995270101,121.831483953984));
#3165=CARTESIAN_POINT('Ctrl Pts',(44.8718354733941,2.31459524283923,121.831483953984));
#3166=CARTESIAN_POINT('Ctrl Pts',(53.2675866468535,2.79915181170904,122.686993256003));
#3167=CARTESIAN_POINT('Ctrl Pts',(44.8695068983341,2.35902710184726,122.686993256003));
#3168=CARTESIAN_POINT('Ctrl Pts',(53.2655279573022,2.83843394843421,123.525892716253));
#3169=CARTESIAN_POINT('Ctrl Pts',(44.8674482087828,2.39830923857243,123.525892716253));
#3170=CARTESIAN_POINT('Ctrl Pts',(53.2637800191049,2.87178659609879,124.335773491638));
#3171=CARTESIAN_POINT('Ctrl Pts',(44.8657002705855,2.43166188623701,124.335773491638));
#3172=CARTESIAN_POINT('Ctrl Pts',(53.2623483867152,2.89910376941351,125.111853138936));
#3173=CARTESIAN_POINT('Ctrl Pts',(44.8642686381958,2.45897905955173,125.111853138936));
#3174=CARTESIAN_POINT('Ctrl Pts',(53.2612122847416,2.92078188646197,125.855418862108));
#3175=CARTESIAN_POINT('Ctrl Pts',(44.8631325362223,2.48065717660019,125.855418862108));
#3176=CARTESIAN_POINT('Ctrl Pts',(53.260336701334,2.93748901314489,126.571611664632));
#3177=CARTESIAN_POINT('Ctrl Pts',(44.8622569528146,2.49736430328311,126.571611664632));
#3178=CARTESIAN_POINT('Ctrl Pts',(53.2596831822041,2.94995890099045,127.267465978711));
#3179=CARTESIAN_POINT('Ctrl Pts',(44.8616034336847,2.50983419112867,127.267465978711));
#3180=CARTESIAN_POINT('Ctrl Pts',(53.2592216125837,2.95876617400861,127.94979303245));
#3181=CARTESIAN_POINT('Ctrl Pts',(44.8611418640643,2.51864146414683,127.94979303245));
#3182=CARTESIAN_POINT('Ctrl Pts',(53.2589405417065,2.96412932583425,128.623245604833));
#3183=CARTESIAN_POINT('Ctrl Pts',(44.8608607931872,2.52400461597247,128.623245604833));
#3184=CARTESIAN_POINT('Ctrl Pts',(53.2588608599132,2.96564974502499,129.288002427343));
#3185=CARTESIAN_POINT('Ctrl Pts',(44.8607811113938,2.52552503516321,129.288002427343));
#3186=CARTESIAN_POINT('Ctrl Pts',(53.2590192958773,2.96262660673709,129.940861860573));
#3187=CARTESIAN_POINT('Ctrl Pts',(44.8609395473579,2.52250189687531,129.940861860573));
#3188=CARTESIAN_POINT('Ctrl Pts',(53.2594484642405,2.95443758653579,130.576772348314));
#3189=CARTESIAN_POINT('Ctrl Pts',(44.8613687157212,2.51431287667401,130.576772348314));
#3190=CARTESIAN_POINT('Ctrl Pts',(53.2601564176609,2.94092903055308,131.190310907143));
#3191=CARTESIAN_POINT('Ctrl Pts',(44.8620766691416,2.5008043206913,131.190310907143));
#3192=CARTESIAN_POINT('Ctrl Pts',(53.2611102770289,2.92272830957185,131.776953573525));
#3193=CARTESIAN_POINT('Ctrl Pts',(44.8630305285095,2.48260359971007,131.776953573525));
#3194=CARTESIAN_POINT('Ctrl Pts',(53.2622083130335,2.90177653447941,132.335006149248));
#3195=CARTESIAN_POINT('Ctrl Pts',(44.8641285645142,2.46165182461763,132.335006149248));
#3196=CARTESIAN_POINT('Ctrl Pts',(53.2633056432383,2.8808382268499,132.864720344512));
#3197=CARTESIAN_POINT('Ctrl Pts',(44.865225894719,2.44071351698812,132.864720344512));
#3198=CARTESIAN_POINT('Ctrl Pts',(53.2642863727967,2.86212479209361,133.366009038758));
#3199=CARTESIAN_POINT('Ctrl Pts',(44.8662066242773,2.42200008223183,133.366009038758));
#3200=CARTESIAN_POINT('Ctrl Pts',(53.265102621067,2.84654984727699,133.835927772956));
#3201=CARTESIAN_POINT('Ctrl Pts',(44.8670228725476,2.40642513741521,133.835927772956));
#3202=CARTESIAN_POINT('Ctrl Pts',(53.26587048079,2.83189821094431,134.267717805209));
#3203=CARTESIAN_POINT('Ctrl Pts',(44.8677907322707,2.39177350108253,134.267717805209));
#3204=CARTESIAN_POINT('Ctrl Pts',(53.2668125535747,2.81392239137012,134.645155263081));
#3205=CARTESIAN_POINT('Ctrl Pts',(44.8687328050553,2.37379768150834,134.645155263081));
#3206=CARTESIAN_POINT('Ctrl Pts',(53.2676877551228,2.79722255100125,134.876000888071));
#3207=CARTESIAN_POINT('Ctrl Pts',(44.8696080066034,2.35709784113947,134.876000888071));
#3208=CARTESIAN_POINT('Ctrl Pts',(53.2680995168964,2.78936566831736,134.977014793931));
#3209=CARTESIAN_POINT('Ctrl Pts',(44.870019768377,2.34924095845558,134.977014793931));
#3210=CARTESIAN_POINT('Ctrl Pts',(53.2680769655107,2.78979597439027,134.99975935684));
#3211=CARTESIAN_POINT('Ctrl Pts',(44.8699972169913,2.34967126452849,134.99975935684));
#3212=CARTESIAN_POINT('Ctrl Pts',(53.2679794589533,2.7916565103384,135.));
#3213=CARTESIAN_POINT('Ctrl Pts',(44.869899710434,2.35153180047662,135.));
#3214=CARTESIAN_POINT('',(50.8616769189614,2.66554753793428,135.));
#3215=CARTESIAN_POINT('',(49.8630473842069,2.61321158169134,135.));
#3216=CARTESIAN_POINT('Ctrl Pts',(50.8616769189614,2.66554753793428,135.));
#3217=CARTESIAN_POINT('Ctrl Pts',(50.8617744255187,2.66368700198615,134.99975935684));
#3218=CARTESIAN_POINT('Ctrl Pts',(50.8617969769044,2.66325669591325,134.977014793931));
#3219=CARTESIAN_POINT('Ctrl Pts',(50.8613852151309,2.67111357859713,134.876000888071));
#3220=CARTESIAN_POINT('Ctrl Pts',(50.8605100135828,2.68781341896601,134.645155263081));
#3221=CARTESIAN_POINT('Ctrl Pts',(50.8595679407981,2.7057892385402,134.267717805209));
#3222=CARTESIAN_POINT('Ctrl Pts',(50.858800081075,2.72044087487287,133.835927772956));
#3223=CARTESIAN_POINT('Ctrl Pts',(50.8579838328047,2.73601581968949,133.366009038758));
#3224=CARTESIAN_POINT('Ctrl Pts',(50.8570031032464,2.75472925444578,132.864720344512));
#3225=CARTESIAN_POINT('Ctrl Pts',(50.8559057730416,2.77566756207529,132.335006149248));
#3226=CARTESIAN_POINT('Ctrl Pts',(50.854807737037,2.79661933716773,131.776953573525));
#3227=CARTESIAN_POINT('Ctrl Pts',(50.853853877669,2.81482005814897,131.190310907143));
#3228=CARTESIAN_POINT('Ctrl Pts',(50.8531459242486,2.82832861413167,130.576772348314));
#3229=CARTESIAN_POINT('Ctrl Pts',(50.8527167558854,2.83651763433297,129.940861860573));
#3230=CARTESIAN_POINT('Ctrl Pts',(50.8525583199212,2.83954077262087,129.288002427343));
#3231=CARTESIAN_POINT('Ctrl Pts',(50.8526380017146,2.83802035343014,128.623245604833));
#3232=CARTESIAN_POINT('Ctrl Pts',(50.8529190725917,2.83265720160449,127.94979303245));
#3233=CARTESIAN_POINT('Ctrl Pts',(50.8533806422122,2.82384992858633,127.267465978711));
#3234=CARTESIAN_POINT('Ctrl Pts',(50.854034161342,2.81138004074077,126.571611664632));
#3235=CARTESIAN_POINT('Ctrl Pts',(50.8549097447497,2.79467291405785,125.855418862108));
#3236=CARTESIAN_POINT('Ctrl Pts',(50.8560458467232,2.77299479700939,125.111853138936));
#3237=CARTESIAN_POINT('Ctrl Pts',(50.857477479113,2.74567762369467,124.335773491638));
#3238=CARTESIAN_POINT('Ctrl Pts',(50.8592254173103,2.71232497603009,123.525892716253));
#3239=CARTESIAN_POINT('Ctrl Pts',(50.8612841068615,2.67304283930492,122.686993256003));
#3240=CARTESIAN_POINT('Ctrl Pts',(50.8636126819216,2.62861098029689,121.831483953984));
#3241=CARTESIAN_POINT('Ctrl Pts',(50.8661479405956,2.58023536299823,120.976242326397));
#3242=CARTESIAN_POINT('Ctrl Pts',(50.8688152900313,2.52933930382261,120.139886626744));
#3243=CARTESIAN_POINT('Ctrl Pts',(50.8715402022953,2.47734488044994,119.339955887349));
#3244=CARTESIAN_POINT('Ctrl Pts',(50.8742600603044,2.42544689800804,118.58996362986));
#3245=CARTESIAN_POINT('Ctrl Pts',(50.8769344201831,2.37441707161004,117.896891548929));
#3246=CARTESIAN_POINT('Ctrl Pts',(50.8795594532234,2.32432845735791,117.257541023597));
#3247=CARTESIAN_POINT('Ctrl Pts',(50.8821668493752,2.27457637498697,116.659116188627));
#3248=CARTESIAN_POINT('Ctrl Pts',(50.8848074198931,2.22419128800205,116.083957718475));
#3249=CARTESIAN_POINT('Ctrl Pts',(50.8875382904475,2.17208317367706,115.513323147707));
#3250=CARTESIAN_POINT('Ctrl Pts',(50.8904098279913,2.11729097329979,114.931186519516));
#3251=CARTESIAN_POINT('Ctrl Pts',(50.8934497387717,2.05928602018042,114.328937212903));
#3252=CARTESIAN_POINT('Ctrl Pts',(50.8966602201899,1.99802638540512,113.706043054967));
#3253=CARTESIAN_POINT('Ctrl Pts',(50.900027639266,1.93377220172906,113.066862049463));
#3254=CARTESIAN_POINT('Ctrl Pts',(50.9035289481841,1.86696324767707,112.418448677652));
#3255=CARTESIAN_POINT('Ctrl Pts',(50.9071389740823,1.79807985006812,111.768112171851));
#3256=CARTESIAN_POINT('Ctrl Pts',(50.9108384473166,1.72748969561207,111.120697434787));
#3257=CARTESIAN_POINT('Ctrl Pts',(50.9146179015513,1.65537341275364,110.477298512758));
#3258=CARTESIAN_POINT('Ctrl Pts',(50.9184736058912,1.58180219121648,109.836713804246));
#3259=CARTESIAN_POINT('Ctrl Pts',(50.9224052831433,1.50678132015852,109.196287668297));
#3260=CARTESIAN_POINT('Ctrl Pts',(50.9264131393617,1.43030686783085,108.552988247332));
#3261=CARTESIAN_POINT('Ctrl Pts',(50.9304951185956,1.35241806411225,107.904408839237));
#3262=CARTESIAN_POINT('Ctrl Pts',(50.9346442579851,1.27324776828466,107.249732239991));
#3263=CARTESIAN_POINT('Ctrl Pts',(50.9388500901864,1.19299570916473,106.589260812804));
#3264=CARTESIAN_POINT('Ctrl Pts',(50.9430997956641,1.11190649806176,105.92403503603));
#3265=CARTESIAN_POINT('Ctrl Pts',(50.9473794911739,1.03024504305856,105.255403706936));
#3266=CARTESIAN_POINT('Ctrl Pts',(50.9516753675707,0.948274838336423,104.584647921717));
#3267=CARTESIAN_POINT('Ctrl Pts',(50.9559751253703,0.866230572038929,103.912498495005));
#3268=CARTESIAN_POINT('Ctrl Pts',(50.9602681695013,0.784314410168128,103.239097723887));
#3269=CARTESIAN_POINT('Ctrl Pts',(50.9645450768611,0.702706156236726,102.564221562058));
#3270=CARTESIAN_POINT('Ctrl Pts',(50.9687972831266,0.621569227258854,101.88742334444));
#3271=CARTESIAN_POINT('Ctrl Pts',(50.9730166833815,0.541058274254764,101.208208203542));
#3272=CARTESIAN_POINT('Ctrl Pts',(50.9771952591398,0.461326299052009,100.526198457544));
#3273=CARTESIAN_POINT('Ctrl Pts',(50.9813247240845,0.382531413995329,99.8412911026368));
#3274=CARTESIAN_POINT('Ctrl Pts',(50.9853967648647,0.304832247269463,99.1535793909483));
#3275=CARTESIAN_POINT('Ctrl Pts',(50.9894032475841,0.228384002862755,98.4632887639744));
#3276=CARTESIAN_POINT('Ctrl Pts',(50.9933364383867,0.15333425154006,97.770705225892));
#3277=CARTESIAN_POINT('Ctrl Pts',(50.9971892158438,0.0798188782542214,97.0761116860828));
#3278=CARTESIAN_POINT('Ctrl Pts',(51.0009552922579,0.00795785942013016,
96.3797092996247));
#3279=CARTESIAN_POINT('Ctrl Pts',(51.0046294129086,-0.0621485389227627,
95.6815862959223));
#3280=CARTESIAN_POINT('Ctrl Pts',(51.0082075304709,-0.130423089214549,94.9817589811725));
#3281=CARTESIAN_POINT('Ctrl Pts',(51.0116869765848,-0.196814876111496,94.2801952180986));
#3282=CARTESIAN_POINT('Ctrl Pts',(51.0150666532,-0.261302947566653,93.5768459577333));
#3283=CARTESIAN_POINT('Ctrl Pts',(51.0183471725418,-0.323898985534018,92.8716710453506));
#3284=CARTESIAN_POINT('Ctrl Pts',(51.0215311279996,-0.384652474831094,92.1646732606335));
#3285=CARTESIAN_POINT('Ctrl Pts',(51.0246227561878,-0.443644254877977,91.455899552948));
#3286=CARTESIAN_POINT('Ctrl Pts',(51.0276272786162,-0.500973958015717,90.7454257113274));
#3287=CARTESIAN_POINT('Ctrl Pts',(51.0305503506129,-0.556749494332489,90.0333462847735));
#3288=CARTESIAN_POINT('Ctrl Pts',(51.0333974496738,-0.611075380677606,89.3197620806613));
#3289=CARTESIAN_POINT('Ctrl Pts',(51.0361733274063,-0.664042283119605,88.6047692769783));
#3290=CARTESIAN_POINT('Ctrl Pts',(51.0388813351565,-0.715714149152438,87.8884463287099));
#3291=CARTESIAN_POINT('Ctrl Pts',(51.041523690686,-0.766133296189622,87.1708553559391));
#3292=CARTESIAN_POINT('Ctrl Pts',(51.0441019255462,-0.815328947968572,86.4520462242626));
#3293=CARTESIAN_POINT('Ctrl Pts',(51.0466172676617,-0.863324534691317,85.7320596894895));
#3294=CARTESIAN_POINT('Ctrl Pts',(51.0490710560838,-0.910145606975706,85.0109309520625));
#3295=CARTESIAN_POINT('Ctrl Pts',(51.0514651302512,-0.955827263404786,84.2886929947691));
#3296=CARTESIAN_POINT('Ctrl Pts',(51.0538022619779,-1.00042239334029,83.5653801237615));
#3297=CARTESIAN_POINT('Ctrl Pts',(51.0560857809161,-1.04399453032806,82.8410286823465));
#3298=CARTESIAN_POINT('Ctrl Pts',(51.0583191577547,-1.0866098990617,82.1156776267014));
#3299=CARTESIAN_POINT('Ctrl Pts',(51.0605056023438,-1.12832974712546,81.3893691522986));
#3300=CARTESIAN_POINT('Ctrl Pts',(51.0626476564066,-1.16920257349098,80.6621492961708));
#3301=CARTESIAN_POINT('Ctrl Pts',(51.0647467864347,-1.20925636048129,79.9340685565318));
#3302=CARTESIAN_POINT('Ctrl Pts',(51.0668029823909,-1.24849091657985,79.2051824859785));
#3303=CARTESIAN_POINT('Ctrl Pts',(51.0688151354164,-1.28688508349479,78.4755497349227));
#3304=CARTESIAN_POINT('Ctrl Pts',(51.0707814078157,-1.32440379591143,77.7452301208063));
#3305=CARTESIAN_POINT('Ctrl Pts',(51.0726996068853,-1.36100521455386,77.0142826808099));
#3306=CARTESIAN_POINT('Ctrl Pts',(51.0745675548566,-1.39664778511945,76.2827637474728));
#3307=CARTESIAN_POINT('Ctrl Pts',(51.0763834658004,-1.43129743005051,75.5507249767259));
#3308=CARTESIAN_POINT('Ctrl Pts',(51.0781463046485,-1.4649343990701,74.8182115022518));
#3309=CARTESIAN_POINT('Ctrl Pts',(51.0798556460085,-1.49755057520603,74.0852636554862));
#3310=CARTESIAN_POINT('Ctrl Pts',(51.081511549289,-1.529147092042,73.3519185680345));
#3311=CARTESIAN_POINT('Ctrl Pts',(51.083114427401,-1.55973182839043,72.6182118226826));
#3312=CARTESIAN_POINT('Ctrl Pts',(51.0846649189501,-1.58931696957234,71.8841790731683));
#3313=CARTESIAN_POINT('Ctrl Pts',(51.0861637571614,-1.61791650635493,71.1498577023366));
#3314=CARTESIAN_POINT('Ctrl Pts',(51.0876116452249,-1.64554385640369,70.4152883934983));
#3315=CARTESIAN_POINT('Ctrl Pts',(51.0890092835318,-1.67221238397717,69.6805145780709));
#3316=CARTESIAN_POINT('Ctrl Pts',(51.090357391477,-1.69793581594938,68.9455819578361));
#3317=CARTESIAN_POINT('Ctrl Pts',(51.0916567315457,-1.72272870140394,68.2105379997597));
#3318=CARTESIAN_POINT('Ctrl Pts',(51.0929081318685,-1.74660684201513,67.4754314415214));
#3319=CARTESIAN_POINT('Ctrl Pts',(51.0941125107722,-1.76958776049928,66.7403117948635));
#3320=CARTESIAN_POINT('Ctrl Pts',(51.0952708967199,-1.79169108110416,66.0052288431966));
#3321=CARTESIAN_POINT('Ctrl Pts',(51.0963843048241,-1.81293617333062,65.2702318715447));
#3322=CARTESIAN_POINT('Ctrl Pts',(51.0974536177058,-1.83333987858795,64.5353689066033));
#3323=CARTESIAN_POINT('Ctrl Pts',(51.0984794642778,-1.85291419724874,63.8006859489924));
#3324=CARTESIAN_POINT('Ctrl Pts',(51.0994621004129,-1.87166401165684,63.0662262177306));
#3325=CARTESIAN_POINT('Ctrl Pts',(51.1004012863961,-1.88958474777768,62.3320293681254));
#3326=CARTESIAN_POINT('Ctrl Pts',(51.1012961724543,-1.90666019097542,61.5981307805714));
#3327=CARTESIAN_POINT('Ctrl Pts',(51.1021455143671,-1.92286660010654,60.8645637940534));
#3328=CARTESIAN_POINT('Ctrl Pts',(51.1029478812363,-1.93817667201255,60.1313618679577));
#3329=CARTESIAN_POINT('Ctrl Pts',(51.1037018668005,-1.9525635736237,59.3985607794397));
#3330=CARTESIAN_POINT('Ctrl Pts',(51.1044062978298,-1.96600491838045,58.6662007858407));
#3331=CARTESIAN_POINT('Ctrl Pts',(51.1050604471284,-1.97848683056171,57.9343288494306));
#3332=CARTESIAN_POINT('Ctrl Pts',(51.1056642351653,-1.99000779262387,57.2030007028704));
#3333=CARTESIAN_POINT('Ctrl Pts',(51.1062180591219,-2.00057538323961,56.4722776287265));
#3334=CARTESIAN_POINT('Ctrl Pts',(51.1067226327291,-2.01020322120885,55.7422233966209));
#3335=CARTESIAN_POINT('Ctrl Pts',(51.1071788212546,-2.01890781682002,55.0129011210948));
#3336=CARTESIAN_POINT('Ctrl Pts',(51.1075874804314,-2.02670549843095,54.2843701994289));
#3337=CARTESIAN_POINT('Ctrl Pts',(51.107949289246,-2.03360922187634,53.5566831052325));
#3338=CARTESIAN_POINT('Ctrl Pts',(51.1082645980331,-2.03962567194149,52.829882556483));
#3339=CARTESIAN_POINT('Ctrl Pts',(51.1085335216458,-2.04475704015355,52.1040047346757));
#3340=CARTESIAN_POINT('Ctrl Pts',(51.1087560189828,-2.0490025422542,51.3790821659438));
#3341=CARTESIAN_POINT('Ctrl Pts',(51.1089319790674,-2.05236006068056,50.6551467656622));
#3342=CARTESIAN_POINT('Ctrl Pts',(51.1090613011391,-2.05482767280627,49.9322327316526));
#3343=CARTESIAN_POINT('Ctrl Pts',(51.1091439849415,-2.05640537374223,49.2103796974755));
#3344=CARTESIAN_POINT('Ctrl Pts',(51.1091801941417,-2.05709628644033,48.489635200532));
#3345=CARTESIAN_POINT('Ctrl Pts',(51.1091701321034,-2.05690429131339,47.770052430848));
#3346=CARTESIAN_POINT('Ctrl Pts',(51.1091139392801,-2.05583206836968,47.0516884864856));
#3347=CARTESIAN_POINT('Ctrl Pts',(51.1090115777936,-2.05387889485449,46.33460239671));
#3348=CARTESIAN_POINT('Ctrl Pts',(51.1088627317375,-2.05103874291317,45.618853330081));
#3349=CARTESIAN_POINT('Ctrl Pts',(51.1086666760146,-2.04729777686676,44.9044985163935));
#3350=CARTESIAN_POINT('Ctrl Pts',(51.1084222368608,-2.04263359996012,44.1915919438931));
#3351=CARTESIAN_POINT('Ctrl Pts',(51.1081280343225,-2.03701988111364,43.4801853718491));
#3352=CARTESIAN_POINT('Ctrl Pts',(51.1077826710217,-2.03042995676374,42.7703289341997));
#3353=CARTESIAN_POINT('Ctrl Pts',(51.1073849518468,-2.02284102282398,42.0620719195428));
#3354=CARTESIAN_POINT('Ctrl Pts',(51.1069340680566,-2.01423764759344,41.3554634407853));
#3355=CARTESIAN_POINT('Ctrl Pts',(51.106429851592,-2.00461662431224,40.6505532381584));
#3356=CARTESIAN_POINT('Ctrl Pts',(51.1058727956816,-1.99398736434199,39.947392106226));
#3357=CARTESIAN_POINT('Ctrl Pts',(51.1052637790261,-1.98236663429438,39.2460318610105));
#3358=CARTESIAN_POINT('Ctrl Pts',(51.1046038680277,-1.9697747823311,38.5465254276963));
#3359=CARTESIAN_POINT('Ctrl Pts',(51.1038940802316,-1.9562312243753,37.8489268678452));
#3360=CARTESIAN_POINT('Ctrl Pts',(51.1031351809046,-1.94175056258386,37.153291459528));
#3361=CARTESIAN_POINT('Ctrl Pts',(51.1023274230631,-1.92633762479997,36.4596756857375));
#3362=CARTESIAN_POINT('Ctrl Pts',(51.1014705564615,-1.90998763605286,35.7681376594413));
#3363=CARTESIAN_POINT('Ctrl Pts',(51.1005639409486,-1.89268838152724,35.0787377138224));
#3364=CARTESIAN_POINT('Ctrl Pts',(51.0996066260668,-1.87442172541484,34.3915389467819));
#3365=CARTESIAN_POINT('Ctrl Pts',(51.0985974447223,-1.85516539823751,33.7066077677138));
#3366=CARTESIAN_POINT('Ctrl Pts',(51.0975351007575,-1.8348946678359,33.0240144833159));
#3367=CARTESIAN_POINT('Ctrl Pts',(51.096418259438,-1.81358406595995,32.3438337513907));
#3368=CARTESIAN_POINT('Ctrl Pts',(51.0952456578291,-1.79120949437949,31.6661425931804));
#3369=CARTESIAN_POINT('Ctrl Pts',(51.094016210122,-1.76775023463059,30.991018591748));
#3370=CARTESIAN_POINT('Ctrl Pts',(51.0927291236765,-1.74319116223437,30.3185379055334));
#3371=CARTESIAN_POINT('Ctrl Pts',(51.0913839903786,-1.71752448991503,29.6487736217614));
#3372=CARTESIAN_POINT('Ctrl Pts',(51.0899809384311,-1.69075266392361,28.981793317271));
#3373=CARTESIAN_POINT('Ctrl Pts',(51.0885205558875,-1.66288690499351,28.3176595862454));
#3374=CARTESIAN_POINT('Ctrl Pts',(51.0870036073856,-1.63394180328052,27.656433256845));
#3375=CARTESIAN_POINT('Ctrl Pts',(51.0854308056577,-1.60393095852672,26.9981758874556));
#3376=CARTESIAN_POINT('Ctrl Pts',(51.0838025662939,-1.57286230066764,26.3429525022912));
#3377=CARTESIAN_POINT('Ctrl Pts',(51.0821187562529,-1.5407332911186,25.690834355916));
#3378=CARTESIAN_POINT('Ctrl Pts',(51.0803784838797,-1.50752691609085,25.0419013053962));
#3379=CARTESIAN_POINT('Ctrl Pts',(51.0785803491393,-1.47321646132759,24.3962396753785));
#3380=CARTESIAN_POINT('Ctrl Pts',(51.0767226537109,-1.43776952093382,23.7539405168697));
#3381=CARTESIAN_POINT('Ctrl Pts',(51.0748036320659,-1.40115240661929,23.1150976632781));
#3382=CARTESIAN_POINT('Ctrl Pts',(51.0728216606134,-1.36333413842301,22.4798059930667));
#3383=CARTESIAN_POINT('Ctrl Pts',(51.0707755102649,-1.32429126393863,21.8481592892945));
#3384=CARTESIAN_POINT('Ctrl Pts',(51.0686643025884,-1.28400702168668,21.2202508403806));
#3385=CARTESIAN_POINT('Ctrl Pts',(51.0664874006199,-1.24246925767036,20.5961746436959));
#3386=CARTESIAN_POINT('Ctrl Pts',(51.0642443230052,-1.19966878710303,19.9760263959427));
#3387=CARTESIAN_POINT('Ctrl Pts',(51.0619346462931,-1.15559753005606,19.3599045877989));
#3388=CARTESIAN_POINT('Ctrl Pts',(51.0595579174151,-1.11024684146528,18.747911517299));
#3389=CARTESIAN_POINT('Ctrl Pts',(51.0571135390405,-1.06360532358183,18.1401545061667));
#3390=CARTESIAN_POINT('Ctrl Pts',(51.054600654018,-1.01565662098716,17.5367471363587));
#3391=CARTESIAN_POINT('Ctrl Pts',(51.0520180122792,-0.966376880953226,16.9378105871487));
#3392=CARTESIAN_POINT('Ctrl Pts',(51.0493638845218,-0.915733106428037,16.3434746946555));
#3393=CARTESIAN_POINT('Ctrl Pts',(51.0466358560292,-0.863679221873396,15.7538797272938));
#3394=CARTESIAN_POINT('Ctrl Pts',(51.0438312102307,-0.810163392030671,15.1691746205417));
#3395=CARTESIAN_POINT('Ctrl Pts',(51.0409475611256,-0.75514008929638,14.5895136786039));
#3396=CARTESIAN_POINT('Ctrl Pts',(51.0379834290779,-0.698581080535243,14.0150536940998));
#3397=CARTESIAN_POINT('Ctrl Pts',(51.0349387889817,-0.64048588669414,13.4459510543053));
#3398=CARTESIAN_POINT('Ctrl Pts',(51.0318157670117,-0.580895077605701,12.8823584344348));
#3399=CARTESIAN_POINT('Ctrl Pts',(51.0286175324854,-0.519869127449072,12.3244263880426));
#3400=CARTESIAN_POINT('Ctrl Pts',(51.0253469161521,-0.457462050141166,11.7723052767416));
#3401=CARTESIAN_POINT('Ctrl Pts',(51.0220052081481,-0.393698462946055,11.2261476317524));
#3402=CARTESIAN_POINT('Ctrl Pts',(51.0185906883187,-0.328545543358699,10.6861090463166));
#3403=CARTESIAN_POINT('Ctrl Pts',(51.0150978812804,-0.2618988148372,10.152353740878));
#3404=CARTESIAN_POINT('Ctrl Pts',(51.0115187824391,-0.193605540626888,9.62507243639783));
#3405=CARTESIAN_POINT('Ctrl Pts',(51.0078437225583,-0.123481220706801,9.10449877345171));
#3406=CARTESIAN_POINT('Ctrl Pts',(51.004062382548,-0.0513289551069085,8.59092461551358));
#3407=CARTESIAN_POINT('Ctrl Pts',(51.0001647175583,0.0230429233254215,8.08472038797417));
#3408=CARTESIAN_POINT('Ctrl Pts',(50.9961427071511,0.0997874536633675,7.58629045251028));
#3409=CARTESIAN_POINT('Ctrl Pts',(50.991992528693,0.178977576101248,7.09601463942667));
#3410=CARTESIAN_POINT('Ctrl Pts',(50.9877159544796,0.260579473222392,6.61420500268447));
#3411=CARTESIAN_POINT('Ctrl Pts',(50.983323648152,0.344389670634125,6.14103042723496));
#3412=CARTESIAN_POINT('Ctrl Pts',(50.9788277554512,0.430176413791979,5.67661321005294));
#3413=CARTESIAN_POINT('Ctrl Pts',(50.9742290970282,0.517924043740377,5.22120444440726));
#3414=CARTESIAN_POINT('Ctrl Pts',(50.9695084562778,0.607999235152158,4.77530931445012));
#3415=CARTESIAN_POINT('Ctrl Pts',(50.964610385507,0.701459993037338,4.33989369649504));
#3416=CARTESIAN_POINT('Ctrl Pts',(50.9594742129323,0.799464003985173,3.91609392298744));
#3417=CARTESIAN_POINT('Ctrl Pts',(50.9540716066826,0.902551872306593,3.50485610953124));
#3418=CARTESIAN_POINT('Ctrl Pts',(50.9484487577787,1.00984222081638,3.10653137908941));
#3419=CARTESIAN_POINT('Ctrl Pts',(50.942746543864,1.11864694394498,2.72069196082537));
#3420=CARTESIAN_POINT('Ctrl Pts',(50.9371005177063,1.22637954080325,2.34724083729704));
#3421=CARTESIAN_POINT('Ctrl Pts',(50.931561555195,1.33206924158952,1.98724115497246));
#3422=CARTESIAN_POINT('Ctrl Pts',(50.925998091615,1.43822645061725,1.64410230482164));
#3423=CARTESIAN_POINT('Ctrl Pts',(50.920102487372,1.55072128103302,1.32211547107494));
#3424=CARTESIAN_POINT('Ctrl Pts',(50.9133999850224,1.67861264451576,1.02472761229938));
#3425=CARTESIAN_POINT('Ctrl Pts',(50.9052716816459,1.83370991228225,0.752645407331465));
#3426=CARTESIAN_POINT('Ctrl Pts',(50.895469870821,2.02073960441962,0.506964391923744));
#3427=CARTESIAN_POINT('Ctrl Pts',(50.885096495794,2.21867539122293,0.293621676032613));
#3428=CARTESIAN_POINT('Ctrl Pts',(50.8763709361278,2.38516898789176,0.125312718471644));
#3429=CARTESIAN_POINT('Ctrl Pts',(50.8693349509321,2.51942358314346,0.0159283020330063));
#3430=CARTESIAN_POINT('Ctrl Pts',(50.8588521789144,2.71944678887878,-0.0227985765743715));
#3431=CARTESIAN_POINT('Ctrl Pts',(50.8422593202161,3.03605739374195,0.00818176092519795));
#3432=CARTESIAN_POINT('Ctrl Pts',(50.8225901240729,3.41136801388674,0.0931292913310875));
#3433=CARTESIAN_POINT('Ctrl Pts',(50.8040550625471,3.76503805637773,0.213365248562166));
#3434=CARTESIAN_POINT('Ctrl Pts',(50.7882689023766,4.06625593636432,0.358764201038348));
#3435=CARTESIAN_POINT('Ctrl Pts',(50.7738998369773,4.34043403732321,0.52857638208848));
#3436=CARTESIAN_POINT('Ctrl Pts',(50.7590212516204,4.62433435823759,0.724712448499836));
#3437=CARTESIAN_POINT('Ctrl Pts',(50.7429342450578,4.93129272935509,0.946418893720894));
#3438=CARTESIAN_POINT('Ctrl Pts',(50.7261112563331,5.25229447670733,1.19050728720085));
#3439=CARTESIAN_POINT('Ctrl Pts',(50.7094059114433,5.57105144596577,1.45362281338602));
#3440=CARTESIAN_POINT('Ctrl Pts',(50.693409965809,5.87627227106283,1.73426869423102));
#3441=CARTESIAN_POINT('Ctrl Pts',(50.6782559037987,6.16542899965696,2.0328131220023));
#3442=CARTESIAN_POINT('Ctrl Pts',(50.6638311421285,6.44066984877356,2.34990196132403));
#3443=CARTESIAN_POINT('Ctrl Pts',(50.6498661102145,6.70713853157251,2.68525451036094));
#3444=CARTESIAN_POINT('Ctrl Pts',(50.6360639236564,6.97049993987798,3.03662685344189));
#3445=CARTESIAN_POINT('Ctrl Pts',(50.6221507017701,7.23598002845627,3.40106437473366));
#3446=CARTESIAN_POINT('Ctrl Pts',(50.6079345626866,7.50724012148145,3.77573815787686));
#3447=CARTESIAN_POINT('Ctrl Pts',(50.5933789891,7.78497701065412,4.15917192354014));
#3448=CARTESIAN_POINT('Ctrl Pts',(50.5785968277682,8.06703745156713,4.55138744213367));
#3449=CARTESIAN_POINT('Ctrl Pts',(50.5637633726271,8.35007663666659,4.95309493362102));
#3450=CARTESIAN_POINT('Ctrl Pts',(50.5490584008128,8.6306642138442,5.36519797321068));
#3451=CARTESIAN_POINT('Ctrl Pts',(50.5345816600506,8.90689688311908,5.7880465492714));
#3452=CARTESIAN_POINT('Ctrl Pts',(50.5203420196838,9.17860540734336,6.22132069593889));
#3453=CARTESIAN_POINT('Ctrl Pts',(50.5063018965093,9.446506916748,6.66437138557829));
#3454=CARTESIAN_POINT('Ctrl Pts',(50.4924039434933,9.71169565792587,7.11641714948313));
#3455=CARTESIAN_POINT('Ctrl Pts',(50.4786098234033,9.97490314885001,7.57683582809576));
#3456=CARTESIAN_POINT('Ctrl Pts',(50.4649177247014,10.2361639557238,8.04529520934556));
#3457=CARTESIAN_POINT('Ctrl Pts',(50.4513451806259,10.4951435244271,8.52162482484134));
#3458=CARTESIAN_POINT('Ctrl Pts',(50.4379189813213,10.7513306685558,9.0057404696113));
#3459=CARTESIAN_POINT('Ctrl Pts',(50.4246625743798,11.004277981395,9.49755007582324));
#3460=CARTESIAN_POINT('Ctrl Pts',(50.4115837000347,11.253837770495,9.99686129024524));
#3461=CARTESIAN_POINT('Ctrl Pts',(50.3986783163612,11.5000871603757,10.5034110591848));
#3462=CARTESIAN_POINT('Ctrl Pts',(50.3859361352151,11.7432224605247,11.0169073816703));
#3463=CARTESIAN_POINT('Ctrl Pts',(50.3733452595161,11.9834706807547,11.5370640666577));
#3464=CARTESIAN_POINT('Ctrl Pts',(50.3608979047593,12.22098035827,12.0636442599627));
#3465=CARTESIAN_POINT('Ctrl Pts',(50.348593361534,12.4557650294336,12.5964812909064));
#3466=CARTESIAN_POINT('Ctrl Pts',(50.3364349519072,12.6877613054275,13.1354500809623));
#3467=CARTESIAN_POINT('Ctrl Pts',(50.3244280833035,12.9168660064465,13.680447449178));
#3468=CARTESIAN_POINT('Ctrl Pts',(50.3125780631857,13.1429778600667,14.2313708095447));
#3469=CARTESIAN_POINT('Ctrl Pts',(50.3008875355116,13.3660464165678,14.7880928529898));
#3470=CARTESIAN_POINT('Ctrl Pts',(50.2893560084765,13.5860810601414,15.3504568433447));
#3471=CARTESIAN_POINT('Ctrl Pts',(50.2779814259195,13.8031210246789,15.9182919138301));
#3472=CARTESIAN_POINT('Ctrl Pts',(50.2667612234541,14.0172152415854,16.4914232627776));
#3473=CARTESIAN_POINT('Ctrl Pts',(50.25569347784,14.2284004084722,17.0696834314869));
#3474=CARTESIAN_POINT('Ctrl Pts',(50.2447783073043,14.4366742694346,17.6529256050391));
#3475=CARTESIAN_POINT('Ctrl Pts',(50.2340179325985,14.6419944500055,18.2410255035279));
#3476=CARTESIAN_POINT('Ctrl Pts',(50.2234156326425,14.8442983846707,18.8338737234017));
#3477=CARTESIAN_POINT('Ctrl Pts',(50.2129749872721,15.043517766092,19.4313706667482));
#3478=CARTESIAN_POINT('Ctrl Pts',(50.2026990727252,15.2395938961527,20.0334207891916));
#3479=CARTESIAN_POINT('Ctrl Pts',(50.1925895051713,15.4324959365021,20.6399262083624));
#3480=CARTESIAN_POINT('Ctrl Pts',(50.182646181482,15.6222258549479,21.2507840092987));
#3481=CARTESIAN_POINT('Ctrl Pts',(50.1728679657036,15.8088053267769,21.8658887278575));
#3482=CARTESIAN_POINT('Ctrl Pts',(50.1632531444894,15.9922670445938,22.4851335314418));
#3483=CARTESIAN_POINT('Ctrl Pts',(50.1537999599818,16.1726445503183,23.1084119079891));
#3484=CARTESIAN_POINT('Ctrl Pts',(50.1445071481627,16.3499619628515,23.7356191867463));
#3485=CARTESIAN_POINT('Ctrl Pts',(50.1353743584551,16.5242259716025,24.3666539840919));
#3486=CARTESIAN_POINT('Ctrl Pts',(50.1264019163663,16.6954303655224,25.0014188238785));
#3487=CARTESIAN_POINT('Ctrl Pts',(50.1175906779501,16.8635588101301,25.6398208541833));
#3488=CARTESIAN_POINT('Ctrl Pts',(50.1089418458986,17.0285883566934,26.2817725817289));
#3489=CARTESIAN_POINT('Ctrl Pts',(50.1004568079095,17.1904925263643,26.9271924703791));
#3490=CARTESIAN_POINT('Ctrl Pts',(50.0921369500367,17.3492448716563,27.5760059332394));
#3491=CARTESIAN_POINT('Ctrl Pts',(50.0839836048092,17.5048199664045,28.2281435125019));
#3492=CARTESIAN_POINT('Ctrl Pts',(50.0759980292237,17.657193825683,28.8835384537518));
#3493=CARTESIAN_POINT('Ctrl Pts',(50.0681813709964,17.806344549758,29.5421244156493));
#3494=CARTESIAN_POINT('Ctrl Pts',(50.0605346433364,17.9522528054532,30.2038332849745));
#3495=CARTESIAN_POINT('Ctrl Pts',(50.0530586873744,18.0949025430354,30.8685925560572));
#3496=CARTESIAN_POINT('Ctrl Pts',(50.0457541684236,18.2342810675733,31.5363241790369));
#3497=CARTESIAN_POINT('Ctrl Pts',(50.0386216489206,18.3703776471393,32.2069468565023));
#3498=CARTESIAN_POINT('Ctrl Pts',(50.0316616450657,18.5031824320413,32.8803776226429));
#3499=CARTESIAN_POINT('Ctrl Pts',(50.024874692112,18.6326852090424,33.5565337620925));
#3500=CARTESIAN_POINT('Ctrl Pts',(50.0182614009511,18.758874321641,34.2353344586917));
#3501=CARTESIAN_POINT('Ctrl Pts',(50.0118225312665,18.8817352742059,34.9167028804173));
#3502=CARTESIAN_POINT('Ctrl Pts',(50.0055589818486,19.0012509168002,35.6005661882017));
#3503=CARTESIAN_POINT('Ctrl Pts',(49.9994717497457,19.1174022246055,36.2868547728971));
#3504=CARTESIAN_POINT('Ctrl Pts',(49.9935618996005,19.2301688830304,36.9755017420557));
#3505=CARTESIAN_POINT('Ctrl Pts',(49.9878305286334,19.3395299558608,37.6664423044746));
#3506=CARTESIAN_POINT('Ctrl Pts',(49.9822787337533,19.4454645128302,38.3596131944436));
#3507=CARTESIAN_POINT('Ctrl Pts',(49.97690757695,19.5479522899661,39.0549520909682));
#3508=CARTESIAN_POINT('Ctrl Pts',(49.9717180004926,19.6469753077009,39.7523975743166));
#3509=CARTESIAN_POINT('Ctrl Pts',(49.9667107457538,19.7425194198024,40.4518890616797));
#3510=CARTESIAN_POINT('Ctrl Pts',(49.9618862658506,19.8345759802824,41.1533667576695));
#3511=CARTESIAN_POINT('Ctrl Pts',(49.9572446518619,19.9231432512525,41.8567715830793));
#3512=CARTESIAN_POINT('Ctrl Pts',(49.9527855268454,20.0082284251995,42.5620451501958));
#3513=CARTESIAN_POINT('Ctrl Pts',(49.94850803761,20.0898477819799,43.2691295985462));
#3514=CARTESIAN_POINT('Ctrl Pts',(49.9444111312153,20.1680214128944,43.9779670064817));
#3515=CARTESIAN_POINT('Ctrl Pts',(49.9404937767883,20.2427689881707,44.6884989023709));
#3516=CARTESIAN_POINT('Ctrl Pts',(49.9367552164826,20.3141049683784,45.4006656871094));
#3517=CARTESIAN_POINT('Ctrl Pts',(49.9331951866851,20.3820343835585,46.1144062077096));
#3518=CARTESIAN_POINT('Ctrl Pts',(49.9298141944444,20.4465475586416,46.8296569883223));
#3519=CARTESIAN_POINT('Ctrl Pts',(49.9266136142488,20.5076182668356,47.5463526339076));
#3520=CARTESIAN_POINT('Ctrl Pts',(49.9235955526357,20.5652063130061,48.2644278019165));
#3521=CARTESIAN_POINT('Ctrl Pts',(49.9207627712694,20.6192590014636,48.9838187274536));
#3522=CARTESIAN_POINT('Ctrl Pts',(49.9181185852765,20.6697130758211,49.7044650466694));
#3523=CARTESIAN_POINT('Ctrl Pts',(49.9156667746518,20.7164964094842,50.4263112217735));
#3524=CARTESIAN_POINT('Ctrl Pts',(49.9134114839313,20.7595299199929,51.1493088116771));
#3525=CARTESIAN_POINT('Ctrl Pts',(49.9113571529642,20.7987288899774,51.8734155143934));
#3526=CARTESIAN_POINT('Ctrl Pts',(49.9095084710284,20.8340038426874,52.598591560082));
#3527=CARTESIAN_POINT('Ctrl Pts',(49.9078703237462,20.8652615548922,53.3247969307683));
#3528=CARTESIAN_POINT('Ctrl Pts',(49.9064477443867,20.8924059861006,54.0519880867385));
#3529=CARTESIAN_POINT('Ctrl Pts',(49.9052458599797,20.9153393067527,54.7801152609459));
#3530=CARTESIAN_POINT('Ctrl Pts',(49.9042698480155,20.9339627244503,55.509118611253));
#3531=CARTESIAN_POINT('Ctrl Pts',(49.9035248485589,20.9481781609145,56.2389291254468));
#3532=CARTESIAN_POINT('Ctrl Pts',(49.9030158479049,20.957890471968,56.9694724152358));
#3533=CARTESIAN_POINT('Ctrl Pts',(49.9027475735483,20.9630094516355,57.7006715755081));
#3534=CARTESIAN_POINT('Ctrl Pts',(49.90272437855,20.9634520385686,58.4324505592087));
#3535=CARTESIAN_POINT('Ctrl Pts',(49.9029501441875,20.9591441735802,59.1647370307555));
#3536=CARTESIAN_POINT('Ctrl Pts',(49.9034281399138,20.9500234717913,59.897466203863));
#3537=CARTESIAN_POINT('Ctrl Pts',(49.9041610776326,20.936038186995,60.630580422901));
#3538=CARTESIAN_POINT('Ctrl Pts',(49.9051512700783,20.9171441895922,61.3640265117242));
#3539=CARTESIAN_POINT('Ctrl Pts',(49.9064007532603,20.8933026302074,62.0977538502364));
#3540=CARTESIAN_POINT('Ctrl Pts',(49.9079114316141,20.8644771700459,62.8317120733334));
#3541=CARTESIAN_POINT('Ctrl Pts',(49.9096851952236,20.8306317441629,63.5658491085725));
#3542=CARTESIAN_POINT('Ctrl Pts',(49.9117240951271,20.7917272164097,64.3001086205104));
#3543=CARTESIAN_POINT('Ctrl Pts',(49.9140302578401,20.7477230104603,65.034429992557));
#3544=CARTESIAN_POINT('Ctrl Pts',(49.9166056644342,20.6985813252117,65.7687495910524));
#3545=CARTESIAN_POINT('Ctrl Pts',(49.9194519766327,20.6442704530956,66.5030016227827));
#3546=CARTESIAN_POINT('Ctrl Pts',(49.9225703329041,20.5847686708407,67.2371191763851));
#3547=CARTESIAN_POINT('Ctrl Pts',(49.9259611817881,20.5200674197971,67.9710351491874));
#3548=CARTESIAN_POINT('Ctrl Pts',(49.9296240375504,20.4501759683286,68.704683313205));
#3549=CARTESIAN_POINT('Ctrl Pts',(49.9335575759843,20.3751195838052,69.4379988796199));
#3550=CARTESIAN_POINT('Ctrl Pts',(49.9377599156871,20.2949341655284,70.1709188182704));
#3551=CARTESIAN_POINT('Ctrl Pts',(49.9422288382315,20.2096620436111,70.9033822290733));
#3552=CARTESIAN_POINT('Ctrl Pts',(49.9469620418982,20.1193471374773,71.6353307433069));
#3553=CARTESIAN_POINT('Ctrl Pts',(49.951957361827,20.0240307551165,72.36670879298));
#3554=CARTESIAN_POINT('Ctrl Pts',(49.9572130528725,19.9237461958885,73.0974642372672));
#3555=CARTESIAN_POINT('Ctrl Pts',(49.9627278166159,19.8185182350996,73.827547402602));
#3556=CARTESIAN_POINT('Ctrl Pts',(49.9685006761264,19.7083655137002,74.5569091334962));
#3557=CARTESIAN_POINT('Ctrl Pts',(49.9745308967047,19.5933020505884,75.2854991919426));
#3558=CARTESIAN_POINT('Ctrl Pts',(49.980817888019,19.4733391099667,76.0132644074174));
#3559=CARTESIAN_POINT('Ctrl Pts',(49.9873611132964,19.3484869340708,76.7401471780177));
#3560=CARTESIAN_POINT('Ctrl Pts',(49.9941599978251,19.2187564890545,77.4660832082885));
#3561=CARTESIAN_POINT('Ctrl Pts',(50.001213826587,19.0841614182766,78.1910023515905));
#3562=CARTESIAN_POINT('Ctrl Pts',(50.008521630686,18.9447202093759,78.9148315744086));
#3563=CARTESIAN_POINT('Ctrl Pts',(50.0160820805493,18.8004582321127,79.637497247874));
#3564=CARTESIAN_POINT('Ctrl Pts',(50.0238933689369,18.6514099706828,80.358927811));
#3565=CARTESIAN_POINT('Ctrl Pts',(50.0319531154249,18.4976208462771,81.0790560560872));
#3566=CARTESIAN_POINT('Ctrl Pts',(50.040258218866,18.3391500323107,81.7978221221546));
#3567=CARTESIAN_POINT('Ctrl Pts',(50.0488049195329,18.1760692686568,82.5151738075149));
#3568=CARTESIAN_POINT('Ctrl Pts',(50.0575890216307,18.0084586158497,83.2310649076837));
#3569=CARTESIAN_POINT('Ctrl Pts',(50.0666060633933,17.8364032094591,83.9454541187138));
#3570=CARTESIAN_POINT('Ctrl Pts',(50.0758515212933,17.659989363529,84.6583037258771));
#3571=CARTESIAN_POINT('Ctrl Pts',(50.0853209705238,17.479301508403,85.369578343054));
#3572=CARTESIAN_POINT('Ctrl Pts',(50.0950103368727,17.2944173846833,86.0792437344172));
#3573=CARTESIAN_POINT('Ctrl Pts',(50.1049157954185,17.1054099762164,86.7872651336839));
#3574=CARTESIAN_POINT('Ctrl Pts',(50.1150333925328,16.9123547227265,87.4936050676426));
#3575=CARTESIAN_POINT('Ctrl Pts',(50.1253587560866,16.7153350494051,88.1982214531974));
#3576=CARTESIAN_POINT('Ctrl Pts',(50.1358867510622,16.5144489382286,88.9010652993653));
#3577=CARTESIAN_POINT('Ctrl Pts',(50.1466112009877,16.3098142432996,89.6020792332645));
#3578=CARTESIAN_POINT('Ctrl Pts',(50.1575244748742,16.1015765725605,90.3011940327156));
#3579=CARTESIAN_POINT('Ctrl Pts',(50.1686176028397,15.8899070815565,90.9983333168912));
#3580=CARTESIAN_POINT('Ctrl Pts',(50.1798807776705,15.6749929030715,91.6934243636562));
#3581=CARTESIAN_POINT('Ctrl Pts',(50.191303731503,15.4570299596167,92.3864067463309));
#3582=CARTESIAN_POINT('Ctrl Pts',(50.2028761898025,15.2362143009899,93.0772427101583));
#3583=CARTESIAN_POINT('Ctrl Pts',(50.2145882321131,15.0127352207695,93.7659248507944));
#3584=CARTESIAN_POINT('Ctrl Pts',(50.2264308445573,14.7867647139814,94.4524898843134));
#3585=CARTESIAN_POINT('Ctrl Pts',(50.2383956490123,14.558462644734,95.1370056659055));
#3586=CARTESIAN_POINT('Ctrl Pts',(50.2504741564008,14.3279909942702,95.8195425353306));
#3587=CARTESIAN_POINT('Ctrl Pts',(50.262657183928,14.0955249807547,96.5001502997689));
#3588=CARTESIAN_POINT('Ctrl Pts',(50.2749341647014,13.8612662325049,97.1788310581316));
#3589=CARTESIAN_POINT('Ctrl Pts',(50.2872925959917,13.6254533158076,97.8555180566096));
#3590=CARTESIAN_POINT('Ctrl Pts',(50.2997171893046,13.3883779525161,98.5300409945059));
#3591=CARTESIAN_POINT('Ctrl Pts',(50.3121906669413,13.1503698207575,99.2021669402849));
#3592=CARTESIAN_POINT('Ctrl Pts',(50.3246951110659,12.9117708132132,99.8716667661044));
#3593=CARTESIAN_POINT('Ctrl Pts',(50.3372131168675,12.6729130334536,100.538372365065));
#3594=CARTESIAN_POINT('Ctrl Pts',(50.3497290570267,12.4340946685014,101.202239454114));
#3595=CARTESIAN_POINT('Ctrl Pts',(50.3622302293699,12.1955580902628,101.863403918356));
#3596=CARTESIAN_POINT('Ctrl Pts',(50.3747082404804,11.9574634546728,102.522251854537));
#3597=CARTESIAN_POINT('Ctrl Pts',(50.3871568365503,11.719930091494,103.17928140412));
#3598=CARTESIAN_POINT('Ctrl Pts',(50.3995695311882,11.4830817684446,103.834952914407));
#3599=CARTESIAN_POINT('Ctrl Pts',(50.4119372106219,11.24709238666,104.48953718848));
#3600=CARTESIAN_POINT('Ctrl Pts',(50.424245964782,11.0122273660746,105.142978361157));
#3601=CARTESIAN_POINT('Ctrl Pts',(50.4364743034278,10.7788967649116,105.7947174031));
#3602=CARTESIAN_POINT('Ctrl Pts',(50.4485922393852,10.547672772534,106.443634989154));
#3603=CARTESIAN_POINT('Ctrl Pts',(50.4605678732372,10.3191640660824,107.08847485489));
#3604=CARTESIAN_POINT('Ctrl Pts',(50.4723726006169,10.0939164493891,107.728178079882));
#3605=CARTESIAN_POINT('Ctrl Pts',(50.4839873376666,9.87229406415176,108.362284679238));
#3606=CARTESIAN_POINT('Ctrl Pts',(50.4954072107298,9.65438990527725,108.99123188201));
#3607=CARTESIAN_POINT('Ctrl Pts',(50.5066496807302,9.43987079849193,109.616884722523));
#3608=CARTESIAN_POINT('Ctrl Pts',(50.5177477100461,9.22810778414916,110.242054022999));
#3609=CARTESIAN_POINT('Ctrl Pts',(50.528734921881,9.0184592933103,110.869473000285));
#3610=CARTESIAN_POINT('Ctrl Pts',(50.5396326875405,8.81051753717103,111.50090278312));
#3611=CARTESIAN_POINT('Ctrl Pts',(50.5504375971102,8.60434758077272,112.136267605551));
#3612=CARTESIAN_POINT('Ctrl Pts',(50.5611059512578,8.40078325704908,112.7725794497));
#3613=CARTESIAN_POINT('Ctrl Pts',(50.5715481367146,8.20153448903057,113.40355788368));
#3614=CARTESIAN_POINT('Ctrl Pts',(50.5816645929839,8.00850100415935,114.022172923109));
#3615=CARTESIAN_POINT('Ctrl Pts',(50.5913753840812,7.82320807188632,114.62273857356));
#3616=CARTESIAN_POINT('Ctrl Pts',(50.6006527778562,7.64618485316025,115.203217573214));
#3617=CARTESIAN_POINT('Ctrl Pts',(50.6095513663982,7.47638966886205,115.76735367475));
#3618=CARTESIAN_POINT('Ctrl Pts',(50.6182424343727,7.31055421287936,116.3271015902));
#3619=CARTESIAN_POINT('Ctrl Pts',(50.6269646859136,7.14412373900133,116.899194225218));
#3620=CARTESIAN_POINT('Ctrl Pts',(50.6359714692512,6.97226407502098,117.501463432957));
#3621=CARTESIAN_POINT('Ctrl Pts',(50.6454780711509,6.79086730473645,118.149167967704));
#3622=CARTESIAN_POINT('Ctrl Pts',(50.6556117282042,6.59750560935612,118.851506457256));
#3623=CARTESIAN_POINT('Ctrl Pts',(50.6663531784639,6.39254652872675,119.607551545612));
#3624=CARTESIAN_POINT('Ctrl Pts',(50.6775664579113,6.17858441087266,120.408225324987));
#3625=CARTESIAN_POINT('Ctrl Pts',(50.6890408183873,5.95964057022527,121.239103971213));
#3626=CARTESIAN_POINT('Ctrl Pts',(50.7005281149369,5.74044989459058,122.08291380643));
#3627=CARTESIAN_POINT('Ctrl Pts',(50.7117826305034,5.52570094471201,122.922190443195));
#3628=CARTESIAN_POINT('Ctrl Pts',(50.7225986228893,5.31931951558251,123.741790792197));
#3629=CARTESIAN_POINT('Ctrl Pts',(50.7328517876136,5.12367747799713,124.531652207536));
#3630=CARTESIAN_POINT('Ctrl Pts',(50.7425303999826,4.93899855243531,125.28890458192));
#3631=CARTESIAN_POINT('Ctrl Pts',(50.7516976013509,4.76407793008454,126.01567362681));
#3632=CARTESIAN_POINT('Ctrl Pts',(50.7604610164016,4.5968620096499,126.717341618508));
#3633=CARTESIAN_POINT('Ctrl Pts',(50.7689394043642,4.43508473004494,127.400625453377));
#3634=CARTESIAN_POINT('Ctrl Pts',(50.7772309120315,4.27687333889711,128.071748251015));
#3635=CARTESIAN_POINT('Ctrl Pts',(50.7853798321724,4.12138267983139,128.734533364686));
#3636=CARTESIAN_POINT('Ctrl Pts',(50.7933463260604,3.96937292103242,129.388638439969));
#3637=CARTESIAN_POINT('Ctrl Pts',(50.8010469601987,3.82243606845826,130.030899021758));
#3638=CARTESIAN_POINT('Ctrl Pts',(50.8083910252465,3.68230295943663,130.656515179696));
#3639=CARTESIAN_POINT('Ctrl Pts',(50.8153214439097,3.55006269362173,131.260374309325));
#3640=CARTESIAN_POINT('Ctrl Pts',(50.8218468458363,3.4255506075172,131.838139272333));
#3641=CARTESIAN_POINT('Ctrl Pts',(50.8280951732082,3.306325418865,132.387883363877));
#3642=CARTESIAN_POINT('Ctrl Pts',(50.8342483930645,3.18891498971724,132.9090584397));
#3643=CARTESIAN_POINT('Ctrl Pts',(50.8404249310803,3.07105962358064,133.400955992805));
#3644=CARTESIAN_POINT('Ctrl Pts',(50.8465930437917,2.9533650218283,133.860498963263));
#3645=CARTESIAN_POINT('Ctrl Pts',(50.8524391360383,2.84181493658139,134.282209649295));
#3646=CARTESIAN_POINT('Ctrl Pts',(50.8573632768574,2.74785673254326,134.651755321724));
#3647=CARTESIAN_POINT('Ctrl Pts',(50.8600715437736,2.69617992132856,134.879103069443));
#3648=CARTESIAN_POINT('Ctrl Pts',(50.8612119375605,2.67441991160207,134.97845865289));
#3649=CARTESIAN_POINT('Ctrl Pts',(50.8615794124041,2.66740807388242,135.00024064316));
#3650=CARTESIAN_POINT('Ctrl Pts',(50.8616769189614,2.66554753793428,135.));
#3651=CARTESIAN_POINT('Ctrl Pts',(44.8584497583723,2.57000990083416,-1.17364885171556E-16));
#3652=CARTESIAN_POINT('Ctrl Pts',(44.8599915777441,2.54059023465274,-0.00259721284923886));
#3653=CARTESIAN_POINT('Ctrl Pts',(44.8625261418192,2.49222787109142,-0.00578446038919294));
#3654=CARTESIAN_POINT('Ctrl Pts',(44.8648947038918,2.44703301443079,-0.00679472013322878));
#3655=CARTESIAN_POINT('Ctrl Pts',(44.8670826075108,2.40528532641691,-0.00551633788643031));
#3656=CARTESIAN_POINT('Ctrl Pts',(44.8690971918641,2.36684476700339,-0.00189476075804109));
#3657=CARTESIAN_POINT('Ctrl Pts',(44.869899710434,2.35153180047662,-2.98155597433514E-18));
#3658=CARTESIAN_POINT('Origin',(50.5059522863458,9.45317787606411,67.4887210332928));
#3659=CARTESIAN_POINT('Origin',(44.5141750778184,9.13916213860645,67.4887210332928));
#3660=UNCERTAINTY_MEASURE_WITH_UNIT(LENGTH_MEASURE(0.01),#3664,
'DISTANCE_ACCURACY_VALUE',
'Maximum model space distance between geometric entities at asserted c
onnectivities');
#3661=UNCERTAINTY_MEASURE_WITH_UNIT(LENGTH_MEASURE(0.01),#3664,
'DISTANCE_ACCURACY_VALUE',
'Maximum model space distance between geometric entities at asserted c
onnectivities');
#3662=(
GEOMETRIC_REPRESENTATION_CONTEXT(3)
GLOBAL_UNCERTAINTY_ASSIGNED_CONTEXT((#3660))
GLOBAL_UNIT_ASSIGNED_CONTEXT((#3664,#3666,#3667))
REPRESENTATION_CONTEXT('','3D')
);
#3663=(
GEOMETRIC_REPRESENTATION_CONTEXT(3)
GLOBAL_UNCERTAINTY_ASSIGNED_CONTEXT((#3661))
GLOBAL_UNIT_ASSIGNED_CONTEXT((#3664,#3666,#3667))
REPRESENTATION_CONTEXT('','3D')
);
#3664=(
LENGTH_UNIT()
NAMED_UNIT(*)
SI_UNIT(.MILLI.,.METRE.)
);
#3665=(
LENGTH_UNIT()
NAMED_UNIT(*)
SI_UNIT($,.METRE.)
);
#3666=(
NAMED_UNIT(*)
PLANE_ANGLE_UNIT()
SI_UNIT($,.RADIAN.)
);
#3667=(
NAMED_UNIT(*)
SI_UNIT($,.STERADIAN.)
SOLID_ANGLE_UNIT()
);
#3668=SHAPE_DEFINITION_REPRESENTATION(#3669,#3670);
#3669=PRODUCT_DEFINITION_SHAPE('',$,#3672);
#3670=SHAPE_REPRESENTATION('',(#377),#3662);
#3671=PRODUCT_DEFINITION_CONTEXT('part definition',#3676,'design');
#3672=PRODUCT_DEFINITION('2025-11-22-11-24-11-653','Wing box',#3673,#3671);
#3673=PRODUCT_DEFINITION_FORMATION('',$,#3678);
#3674=PRODUCT_RELATED_PRODUCT_CATEGORY('Wing box','Wing box',(#3678));
#3675=APPLICATION_PROTOCOL_DEFINITION('international standard',
'automotive_design',2009,#3676);
#3676=APPLICATION_CONTEXT(
'Core Data for Automotive Mechanical Design Process');
#3677=PRODUCT_CONTEXT('part definition',#3676,'mechanical');
#3678=PRODUCT('2025-11-22-11-24-11-653','Wing box',$,(#3677));
#3679=PRESENTATION_STYLE_ASSIGNMENT((#3680));
#3680=SURFACE_STYLE_USAGE(.BOTH.,#3681);
#3681=SURFACE_SIDE_STYLE('',(#3682));
#3682=SURFACE_STYLE_FILL_AREA(#3683);
#3683=FILL_AREA_STYLE('Steel - Satin',(#3684));
#3684=FILL_AREA_STYLE_COLOUR('Steel - Satin',#3685);
#3685=COLOUR_RGB('Steel - Satin',0.627450980392157,0.627450980392157,0.627450980392157);
ENDSEC;
END-ISO-10303-21;
